DELETE FROM category WHERE id='annya_niti_gantha_sangaho';
INSERT INTO category (id, name, basket) VALUES('annya_niti_gantha_sangaho', 'Nīti-gantha-saṅgaho', 'annya');
DELETE FROM books where id='annya_niti_gantha_sangaho_e1005n';
INSERT INTO books VALUES('annya_niti_gantha_sangaho_e1005n','annya','annya_niti_gantha_sangaho','Lokanīti',1,36,37);
DELETE FROM tocs where book_id='annya_niti_gantha_sangaho_e1005n';
INSERT INTO tocs VALUES('annya_niti_gantha_sangaho_e1005n','1. Paṇḍitakaṇḍo','chapter',1);
INSERT INTO tocs VALUES('annya_niti_gantha_sangaho_e1005n','Sujanakaṇḍo','chapter',9);
INSERT INTO tocs VALUES('annya_niti_gantha_sangaho_e1005n','4. Bāladujjanakaṇḍo','chapter',15);
INSERT INTO tocs VALUES('annya_niti_gantha_sangaho_e1005n','4. Mittakaṇḍo','chapter',17);
INSERT INTO tocs VALUES('annya_niti_gantha_sangaho_e1005n','5. Itthikaṇḍo','chapter',20);
INSERT INTO tocs VALUES('annya_niti_gantha_sangaho_e1005n','6. Rājakaṇḍo','chapter',24);
INSERT INTO tocs VALUES('annya_niti_gantha_sangaho_e1005n','7. Pakiṇṇakakaṇḍo','chapter',30);
DELETE FROM paragraphs where book_id='annya_niti_gantha_sangaho_e1005n';
INSERT INTO paragraphs VALUES('annya_niti_gantha_sangaho_e1005n',1,1);
INSERT INTO paragraphs VALUES('annya_niti_gantha_sangaho_e1005n',2,1);
INSERT INTO paragraphs VALUES('annya_niti_gantha_sangaho_e1005n',3,1);
INSERT INTO paragraphs VALUES('annya_niti_gantha_sangaho_e1005n',4,2);
INSERT INTO paragraphs VALUES('annya_niti_gantha_sangaho_e1005n',5,2);
INSERT INTO paragraphs VALUES('annya_niti_gantha_sangaho_e1005n',6,2);
INSERT INTO paragraphs VALUES('annya_niti_gantha_sangaho_e1005n',7,2);
INSERT INTO paragraphs VALUES('annya_niti_gantha_sangaho_e1005n',8,2);
INSERT INTO paragraphs VALUES('annya_niti_gantha_sangaho_e1005n',9,3);
INSERT INTO paragraphs VALUES('annya_niti_gantha_sangaho_e1005n',10,3);
INSERT INTO paragraphs VALUES('annya_niti_gantha_sangaho_e1005n',11,3);
INSERT INTO paragraphs VALUES('annya_niti_gantha_sangaho_e1005n',12,3);
INSERT INTO paragraphs VALUES('annya_niti_gantha_sangaho_e1005n',13,3);
INSERT INTO paragraphs VALUES('annya_niti_gantha_sangaho_e1005n',14,4);
INSERT INTO paragraphs VALUES('annya_niti_gantha_sangaho_e1005n',15,4);
INSERT INTO paragraphs VALUES('annya_niti_gantha_sangaho_e1005n',16,4);
INSERT INTO paragraphs VALUES('annya_niti_gantha_sangaho_e1005n',17,4);
INSERT INTO paragraphs VALUES('annya_niti_gantha_sangaho_e1005n',18,4);
INSERT INTO paragraphs VALUES('annya_niti_gantha_sangaho_e1005n',19,5);
INSERT INTO paragraphs VALUES('annya_niti_gantha_sangaho_e1005n',20,5);
INSERT INTO paragraphs VALUES('annya_niti_gantha_sangaho_e1005n',21,5);
INSERT INTO paragraphs VALUES('annya_niti_gantha_sangaho_e1005n',22,5);
INSERT INTO paragraphs VALUES('annya_niti_gantha_sangaho_e1005n',23,5);
INSERT INTO paragraphs VALUES('annya_niti_gantha_sangaho_e1005n',24,6);
INSERT INTO paragraphs VALUES('annya_niti_gantha_sangaho_e1005n',25,6);
INSERT INTO paragraphs VALUES('annya_niti_gantha_sangaho_e1005n',26,6);
INSERT INTO paragraphs VALUES('annya_niti_gantha_sangaho_e1005n',27,6);
INSERT INTO paragraphs VALUES('annya_niti_gantha_sangaho_e1005n',28,6);
INSERT INTO paragraphs VALUES('annya_niti_gantha_sangaho_e1005n',29,7);
INSERT INTO paragraphs VALUES('annya_niti_gantha_sangaho_e1005n',30,7);
INSERT INTO paragraphs VALUES('annya_niti_gantha_sangaho_e1005n',31,7);
INSERT INTO paragraphs VALUES('annya_niti_gantha_sangaho_e1005n',32,7);
INSERT INTO paragraphs VALUES('annya_niti_gantha_sangaho_e1005n',33,7);
INSERT INTO paragraphs VALUES('annya_niti_gantha_sangaho_e1005n',34,8);
INSERT INTO paragraphs VALUES('annya_niti_gantha_sangaho_e1005n',35,8);
INSERT INTO paragraphs VALUES('annya_niti_gantha_sangaho_e1005n',36,8);
INSERT INTO paragraphs VALUES('annya_niti_gantha_sangaho_e1005n',37,8);
INSERT INTO paragraphs VALUES('annya_niti_gantha_sangaho_e1005n',38,8);
INSERT INTO paragraphs VALUES('annya_niti_gantha_sangaho_e1005n',39,9);
INSERT INTO paragraphs VALUES('annya_niti_gantha_sangaho_e1005n',40,9);
INSERT INTO paragraphs VALUES('annya_niti_gantha_sangaho_e1005n',41,9);
INSERT INTO paragraphs VALUES('annya_niti_gantha_sangaho_e1005n',42,9);
INSERT INTO paragraphs VALUES('annya_niti_gantha_sangaho_e1005n',43,9);
INSERT INTO paragraphs VALUES('annya_niti_gantha_sangaho_e1005n',44,10);
INSERT INTO paragraphs VALUES('annya_niti_gantha_sangaho_e1005n',45,10);
INSERT INTO paragraphs VALUES('annya_niti_gantha_sangaho_e1005n',46,10);
INSERT INTO paragraphs VALUES('annya_niti_gantha_sangaho_e1005n',47,10);
INSERT INTO paragraphs VALUES('annya_niti_gantha_sangaho_e1005n',48,10);
INSERT INTO paragraphs VALUES('annya_niti_gantha_sangaho_e1005n',49,11);
INSERT INTO paragraphs VALUES('annya_niti_gantha_sangaho_e1005n',50,11);
INSERT INTO paragraphs VALUES('annya_niti_gantha_sangaho_e1005n',51,11);
INSERT INTO paragraphs VALUES('annya_niti_gantha_sangaho_e1005n',52,11);
INSERT INTO paragraphs VALUES('annya_niti_gantha_sangaho_e1005n',53,12);
INSERT INTO paragraphs VALUES('annya_niti_gantha_sangaho_e1005n',54,12);
INSERT INTO paragraphs VALUES('annya_niti_gantha_sangaho_e1005n',55,12);
INSERT INTO paragraphs VALUES('annya_niti_gantha_sangaho_e1005n',56,12);
INSERT INTO paragraphs VALUES('annya_niti_gantha_sangaho_e1005n',57,12);
INSERT INTO paragraphs VALUES('annya_niti_gantha_sangaho_e1005n',58,13);
INSERT INTO paragraphs VALUES('annya_niti_gantha_sangaho_e1005n',59,13);
INSERT INTO paragraphs VALUES('annya_niti_gantha_sangaho_e1005n',60,13);
INSERT INTO paragraphs VALUES('annya_niti_gantha_sangaho_e1005n',61,13);
INSERT INTO paragraphs VALUES('annya_niti_gantha_sangaho_e1005n',62,13);
INSERT INTO paragraphs VALUES('annya_niti_gantha_sangaho_e1005n',63,14);
INSERT INTO paragraphs VALUES('annya_niti_gantha_sangaho_e1005n',64,14);
INSERT INTO paragraphs VALUES('annya_niti_gantha_sangaho_e1005n',65,14);
INSERT INTO paragraphs VALUES('annya_niti_gantha_sangaho_e1005n',66,14);
INSERT INTO paragraphs VALUES('annya_niti_gantha_sangaho_e1005n',67,14);
INSERT INTO paragraphs VALUES('annya_niti_gantha_sangaho_e1005n',68,15);
INSERT INTO paragraphs VALUES('annya_niti_gantha_sangaho_e1005n',69,15);
INSERT INTO paragraphs VALUES('annya_niti_gantha_sangaho_e1005n',70,15);
INSERT INTO paragraphs VALUES('annya_niti_gantha_sangaho_e1005n',71,15);
INSERT INTO paragraphs VALUES('annya_niti_gantha_sangaho_e1005n',72,16);
INSERT INTO paragraphs VALUES('annya_niti_gantha_sangaho_e1005n',73,16);
INSERT INTO paragraphs VALUES('annya_niti_gantha_sangaho_e1005n',74,16);
INSERT INTO paragraphs VALUES('annya_niti_gantha_sangaho_e1005n',75,16);
INSERT INTO paragraphs VALUES('annya_niti_gantha_sangaho_e1005n',76,16);
INSERT INTO paragraphs VALUES('annya_niti_gantha_sangaho_e1005n',77,17);
INSERT INTO paragraphs VALUES('annya_niti_gantha_sangaho_e1005n',78,17);
INSERT INTO paragraphs VALUES('annya_niti_gantha_sangaho_e1005n',79,17);
INSERT INTO paragraphs VALUES('annya_niti_gantha_sangaho_e1005n',80,17);
INSERT INTO paragraphs VALUES('annya_niti_gantha_sangaho_e1005n',81,18);
INSERT INTO paragraphs VALUES('annya_niti_gantha_sangaho_e1005n',82,18);
INSERT INTO paragraphs VALUES('annya_niti_gantha_sangaho_e1005n',83,18);
INSERT INTO paragraphs VALUES('annya_niti_gantha_sangaho_e1005n',84,18);
INSERT INTO paragraphs VALUES('annya_niti_gantha_sangaho_e1005n',85,18);
INSERT INTO paragraphs VALUES('annya_niti_gantha_sangaho_e1005n',86,19);
INSERT INTO paragraphs VALUES('annya_niti_gantha_sangaho_e1005n',87,19);
INSERT INTO paragraphs VALUES('annya_niti_gantha_sangaho_e1005n',88,19);
INSERT INTO paragraphs VALUES('annya_niti_gantha_sangaho_e1005n',89,19);
INSERT INTO paragraphs VALUES('annya_niti_gantha_sangaho_e1005n',90,19);
INSERT INTO paragraphs VALUES('annya_niti_gantha_sangaho_e1005n',91,20);
INSERT INTO paragraphs VALUES('annya_niti_gantha_sangaho_e1005n',92,20);
INSERT INTO paragraphs VALUES('annya_niti_gantha_sangaho_e1005n',93,20);
INSERT INTO paragraphs VALUES('annya_niti_gantha_sangaho_e1005n',94,20);
INSERT INTO paragraphs VALUES('annya_niti_gantha_sangaho_e1005n',95,21);
INSERT INTO paragraphs VALUES('annya_niti_gantha_sangaho_e1005n',96,21);
INSERT INTO paragraphs VALUES('annya_niti_gantha_sangaho_e1005n',97,21);
INSERT INTO paragraphs VALUES('annya_niti_gantha_sangaho_e1005n',98,21);
INSERT INTO paragraphs VALUES('annya_niti_gantha_sangaho_e1005n',99,21);
INSERT INTO paragraphs VALUES('annya_niti_gantha_sangaho_e1005n',100,21);
INSERT INTO paragraphs VALUES('annya_niti_gantha_sangaho_e1005n',101,22);
INSERT INTO paragraphs VALUES('annya_niti_gantha_sangaho_e1005n',102,22);
INSERT INTO paragraphs VALUES('annya_niti_gantha_sangaho_e1005n',103,22);
INSERT INTO paragraphs VALUES('annya_niti_gantha_sangaho_e1005n',104,22);
INSERT INTO paragraphs VALUES('annya_niti_gantha_sangaho_e1005n',105,22);
INSERT INTO paragraphs VALUES('annya_niti_gantha_sangaho_e1005n',106,23);
INSERT INTO paragraphs VALUES('annya_niti_gantha_sangaho_e1005n',107,23);
INSERT INTO paragraphs VALUES('annya_niti_gantha_sangaho_e1005n',108,23);
INSERT INTO paragraphs VALUES('annya_niti_gantha_sangaho_e1005n',109,23);
INSERT INTO paragraphs VALUES('annya_niti_gantha_sangaho_e1005n',110,24);
INSERT INTO paragraphs VALUES('annya_niti_gantha_sangaho_e1005n',111,24);
INSERT INTO paragraphs VALUES('annya_niti_gantha_sangaho_e1005n',112,24);
INSERT INTO paragraphs VALUES('annya_niti_gantha_sangaho_e1005n',113,24);
INSERT INTO paragraphs VALUES('annya_niti_gantha_sangaho_e1005n',114,25);
INSERT INTO paragraphs VALUES('annya_niti_gantha_sangaho_e1005n',115,25);
INSERT INTO paragraphs VALUES('annya_niti_gantha_sangaho_e1005n',116,25);
INSERT INTO paragraphs VALUES('annya_niti_gantha_sangaho_e1005n',117,25);
INSERT INTO paragraphs VALUES('annya_niti_gantha_sangaho_e1005n',118,25);
INSERT INTO paragraphs VALUES('annya_niti_gantha_sangaho_e1005n',119,26);
INSERT INTO paragraphs VALUES('annya_niti_gantha_sangaho_e1005n',120,26);
INSERT INTO paragraphs VALUES('annya_niti_gantha_sangaho_e1005n',121,26);
INSERT INTO paragraphs VALUES('annya_niti_gantha_sangaho_e1005n',122,26);
INSERT INTO paragraphs VALUES('annya_niti_gantha_sangaho_e1005n',123,26);
INSERT INTO paragraphs VALUES('annya_niti_gantha_sangaho_e1005n',124,27);
INSERT INTO paragraphs VALUES('annya_niti_gantha_sangaho_e1005n',125,27);
INSERT INTO paragraphs VALUES('annya_niti_gantha_sangaho_e1005n',126,27);
INSERT INTO paragraphs VALUES('annya_niti_gantha_sangaho_e1005n',127,27);
INSERT INTO paragraphs VALUES('annya_niti_gantha_sangaho_e1005n',128,27);
INSERT INTO paragraphs VALUES('annya_niti_gantha_sangaho_e1005n',129,28);
INSERT INTO paragraphs VALUES('annya_niti_gantha_sangaho_e1005n',130,28);
INSERT INTO paragraphs VALUES('annya_niti_gantha_sangaho_e1005n',131,28);
INSERT INTO paragraphs VALUES('annya_niti_gantha_sangaho_e1005n',132,28);
INSERT INTO paragraphs VALUES('annya_niti_gantha_sangaho_e1005n',133,28);
INSERT INTO paragraphs VALUES('annya_niti_gantha_sangaho_e1005n',134,29);
INSERT INTO paragraphs VALUES('annya_niti_gantha_sangaho_e1005n',135,29);
INSERT INTO paragraphs VALUES('annya_niti_gantha_sangaho_e1005n',136,29);
INSERT INTO paragraphs VALUES('annya_niti_gantha_sangaho_e1005n',137,29);
INSERT INTO paragraphs VALUES('annya_niti_gantha_sangaho_e1005n',138,30);
INSERT INTO paragraphs VALUES('annya_niti_gantha_sangaho_e1005n',139,30);
INSERT INTO paragraphs VALUES('annya_niti_gantha_sangaho_e1005n',140,30);
INSERT INTO paragraphs VALUES('annya_niti_gantha_sangaho_e1005n',141,30);
INSERT INTO paragraphs VALUES('annya_niti_gantha_sangaho_e1005n',142,31);
INSERT INTO paragraphs VALUES('annya_niti_gantha_sangaho_e1005n',143,31);
INSERT INTO paragraphs VALUES('annya_niti_gantha_sangaho_e1005n',144,31);
INSERT INTO paragraphs VALUES('annya_niti_gantha_sangaho_e1005n',145,31);
INSERT INTO paragraphs VALUES('annya_niti_gantha_sangaho_e1005n',146,31);
INSERT INTO paragraphs VALUES('annya_niti_gantha_sangaho_e1005n',147,32);
INSERT INTO paragraphs VALUES('annya_niti_gantha_sangaho_e1005n',148,32);
INSERT INTO paragraphs VALUES('annya_niti_gantha_sangaho_e1005n',149,32);
INSERT INTO paragraphs VALUES('annya_niti_gantha_sangaho_e1005n',150,32);
INSERT INTO paragraphs VALUES('annya_niti_gantha_sangaho_e1005n',151,32);
INSERT INTO paragraphs VALUES('annya_niti_gantha_sangaho_e1005n',152,33);
INSERT INTO paragraphs VALUES('annya_niti_gantha_sangaho_e1005n',153,33);
INSERT INTO paragraphs VALUES('annya_niti_gantha_sangaho_e1005n',154,33);
INSERT INTO paragraphs VALUES('annya_niti_gantha_sangaho_e1005n',155,33);
INSERT INTO paragraphs VALUES('annya_niti_gantha_sangaho_e1005n',156,33);
INSERT INTO paragraphs VALUES('annya_niti_gantha_sangaho_e1005n',157,34);
INSERT INTO paragraphs VALUES('annya_niti_gantha_sangaho_e1005n',158,34);
INSERT INTO paragraphs VALUES('annya_niti_gantha_sangaho_e1005n',159,34);
INSERT INTO paragraphs VALUES('annya_niti_gantha_sangaho_e1005n',160,34);
INSERT INTO paragraphs VALUES('annya_niti_gantha_sangaho_e1005n',161,34);
INSERT INTO paragraphs VALUES('annya_niti_gantha_sangaho_e1005n',162,35);
INSERT INTO paragraphs VALUES('annya_niti_gantha_sangaho_e1005n',163,35);
INSERT INTO paragraphs VALUES('annya_niti_gantha_sangaho_e1005n',164,35);
INSERT INTO paragraphs VALUES('annya_niti_gantha_sangaho_e1005n',165,35);
INSERT INTO paragraphs VALUES('annya_niti_gantha_sangaho_e1005n',166,35);
INSERT INTO paragraphs VALUES('annya_niti_gantha_sangaho_e1005n',167,36);
DELETE FROM pages where bookid='annya_niti_gantha_sangaho_e1005n';
INSERT INTO pages (bookid, page, content, paranum) VALUES('annya_niti_gantha_sangaho_e1005n',1,replace(replace('<p class="centered"> Namo tassa bhagavato arahato sammāsambuddhassa</p>\r\n<p class="book">Lokanīti</p>\r\n<p class="chapter">1. Paṇḍitakaṇḍo</p>\r\n<p class="hangnum"><a name="para1"></a><span class="paranum">1</span>.</p>\r\n<p class="gatha1"> </p>','\r',char(13)),'\n',char(10)),'-1-');
INSERT INTO pages (bookid, page, content, paranum) VALUES('annya_niti_gantha_sangaho_e1005n',1,replace(replace('<p class="gatha1">Lokanītiṃ <a name="M0.0001"></a> pavakkhāmi,</p>\r\n<p class="gatha2">Nānāsatthasamuddhaṭaṃ;</p>\r\n<p class="gatha3">Māgadheneva saṅkhepaṃ,</p>\r\n<p class="gathalast">Vanditvā ratanatthayaṃ.</p>\r\n<p class="hangnum"><a name="para2"></a><span class="paranum">2</span>.</p>\r\n<p class="gatha1"> Nītiloke purisassa sāro,</p>\r\n<p class="gatha2">Mātā pitā ācariyoca mitto;</p>\r\n<p class="gatha3">Tasmā hi nītiṃ puriso vijaññā,</p>\r\n<p class="gathalast">Ñāṇī mahā hoti bahussutoca.</p>\r\n<p class="hangnum"><a name="para3"></a><span class="paranum">3</span>.</p>\r\n<p class="gatha1"> Alasassa kuto sippaṃ,</p>\r\n<p class="gatha2">Asippassa kuto dhanaṃ;</p>\r\n<p class="gatha3">Adhanassa kuto mittaṃ,</p>\r\n<p class="gatha2">Amittassa kuto sukhaṃ;</p>','\r',char(13)),'\n',char(10)),'-2-3-');
INSERT INTO pages (bookid, page, content, paranum) VALUES('annya_niti_gantha_sangaho_e1005n',2,replace(replace('<p class="gatha3">Asukhassa <a name="M0.0002"></a> kuto puññaṃ,</p>\r\n<p class="gathalast">Apuññassa kuto varaṃ.</p>\r\n<p class="hangnum"><a name="para4"></a><span class="paranum">4</span>.</p>\r\n<p class="gatha1"> Sippā samaṃ dhanaṃ natthi,</p>\r\n<p class="gatha2">Sippaṃ corā nagaṇhare;</p>\r\n<p class="gatha3">Idha loke sippaṃ mittaṃ,</p>\r\n<p class="gathalast">Paraloke sukhāvahaṃ.</p>\r\n<p class="hangnum"><a name="para5"></a><span class="paranum">5</span>.</p>\r\n<p class="gatha1"> Appakaṃ nātimaññeyya,</p>\r\n<p class="gatha2">Citte sutaṃ nidhāpaye;</p>\r\n<p class="gatha3">Vammikodakabindūva,</p>\r\n<p class="gathalast">Cirena paripūrati.</p>\r\n<p class="hangnum"><a name="para6"></a><span class="paranum">6</span>.</p>\r\n<p class="gatha1"> Khuddoti nātimaññeyya,</p>\r\n<p class="gatha2">Vijjaṃ vā sippameva vā;</p>\r\n<p class="gatha3">Ekampi pariyodātaṃ,</p>\r\n<p class="gathalast">Jīvitakappakāraṇaṃ.</p>\r\n<p class="hangnum"><a name="para7"></a><span class="paranum">7</span>.</p>\r\n<p class="gatha1"> Sele sele na māṇikaṃ,</p>\r\n<p class="gatha2">Gaje gaje na muttikaṃ;</p>\r\n<p class="gatha3">Vane vane na candanaṃ,</p>\r\n<p class="gathalast">Ṭhāne ṭhāne na paṇḍitaṃ.</p>\r\n<p class="hangnum"><a name="para8"></a><span class="paranum">8</span>.</p>\r\n<p class="gatha1"> Paṇḍito sutasampanno,</p>\r\n<p class="gatha2">Yattha atthīti ce suto;</p>','\r',char(13)),'\n',char(10)),'-4-5-6-7-8-');
INSERT INTO pages (bookid, page, content, paranum) VALUES('annya_niti_gantha_sangaho_e1005n',3,replace(replace('<p class="gatha3">Mahussāhena <a name="M0.0003"></a> taṃ ṭhānaṃ,</p>\r\n<p class="gathalast">Gantabbaṃva sutesinā.</p>\r\n<p class="hangnum"><a name="para9"></a><span class="paranum">9</span>.</p>\r\n<p class="gatha1"> Sine sippaṃ sine dhanaṃ,</p>\r\n<p class="gatha2">Sine pabbatamāruhaṃ;</p>\r\n<p class="gatha3">Sine kāmassa kodhassa,</p>\r\n<p class="gathalast">Ime pañca sine sine.</p>\r\n<p class="hangnum"><a name="para10"></a><span class="paranum">10</span>.</p>\r\n<p class="gatha1"> Suti sammuti saṅkhyāca,</p>\r\n<p class="gatha2">Yogā nīti visesakā;</p>\r\n<p class="gatha3">Gandhabbā gaṇikā ceva,</p>\r\n<p class="gathalast">Dhanu bedā ca pūraṇā.</p>\r\n<p class="hangnum"><a name="para11"></a><span class="paranum">11</span>.</p>\r\n<p class="gatha1"> Tikicchā itihāsā ca,</p>\r\n<p class="gatha2">Joti māyā ca chandati;</p>\r\n<p class="gatha3">Ketu mantā ca saddā ca,</p>\r\n<p class="gathalast">Sippāṭṭhārasakā ime.</p>\r\n<p class="hangnum"><a name="para12"></a><span class="paranum">12</span>.</p>\r\n<p class="gatha1"> Apuṭṭho paṇḍito bherī,</p>\r\n<p class="gatha2">Pajjunno me hoti pucchito;</p>\r\n<p class="gatha3">Bālo puṭṭho apuṭṭhopi,</p>\r\n<p class="gathalast">Bahumpi bhaṇate sadā.</p>\r\n<p class="hangnum"><a name="para13"></a><span class="paranum">13</span>.</p>\r\n<p class="gatha1"> Potthakesu ca yaṃ sippaṃ,</p>\r\n<p class="gatha2">Parahatthesu yaṃ dhanaṃ;</p>','\r',char(13)),'\n',char(10)),'-9-10-11-12-13-');
INSERT INTO pages (bookid, page, content, paranum) VALUES('annya_niti_gantha_sangaho_e1005n',4,replace(replace('<p class="gatha3">Yathākicce <a name="M0.0004"></a> samuppanne,</p>\r\n<p class="gathalast">Na taṃ sippaṃ na taṃ dhanaṃ.</p>\r\n<p class="hangnum"><a name="para14"></a><span class="paranum">14</span>.</p>\r\n<p class="gatha1"> Jalappamāṇaṃ kumuddanālaṃ,</p>\r\n<p class="gatha2">Kulappamāṇaṃ vinayo pamāṇaṃ;</p>\r\n<p class="gatha3">Byattippamāṇaṃ kathītavākyaṃ,</p>\r\n<p class="gathalast">Pathaviyā pamāṇaṃ tiṇa milātaṃ.</p>\r\n<p class="hangnum"><a name="para15"></a><span class="paranum">15</span>.</p>\r\n<p class="gatha1"> Appassuto sutaṃ appaṃ,</p>\r\n<p class="gatha2">Bahuṃ maññati mānavā;</p>\r\n<p class="gatha3">Sindhūdakaṃ apassanto,</p>\r\n<p class="gathalast">Kūpe toyaṃva maṇḍuko.</p>\r\n<p class="hangnum"><a name="para16"></a><span class="paranum">16</span>.</p>\r\n<p class="gatha1"> Pathamaṃ parājaye sippaṃ,</p>\r\n<p class="gatha2">Dutiyaṃ parājaye dhanaṃ;</p>\r\n<p class="gatha3">Tatiyaṃ parājaye dhammaṃ,</p>\r\n<p class="gathalast">Catutthaṃ kiṃ karissati.</p>\r\n<p class="hangnum"><a name="para17"></a><span class="paranum">17</span>.</p>\r\n<p class="gatha1"> Byatta putra kimalaso,</p>\r\n<p class="gatha2">Abyatto bhārahārako;</p>\r\n<p class="gatha3">Byattako pūjito loke,</p>\r\n<p class="gathalast">Byatta putra dine dine.</p>\r\n<p class="hangnum"><a name="para18"></a><span class="paranum">18</span>.</p>\r\n<p class="gatha1"> Mātā verī pitā satru,</p>\r\n<p class="gatha2">Kena bāle na sikkhitā;</p>','\r',char(13)),'\n',char(10)),'-14-15-16-17-18-');
INSERT INTO pages (bookid, page, content, paranum) VALUES('annya_niti_gantha_sangaho_e1005n',5,replace(replace('<p class="gatha3">Sabhāmajjhe <a name="M0.0005"></a> na sobhanti,</p>\r\n<p class="gathalast">Haṃsamajjhe bakoyathā.</p>\r\n<p class="hangnum"><a name="para19"></a><span class="paranum">19</span>.</p>\r\n<p class="gatha1"> Kaṇṭakaṃ giri ko tikkhati,</p>\r\n<p class="gatha2">Ko añjanaṃ migakkhikaṃ;</p>\r\n<p class="gatha3">Uppathaṃ pallale ko sugandhaṃ,</p>\r\n<p class="gatha2">Kula-putta-rūpo ko pavattati;</p>\r\n<p class="gathalast">Sāmaṃ-bhāvo.</p>\r\n<p class="hangnum"><a name="para20"></a><span class="paranum">20</span>.</p>\r\n<p class="gatha1"> Na rasaṃ akotambulaṃ,</p>\r\n<p class="gatha2">Adhanassa, laṅkatampi;</p>\r\n<p class="gatha3">Alonakantu byañjanaṃ,</p>\r\n<p class="gathalast">Byākaraṇaṃ asippassa.</p>\r\n<p class="hangnum"><a name="para21"></a><span class="paranum">21</span>.</p>\r\n<p class="gatha1"> Sussusā sutasampanno,</p>\r\n<p class="gatha2">Sutāpaññāya pavaḍḍhati;</p>\r\n<p class="gatha3">Paññāya atthaṃ jānāti,</p>\r\n<p class="gathalast">Ñāto attho sukhāvaho.</p>\r\n<p class="hangnum"><a name="para22"></a><span class="paranum">22</span>.</p>\r\n<p class="gatha1"> Bhojanaṃ methunaṃ niddā,</p>\r\n<p class="gatha2">Goṇe posepi vijjati;</p>\r\n<p class="gatha3">Vijjā viseso posassa,</p>\r\n<p class="gathalast">Taṃ hīno gosamo bhave.</p>\r\n<p class="hangnum"><a name="para23"></a><span class="paranum">23</span>.</p>\r\n<p class="gatha1"> Natthi vijjāsamaṃmittaṃ,</p>\r\n<p class="gatha2">Naca byādhisamo ripu;</p>','\r',char(13)),'\n',char(10)),'-19-20-21-22-23-');
INSERT INTO pages (bookid, page, content, paranum) VALUES('annya_niti_gantha_sangaho_e1005n',6,replace(replace('<p class="gatha3">Naca <a name="M0.0006"></a> attasamaṃ pemaṃ,</p>\r\n<p class="gathalast">Naca kammasamaṃ balaṃ.</p>\r\n<p class="hangnum"><a name="para24"></a><span class="paranum">24</span>.</p>\r\n<p class="gatha1"> Haṃso majjhe na kākānaṃ,</p>\r\n<p class="gatha2">Sīho gunnaṃ na sobhate;</p>\r\n<p class="gatha3">Gadrabhamajjhe turaṅgo,</p>\r\n<p class="gathalast">Bālamajjhe ca paṇḍito.</p>\r\n<p class="hangnum"><a name="para25"></a><span class="paranum">25</span>.</p>\r\n<p class="gatha1"> Yāvajīvampi ce bālo,</p>\r\n<p class="gatha2">Paṇḍitaṃ payirupāsati;</p>\r\n<p class="gatha3">Na so dhammaṃ vijānāti,</p>\r\n<p class="gathalast">Dabbi sūparasaṃ yathā.</p>\r\n<p class="hangnum"><a name="para26"></a><span class="paranum">26</span>.</p>\r\n<p class="gatha1"> Muhuttamapi ce viññū,</p>\r\n<p class="gatha2">Paṇḍitaṃ payirupāsati;</p>\r\n<p class="gatha3">Khippaṃ dhammaṃ vijānāti,</p>\r\n<p class="gathalast">Jivhā sūparasaṃ yathā.</p>\r\n<p class="hangnum"><a name="para27"></a><span class="paranum">27</span>.</p>\r\n<p class="gatha1"> Vinā satthaṃ na gaccheyya,</p>\r\n<p class="gatha2">Sūro saṅgāmabhūmiyaṃ;</p>\r\n<p class="gatha3">Paṇḍitvāddhagū vāṇijo,</p>\r\n<p class="gathalast">Videsagamano tathā.</p>\r\n<p class="hangnum"><a name="para28"></a><span class="paranum">28</span>.</p>\r\n<p class="gatha1"> Dhananāsaṃ manotāpaṃ,</p>\r\n<p class="gatha2">Ghare duccaritāni ca;</p>','\r',char(13)),'\n',char(10)),'-24-25-26-27-28-');
INSERT INTO pages (bookid, page, content, paranum) VALUES('annya_niti_gantha_sangaho_e1005n',7,replace(replace('<p class="gatha3">Vañcanañca <a name="M0.0007"></a> avamānaṃ,</p>\r\n<p class="gathalast">Paṇḍito na pakāsaye.</p>\r\n<p class="hangnum"><a name="para29"></a><span class="paranum">29</span>.</p>\r\n<p class="gatha1"> Pattānurūpakaṃ vākyaṃ,</p>\r\n<p class="gatha2">Sabhāvarūpakaṃ piyaṃ;</p>\r\n<p class="gatha3">Attānurūpakaṃ kodhaṃ,</p>\r\n<p class="gathalast">Yo jānāti sa paṇḍito.</p>\r\n<p class="hangnum"><a name="para30"></a><span class="paranum">30</span>.</p>\r\n<p class="gatha1"> A-dhanassa rasaṃ khādā,</p>\r\n<p class="gatha2">A-balassa hathā narā;</p>\r\n<p class="gatha3">A-paññassa vākya-kathā,</p>\r\n<p class="gathalast">Ummattaka-samā ime.</p>\r\n<p class="hangnum"><a name="para31"></a><span class="paranum">31</span>.</p>\r\n<p class="gatha1"> Anavhāyaṃ gamayanto,</p>\r\n<p class="gatha2">A-pucchā bahu-bhāsako;</p>\r\n<p class="gatha3">Atta-guṇaṃ pakāsento,</p>\r\n<p class="gathalast">Ti-vidhaṃ hīna-lakkhaṇaṃ.</p>\r\n<p class="hangnum"><a name="para32"></a><span class="paranum">32</span>.</p>\r\n<p class="gatha1"> Appa-rūpo bahuṃ bhāso,</p>\r\n<p class="gatha2">Appa-pañño pakāsito;</p>\r\n<p class="gatha3">Appa-pūro ghaṭo khobhe,</p>\r\n<p class="gathalast">Appa-khīrā gāvī cathe.</p>\r\n<p class="hangnum"><a name="para33"></a><span class="paranum">33</span>.</p>\r\n<p class="gatha1"> Maṇḍūkepi ukre sīhe,</p>\r\n<p class="gatha2">Kākaggahe piye piye;</p>','\r',char(13)),'\n',char(10)),'-29-30-31-32-33-');
INSERT INTO pages (bookid, page, content, paranum) VALUES('annya_niti_gantha_sangaho_e1005n',8,replace(replace('<p class="gatha3">A-paṇḍīpi <a name="M0.0008"></a> paṇḍī hutvā,</p>\r\n<p class="gathalast">Dhīrā pucche vaye vaye.</p>\r\n<p class="hangnum"><a name="para34"></a><span class="paranum">34</span>.</p>\r\n<p class="gatha1"> Maṇḍūkepi ukre sīhe,</p>\r\n<p class="gatha2">Sūkarepi uhe dīpe;</p>\r\n<p class="gatha3">Biḷāre sadise byagghe,</p>\r\n<p class="gathalast">Sabba dhīre sippa-same.</p>\r\n<p class="hangnum"><a name="para35"></a><span class="paranum">35</span>.</p>\r\n<p class="gatha1"> Na titti rājā dhanamhi,</p>\r\n<p class="gatha2">Paṇḍitopi su-bhāsite;</p>\r\n<p class="gatha3">Cakkhuṃpi piya-dassane,</p>\r\n<p class="gathalast">Jale sāgaro na titti.</p>\r\n<p class="hangnum"><a name="para36"></a><span class="paranum">36</span>.</p>\r\n<p class="gatha1"> Rūpa-yobbana-sampannā,</p>\r\n<p class="gatha2">Visātha-kutha-sambhavā;</p>\r\n<p class="gatha3">Vijjā-hīnā na sobhanti,</p>\r\n<p class="gathalast">Nigandhā iva kiṃsukā.</p>\r\n<p class="hangnum"><a name="para37"></a><span class="paranum">37</span>.</p>\r\n<p class="gatha1"> Hīne putto rājāmacco,</p>\r\n<p class="gatha2">Bāla-putto ca paṇḍito;</p>\r\n<p class="gatha3">A-dhanassa dhanaṃ bahu,</p>\r\n<p class="gathalast">Purisānaṃ na maññatha.</p>\r\n<p class="hangnum"><a name="para38"></a><span class="paranum">38</span>.</p>\r\n<p class="gatha1"> Yo sippa-lobhena,</p>\r\n<p class="gatha2">Bahuṃ gaṇhāti taṃ sippaṃ;</p>','\r',char(13)),'\n',char(10)),'-34-35-36-37-38-');
INSERT INTO pages (bookid, page, content, paranum) VALUES('annya_niti_gantha_sangaho_e1005n',9,replace(replace('<p class="gatha3">Mūgova <a name="M0.0009"></a> supinaṃ passaṃ,</p>\r\n<p class="gathalast">Kathetumpi na ussahe.</p>\r\n<p class="hangnum"><a name="para39"></a><span class="paranum">39</span>.</p>\r\n<p class="gatha1"> Bhijjetuṃ kumbhakāro,</p>\r\n<p class="gatha2">Sobhetuṃ kumbha ghaṭṭati;</p>\r\n<p class="gatha3">Na khipituṃ apāyesu,</p>\r\n<p class="gathalast">Sissānaṃ vuḍḍhi-kāraṇā.</p>\r\n<p class="hangnum"><a name="para40"></a><span class="paranum">40</span>.</p>\r\n<p class="gatha1"> Taggarañca palāsena,</p>\r\n<p class="gatha2">Yo naro upanayhati;</p>\r\n<p class="gatha3">Pattāpi surabhi vāyanti,</p>\r\n<p class="gathalast">Evaṃ dhīrūpasevanā.</p>\r\n<p class="centered">Paṇḍitakaṇḍo niṭṭhito.</p>\r\n<p class="chapter">Sujanakaṇḍo</p>\r\n<p class="hangnum"><a name="para41"></a><span class="paranum">41</span>.</p>\r\n<p class="gatha1"> Sabbhireva samāsetha,</p>\r\n<p class="gatha2">Sabbhi kubbetha santhavaṃ;</p>\r\n<p class="gatha3">Sataṃ saddhammamaññāya,</p>\r\n<p class="gathalast">Seyyo hoti na pāpiyo.</p>\r\n<p class="hangnum"><a name="para42"></a><span class="paranum">42</span>.</p>\r\n<p class="gatha1"> Caja dujjana saṃsaggaṃ,</p>\r\n<p class="gatha2">Bhaja sādhu samāgamaṃ;</p>\r\n<p class="gatha3">Kara puññamahorattiṃ,</p>\r\n<p class="gathalast">Sara niccamaniccataṃ.</p>\r\n<p class="hangnum"><a name="para43"></a><span class="paranum">43</span>.</p>\r\n<p class="gatha1"> </p>','\r',char(13)),'\n',char(10)),'-39-40-41-42-43-');
INSERT INTO pages (bookid, page, content, paranum) VALUES('annya_niti_gantha_sangaho_e1005n',10,replace(replace('<p class="gatha1">Yathā <a name="M0.0010"></a> udumbarapakkā,</p>\r\n<p class="gatha2">Bahirattakamevaca;</p>\r\n<p class="gatha3">Anto kimīhi sampuṇṇā,</p>\r\n<p class="gathalast">Evaṃ dujjanahaddayā.</p>\r\n<p class="hangnum"><a name="para44"></a><span class="paranum">44</span>.</p>\r\n<p class="gatha1"> Yathāpi panasāpakkā,</p>\r\n<p class="gatha2">Bahi kaṇḍakameva ca;</p>\r\n<p class="gatha3">Anto amatasampannā,</p>\r\n<p class="gathalast">Evaṃ sujanahadayā.</p>\r\n<p class="hangnum"><a name="para45"></a><span class="paranum">45</span>.</p>\r\n<p class="gatha1"> Sukkhopi candanataru na jahāti gandhaṃ,</p>\r\n<p class="gatha2">Nāgo gato naramukhe na jahāti līḷaṃ;</p>\r\n<p class="gatha3">Yantāgato madhurasaṃ na jahāti ucchu,</p>\r\n<p class="gathalast">Dukkhopi paṇḍitajano na jahāti dhammaṃ.</p>\r\n<p class="hangnum"><a name="para46"></a><span class="paranum">46</span>.</p>\r\n<p class="gatha1"> Sīho nāma jighacchāpi,</p>\r\n<p class="gatha2">Paṇṇādīni na khādati;</p>\r\n<p class="gatha3">Sīho nāma kisocāpi,</p>\r\n<p class="gathalast">Nāgamaṃsaṃ na khādati.</p>\r\n<p class="hangnum"><a name="para47"></a><span class="paranum">47</span>.</p>\r\n<p class="gatha1"> Kula-jāto kula-putto,</p>\r\n<p class="gatha2">Kula-vaṃsa-surakkhato;</p>\r\n<p class="gatha3">Attanā dukkha-pattopi,</p>\r\n<p class="gathalast">Hīna-kammaṃ na kāraye.</p>\r\n<p class="hangnum"><a name="para48"></a><span class="paranum">48</span>.</p>\r\n<p class="gatha1"> </p>','\r',char(13)),'\n',char(10)),'-44-45-46-47-48-');
INSERT INTO pages (bookid, page, content, paranum) VALUES('annya_niti_gantha_sangaho_e1005n',11,replace(replace('<p class="gatha1">Candanaṃ <a name="M0.0011"></a> sītalaṃ loke,</p>\r\n<p class="gatha2">Tato candaṃva sītalaṃ;</p>\r\n<p class="gatha3">Canda-candanasītamhā,</p>\r\n<p class="gathalast">Sādhu vākyaṃ subhāsitaṃ.</p>\r\n<p class="hangnum"><a name="para49"></a><span class="paranum">49</span>.</p>\r\n<p class="gatha1"> Udeyya bhāṇu pacchime,</p>\r\n<p class="gatha2">Merurājā nameyyapi;</p>\r\n<p class="gatha3">Sītalā narakaggipi,</p>\r\n<p class="gatha2">Pabbatagge ca uppalaṃ.</p>\r\n<p class="gatha3">Vikase na viparītaṃ,</p>\r\n<p class="gathalast">Sādhuvāyyaṃ kudācanaṃ.</p>\r\n<p class="hangnum"><a name="para50"></a><span class="paranum">50</span>.</p>\r\n<p class="gatha1"> Sukhā rukkhassa chāyāva,</p>\r\n<p class="gatha2">Tato ñāti mātā pitu;</p>\r\n<p class="gatha3">Tato ācariyo rañño,</p>\r\n<p class="gathalast">Tato buddhassanekadhā.</p>\r\n<p class="hangnum"><a name="para51"></a><span class="paranum">51</span>.</p>\r\n<p class="gatha1"> Bhamarā pupphamicchanti,</p>\r\n<p class="gatha2">Guṇamicchanti sujanā;</p>\r\n<p class="gatha3">Makkhikā pūtimicchanti,</p>\r\n<p class="gathalast">Dosamicchanti dujjanā.</p>\r\n<p class="hangnum"><a name="para52"></a><span class="paranum">52</span>.</p>\r\n<p class="gatha1"> Mātāhīnassa dubbhāsā,</p>\r\n<p class="gatha2">Pitāhīnassa dukriyā;</p>','\r',char(13)),'\n',char(10)),'-49-50-51-52-');
INSERT INTO pages (bookid, page, content, paranum) VALUES('annya_niti_gantha_sangaho_e1005n',12,replace(replace('<p class="gatha3">Ubho <a name="M0.0012"></a> mātā pitā hīnā,</p>\r\n<p class="gathalast">Dubbhasāca dukīriyā.</p>\r\n<p class="hangnum"><a name="para53"></a><span class="paranum">53</span>.</p>\r\n<p class="gatha1"> Mātā seṭṭhassa subhāsā,</p>\r\n<p class="gatha2">Pitā seṭṭhassa sukriyā;</p>\r\n<p class="gatha3">Ubho mātā pitā seṭṭhā,</p>\r\n<p class="gathalast">Subhāsāca sukīriyā.</p>\r\n<p class="hangnum"><a name="para54"></a><span class="paranum">54</span>.</p>\r\n<p class="gatha1"> Saṅgāme sūra-micchanti,</p>\r\n<p class="gatha2">Mantīsu akūtūhalaṃ;</p>\r\n<p class="gatha3">Piyañca annapānesu,</p>\r\n<p class="gathalast">Atthe jāte ca paṇḍitaṃ.</p>\r\n<p class="hangnum"><a name="para55"></a><span class="paranum">55</span>.</p>\r\n<p class="gatha1"> Sunakho sunakhaṃ disvā,</p>\r\n<p class="gatha2">Dantaṃ dasseti hiṃsituṃ;</p>\r\n<p class="gatha3">Dujjano sujanaṃ disvā,</p>\r\n<p class="gathalast">Rosayaṃ hiṃsamicchati.</p>\r\n<p class="hangnum"><a name="para56"></a><span class="paranum">56</span>.</p>\r\n<p class="gatha1"> Mā ca vegena kiccāni,</p>\r\n<p class="gatha2">Karosi kārāpesi vā;</p>\r\n<p class="gatha3">Sahasā kāritaṃ kammaṃ,</p>\r\n<p class="gathalast">Mando pacchānutappati.</p>\r\n<p class="hangnum"><a name="para57"></a><span class="paranum">57</span>.</p>\r\n<p class="gatha1"> Kodhaṃ vihitvā na kadācinasoce,</p>\r\n<p class="gatha2">Makkhappahānaṃ isayo avaṇṇayuṃ;</p>','\r',char(13)),'\n',char(10)),'-53-54-55-56-57-');
INSERT INTO pages (bookid, page, content, paranum) VALUES('annya_niti_gantha_sangaho_e1005n',13,replace(replace('<p class="gatha3">Sabbesa <a name="M0.0013"></a> phārusa-vacaṃ khametha,</p>\r\n<p class="gathalast">Etaṃ khantiṃ uttamamāhu santo.</p>\r\n<p class="hangnum"><a name="para58"></a><span class="paranum">58</span>.</p>\r\n<p class="gatha1"> Dukkho nivāso sambādhe,</p>\r\n<p class="gatha2">Ṭhāne asucisaṅkate;</p>\r\n<p class="gatha3">Tato arimhi appiye,</p>\r\n<p class="gathalast">Tatopi akataññunā.</p>\r\n<p class="hangnum"><a name="para59"></a><span class="paranum">59</span>.</p>\r\n<p class="gatha1"> Ovādeyyānusāseyya,</p>\r\n<p class="gatha2">Gāpakā ca nivāraye;</p>\r\n<p class="gatha3">Satañhi so piyo hoti,</p>\r\n<p class="gathalast">Asataṃ hoti appiyo.</p>\r\n<p class="hangnum"><a name="para60"></a><span class="paranum">60</span>.</p>\r\n<p class="gatha1"> Uttamattanivātena,</p>\r\n<p class="gatha2">Sūraṃ bhedena nijjaye;</p>\r\n<p class="gatha3">Nīcaṃ appaka dānena,</p>\r\n<p class="gathalast">Vīriyena samaṃ jaye.</p>\r\n<p class="hangnum"><a name="para61"></a><span class="paranum">61</span>.</p>\r\n<p class="gatha1"> Na visaṃ visamiccāhu,</p>\r\n<p class="gatha2">Dhanaṃ saṅghassa uccate;</p>\r\n<p class="gatha3">Visaṃ ekaṃva hanati,</p>\r\n<p class="gathalast">Sabbaṃ saṅghassa santakaṃ.</p>\r\n<p class="hangnum"><a name="para62"></a><span class="paranum">62</span>.</p>\r\n<p class="gatha1"> Javane bhadraṃ jānanti,</p>\r\n<p class="gatha2">Baliddañca vāhenā;</p>','\r',char(13)),'\n',char(10)),'-58-59-60-61-62-');
INSERT INTO pages (bookid, page, content, paranum) VALUES('annya_niti_gantha_sangaho_e1005n',14,replace(replace('<p class="gatha3">Duhena <a name="M0.0014"></a> dhenuṃ jānanti,</p>\r\n<p class="gathalast">Bhāsamānena paṇḍitaṃ.</p>\r\n<p class="hangnum"><a name="para63"></a><span class="paranum">63</span>.</p>\r\n<p class="gatha1"> Dhanamappampi sādhūnaṃ,</p>\r\n<p class="gatha2">Kūpe vāriva nissayo;</p>\r\n<p class="gatha3">Bahuṃ api asādhūnaṃ,</p>\r\n<p class="gathalast">Naca vārīva aṇṇave.</p>\r\n<p class="hangnum"><a name="para64"></a><span class="paranum">64</span>.</p>\r\n<p class="gatha1"> Najjo pivanti no āpaṃ,</p>\r\n<p class="gatha2">Rukkhā khādanti no phalaṃ;</p>\r\n<p class="gatha3">Vassanti kvaci no meghā,</p>\r\n<p class="gathalast">Paratthāya sataṃ dhanaṃ.</p>\r\n<p class="hangnum"><a name="para65"></a><span class="paranum">65</span>.</p>\r\n<p class="gatha1"> Apattheyyaṃ na pattheyya,</p>\r\n<p class="gatha2">A cinteyyaṃ na cintaye;</p>\r\n<p class="gatha3">Dhammameva sucinteyya,</p>\r\n<p class="gathalast">Kālaṃ moghaṃ na accaye.</p>\r\n<p class="hangnum"><a name="para66"></a><span class="paranum">66</span>.</p>\r\n<p class="gatha1"> Acintitampi bhavati,</p>\r\n<p class="gatha2">Cintitampi vinassati;</p>\r\n<p class="gatha3">Na hi cintāmayā bhogā,</p>\r\n<p class="gathalast">Itthiyā purisassavā.</p>\r\n<p class="hangnum"><a name="para67"></a><span class="paranum">67</span>.</p>\r\n<p class="gatha1"> Asantassa piyo hoti,</p>\r\n<p class="gatha2">Sante na kurute piyaṃ;</p>','\r',char(13)),'\n',char(10)),'-63-64-65-66-67-');
INSERT INTO pages (bookid, page, content, paranum) VALUES('annya_niti_gantha_sangaho_e1005n',15,replace(replace('<p class="gatha3">Asataṃ <a name="M0.0015"></a> dhammaṃ roceti,</p>\r\n<p class="gathalast">Taṃ parābhavato mukhaṃ.</p>\r\n<p class="centered">Sujanakaṇḍo niṭṭhito.</p>\r\n<p class="chapter">4. Bāladujjanakaṇḍo</p>\r\n<p class="hangnum"><a name="para68"></a><span class="paranum">68</span>.</p>\r\n<p class="gatha1"> Atippiyo na kātabbo,</p>\r\n<p class="gatha2">Khalo kotūhalaṃ karo;</p>\r\n<p class="gatha3">Sirasā vahyamānopi,</p>\r\n<p class="gathalast">Aḍḍhapūro ghaṭo yathā.</p>\r\n<p class="hangnum"><a name="para69"></a><span class="paranum">69</span>.</p>\r\n<p class="gatha1"> Sappo duṭṭho khalo duṭṭho,</p>\r\n<p class="gatha2">Sappo duṭṭhataro khalo;</p>\r\n<p class="gatha3">Mantosadhehi so sappo,</p>\r\n<p class="gathalast">Khalo kenupasammati.</p>\r\n<p class="hangnum"><a name="para70"></a><span class="paranum">70</span>.</p>\r\n<p class="gatha1"> Yo bālo maññati bālyaṃ,</p>\r\n<p class="gatha2">Paṇḍito vāpi tena so;</p>\r\n<p class="gatha3">Bālova paṇḍitamānī,</p>\r\n<p class="gathalast">So ve bāloti vuccati.</p>\r\n<p class="hangnum"><a name="para71"></a><span class="paranum">71</span>.</p>\r\n<p class="gatha1"> Madhuṃva maññatī bālo,</p>\r\n<p class="gatha2">Yāva pāpaṃ na paccati;</p>','\r',char(13)),'\n',char(10)),'-68-69-70-71-');
INSERT INTO pages (bookid, page, content, paranum) VALUES('annya_niti_gantha_sangaho_e1005n',16,replace(replace('<p class="gatha3">Yadāca <a name="M0.0016"></a> paccatī pāpaṃ,</p>\r\n<p class="gathalast">Atha dukkhaṃ nigacchati.</p>\r\n<p class="hangnum"><a name="para72"></a><span class="paranum">72</span>.</p>\r\n<p class="gatha1"> Na sādhu balavā bālo,</p>\r\n<p class="gatha2">Sahasā vindate dhanaṃ;</p>\r\n<p class="gatha3">Kāyassa bhedā duppañño,</p>\r\n<p class="gathalast">Nirayaṃ sopapajjati.</p>\r\n<p class="hangnum"><a name="para73"></a><span class="paranum">73</span>.</p>\r\n<p class="gatha1"> Ghare duṭṭho ca mūsīko ca,</p>\r\n<p class="gatha2">Vane duṭṭho ca vānaro;</p>\r\n<p class="gatha3">Sakuṇe ca duṭṭho kāko,</p>\r\n<p class="gathalast">Nare duṭṭhoca brāhmaṇo.</p>\r\n<p class="hangnum"><a name="para74"></a><span class="paranum">74</span>.</p>\r\n<p class="gatha1"> Dīghā jāgarato ratti,</p>\r\n<p class="gatha2">Dīghaṃ santassa yojanaṃ;</p>\r\n<p class="gatha3">Dīgho bālāna saṃsāro,</p>\r\n<p class="gathalast">Saddhammaṃ a-vijānataṃ.</p>\r\n<p class="hangnum"><a name="para75"></a><span class="paranum">75</span>.</p>\r\n<p class="gatha1"> Tila mattaṃ paresaṃva,</p>\r\n<p class="gatha2">Appa dosañca passati;</p>\r\n<p class="gatha3">Nāḷikerampi sadosaṃ,</p>\r\n<p class="gathalast">Khala-jāto na passati.</p>\r\n<p class="hangnum"><a name="para76"></a><span class="paranum">76</span>.</p>\r\n<p class="gatha1"> Nattadosaṃ pare jaññā,</p>\r\n<p class="gatha2">Jaññā dosaṃ parassatu;</p>','\r',char(13)),'\n',char(10)),'-72-73-74-75-76-');
INSERT INTO pages (bookid, page, content, paranum) VALUES('annya_niti_gantha_sangaho_e1005n',17,replace(replace('<p class="gatha3">Guyhe <a name="M0.0017"></a> kummo aṅgāni,</p>\r\n<p class="gathalast">Para dosañca lakkhaye.</p>\r\n<p class="hangnum"><a name="para77"></a><span class="paranum">77</span>.</p>\r\n<p class="gatha1"> Paṇḍitassa pasaṃsāya,</p>\r\n<p class="gatha2">Daṇḍo bālena dīyate;</p>\r\n<p class="gatha3">Paṇḍito paṇḍiteneva,</p>\r\n<p class="gathalast">Vaṇṇitova suvaṇṇito.</p>\r\n<p class="hangnum"><a name="para78"></a><span class="paranum">78</span>.</p>\r\n<p class="gatha1"> Luddhaṃ atthena gaṇheyya,</p>\r\n<p class="gatha2">Thaddhaṃ añjali kammunā;</p>\r\n<p class="gatha3">Chandānuvattiyā mūḷhaṃ,</p>\r\n<p class="gathalast">Yathābhūtena paṇḍitaṃ.</p>\r\n<p class="centered">Bāladujjanakaṇḍo niṭṭhito.</p>\r\n<p class="chapter">4. Mittakaṇḍo</p>\r\n<p class="hangnum"><a name="para79"></a><span class="paranum">79</span>.</p>\r\n<p class="gatha1"> Hitakāro paro bandhu,</p>\r\n<p class="gatha2">Bandhūpi ahito paro;</p>\r\n<p class="gatha3">A hito dehajo byādhi,</p>\r\n<p class="gathalast">Hitaṃ araññamosadhaṃ.</p>\r\n<p class="hangnum"><a name="para80"></a><span class="paranum">80</span>.</p>\r\n<p class="gatha1"> Parokkhe guṇa-hantāraṃ,</p>\r\n<p class="gatha2">Paccakkhe piyavādinaṃ;</p>','\r',char(13)),'\n',char(10)),'-77-78-79-80-');
INSERT INTO pages (bookid, page, content, paranum) VALUES('annya_niti_gantha_sangaho_e1005n',18,replace(replace('<p class="gatha3">Vajjeyya <a name="M0.0018"></a> tādisaṃ mittaṃ,</p>\r\n<p class="gathalast">Visakumbhe yathā madhuṃ.</p>\r\n<p class="hangnum"><a name="para81"></a><span class="paranum">81</span>.</p>\r\n<p class="gatha1"> Dhanahīne caje mitto,</p>\r\n<p class="gatha2">Puttadārā sahodarā;</p>\r\n<p class="gatha3">Dhanavantaṃva sevanti,</p>\r\n<p class="gathalast">Dhanaṃ loke mahā sakhā.</p>\r\n<p class="hangnum"><a name="para82"></a><span class="paranum">82</span>.</p>\r\n<p class="gatha1"> Jāneyya pesena bhaccaṃ,</p>\r\n<p class="gatha2">Bandhuṃ vāpi bhayāgate;</p>\r\n<p class="gatha3">Appakāsu tathā mittaṃ,</p>\r\n<p class="gathalast">Dārañca vibhavakkhaye.</p>\r\n<p class="hangnum"><a name="para83"></a><span class="paranum">83</span>.</p>\r\n<p class="gatha1"> So bandhu yo hite yutto,</p>\r\n<p class="gatha2">Pitaro honti posako;</p>\r\n<p class="gatha3">Taṃ mittaṃ yattha vissāso,</p>\r\n<p class="gathalast">Sā bhariyā ca yassa nibbūti.</p>\r\n<p class="hangnum"><a name="para84"></a><span class="paranum">84</span>.</p>\r\n<p class="gatha1"> Na vissase a-vissattaṃ,</p>\r\n<p class="gatha2">Mittañcāpi na vissase;</p>\r\n<p class="gatha3">Kadāci kupito mito,</p>\r\n<p class="gathalast">Sabbaṃ dosaṃ pakāsaye.</p>\r\n<p class="hangnum"><a name="para85"></a><span class="paranum">85</span>.</p>\r\n<p class="gatha1"> Sakiṃ duṭṭhañca yo mittaṃ,</p>\r\n<p class="gatha2">Puna sandhitumicchati;</p>','\r',char(13)),'\n',char(10)),'-81-82-83-84-85-');
INSERT INTO pages (bookid, page, content, paranum) VALUES('annya_niti_gantha_sangaho_e1005n',19,replace(replace('<p class="gatha3">So <a name="M0.0019"></a> maccuṃ upagaṇhāti,</p>\r\n<p class="gathalast">Gabbhamassatarī yathā.</p>\r\n<p class="hangnum"><a name="para86"></a><span class="paranum">86</span>.</p>\r\n<p class="gatha1"> Vahe a-mittaṃ khandhena,</p>\r\n<p class="gatha2">Yāva kālo anāgato;</p>\r\n<p class="gatha3">Tameva āgate kāle,</p>\r\n<p class="gathalast">Sele bhinde ghaṭaṃ iva.</p>\r\n<p class="hangnum"><a name="para87"></a><span class="paranum">87</span>.</p>\r\n<p class="gatha1"> Iṇaseso aggiseso,</p>\r\n<p class="gatha2">Satruseso tatheva ca;</p>\r\n<p class="gatha3">Punappunaṃ vivaḍḍhanti,</p>\r\n<p class="gathalast">Tasmā sesaṃ na kāraye.</p>\r\n<p class="hangnum"><a name="para88"></a><span class="paranum">88</span>.</p>\r\n<p class="gatha1"> Padumaṃva mukhaṃ yassa,</p>\r\n<p class="gatha2">Vācā candana sītalā;</p>\r\n<p class="gatha3">Tādisaṃ nopaseveyya,</p>\r\n<p class="gathalast">Hadayetu halāhalaṃ.</p>\r\n<p class="hangnum"><a name="para89"></a><span class="paranum">89</span>.</p>\r\n<p class="gatha1"> Na seve pharusaṃ sāmiṃ,</p>\r\n<p class="gatha2">Naca seveyya macchariṃ;</p>\r\n<p class="gatha3">Tato apaggaṇhaṃ sāmiṃ,</p>\r\n<p class="gathalast">Neva niggahitaṃ tato.</p>\r\n<p class="hangnum"><a name="para90"></a><span class="paranum">90</span>.</p>\r\n<p class="gatha1"> Siṅgī paññāsa hatthena,</p>\r\n<p class="gatha2">Vajje satena vājinaṃ;</p>','\r',char(13)),'\n',char(10)),'-86-87-88-89-90-');
INSERT INTO pages (bookid, page, content, paranum) VALUES('annya_niti_gantha_sangaho_e1005n',20,replace(replace('<p class="gatha3">Hatthiṃ <a name="M0.0020"></a> dantiṃ sahassena,</p>\r\n<p class="gathalast">Desa cāgena dujjanaṃ.</p>\r\n<p class="hangnum"><a name="para91"></a><span class="paranum">91</span>.</p>\r\n<p class="gatha1"> Kudesañca kumittañca,</p>\r\n<p class="gatha2">Kukulañca kubandhavaṃ;</p>\r\n<p class="gatha3">Kudārañca kudāsañca,</p>\r\n<p class="gathalast">Dūrato parivajjaye.</p>\r\n<p class="hangnum"><a name="para92"></a><span class="paranum">92</span>.</p>\r\n<p class="gatha1"> Rogāture ca dubbhikkhe,</p>\r\n<p class="gatha2">Byasane sattu viggahe;</p>\r\n<p class="gatha3">Rājadvāre susāne ca,</p>\r\n<p class="gathalast">Ye tiṭṭhanti sumittakā.</p>\r\n<p class="hangnum"><a name="para93"></a><span class="paranum">93</span>.</p>\r\n<p class="gatha1"> Sītavāco bahumitto,</p>\r\n<p class="gatha2">Pharuso appamittako;</p>\r\n<p class="gatha3">Upamaṃ ettha ñātabbā,</p>\r\n<p class="gathalast">Canda-sūriya-rājūnaṃ.</p>\r\n<p class="centered">Mittakaṇḍo niṭṭhito.</p>\r\n<p class="chapter">5. Itthikaṇḍo</p>\r\n<p class="hangnum"><a name="para94"></a><span class="paranum">94</span>.</p>\r\n<p class="gatha1"> Kokilānaṃ saddaṃ rūpaṃ,</p>\r\n<p class="gatha2">Nārīrūpaṃ patibbatā;</p>','\r',char(13)),'\n',char(10)),'-91-92-93-94-');
INSERT INTO pages (bookid, page, content, paranum) VALUES('annya_niti_gantha_sangaho_e1005n',21,replace(replace('<p class="gatha3">Vijjā <a name="M0.0021"></a> rūpaṃ a-rūpānaṃ,</p>\r\n<p class="gathalast">Khamā rūpaṃ tapassinaṃ.</p>\r\n<p class="hangnum"><a name="para95"></a><span class="paranum">95</span>.</p>\r\n<p class="gatha1"> Itthīnañca dhanaṃ rūpaṃ,</p>\r\n<p class="gatha2">Purisānaṃ vijjā dhanaṃ;</p>\r\n<p class="gatha3">Bhikkhūnañca dhanaṃ sīlaṃ,</p>\r\n<p class="gathalast">Rājānañca dhanaṃ balaṃ.</p>\r\n<p class="hangnum"><a name="para96"></a><span class="paranum">96</span>.</p>\r\n<p class="gatha1"> Tapassino kisā sobhā,</p>\r\n<p class="gatha2">Thūlā sobhā catuppadā;</p>\r\n<p class="gatha3">Purisā vijjavā sobhā,</p>\r\n<p class="gathalast">Itthī sobhāsa sāmikā.</p>\r\n<p class="hangnum"><a name="para97"></a><span class="paranum">97</span>.</p>\r\n<p class="gatha1"> Pañca ratyā sugandhabbā,</p>\r\n<p class="gatha2">Satta ratyā dhanuggahā;</p>\r\n<p class="gatha3">Eka māsā subhariyā,</p>\r\n<p class="gathalast">Aḍḍha māsā sissā malā.</p>\r\n<p class="hangnum"><a name="para98"></a><span class="paranum">98</span>.</p>\r\n<p class="gatha1"> Hiṃ ramati paṅa,</p>\r\n<p class="gatha2">Haṅa ramati poka.</p>\r\n<p class="gatha3">Thī ramati pu,</p>\r\n<p class="gathalast">Khu ramati dhaṃ.</p>\r\n<p class="hangnum"><a name="para99"></a><span class="paranum">99</span>.</p>\r\n<p class="gatha1"> Jiṇṇamannaṃ pasaṃseyya,</p>\r\n<p class="gatha2">Dārañca gatayobbanaṃ;</p>\r\n<p class="gatha3">Raṇā punāgatā sūraṃ,</p>\r\n<p class="gathalast">Sassañca gehamāgataṃ.</p>\r\n<p class="hangnum"><a name="para100"></a><span class="paranum">100</span>.</p>\r\n<p class="gatha1"> </p>','\r',char(13)),'\n',char(10)),'-95-96-97-98-99-100-');
INSERT INTO pages (bookid, page, content, paranum) VALUES('annya_niti_gantha_sangaho_e1005n',22,replace(replace('<p class="gatha1">Dvatti-patikā <a name="M0.0022"></a> nārī ca,</p>\r\n<p class="gatha2">Bhikkhu dvatti-vihāriko;</p>\r\n<p class="gatha3">Dvatti-pāsa-mutto pakkhī,</p>\r\n<p class="gathalast">Kata-māyā bahūtharaṃ.</p>\r\n<p class="hangnum"><a name="para101"></a><span class="paranum">101</span>.</p>\r\n<p class="gatha1"> Dujjanaṃ pahārādame,</p>\r\n<p class="gatha2">Mittaṃ dame a-bhāṇikā;</p>\r\n<p class="gatha3">Itthiñca byasanā dame,</p>\r\n<p class="gathalast">Rāginaṃ appa bhojanā.</p>\r\n<p class="hangnum"><a name="para102"></a><span class="paranum">102</span>.</p>\r\n<p class="gatha1"> Na ratti vinā candimā,</p>\r\n<p class="gatha2">Vīciṃ vinā ca aṇṇavo;</p>\r\n<p class="gatha3">Haṃsaṃ vinā pokkharaṇī,</p>\r\n<p class="gathalast">Patiṃ kaññāca sobhate.</p>\r\n<p class="hangnum"><a name="para103"></a><span class="paranum">103</span>.</p>\r\n<p class="gatha1"> Patinā janito bhogo,</p>\r\n<p class="gatha2">Itthiyāva saṃgoppito;</p>\r\n<p class="gatha3">Purisova hi padhāno,</p>\r\n<p class="gathalast">Itthī suttaṃva sūciyā.</p>\r\n<p class="hangnum"><a name="para104"></a><span class="paranum">104</span>.</p>\r\n<p class="gatha1"> Sabbānadī vaṅkanadī,</p>\r\n<p class="gatha2">Sabbe kaṭṭhamayā vanā;</p>\r\n<p class="gatha3">Sabbitthiyo kare pāpaṃ,</p>\r\n<p class="gathalast">Labhamāne nivātake.</p>\r\n<p class="hangnum"><a name="para105"></a><span class="paranum">105</span>.</p>\r\n<p class="gatha1"> </p>','\r',char(13)),'\n',char(10)),'-101-102-103-104-105-');
INSERT INTO pages (bookid, page, content, paranum) VALUES('annya_niti_gantha_sangaho_e1005n',23,replace(replace('<p class="gatha1">Vivādasīliṃ <a name="M0.0023"></a> usūyabhāṇiniṃ,</p>\r\n<p class="gatha2">Sampassataṇhiṃ bahupākabhuttiniṃ;</p>\r\n<p class="gatha3">Aggantabhuttiṃ paragehavāsiniṃ,</p>\r\n<p class="gathalast">Nāriṃ caje puttasatampi pūmā.</p>\r\n<p class="hangnum"><a name="para106"></a><span class="paranum">106</span>.</p>\r\n<p class="gatha1"> Bhuttesu maṇḍesu janīva kantinī,</p>\r\n<p class="gatha2">Guyheca ṭhāne bhaginīva hiriṇī;</p>\r\n<p class="gatha3">Kammesu pattesu karoti dāsīva,</p>\r\n<p class="gatha2">Bhayesu mantī sayanesu rāmaye;</p>\r\n<p class="gatha3">Rūpīsu sikkhī kupanesu khantinī,</p>\r\n<p class="gatha2">Sā nārī seṭṭhāti vadanti paṇḍitā;</p>\r\n<p class="gathalast">Kāyassa bhedāca divebhaveyya sā.</p>\r\n<p class="hangnum"><a name="para107"></a><span class="paranum">107</span>.</p>\r\n<p class="gatha1"> Sāmā migakkhī tanumajjhagattā,</p>\r\n<p class="gatha2">Sūrū sukesī samadantapantī;</p>\r\n<p class="gatha3">Gambhīranābhī yuvatī susīlī,</p>\r\n<p class="gathalast">Hīne kule jātāpi vivāhyā.</p>\r\n<p class="hangnum"><a name="para108"></a><span class="paranum">108</span>.</p>\r\n<p class="gatha1"> Saradaṃratu-kālānaṃ,</p>\r\n<p class="gatha2">Bhariyānaṃ rūpavatī;</p>\r\n<p class="gatha3">Jeṭṭho padhānaṃ puttānaṃ,</p>\r\n<p class="gathalast">Disānaṃ uttarādisā.</p>\r\n<p class="hangnum"><a name="para109"></a><span class="paranum">109</span>.</p>\r\n<p class="gatha1"> Yā icche puriso hotuṃ,</p>\r\n<p class="gatha2">Jāti jāti punappunaṃ;</p>','\r',char(13)),'\n',char(10)),'-106-107-108-109-');
INSERT INTO pages (bookid, page, content, paranum) VALUES('annya_niti_gantha_sangaho_e1005n',24,replace(replace('<p class="gatha3">Sāmikaṃ <a name="M0.0024"></a> apacāyeyya,</p>\r\n<p class="gathalast">Indaṃva pāricārikā.</p>\r\n<p class="hangnum"><a name="para110"></a><span class="paranum">110</span>.</p>\r\n<p class="gatha1"> Yo icche puriso hotuṃ,</p>\r\n<p class="gatha2">Jāti jāti punappunaṃ;</p>\r\n<p class="gatha3">Paradānaṃ vivajjeyya,</p>\r\n<p class="gathalast">Dhotapādova kaddamaṃ.</p>\r\n<p class="hangnum"><a name="para111"></a><span class="paranum">111</span>.</p>\r\n<p class="gatha1"> Atikkanta vayo poso,</p>\r\n<p class="gatha2">Āneti timbaruttaniṃ;</p>\r\n<p class="gatha3">Tassā issā asaddhāti,</p>\r\n<p class="gathalast">Taṃ parābhavato mukhaṃ.</p>\r\n<p class="centered">Itthikaṇḍo niṭṭhito.</p>\r\n<p class="chapter">6. Rājakaṇḍo</p>\r\n<p class="hangnum"><a name="para112"></a><span class="paranum">112</span>.</p>\r\n<p class="gatha1"> Ekayāmaṃ saye rājā,</p>\r\n<p class="gatha2">Dviyāmaññeva paṇḍito;</p>\r\n<p class="gatha3">Gharāvāso tiyāmaṃva,</p>\r\n<p class="gathalast">Catuyāmaṃ tu yācako.</p>\r\n<p class="hangnum"><a name="para113"></a><span class="paranum">113</span>.</p>\r\n<p class="gatha1"> Dhanavā sutavā rājā,</p>\r\n<p class="gatha2">Nadī vejjo cimepañca;</p>','\r',char(13)),'\n',char(10)),'-110-111-112-113-');
INSERT INTO pages (bookid, page, content, paranum) VALUES('annya_niti_gantha_sangaho_e1005n',25,replace(replace('<p class="gatha3">Yattha <a name="M0.0025"></a> dese na vijjanti,</p>\r\n<p class="gathalast">Na tattha divasaṃ vase.</p>\r\n<p class="hangnum"><a name="para114"></a><span class="paranum">114</span>.</p>\r\n<p class="gatha1"> Yasmiṃ padese na māno,</p>\r\n<p class="gatha2">Na pemaṃ naca bandhavā;</p>\r\n<p class="gatha3">Naca vijjāgamo koci,</p>\r\n<p class="gathalast">Na tattha divasaṃ vase.</p>\r\n<p class="hangnum"><a name="para115"></a><span class="paranum">115</span>.</p>\r\n<p class="gatha1"> Aputtakaṃ gharaṃ suññaṃ,</p>\r\n<p class="gatha2">Raṭṭhaṃ suññaṃ arājakaṃ;</p>\r\n<p class="gatha3">A sippassa mukhaṃ suññaṃ,</p>\r\n<p class="gathalast">Sabba suññaṃ daliddakā.</p>\r\n<p class="hangnum"><a name="para116"></a><span class="paranum">116</span>.</p>\r\n<p class="gatha1"> Dhanamiccheyya vāṇijjo,</p>\r\n<p class="gatha2">Vijjamicche bhajesutaṃ;</p>\r\n<p class="gatha3">Puttamicche taruṇitthiṃ,</p>\r\n<p class="gathalast">Rājāmaccaṃ vasaṃ game.</p>\r\n<p class="hangnum"><a name="para117"></a><span class="paranum">117</span>.</p>\r\n<p class="gatha1"> Naṭṭhoyati asantuṭṭho,</p>\r\n<p class="gatha2">Santuṭṭho ca mahīpati;</p>\r\n<p class="gatha3">Lajjā ca gaṇikā naṭṭhā,</p>\r\n<p class="gathalast">Nillajjā kuladhītikā.</p>\r\n<p class="hangnum"><a name="para118"></a><span class="paranum">118</span>.</p>\r\n<p class="gatha1"> Pakkhīnaṃ balamākāso,</p>\r\n<p class="gatha2">Macchānamudakaṃ balaṃ;</p>','\r',char(13)),'\n',char(10)),'-114-115-116-117-118-');
INSERT INTO pages (bookid, page, content, paranum) VALUES('annya_niti_gantha_sangaho_e1005n',26,replace(replace('<p class="gatha3">Dubbalassa <a name="M0.0026"></a> balaṃ rājā,</p>\r\n<p class="gathalast">Kumārānaṃ rudaṃ balaṃ.</p>\r\n<p class="hangnum"><a name="para119"></a><span class="paranum">119</span>.</p>\r\n<p class="gatha1"> Khamā jāgariyuṭṭhānaṃ,</p>\r\n<p class="gatha2">Saṃvibhāgo dayikkhaṇā;</p>\r\n<p class="gatha3">Nāyakassa guṇā ete,</p>\r\n<p class="gathalast">Icchitabbā sataṃ guṇā.</p>\r\n<p class="hangnum"><a name="para120"></a><span class="paranum">120</span>.</p>\r\n<p class="gatha1"> Sakiṃ vadanti rājāno,</p>\r\n<p class="gatha2">Sakiṃ samaṇabrāhmaṇā;</p>\r\n<p class="gatha3">Sakiṃ sappurisā loke,</p>\r\n<p class="gathalast">Esa dhammo sanantano.</p>\r\n<p class="hangnum"><a name="para121"></a><span class="paranum">121</span>.</p>\r\n<p class="gatha1"> Alaso gihī kāmabhogī na sādhu,</p>\r\n<p class="gatha2">Asaññato pabbajito na sādhu;</p>\r\n<p class="gatha3">Rājā anisammakārī na sādhu,</p>\r\n<p class="gathalast">Paṇḍito kodhano taṃpi na sādhu.</p>\r\n<p class="hangnum"><a name="para122"></a><span class="paranum">122</span>.</p>\r\n<p class="gatha1"> Bahavo yattha nettāro,</p>\r\n<p class="gatha2">Sabbe paṇḍitamānino;</p>\r\n<p class="gatha3">Sabbe mahattamicchanti,</p>\r\n<p class="gathalast">Tesaṃ kammaṃ vinassati.</p>\r\n<p class="hangnum"><a name="para123"></a><span class="paranum">123</span>.</p>\r\n<p class="gatha1"> Āyaṃ khayaṃ sayaṃ jaññā,</p>\r\n<p class="gatha2">Rājā sayaṃ katākataṃ;</p>','\r',char(13)),'\n',char(10)),'-119-120-121-122-123-');
INSERT INTO pages (bookid, page, content, paranum) VALUES('annya_niti_gantha_sangaho_e1005n',27,replace(replace('<p class="gatha3">Niggahe <a name="M0.0027"></a> niggahetabbaṃ,</p>\r\n<p class="gathalast">Paggahe paggahārahaṃ.</p>\r\n<p class="hangnum"><a name="para124"></a><span class="paranum">124</span>.</p>\r\n<p class="gatha1"> Piṭṭhitokkaṃ niseveyya,</p>\r\n<p class="gatha2">Kucchināva hutāsanaṃ;</p>\r\n<p class="gatha3">Sāmikaṃ sabbabhāgena,</p>\r\n<p class="gathalast">Paralokaṃ amohavā.</p>\r\n<p class="hangnum"><a name="para125"></a><span class="paranum">125</span>.</p>\r\n<p class="gatha1"> Aggi āpo itthimūḷho,</p>\r\n<p class="gatha2">Sappo rāja-kulānica;</p>\r\n<p class="gatha3">Apayantena gantabbā,</p>\r\n<p class="gathalast">Acceka-pāṇahārakā.</p>\r\n<p class="hangnum"><a name="para126"></a><span class="paranum">126</span>.</p>\r\n<p class="gatha1"> Paduṭṭha-bhariya-saṃvāso,</p>\r\n<p class="gatha2">Paduṭṭha citta dāsako;</p>\r\n<p class="gatha3">Sa-sappe ca ghare vāso,</p>\r\n<p class="gathalast">Maccu eva na saṃsayo.</p>\r\n<p class="hangnum"><a name="para127"></a><span class="paranum">127</span>.</p>\r\n<p class="gatha1"> Mūḷha sisso padesena,</p>\r\n<p class="gatha2">Kunārī bharaṇena ca;</p>\r\n<p class="gatha3">Asatā sampayogena,</p>\r\n<p class="gathalast">Paṇḍitoppavasīdati.</p>\r\n<p class="hangnum"><a name="para128"></a><span class="paranum">128</span>.</p>\r\n<p class="gatha1"> Mātā puttakaraṃ pāpaṃ,</p>\r\n<p class="gatha2">Sissapāpaṃ gurukatā;</p>','\r',char(13)),'\n',char(10)),'-124-125-126-127-128-');
INSERT INTO pages (bookid, page, content, paranum) VALUES('annya_niti_gantha_sangaho_e1005n',28,replace(replace('<p class="gatha3">Rājā <a name="M0.0028"></a> raṭṭhakaraṃ pāpaṃ,</p>\r\n<p class="gathalast">Rājapāpaṃ purohito.</p>\r\n<p class="hangnum"><a name="para129"></a><span class="paranum">129</span>.</p>\r\n<p class="gatha1"> Akodhena jine kodhaṃ,</p>\r\n<p class="gatha2">Asādhuṃ sādhunā jine;</p>\r\n<p class="gatha3">Jine macchariṃ dānena,</p>\r\n<p class="gathalast">Saccenālīkavādinaṃ;</p>\r\n<p class="hangnum"><a name="para130"></a><span class="paranum">130</span>.</p>\r\n<p class="gatha1"> Adantaṃ damanaṃ dānaṃ,</p>\r\n<p class="gatha2">Dānaṃ sabbattha sādhakaṃ;</p>\r\n<p class="gatha3">Dānena piya vācāya,</p>\r\n<p class="gathalast">Unnamanti namanti ca;</p>\r\n<p class="hangnum"><a name="para131"></a><span class="paranum">131</span>.</p>\r\n<p class="gatha1"> Dānaṃ sinehabhesajjaṃ,</p>\r\n<p class="gatha2">Maccheraṃ dosanosadhaṃ;</p>\r\n<p class="gatha3">Dānaṃ yasassī bhesajjaṃ,</p>\r\n<p class="gathalast">Maccheraṃ kapaṇosadhaṃ.</p>\r\n<p class="hangnum"><a name="para132"></a><span class="paranum">132</span>.</p>\r\n<p class="gatha1"> Bahūnamappasārānaṃ,</p>\r\n<p class="gatha2">Sāmaggiyā jayaṃ jaye;</p>\r\n<p class="gatha3">Tiṇehi vattate yottaṃ,</p>\r\n<p class="gathalast">Tena nāgopi bajjhate.</p>\r\n<p class="hangnum"><a name="para133"></a><span class="paranum">133</span>.</p>\r\n<p class="gatha1"> Sahāyo asamatthopi,</p>\r\n<p class="gatha2">Tejasā kiṃkarissati;</p>','\r',char(13)),'\n',char(10)),'-129-130-131-132-133-');
INSERT INTO pages (bookid, page, content, paranum) VALUES('annya_niti_gantha_sangaho_e1005n',29,replace(replace('<p class="gatha3">Nivāte <a name="M0.0029"></a> jalito aggi,</p>\r\n<p class="gathalast">Sayame vūpasampati.</p>\r\n<p class="hangnum"><a name="para134"></a><span class="paranum">134</span>.</p>\r\n<p class="gatha1"> Na raññā samakaṃ bhuñje,</p>\r\n<p class="gatha2">Kāmabhogaṃ kudācanaṃ;</p>\r\n<p class="gatha3">Ākappaṃ rasa bhuttiṃvā,</p>\r\n<p class="gatha2">Mālā gandha vilepanaṃ;</p>\r\n<p class="gatha3">Vatthaṃ sabbaalaṅkāraṃ,</p>\r\n<p class="gathalast">Na raññā sadisaṃ kare.</p>\r\n<p class="hangnum"><a name="para135"></a><span class="paranum">135</span>.</p>\r\n<p class="gatha1"> Na me rājā sakhā hoti,</p>\r\n<p class="gatha2">Na rājā hoti methuno;</p>\r\n<p class="gatha3">Eso sāmiko mayhanti,</p>\r\n<p class="gathalast">Citte niṭṭhaṃ suthāpaye.</p>\r\n<p class="hangnum"><a name="para136"></a><span class="paranum">136</span>.</p>\r\n<p class="gatha1"> Nātidūre bhaje rañño,</p>\r\n<p class="gatha2">Nāccāsannopavātake;</p>\r\n<p class="gatha3">Ujuke nātininne ca,</p>\r\n<p class="gatha2">Na bhaje uccamāsane.</p>\r\n<p class="gatha3">Chadose vajje sevako,</p>\r\n<p class="gathalast">Tiṭṭhe aggiṃva saṃyato.</p>\r\n<p class="hangnum"><a name="para137"></a><span class="paranum">137</span>.</p>\r\n<p class="gatha1"> Guṇī sabbaññu tulyopi,</p>\r\n<p class="gatha2">Nasobhati anissayo;</p>','\r',char(13)),'\n',char(10)),'-134-135-136-137-');
INSERT INTO pages (bookid, page, content, paranum) VALUES('annya_niti_gantha_sangaho_e1005n',30,replace(replace('<p class="gatha3">Anagghamopi <a name="M0.0030"></a> maṇiseṭṭho,</p>\r\n<p class="gathalast">Hemaṃ nissāya sobhati.</p>\r\n<p class="centered">Rājakaṇḍo niṭṭhito.</p>\r\n<p class="chapter">7. Pakiṇṇakakaṇḍo</p>\r\n<p class="hangnum"><a name="para138"></a><span class="paranum">138</span>.</p>\r\n<p class="gatha1"> Itthimisse kutosīlaṃ,</p>\r\n<p class="gatha2">Maṃsa bhakkhe kutodayā;</p>\r\n<p class="gatha3">Surā pāne kutosaccaṃ,</p>\r\n<p class="gatha2">Mahālobhe kutohirī;</p>\r\n<p class="gatha3">Mahātande kutosippaṃ,</p>\r\n<p class="gathalast">Mahā kodhe kutodhanaṃ.</p>\r\n<p class="hangnum"><a name="para139"></a><span class="paranum">139</span>.</p>\r\n<p class="gatha1"> Surā yogo vikālo ca,</p>\r\n<p class="gatha2">Samajja caraṇālasaṃ;</p>\r\n<p class="gatha3">Khiḍḍādhutto pāpamitto,</p>\r\n<p class="gathalast">Bhoganāsamukhā ime.</p>\r\n<p class="hangnum"><a name="para140"></a><span class="paranum">140</span>.</p>\r\n<p class="gatha1"> Divā nādikkhā vattabbaṃ,</p>\r\n<p class="gatha2">Ratto nāvacanena ca;</p>\r\n<p class="gatha3">Sañcareyya bhayā bhīto,</p>\r\n<p class="gathalast">Vane vanacarī yathā.</p>\r\n<p class="hangnum"><a name="para141"></a><span class="paranum">141</span>.</p>\r\n<p class="gatha1"> Jīvantāpi matāpañca,</p>\r\n<p class="gatha2">Byāsena parikittitā;</p>','\r',char(13)),'\n',char(10)),'-138-139-140-141-');
INSERT INTO pages (bookid, page, content, paranum) VALUES('annya_niti_gantha_sangaho_e1005n',31,replace(replace('<p class="gatha3">Dukkhito <a name="M0.0031"></a> byādhitomūḷho,</p>\r\n<p class="gathalast">Iṇavā nityasevako.</p>\r\n<p class="hangnum"><a name="para142"></a><span class="paranum">142</span>.</p>\r\n<p class="gatha1"> Anāgataṃ bhayaṃ disvā,</p>\r\n<p class="gatha2">Dūrato parivajjaye;</p>\r\n<p class="gatha3">Āgatañca bhayaṃ disvā,</p>\r\n<p class="gathalast">A bhīto hoti paṇḍito.</p>\r\n<p class="hangnum"><a name="para143"></a><span class="paranum">143</span>.</p>\r\n<p class="gatha1"> Niddāluko pamattoca,</p>\r\n<p class="gatha2">Sukhatto rogavālaso;</p>\r\n<p class="gatha3">Mahiccho kammārāmoca,</p>\r\n<p class="gathalast">Satte te satthavajjitā.</p>\r\n<p class="hangnum"><a name="para144"></a><span class="paranum">144</span>.</p>\r\n<p class="gatha1"> Duggataṃ gaccha he lābha,</p>\r\n<p class="gatha2">Lābhī lābhena pūrati;</p>\r\n<p class="gatha3">Thale pavassa pajjunna,</p>\r\n<p class="gatha2">Sindhu āpena pūrati;</p>\r\n<p class="gathalast">Natthidaṃ kammappadhānakaṃ.</p>\r\n<p class="hangnum"><a name="para145"></a><span class="paranum">145</span>.</p>\r\n<p class="gatha1"> Na hi koci kate kicce,</p>\r\n<p class="gatha2">Kattāraṃ samupekkhate;</p>\r\n<p class="gatha3">Tasmā sabbāni kiccāni,</p>\r\n<p class="gathalast">Sāva sesena kāraye.</p>\r\n<p class="hangnum"><a name="para146"></a><span class="paranum">146</span>.</p>\r\n<p class="gatha1"> Tūlaṃ sallahukaṃ loke,</p>\r\n<p class="gatha2">Tato cāpalla-jātiko;</p>','\r',char(13)),'\n',char(10)),'-142-143-144-145-146-');
INSERT INTO pages (bookid, page, content, paranum) VALUES('annya_niti_gantha_sangaho_e1005n',32,replace(replace('<p class="gatha3">Tato <a name="M0.0032"></a> vuḍḍha manovādo,</p>\r\n<p class="gathalast">Pamatto buddhasāsane.</p>\r\n<p class="hangnum"><a name="para147"></a><span class="paranum">147</span>.</p>\r\n<p class="gatha1"> Pāsāṇachattaṃ garukaṃ,</p>\r\n<p class="gatha2">Tato devānacikkhaṇaṃ;</p>\r\n<p class="gatha3">Tato vuḍḍhānamovādo,</p>\r\n<p class="gathalast">Tato buddhassa sāsanaṃ.</p>\r\n<p class="hangnum"><a name="para148"></a><span class="paranum">148</span>.</p>\r\n<p class="gatha1"> Kāyassa dakkhiṇa hattho,</p>\r\n<p class="gatha2">Doso ettha kaniṭṭhako;</p>\r\n<p class="gatha3">Kaṇṇa ghānāna-makkhīnaṃ,</p>\r\n<p class="gathalast">Vāmo tu pāda-pāsako.</p>\r\n<p class="hangnum"><a name="para149"></a><span class="paranum">149</span>.</p>\r\n<p class="gatha1"> Tambūlassa majjha patte,</p>\r\n<p class="gatha2">Kuvero rakkhatī sadā;</p>\r\n<p class="gatha3">Mūlamhi rakkhati yakkho,</p>\r\n<p class="gatha2">Aggamhi kālakaṇṇikā;</p>\r\n<p class="gatha3">Tāni bhuñjeyya chinditvā,</p>\r\n<p class="gathalast">Sirī evaṃ pavaḍḍhati.</p>\r\n<p class="hangnum"><a name="para150"></a><span class="paranum">150</span>.</p>\r\n<p class="gatha1"> Sampuṇṇarakkho brahmāva,</p>\r\n<p class="gatha2">Accurakkho ca bissaṇo;</p>\r\n<p class="gatha3">Tasmā hi te pūjayantu,</p>\r\n<p class="gathalast">Sadā mānenti taṃ naraṃ.</p>\r\n<p class="hangnum"><a name="para151"></a><span class="paranum">151</span>.</p>\r\n<p class="gatha1"> </p>','\r',char(13)),'\n',char(10)),'-147-148-149-150-151-');
INSERT INTO pages (bookid, page, content, paranum) VALUES('annya_niti_gantha_sangaho_e1005n',33,replace(replace('<p class="gatha1">Goṇā <a name="M0.0033"></a> hi sabbagihīnaṃ,</p>\r\n<p class="gatha2">Posakā bhogadāyakā;</p>\r\n<p class="gatha3">Tasmā hi mātā pitūva,</p>\r\n<p class="gathalast">Mānaye sakkareyya ca.</p>\r\n<p class="hangnum"><a name="para152"></a><span class="paranum">152</span>.</p>\r\n<p class="gatha1"> Yeca khādanti gomaṃsaṃ,</p>\r\n<p class="gatha2">Mātu maṃsaṃva khādare;</p>\r\n<p class="gatha3">Matesu tesu gijjhānaṃ,</p>\r\n<p class="gathalast">Dade sote ca vāhaye.</p>\r\n<p class="hangnum"><a name="para153"></a><span class="paranum">153</span>.</p>\r\n<p class="gatha1"> Gurusiddho sippārambho,</p>\r\n<p class="gatha2">Ravi sokrā ca majjhimo;</p>\r\n<p class="gatha3">Na sippo buddhacandaro,</p>\r\n<p class="gathalast">Sorī aṅgāca maraṇaṃ.</p>\r\n<p class="hangnum"><a name="para154"></a><span class="paranum">154</span>.</p>\r\n<p class="gatha1"> Aṭṭhamiyaṃ guruṃ hanti,</p>\r\n<p class="gatha2">Sissaṃ hanti catuddasiṃ;</p>\r\n<p class="gatha3">Sippaṃ hanti dasa sippaṃ,</p>\r\n<p class="gathalast">Mātāpitā ca puṇṇamiṃ.</p>\r\n<p class="hangnum"><a name="para155"></a><span class="paranum">155</span>.</p>\r\n<p class="gatha1"> Nāḷikaṃ satta nabhuñje,</p>\r\n<p class="gatha2">Na lābuṃ navamaṃ tathā;</p>\r\n<p class="gatha3">Dvādasa prinnaṃtriminaṃ,</p>\r\n<p class="gathalast">Bhuñje sippaṃ vinassati.</p>\r\n<p class="hangnum"><a name="para156"></a><span class="paranum">156</span>.</p>\r\n<p class="gatha1"> </p>','\r',char(13)),'\n',char(10)),'-152-153-154-155-156-');
INSERT INTO pages (bookid, page, content, paranum) VALUES('annya_niti_gantha_sangaho_e1005n',34,replace(replace('<p class="gatha1">Ekaṃ <a name="M0.0034"></a> caje kulaatthaṃ,</p>\r\n<p class="gatha2">Gāmassatthaṃ kuvaṃ caje;</p>\r\n<p class="gatha3">Gāma caje janapadatthaṃ,</p>\r\n<p class="gathalast">Attatthaṃ pathaviṃ caje.</p>\r\n<p class="hangnum"><a name="para157"></a><span class="paranum">157</span>.</p>\r\n<p class="gatha1"> Desaṃ ossajja gacchanti,</p>\r\n<p class="gatha2">Sīho sappuriso gajo;</p>\r\n<p class="gatha3">Tattheva nidhanaṃ yanti,</p>\r\n<p class="gathalast">Kāko kāpuriso migo.</p>\r\n<p class="hangnum"><a name="para158"></a><span class="paranum">158</span>.</p>\r\n<p class="gatha1"> Yamhi padese na māno,</p>\r\n<p class="gatha2">Na pemaṃ na ca bandhavā;</p>\r\n<p class="gatha3">Na ca vijjāgāho koci,</p>\r\n<p class="gathalast">Na tattha vasanaṃ kare.</p>\r\n<p class="hangnum"><a name="para159"></a><span class="paranum">159</span>.</p>\r\n<p class="gatha1"> Caratyekena pādena,</p>\r\n<p class="gatha2">Tiṭṭhatyekena paṇḍito;</p>\r\n<p class="gatha3">A nisamma paraṃ ṭhānaṃ,</p>\r\n<p class="gathalast">Na pubbamālayaṃ jahe.</p>\r\n<p class="hangnum"><a name="para160"></a><span class="paranum">160</span>.</p>\r\n<p class="gatha1"> Dhana dhañña payogesu,</p>\r\n<p class="gatha2">Tathā vijjāgamesu ca;</p>\r\n<p class="gatha3">Dūtesu apacāresu,</p>\r\n<p class="gathalast">Cajjā lajjā tadā bhave.</p>\r\n<p class="hangnum"><a name="para161"></a><span class="paranum">161</span>.</p>\r\n<p class="gatha1"> </p>','\r',char(13)),'\n',char(10)),'-157-158-159-160-161-');
INSERT INTO pages (bookid, page, content, paranum) VALUES('annya_niti_gantha_sangaho_e1005n',35,replace(replace('<p class="gatha1">Dvi <a name="M0.0035"></a> guṇo thīnamāhāro,</p>\r\n<p class="gatha2">Buddhicāpi catugguṇo;</p>\r\n<p class="gatha3">Chagguṇo hoti vāyāmo,</p>\r\n<p class="gathalast">Kāmotvaṭṭha-guṇo bhave.</p>\r\n<p class="hangnum"><a name="para162"></a><span class="paranum">162</span>.</p>\r\n<p class="gatha1"> Pabbe pabbe kamenucchu,</p>\r\n<p class="gatha2">Visesarasavāggato;</p>\r\n<p class="gatha3">Tathā sumettiko sādhu,</p>\r\n<p class="gathalast">Viparītova dujjano.</p>\r\n<p class="hangnum"><a name="para163"></a><span class="paranum">163</span>.</p>\r\n<p class="gatha1"> Kassako vāṇijo macco,</p>\r\n<p class="gatha2">Samaṇo suta sīlavā;</p>\r\n<p class="gatha3">Tesu vipula jātesu,</p>\r\n<p class="gathalast">Raṭṭhampi vipulaṃ siyā.</p>\r\n<p class="hangnum"><a name="para164"></a><span class="paranum">164</span>.</p>\r\n<p class="gatha1"> Asajjhāya malā mantā,</p>\r\n<p class="gatha2">Anuṭṭhāna malā gharā;</p>\r\n<p class="gatha3">Malaṃ vaṇṇassa kosajjaṃ,</p>\r\n<p class="gathalast">Pamādo rakkhato malaṃ.</p>\r\n<p class="hangnum"><a name="para165"></a><span class="paranum">165</span>.</p>\r\n<p class="gatha1"> Hīnānaṃ gacchate vittaṃ,</p>\r\n<p class="gatha2">Vīrānaṃ santakattanaṃ;</p>\r\n<p class="gatha3">Vadanti ca hīnā janā,</p>\r\n<p class="gathalast">Pubba-kammappadhānakā.</p>\r\n<p class="hangnum"><a name="para166"></a><span class="paranum">166</span>.</p>\r\n<p class="gatha1"> </p>','\r',char(13)),'\n',char(10)),'-162-163-164-165-166-');
INSERT INTO pages (bookid, page, content, paranum) VALUES('annya_niti_gantha_sangaho_e1005n',36,replace(replace('<p class="gatha1">Na <a name="M0.0036"></a> vadanti cevaṃdhīrā,</p>\r\n<p class="gatha2">Vāyamiṃsu sabbakamme;</p>\r\n<p class="gatha3">Na ce sijjhati taṃ kammaṃ,</p>\r\n<p class="gathalast">A-phalaṃ eva ko doso.</p>\r\n<p class="hangnum"><a name="para167"></a><span class="paranum">167</span>.</p>\r\n<p class="gatha1"> Nīcaṃ kulaṃ nipaññaṃ vā,</p>\r\n<p class="gatha2">Nirūpaṃ nibalaṃ samaṃ;</p>\r\n<p class="gatha3">Imaṃ kālaṃ chuttakālaṃ,</p>\r\n<p class="gathalast">Dhanameva visesakaṃ.</p>\r\n<p class="centered">Pakiṇṇakakaṇḍo niṭṭhito.</p>\r\n<p class="gatha1">Paṇḍito sujano kaṇḍo,</p>\r\n<p class="gatha2">Dujjano mitta-itthi ca;</p>\r\n<p class="gatha3">Rājā pakiṇṇako cāti,</p>\r\n<p class="gathalast">Satta-kaṇḍa-vibhūsitaṃ.</p>\r\n<p class="gatha1">Visuddhā cāra-therena,</p>\r\n<p class="gatha2">Visuddhārāma-vāsinā;</p>\r\n<p class="gatha3">Sabba-kulānamatthāya,</p>\r\n<p class="gathalast">Visodhitaṃ pathakkhaye.</p>','\r',char(13)),'\n',char(10)),'-167-');
DELETE FROM books where id='annya_niti_gantha_sangaho_e1006n';
INSERT INTO books VALUES('annya_niti_gantha_sangaho_e1006n','annya','annya_niti_gantha_sangaho','Suttantanīti',1,167,51);
DELETE FROM tocs where book_id='annya_niti_gantha_sangaho_e1006n';
INSERT INTO tocs VALUES('annya_niti_gantha_sangaho_e1006n','Suttantanīti','chapter',1);
INSERT INTO tocs VALUES('annya_niti_gantha_sangaho_e1006n','Vasalasutta','chapter',82);
DELETE FROM paragraphs where book_id='annya_niti_gantha_sangaho_e1006n';
INSERT INTO paragraphs VALUES('annya_niti_gantha_sangaho_e1006n',1,1);
INSERT INTO paragraphs VALUES('annya_niti_gantha_sangaho_e1006n',2,3);
INSERT INTO paragraphs VALUES('annya_niti_gantha_sangaho_e1006n',3,4);
INSERT INTO paragraphs VALUES('annya_niti_gantha_sangaho_e1006n',4,8);
INSERT INTO paragraphs VALUES('annya_niti_gantha_sangaho_e1006n',5,12);
INSERT INTO paragraphs VALUES('annya_niti_gantha_sangaho_e1006n',6,13);
INSERT INTO paragraphs VALUES('annya_niti_gantha_sangaho_e1006n',7,25);
INSERT INTO paragraphs VALUES('annya_niti_gantha_sangaho_e1006n',8,30);
INSERT INTO paragraphs VALUES('annya_niti_gantha_sangaho_e1006n',9,33);
INSERT INTO paragraphs VALUES('annya_niti_gantha_sangaho_e1006n',10,36);
INSERT INTO paragraphs VALUES('annya_niti_gantha_sangaho_e1006n',11,47);
INSERT INTO paragraphs VALUES('annya_niti_gantha_sangaho_e1006n',12,63);
INSERT INTO paragraphs VALUES('annya_niti_gantha_sangaho_e1006n',13,70);
INSERT INTO paragraphs VALUES('annya_niti_gantha_sangaho_e1006n',14,75);
INSERT INTO paragraphs VALUES('annya_niti_gantha_sangaho_e1006n',15,81);
INSERT INTO paragraphs VALUES('annya_niti_gantha_sangaho_e1006n',1,82);
INSERT INTO paragraphs VALUES('annya_niti_gantha_sangaho_e1006n',2,87);
INSERT INTO paragraphs VALUES('annya_niti_gantha_sangaho_e1006n',3,89);
INSERT INTO paragraphs VALUES('annya_niti_gantha_sangaho_e1006n',4,91);
INSERT INTO paragraphs VALUES('annya_niti_gantha_sangaho_e1006n',5,92);
INSERT INTO paragraphs VALUES('annya_niti_gantha_sangaho_e1006n',6,94);
INSERT INTO paragraphs VALUES('annya_niti_gantha_sangaho_e1006n',7,94);
INSERT INTO paragraphs VALUES('annya_niti_gantha_sangaho_e1006n',8,98);
INSERT INTO paragraphs VALUES('annya_niti_gantha_sangaho_e1006n',9,102);
INSERT INTO paragraphs VALUES('annya_niti_gantha_sangaho_e1006n',10,10);
INSERT INTO paragraphs VALUES('annya_niti_gantha_sangaho_e1006n',11,105);
INSERT INTO paragraphs VALUES('annya_niti_gantha_sangaho_e1006n',12,107);
INSERT INTO paragraphs VALUES('annya_niti_gantha_sangaho_e1006n',13,111);
INSERT INTO paragraphs VALUES('annya_niti_gantha_sangaho_e1006n',14,114);
INSERT INTO paragraphs VALUES('annya_niti_gantha_sangaho_e1006n',15,117);
INSERT INTO paragraphs VALUES('annya_niti_gantha_sangaho_e1006n',16,117);
INSERT INTO paragraphs VALUES('annya_niti_gantha_sangaho_e1006n',17,120);
INSERT INTO paragraphs VALUES('annya_niti_gantha_sangaho_e1006n',18,122);
INSERT INTO paragraphs VALUES('annya_niti_gantha_sangaho_e1006n',19,124);
INSERT INTO paragraphs VALUES('annya_niti_gantha_sangaho_e1006n',20,129);
INSERT INTO paragraphs VALUES('annya_niti_gantha_sangaho_e1006n',21,132);
INSERT INTO paragraphs VALUES('annya_niti_gantha_sangaho_e1006n',22,135);
INSERT INTO paragraphs VALUES('annya_niti_gantha_sangaho_e1006n',23,135);
INSERT INTO paragraphs VALUES('annya_niti_gantha_sangaho_e1006n',24,136);
INSERT INTO paragraphs VALUES('annya_niti_gantha_sangaho_e1006n',25,137);
DELETE FROM pages where bookid='annya_niti_gantha_sangaho_e1006n';
INSERT INTO pages (bookid, page, content, paranum) VALUES('annya_niti_gantha_sangaho_e1006n',1,replace(replace('<p class="centered"> Namo tassa bhagavato arahato sammāsambuddhassa</p>\r\n<p class="chapter">Suttantanīti</p>\r\n<p class="hangnum"><a name="para1"></a><span class="paranum">1</span>.</p>\r\n<p class="gatha1"> </p>','\r',char(13)),'\n',char(10)),'-1-');
INSERT INTO pages (bookid, page, content, paranum) VALUES('annya_niti_gantha_sangaho_e1006n',3,replace(replace('<p class="gatha1">Parā <a name="M0.0003"></a> bhavantaṃ purisaṃ,</p>\r\n<p class="gatha2">Mayaṃ pucchāma gotamaṃ;</p>\r\n<p class="gatha3">Bhavantaṃ puṭṭhu māgamma,</p>\r\n<p class="gathalast">Kiṃ parābhavato mukhaṃ.</p>\r\n<p class="hangnum"><a name="para2"></a><span class="paranum">2</span>.</p>\r\n<p class="gatha1"> </p>','\r',char(13)),'\n',char(10)),'-2-');
INSERT INTO pages (bookid, page, content, paranum) VALUES('annya_niti_gantha_sangaho_e1006n',4,replace(replace('<p class="gatha1">Suvijāno <a name="M0.0004"></a> bhavaṃhoti,</p>\r\n<p class="gatha2">Duvijāno parābhavo;</p>\r\n<p class="gatha3">Dhammakāmo bhavaṃ hoti,</p>\r\n<p class="gathalast">Dhammadessī parābhavo.</p>\r\n<p class="hangnum"><a name="para3"></a><span class="paranum">3</span>.</p>\r\n<p class="gatha1"> </p>','\r',char(13)),'\n',char(10)),'-3-');
INSERT INTO pages (bookid, page, content, paranum) VALUES('annya_niti_gantha_sangaho_e1006n',8,replace(replace('<p class="gatha1">Itihe <a name="M0.0008"></a> taṃ vijānāma,</p>\r\n<p class="gatha2">Pathamo so parābhavo;</p>\r\n<p class="gatha3">Dutīyaṃ bhagavā brūhi,</p>\r\n<p class="gathalast">Kiṃ parābhavato mukhaṃ.</p>\r\n<p class="hangnum"><a name="para4"></a><span class="paranum">4</span>.</p>\r\n<p class="gatha1"> </p>','\r',char(13)),'\n',char(10)),'-4-');
INSERT INTO pages (bookid, page, content, paranum) VALUES('annya_niti_gantha_sangaho_e1006n',9,replace(replace('<p class="gatha1">Asantassa <a name="M0.0009"></a> piyo hoti,</p>\r\n<p class="gatha2">Sante na kurute piyaṃ;</p>\r\n<p class="gatha3">Asataṃ dhammaṃ roceti,</p>\r\n<p class="gathalast">Taṃ parābhavato mukhaṃ.</p>','\r',char(13)),'\n',char(10)),'');
INSERT INTO pages (bookid, page, content, paranum) VALUES('annya_niti_gantha_sangaho_e1006n',12,replace(replace('<p class="gatha1">Kammāparādhasattānaṃ<a name="M0.0012"></a>,</p>\r\n<p class="gatha2">Vināse paccupaṭṭhite;</p>\r\n<p class="gatha3">Anayo nayarūpena,</p>\r\n<p class="gathalast">Buddhimākamya tiṭṭhati.</p>\r\n<p class="hangnum"><a name="para5"></a><span class="paranum">5</span>.</p>\r\n<p class="gatha1"> </p>','\r',char(13)),'\n',char(10)),'-5-');
INSERT INTO pages (bookid, page, content, paranum) VALUES('annya_niti_gantha_sangaho_e1006n',13,replace(replace('<p class="gatha1">Niddāsīlī <a name="M0.0013"></a> sabhāsīlī,</p>\r\n<p class="gatha2">Anuṭṭhātā ca yo naro;</p>\r\n<p class="gatha3">Alaso kodhapaññāṇo,</p>\r\n<p class="gathalast">Taṃ parābhavato mukhaṃ.</p>\r\n<p class="hangnum"><a name="para6"></a><span class="paranum">6</span>.</p>\r\n<p class="gatha1"> </p>','\r',char(13)),'\n',char(10)),'-6-');
INSERT INTO pages (bookid, page, content, paranum) VALUES('annya_niti_gantha_sangaho_e1006n',25,replace(replace('<p class="gatha1">Yo <a name="M0.0025"></a> mātaraṃ pitaraṃ vā,</p>\r\n<p class="gatha2">Jiṇṇakaṃ gatayobbanaṃ;</p>\r\n<p class="gatha3">Pahusanto na bharati,</p>\r\n<p class="gathalast">Taṃ parābhavato mukhaṃ.</p>\r\n<p class="hangnum"><a name="para7"></a><span class="paranum">7</span>.</p>\r\n<p class="gatha1"> </p>','\r',char(13)),'\n',char(10)),'-7-');
INSERT INTO pages (bookid, page, content, paranum) VALUES('annya_niti_gantha_sangaho_e1006n',30,replace(replace('<p class="gatha1">Yo <a name="M0.0030"></a> brāhmaṇaṃ samaṇaṃ vā,</p>\r\n<p class="gatha2">Aññaṃ vāpi vaṇibbakaṃ;</p>\r\n<p class="gatha3">Musāvādena vañceti,</p>\r\n<p class="gathalast">Taṃ parābhavato mukhaṃ.</p>\r\n<p class="hangnum"><a name="para8"></a><span class="paranum">8</span>.</p>\r\n<p class="gatha1"> </p>','\r',char(13)),'\n',char(10)),'-8-');
INSERT INTO pages (bookid, page, content, paranum) VALUES('annya_niti_gantha_sangaho_e1006n',33,replace(replace('<p class="gatha1">Pahutavitto <a name="M0.0033"></a> puriso,</p>\r\n<p class="gatha2">Sahirañño sabhojano;</p>\r\n<p class="gatha3">Eko bhuñjati sādūni,</p>\r\n<p class="gathalast">Taṃ parābhavato mukhaṃ.</p>\r\n<p class="hangnum"><a name="para9"></a><span class="paranum">9</span>.</p>\r\n<p class="gatha1"> </p>','\r',char(13)),'\n',char(10)),'-9-');
INSERT INTO pages (bookid, page, content, paranum) VALUES('annya_niti_gantha_sangaho_e1006n',36,replace(replace('<p class="gatha1">Jātithaddho <a name="M0.0036"></a> dhanathaddho,</p>\r\n<p class="gatha2">Gottathaddho ca yo naro;</p>\r\n<p class="gatha3">Sañātiṃ atimaññeti,</p>\r\n<p class="gathalast">Taṃ parābhavato mukhaṃ.</p>\r\n<p class="hangnum"><a name="para10"></a><span class="paranum">10</span>.</p>\r\n<p class="gatha1"> </p>','\r',char(13)),'\n',char(10)),'-10-');
INSERT INTO pages (bookid, page, content, paranum) VALUES('annya_niti_gantha_sangaho_e1006n',40,replace(replace('<p class="gatha1">Itthidhutto <a name="M0.0040"></a> surādhutto,</p>\r\n<p class="gatha2">Akkhadhutto ca yo naro;</p>\r\n<p class="gatha3">Laddhaṃladdhaṃ vināseti,</p>\r\n<p class="gathalast">Taṃ parābhavato mukhaṃ.</p>','\r',char(13)),'\n',char(10)),'');
INSERT INTO pages (bookid, page, content, paranum) VALUES('annya_niti_gantha_sangaho_e1006n',44,replace(replace('<p class="gatha1">Na <a name="M0.0044"></a> bāḷhaṃ itthiṃ gaccheyya,</p>\r\n<p class="gatha2">Sampassaṃ tejasaṅkhayaṃ;</p>\r\n<p class="gatha3">Kāsaṃ sāsaṃ daraṃ bālyaṃ,</p>\r\n<p class="gathalast">Khīṇamedo nigacchati.</p>\r\n<p class="bodytext">(Ka)</p>','\r',char(13)),'\n',char(10)),'');
INSERT INTO pages (bookid, page, content, paranum) VALUES('annya_niti_gantha_sangaho_e1006n',45,replace(replace('<p class="gatha1">Māyācetā <a name="M0.0045"></a> marīcī ca,</p>\r\n<p class="gatha2">Soko rogo upaddavo;</p>\r\n<p class="gatha3">Kharā ca bandhanācetā,</p>\r\n<p class="gathalast">Maccupāso guhāsayo.</p>\r\n<p class="bodytext">(Kha)</p>\r\n<p class="gatha1">Balavanto dubbalā honti,</p>\r\n<p class="gatha2">Thāmavantopi hāyare;</p>\r\n<p class="gatha3">Cakkhumā andhakā honti,</p>\r\n<p class="gathalast">Mātugāmavasaṃgatā.</p>\r\n<p class="bodytext">(Ga)</p>','\r',char(13)),'\n',char(10)),'');
INSERT INTO pages (bookid, page, content, paranum) VALUES('annya_niti_gantha_sangaho_e1006n',46,replace(replace('<p class="gatha1">Guṇavanto <a name="M0.0046"></a> nigguṇā honti,</p>\r\n<p class="gatha2">Paññavantopi hāyare;</p>\r\n<p class="gatha3">Pamuttā bandhanā senti,</p>\r\n<p class="gathalast">Mātugāmavasaṃgatā.</p>\r\n<p class="bodytext">(Gha)</p>','\r',char(13)),'\n',char(10)),'');
INSERT INTO pages (bookid, page, content, paranum) VALUES('annya_niti_gantha_sangaho_e1006n',47,replace(replace('<p class="gatha1">Yasaṃ <a name="M0.0047"></a> kittiṃ dhitiṃ sūraṃ;</p>\r\n<p class="gatha2">Bāhussaccaṃ pajānanaṃ;</p>\r\n<p class="gatha3">Hāpayanti pamattassa;</p>\r\n<p class="gathalast">Kaṭṭhapuñcaṃva pāvako.</p>\r\n<p class="hangnum"><a name="para11"></a><span class="paranum">11</span>.</p>\r\n<p class="gatha1"> </p>','\r',char(13)),'\n',char(10)),'-11-');
INSERT INTO pages (bookid, page, content, paranum) VALUES('annya_niti_gantha_sangaho_e1006n',51,replace(replace('<p class="gatha1">Sehi <a name="M0.0051"></a> dārehi santuṭṭho,</p>\r\n<p class="gatha2">Vesiyāsu padussati;</p>\r\n<p class="gatha3">Dussati paradāresu,</p>\r\n<p class="gathalast">Taṃ parābhavato mukhaṃ.</p>\r\n<p class="bodytext">(Ka)</p>','\r',char(13)),'\n',char(10)),'');
INSERT INTO pages (bookid, page, content, paranum) VALUES('annya_niti_gantha_sangaho_e1006n',60,replace(replace('<p class="gatha1">Mayañca <a name="M0.0060"></a> bhariyaṃ nātikkamāma,</p>\r\n<p class="gatha2">Amheca bhariyā nātikkamanti;</p>\r\n<p class="gatha3">Aññatra tāhi brahmacariyaṃ carāma,</p>\r\n<p class="gathalast">Tasmā hi amhaṃ daharā na miyyare.</p>\r\n<p class="bodytext">(Kha)</p>','\r',char(13)),'\n',char(10)),'');
INSERT INTO pages (bookid, page, content, paranum) VALUES('annya_niti_gantha_sangaho_e1006n',63,replace(replace('<p class="gatha1">Etāsu <a name="M0.0063"></a> jāyare suttamāsu,</p>\r\n<p class="gatha2">Medhāvino honti pahutapaññā;</p>\r\n<p class="gatha3">Bahussutā theraguṇā ca honti,</p>\r\n<p class="gathalast">Tasmā hi amhaṃ daharā na miyyare.</p>\r\n<p class="hangnum"><a name="para12"></a><span class="paranum">12</span>.</p>\r\n<p class="gatha1"> </p>','\r',char(13)),'\n',char(10)),'-12-');
INSERT INTO pages (bookid, page, content, paranum) VALUES('annya_niti_gantha_sangaho_e1006n',65,replace(replace('<p class="gatha1">Atītayobbano <a name="M0.0065"></a> poso,</p>\r\n<p class="gatha2">Āneti timbarutthaniṃ;</p>\r\n<p class="gatha3">Tassa issā na supati,</p>\r\n<p class="gathalast">Taṃ parābhavato mukhaṃ.</p>\r\n<p class="bodytext">(Ka)</p>','\r',char(13)),'\n',char(10)),'');
INSERT INTO pages (bookid, page, content, paranum) VALUES('annya_niti_gantha_sangaho_e1006n',69,replace(replace('<p class="gatha1">Na <a name="M0.0069"></a> dukkhaṃ ahinā daṭṭhaṃ,</p>\r\n<p class="gatha2">Na dukkhaṃ sattiyā hataṃ;</p>\r\n<p class="gatha3">Tañca dukkhañca tibbañca,</p>\r\n<p class="gathalast">Yaṃ passe jiṇṇakaṃ patiṃ.</p>\r\n<p class="bodytext">(Kha)</p>','\r',char(13)),'\n',char(10)),'');
INSERT INTO pages (bookid, page, content, paranum) VALUES('annya_niti_gantha_sangaho_e1006n',70,replace(replace('<p class="gatha1">Natthi <a name="M0.0070"></a> khiṭṭā natthi rati,</p>\r\n<p class="gatha2">Jiṇṇena patinā saha;</p>\r\n<p class="gatha3">Natthi allāpasallāpo,</p>\r\n<p class="gathalast">Jagghituṃpi na sobhati.</p>\r\n<p class="bodytext">(Ga)</p>\r\n<p class="gatha1">Yadā ca daharo daharī,</p>\r\n<p class="gatha2">Mantayiṃsu rahogatā;</p>\r\n<p class="gatha3">Sabbe sokā vinassanti,</p>\r\n<p class="gathalast">Yekeci hadayassitā.</p>\r\n<p class="hangnum"><a name="para13"></a><span class="paranum">13</span>.</p>\r\n<p class="gatha1"> </p>','\r',char(13)),'\n',char(10)),'-13-');
INSERT INTO pages (bookid, page, content, paranum) VALUES('annya_niti_gantha_sangaho_e1006n',75,replace(replace('<p class="gatha1">Itthiṃ <a name="M0.0075"></a> soṇḍiṃ vikiraṇiṃ,</p>\r\n<p class="gatha2">Purisaṃ vāpi tādisaṃ;</p>\r\n<p class="gatha3">Issariyasmiṃ thapeti,</p>\r\n<p class="gathalast">Taṃ parābhavato mukhaṃ.</p>\r\n<p class="hangnum"><a name="para14"></a><span class="paranum">14</span>.</p>\r\n<p class="gatha1"> </p>','\r',char(13)),'\n',char(10)),'-14-');
INSERT INTO pages (bookid, page, content, paranum) VALUES('annya_niti_gantha_sangaho_e1006n',76,replace(replace('<p class="gatha1">Appabhogo <a name="M0.0076"></a> mahātaṇho,</p>\r\n<p class="gatha2">Khattiye jāyate kule;</p>\r\n<p class="gatha3">So ca rajjaṃ patthayati,</p>\r\n<p class="gathalast">Taṃ parābhavato mukhaṃ.</p>','\r',char(13)),'\n',char(10)),'');
INSERT INTO pages (bookid, page, content, paranum) VALUES('annya_niti_gantha_sangaho_e1006n',81,replace(replace('<p class="gatha1">‘‘Suvijāno <a name="M0.0081"></a> bhavaṃhoti,</p>\r\n<p class="gatha2">Duvijāno parābhavo’’;</p>\r\n<p class="gathalast">Appabhogo mahātaṇho.</p>\r\n<p class="hangnum"><a name="para15"></a><span class="paranum">15</span>.</p>\r\n<p class="gatha1"> </p>','\r',char(13)),'\n',char(10)),'-15-');
INSERT INTO pages (bookid, page, content, paranum) VALUES('annya_niti_gantha_sangaho_e1006n',82,replace(replace('<p class="gatha1">Ete <a name="M0.0082"></a> parābhave loke,</p>\r\n<p class="gatha2">Paṇḍito samavekkhiya;</p>\r\n<p class="gatha3">Ariyo dassanasampanno,</p>\r\n<p class="gathalast">Sa lokaṃ bhajate sivaṃ.</p>\r\n<p class="chapter">Vasalasutta</p>\r\n<p class="hangnum"><a name="para1"></a><span class="paranum">1</span>.</p>\r\n<p class="gatha1"> </p>','\r',char(13)),'\n',char(10)),'-1-');
INSERT INTO pages (bookid, page, content, paranum) VALUES('annya_niti_gantha_sangaho_e1006n',87,replace(replace('<p class="gatha1">Kodhano <a name="M0.0087"></a> upanāhīca,</p>\r\n<p class="gatha2">Pāpamakkhī ca yo naro;</p>\r\n<p class="gatha3">Vipannadiṭṭhī māyāvī,</p>\r\n<p class="gathalast">Taṃ jaññā vasalo iti.</p>\r\n<p class="hangnum"><a name="para2"></a><span class="paranum">2</span>.</p>\r\n<p class="gatha1"> </p>','\r',char(13)),'\n',char(10)),'-2-');
INSERT INTO pages (bookid, page, content, paranum) VALUES('annya_niti_gantha_sangaho_e1006n',89,replace(replace('<p class="gatha1">Ekajaṃ <a name="M0.0089"></a> vā dvijaṃ vāpi,</p>\r\n<p class="gatha2">Yodha pāṇaṃ vihiṃsati;</p>\r\n<p class="gatha3">Yassa pāṇe dayā natthi,</p>\r\n<p class="gathalast">Taṃ jaññā vasalo iti.</p>\r\n<p class="hangnum"><a name="para3"></a><span class="paranum">3</span>.</p>\r\n<p class="gatha1"> </p>','\r',char(13)),'\n',char(10)),'-3-');
INSERT INTO pages (bookid, page, content, paranum) VALUES('annya_niti_gantha_sangaho_e1006n',91,replace(replace('<p class="gatha1">Yo <a name="M0.0091"></a> hanti uparundhati,</p>\r\n<p class="gatha2">Gāmāni nigamāni ca;</p>\r\n<p class="gatha3">Niggāhako samaññāto,</p>\r\n<p class="gathalast">Taṃ jaññā vasalo iti.</p>\r\n<p class="hangnum"><a name="para4"></a><span class="paranum">4</span>.</p>\r\n<p class="gatha1"> </p>','\r',char(13)),'\n',char(10)),'-4-');
INSERT INTO pages (bookid, page, content, paranum) VALUES('annya_niti_gantha_sangaho_e1006n',92,replace(replace('<p class="gatha1">Gāme <a name="M0.0092"></a> vā yadi vā raññe,</p>\r\n<p class="gatha2">Yaṃ paresaṃ mamāyitaṃ;</p>\r\n<p class="gatha3">Theyyā adinnaṃ ādeti,</p>\r\n<p class="gathalast">Taṃ jaññā vasalo iti.</p>\r\n<p class="hangnum"><a name="para5"></a><span class="paranum">5</span>.</p>\r\n<p class="gatha1"> </p>','\r',char(13)),'\n',char(10)),'-5-');
INSERT INTO pages (bookid, page, content, paranum) VALUES('annya_niti_gantha_sangaho_e1006n',94,replace(replace('<p class="gatha1">Yo <a name="M0.0094"></a> have iṇamādāya,</p>\r\n<p class="gatha2">Vuccamāno palāyati;</p>\r\n<p class="gatha3">Na hi te iṇamatthīti,</p>\r\n<p class="gathalast">Taṃ jaññā vasalo iti.</p>\r\n<p class="hangnum"><a name="para6"></a><span class="paranum">6</span>.</p>\r\n<p class="gatha1"> Yodha kiñcikkhakamyatā,</p>\r\n<p class="gatha2">Pathasmiṃ vajataṃ janaṃ;</p>\r\n<p class="gatha3">Hantvā kiñcikkha mādeti;</p>\r\n<p class="gathalast">Taṃ jaññā vasalo iti.</p>\r\n<p class="hangnum"><a name="para7"></a><span class="paranum">7</span>.</p>\r\n<p class="gatha1"> </p>','\r',char(13)),'\n',char(10)),'-6-7-');
INSERT INTO pages (bookid, page, content, paranum) VALUES('annya_niti_gantha_sangaho_e1006n',98,replace(replace('<p class="gatha1">Yo <a name="M0.0098"></a> attahetu parahetu,</p>\r\n<p class="gatha2">Dhanahetu ca yo naro;</p>\r\n<p class="gatha3">Sakkhipuṭṭho musābrūti,</p>\r\n<p class="gathalast">Taṃ jaññā vasalo iti.</p>\r\n<p class="hangnum"><a name="para8"></a><span class="paranum">8</span>.</p>\r\n<p class="gatha1"> </p>','\r',char(13)),'\n',char(10)),'-8-');
INSERT INTO pages (bookid, page, content, paranum) VALUES('annya_niti_gantha_sangaho_e1006n',102,replace(replace('<p class="gatha1">Yo <a name="M0.0102"></a> ñātīnaṃ sakhīnaṃ vā,</p>\r\n<p class="gatha2">Dāresu paṭidissati;</p>\r\n<p class="gatha3">Sahasā sampiyena vā,</p>\r\n<p class="gathalast">Taṃ jaññā vasalo iti.</p>\r\n<p class="hangnum"><a name="para9"></a><span class="paranum">9</span>.</p>\r\n<p class="gatha1"> </p>','\r',char(13)),'\n',char(10)),'-9-');
INSERT INTO pages (bookid, page, content, paranum) VALUES('annya_niti_gantha_sangaho_e1006n',10,replace(replace('<p class="gatha1">Yo <a name="M0.0010"></a>4 mātaraṃ pitaraṃ vā,</p>\r\n<p class="gatha2">Jiṇṇakaṃ gatayobbanaṃ;</p>\r\n<p class="gatha3">Pahusanto na bharati,</p>\r\n<p class="gathalast">Taṃ jaññā vasalo iti.</p>\r\n<p class="hangnum"><a name="para10"></a><span class="paranum">10</span>.</p>\r\n<p class="gatha1"> </p>','\r',char(13)),'\n',char(10)),'-10-');
INSERT INTO pages (bookid, page, content, paranum) VALUES('annya_niti_gantha_sangaho_e1006n',105,replace(replace('<p class="gatha1">Yo <a name="M0.0105"></a> mātaraṃ pitaraṃ vā,</p>\r\n<p class="gatha2">Bhātaraṃ bhaginiṃ sassuṃ;</p>\r\n<p class="gatha3">Hanti roseti vācāya,</p>\r\n<p class="gathalast">Taṃ jaññā vasalo iti.</p>\r\n<p class="hangnum"><a name="para11"></a><span class="paranum">11</span>.</p>\r\n<p class="gatha1"> </p>','\r',char(13)),'\n',char(10)),'-11-');
INSERT INTO pages (bookid, page, content, paranum) VALUES('annya_niti_gantha_sangaho_e1006n',107,replace(replace('<p class="gatha1">Yo <a name="M0.0107"></a> atthaṃ pucchito santo,</p>\r\n<p class="gatha2">Anattha manusāsati;</p>\r\n<p class="gatha3">Paṭicchannena manteti,</p>\r\n<p class="gathalast">Taṃ jaññā vasalo iti.</p>\r\n<p class="hangnum"><a name="para12"></a><span class="paranum">12</span>.</p>\r\n<p class="gatha1"> </p>','\r',char(13)),'\n',char(10)),'-12-');
INSERT INTO pages (bookid, page, content, paranum) VALUES('annya_niti_gantha_sangaho_e1006n',111,replace(replace('<p class="gatha1">Yo <a name="M0.0111"></a> katvā pāpakaṃ kammaṃ,</p>\r\n<p class="gatha2">Māmaṃ jaññāti icchati;</p>\r\n<p class="gatha3">Yo paṭicchannakammanto,</p>\r\n<p class="gathalast">Taṃ jaññā vasalo iti.</p>\r\n<p class="hangnum"><a name="para13"></a><span class="paranum">13</span>.</p>\r\n<p class="gatha1"> </p>','\r',char(13)),'\n',char(10)),'-13-');
INSERT INTO pages (bookid, page, content, paranum) VALUES('annya_niti_gantha_sangaho_e1006n',114,replace(replace('<p class="gatha1">Yo <a name="M0.0114"></a> ve parakulaṃ gantvā,</p>\r\n<p class="gatha2">Bhutvāna sucibhojanaṃ;</p>\r\n<p class="gatha3">Āgataṃ nappaṭipūjeti,</p>\r\n<p class="gathalast">Taṃ jaññā vasalo iti.</p>\r\n<p class="hangnum"><a name="para14"></a><span class="paranum">14</span>.</p>\r\n<p class="gatha1"> </p>','\r',char(13)),'\n',char(10)),'-14-');
INSERT INTO pages (bookid, page, content, paranum) VALUES('annya_niti_gantha_sangaho_e1006n',117,replace(replace('<p class="gatha1">Yo <a name="M0.0117"></a> samaṇaṃ vā brāhmaṇaṃ,</p>\r\n<p class="gatha2">Aññaṃ vāpi vaṇibbakaṃ;</p>\r\n<p class="gatha3">Musāvādena vañceti,</p>\r\n<p class="gathalast">Taṃ jaññā vasalo iti.</p>\r\n<p class="hangnum"><a name="para15"></a><span class="paranum">15</span>.</p>\r\n<p class="gatha1"> Yo samaṇaṃ vā brāhmaṇaṃ,</p>\r\n<p class="gatha2">Bhattakāle upaṭṭhitaṃ;</p>\r\n<p class="gatha3">Roseti vā na ca deti,</p>\r\n<p class="gathalast">Taṃ jaññā vasalo iti.</p>\r\n<p class="hangnum"><a name="para16"></a><span class="paranum">16</span>.</p>\r\n<p class="gatha1"> </p>','\r',char(13)),'\n',char(10)),'-15-16-');
INSERT INTO pages (bookid, page, content, paranum) VALUES('annya_niti_gantha_sangaho_e1006n',120,replace(replace('<p class="gatha1">Asantaṃ <a name="M0.0120"></a> yodha pabrūti,</p>\r\n<p class="gatha2">Mohena paliguṇṭhito;</p>\r\n<p class="gatha3">Kiñcanaṃ nijigīsāno,</p>\r\n<p class="gathalast">Taṃ jaññā vasalo iti.</p>\r\n<p class="hangnum"><a name="para17"></a><span class="paranum">17</span>.</p>\r\n<p class="gatha1"> </p>','\r',char(13)),'\n',char(10)),'-17-');
INSERT INTO pages (bookid, page, content, paranum) VALUES('annya_niti_gantha_sangaho_e1006n',122,replace(replace('<p class="gatha1">Yocattānaṃ <a name="M0.0122"></a> samukkaṃse,</p>\r\n<p class="gatha2">Pareca mavajānāti;</p>\r\n<p class="gatha3">Nihīno sena mānena,</p>\r\n<p class="gathalast">Taṃ jaññā vasalo iti.</p>\r\n<p class="hangnum"><a name="para18"></a><span class="paranum">18</span>.</p>\r\n<p class="gatha1"> </p>','\r',char(13)),'\n',char(10)),'-18-');
INSERT INTO pages (bookid, page, content, paranum) VALUES('annya_niti_gantha_sangaho_e1006n',124,replace(replace('<p class="gatha1">Rosako <a name="M0.0124"></a> kadarīyo ca,</p>\r\n<p class="gatha2">Pāpiccho maccharī saṭho;</p>\r\n<p class="gatha3">Ahirīko anottappī,</p>\r\n<p class="gathalast">Taṃ jaññā vasalo iti.</p>\r\n<p class="hangnum"><a name="para19"></a><span class="paranum">19</span>.</p>\r\n<p class="gatha1"> </p>','\r',char(13)),'\n',char(10)),'-19-');
INSERT INTO pages (bookid, page, content, paranum) VALUES('annya_niti_gantha_sangaho_e1006n',127,replace(replace('<p class="gatha1">Yo <a name="M0.0127"></a> buddhaṃ paribhāsati,</p>\r\n<p class="gatha2">Athavā tassa sāvakaṃ;</p>\r\n<p class="gatha3">Paribbajaṃ gahaṭṭhaṃ vā,</p>\r\n<p class="gathalast">Taṃ jaññā vasalo iti.</p>','\r',char(13)),'\n',char(10)),'');
INSERT INTO pages (bookid, page, content, paranum) VALUES('annya_niti_gantha_sangaho_e1006n',129,replace(replace('<p class="bodytext">Aṭṭhahi <a name="M0.0129"></a> bhikkhave aṅgehi sampannāgatassa upāsakassa patto nikujjitabbo. Bhikkhūnaṃ alābhāya parisakkati, bhikkhūnaṃ anatthāya parisakkati, bhikkhūnaṃ anāvāsāya parisakkati, bhikkhūnaṃ akkosati paribhāsati, bhikkhūbhikkhūhi bhedeti, buddhassa avaṇṇaṃ bhāsati, dhammassa avaṇṇaṃ bhāsati, saṅghassa avaṇṇaṃ bhāsati, anujānāmi bhikkhave imehi aṭṭhahi aṅgehi sampannāgatassa upāsakassa pattaṃ nikujjituṃ.</p>\r\n<p class="hangnum"><a name="para20"></a><span class="paranum">20</span>.</p>\r\n<p class="gatha1"> </p>','\r',char(13)),'\n',char(10)),'-20-');
INSERT INTO pages (bookid, page, content, paranum) VALUES('annya_niti_gantha_sangaho_e1006n',132,replace(replace('<p class="gatha1">Yo <a name="M0.0132"></a> anarahaṃ santo,</p>\r\n<p class="gatha2">Arahāti paṭijānāti;</p>\r\n<p class="gatha3">Coro sabrahmake loke,</p>\r\n<p class="gathalast">Taṃ jaññā vasalo iti.</p>\r\n<p class="hangnum"><a name="para21"></a><span class="paranum">21</span>.</p>\r\n<p class="gatha1"> </p>','\r',char(13)),'\n',char(10)),'-21-');
INSERT INTO pages (bookid, page, content, paranum) VALUES('annya_niti_gantha_sangaho_e1006n',135,replace(replace('<p class="gatha1">Ete <a name="M0.0135"></a> kho vasalā vuttā,</p>\r\n<p class="gatha2">Mayā ye te pakāsitā;</p>\r\n<p class="gatha3">Na jaccā vasalo hoti,</p>\r\n<p class="gathalast">Na jaccā hoti brāhmaṇo.</p>\r\n<p class="hangnum"><a name="para22"></a><span class="paranum">22</span>.</p>\r\n<p class="gatha1"> Kammunā vasalo hoti,</p>\r\n<p class="gathalast">Kammunā hoti brāhmaṇo.</p>\r\n<p class="hangnum"><a name="para23"></a><span class="paranum">23</span>.</p>\r\n<p class="gatha1"> </p>','\r',char(13)),'\n',char(10)),'-22-23-');
INSERT INTO pages (bookid, page, content, paranum) VALUES('annya_niti_gantha_sangaho_e1006n',136,replace(replace('<p class="gatha1">Tadamināpi <a name="M0.0136"></a> jānātha,</p>\r\n<p class="gatha2">Yathāhetaṃ nidassanaṃ;</p>\r\n<p class="gatha3">Caṇḍālaputto sopāko,</p>\r\n<p class="gathalast">Mātaṅgo iti vissuto.</p>\r\n<p class="hangnum"><a name="para24"></a><span class="paranum">24</span>.</p>\r\n<p class="gatha1"> </p>','\r',char(13)),'\n',char(10)),'-24-');
INSERT INTO pages (bookid, page, content, paranum) VALUES('annya_niti_gantha_sangaho_e1006n',137,replace(replace('<p class="gatha1">So <a name="M0.0137"></a> yasaṃ paramaṃ patto,</p>\r\n<p class="gatha2">Mātaṅgo yaṃ sudullabhaṃ;</p>\r\n<p class="gatha3">Āgacchuṃ tassupaṭṭhānaṃ,</p>\r\n<p class="gathalast">Khattiyā brāhmaṇā bahū.</p>\r\n<p class="hangnum"><a name="para25"></a><span class="paranum">25</span>.</p>\r\n<p class="gatha1"> </p>','\r',char(13)),'\n',char(10)),'-25-');
INSERT INTO pages (bookid, page, content, paranum) VALUES('annya_niti_gantha_sangaho_e1006n',138,replace(replace('<p class="gatha1">So <a name="M0.0138"></a> devayānaṃ abhiruyha,</p>\r\n<p class="gatha2">Virajaṃ so mahāpathaṃ;</p>\r\n<p class="gatha3">Kāmarāgaṃ virājetvā,</p>\r\n<p class="gathalast">Brahmalokūpago ahu.</p>','\r',char(13)),'\n',char(10)),'');
INSERT INTO pages (bookid, page, content, paranum) VALUES('annya_niti_gantha_sangaho_e1006n',166,replace(replace('<p class="gatha1">Giriṃ <a name="M0.0166"></a> nakhena khaṇasi,</p>\r\n<p class="gatha2">Ayo dantebhi khādasi;</p>\r\n<p class="gatha3">Jātavedaṃ padahasi,</p>\r\n<p class="gatha3">Yo isiṃ paribhāsati.</p>','\r',char(13)),'\n',char(10)),'');
INSERT INTO pages (bookid, page, content, paranum) VALUES('annya_niti_gantha_sangaho_e1006n',167,replace(replace('<p class="gatha1">Āvelitaṃ <a name="M0.0167"></a> piṭṭhito uttamaṅgaṃ,</p>\r\n<p class="gatha2">Bāhuṃ pasāreti akampaṇeyyaṃ;</p>\r\n<p class="gatha3">Setāni akkhīni yathā matassa,</p>\r\n<p class="gathalast">Ko me imaṃ puttamakāsi evaṃ.</p>','\r',char(13)),'\n',char(10)),'');
DELETE FROM books where id='annya_niti_gantha_sangaho_e1007n';
INSERT INTO books VALUES('annya_niti_gantha_sangaho_e1007n','annya','annya_niti_gantha_sangaho','Sūrassatīnīti',1,184,103);
DELETE FROM tocs where book_id='annya_niti_gantha_sangaho_e1007n';
INSERT INTO tocs VALUES('annya_niti_gantha_sangaho_e1007n','Paṭhamo bhāgo','subhead',1);
INSERT INTO tocs VALUES('annya_niti_gantha_sangaho_e1007n','Paṇāmagāthā','chapter',1);
INSERT INTO tocs VALUES('annya_niti_gantha_sangaho_e1007n','Sūrassatīnīti','chapter',1);
INSERT INTO tocs VALUES('annya_niti_gantha_sangaho_e1007n','Sūrassatīnīti','title',196);
INSERT INTO tocs VALUES('annya_niti_gantha_sangaho_e1007n','Dutiyo bhāgo','subhead',196);
INSERT INTO tocs VALUES('annya_niti_gantha_sangaho_e1007n','Cāṇakyanītilā gāthā','chapter',116);
DELETE FROM paragraphs where book_id='annya_niti_gantha_sangaho_e1007n';
INSERT INTO paragraphs VALUES('annya_niti_gantha_sangaho_e1007n',1,1);
INSERT INTO paragraphs VALUES('annya_niti_gantha_sangaho_e1007n',2,1);
INSERT INTO paragraphs VALUES('annya_niti_gantha_sangaho_e1007n',3,1);
INSERT INTO paragraphs VALUES('annya_niti_gantha_sangaho_e1007n',1,1);
INSERT INTO paragraphs VALUES('annya_niti_gantha_sangaho_e1007n',2,3);
INSERT INTO paragraphs VALUES('annya_niti_gantha_sangaho_e1007n',3,12);
INSERT INTO paragraphs VALUES('annya_niti_gantha_sangaho_e1007n',4,14);
INSERT INTO paragraphs VALUES('annya_niti_gantha_sangaho_e1007n',5,23);
INSERT INTO paragraphs VALUES('annya_niti_gantha_sangaho_e1007n',6,25);
INSERT INTO paragraphs VALUES('annya_niti_gantha_sangaho_e1007n',7,34);
INSERT INTO paragraphs VALUES('annya_niti_gantha_sangaho_e1007n',1,35);
INSERT INTO paragraphs VALUES('annya_niti_gantha_sangaho_e1007n',2,40);
INSERT INTO paragraphs VALUES('annya_niti_gantha_sangaho_e1007n',9,41);
INSERT INTO paragraphs VALUES('annya_niti_gantha_sangaho_e1007n',10,45);
INSERT INTO paragraphs VALUES('annya_niti_gantha_sangaho_e1007n',11,50);
INSERT INTO paragraphs VALUES('annya_niti_gantha_sangaho_e1007n',12,55);
INSERT INTO paragraphs VALUES('annya_niti_gantha_sangaho_e1007n',13,60);
INSERT INTO paragraphs VALUES('annya_niti_gantha_sangaho_e1007n',14,64);
INSERT INTO paragraphs VALUES('annya_niti_gantha_sangaho_e1007n',15,69);
INSERT INTO paragraphs VALUES('annya_niti_gantha_sangaho_e1007n',16,75);
INSERT INTO paragraphs VALUES('annya_niti_gantha_sangaho_e1007n',17,80);
INSERT INTO paragraphs VALUES('annya_niti_gantha_sangaho_e1007n',18,88);
INSERT INTO paragraphs VALUES('annya_niti_gantha_sangaho_e1007n',19,90);
INSERT INTO paragraphs VALUES('annya_niti_gantha_sangaho_e1007n',20,94);
INSERT INTO paragraphs VALUES('annya_niti_gantha_sangaho_e1007n',21,94);
INSERT INTO paragraphs VALUES('annya_niti_gantha_sangaho_e1007n',22,103);
INSERT INTO paragraphs VALUES('annya_niti_gantha_sangaho_e1007n',23,107);
INSERT INTO paragraphs VALUES('annya_niti_gantha_sangaho_e1007n',24,115);
INSERT INTO paragraphs VALUES('annya_niti_gantha_sangaho_e1007n',25,116);
INSERT INTO paragraphs VALUES('annya_niti_gantha_sangaho_e1007n',26,121);
INSERT INTO paragraphs VALUES('annya_niti_gantha_sangaho_e1007n',27,126);
INSERT INTO paragraphs VALUES('annya_niti_gantha_sangaho_e1007n',28,130);
INSERT INTO paragraphs VALUES('annya_niti_gantha_sangaho_e1007n',29,134);
INSERT INTO paragraphs VALUES('annya_niti_gantha_sangaho_e1007n',30,140);
INSERT INTO paragraphs VALUES('annya_niti_gantha_sangaho_e1007n',31,143);
INSERT INTO paragraphs VALUES('annya_niti_gantha_sangaho_e1007n',32,150);
INSERT INTO paragraphs VALUES('annya_niti_gantha_sangaho_e1007n',33,151);
INSERT INTO paragraphs VALUES('annya_niti_gantha_sangaho_e1007n',34,155);
INSERT INTO paragraphs VALUES('annya_niti_gantha_sangaho_e1007n',35,160);
INSERT INTO paragraphs VALUES('annya_niti_gantha_sangaho_e1007n',36,167);
INSERT INTO paragraphs VALUES('annya_niti_gantha_sangaho_e1007n',37,169);
INSERT INTO paragraphs VALUES('annya_niti_gantha_sangaho_e1007n',38,173);
INSERT INTO paragraphs VALUES('annya_niti_gantha_sangaho_e1007n',39,17);
INSERT INTO paragraphs VALUES('annya_niti_gantha_sangaho_e1007n',40,189);
INSERT INTO paragraphs VALUES('annya_niti_gantha_sangaho_e1007n',41,190);
INSERT INTO paragraphs VALUES('annya_niti_gantha_sangaho_e1007n',42,191);
INSERT INTO paragraphs VALUES('annya_niti_gantha_sangaho_e1007n',1,196);
INSERT INTO paragraphs VALUES('annya_niti_gantha_sangaho_e1007n',2,1);
INSERT INTO paragraphs VALUES('annya_niti_gantha_sangaho_e1007n',3,6);
INSERT INTO paragraphs VALUES('annya_niti_gantha_sangaho_e1007n',4,11);
INSERT INTO paragraphs VALUES('annya_niti_gantha_sangaho_e1007n',5,16);
INSERT INTO paragraphs VALUES('annya_niti_gantha_sangaho_e1007n',6,20);
INSERT INTO paragraphs VALUES('annya_niti_gantha_sangaho_e1007n',7,23);
INSERT INTO paragraphs VALUES('annya_niti_gantha_sangaho_e1007n',8,27);
INSERT INTO paragraphs VALUES('annya_niti_gantha_sangaho_e1007n',9,32);
INSERT INTO paragraphs VALUES('annya_niti_gantha_sangaho_e1007n',10,36);
INSERT INTO paragraphs VALUES('annya_niti_gantha_sangaho_e1007n',11,41);
INSERT INTO paragraphs VALUES('annya_niti_gantha_sangaho_e1007n',12,44);
INSERT INTO paragraphs VALUES('annya_niti_gantha_sangaho_e1007n',13,48);
INSERT INTO paragraphs VALUES('annya_niti_gantha_sangaho_e1007n',14,52);
INSERT INTO paragraphs VALUES('annya_niti_gantha_sangaho_e1007n',15,56);
INSERT INTO paragraphs VALUES('annya_niti_gantha_sangaho_e1007n',16,60);
INSERT INTO paragraphs VALUES('annya_niti_gantha_sangaho_e1007n',17,65);
INSERT INTO paragraphs VALUES('annya_niti_gantha_sangaho_e1007n',18,69);
INSERT INTO paragraphs VALUES('annya_niti_gantha_sangaho_e1007n',19,72);
INSERT INTO paragraphs VALUES('annya_niti_gantha_sangaho_e1007n',20,76);
INSERT INTO paragraphs VALUES('annya_niti_gantha_sangaho_e1007n',21,81);
INSERT INTO paragraphs VALUES('annya_niti_gantha_sangaho_e1007n',22,86);
INSERT INTO paragraphs VALUES('annya_niti_gantha_sangaho_e1007n',23,93);
INSERT INTO paragraphs VALUES('annya_niti_gantha_sangaho_e1007n',24,95);
INSERT INTO paragraphs VALUES('annya_niti_gantha_sangaho_e1007n',25,101);
INSERT INTO paragraphs VALUES('annya_niti_gantha_sangaho_e1007n',26,109);
INSERT INTO paragraphs VALUES('annya_niti_gantha_sangaho_e1007n',27,109);
INSERT INTO paragraphs VALUES('annya_niti_gantha_sangaho_e1007n',28,116);
INSERT INTO paragraphs VALUES('annya_niti_gantha_sangaho_e1007n',29,117);
INSERT INTO paragraphs VALUES('annya_niti_gantha_sangaho_e1007n',30,121);
INSERT INTO paragraphs VALUES('annya_niti_gantha_sangaho_e1007n',31,125);
INSERT INTO paragraphs VALUES('annya_niti_gantha_sangaho_e1007n',32,128);
INSERT INTO paragraphs VALUES('annya_niti_gantha_sangaho_e1007n',33,132);
INSERT INTO paragraphs VALUES('annya_niti_gantha_sangaho_e1007n',34,136);
INSERT INTO paragraphs VALUES('annya_niti_gantha_sangaho_e1007n',35,139);
INSERT INTO paragraphs VALUES('annya_niti_gantha_sangaho_e1007n',36,144);
INSERT INTO paragraphs VALUES('annya_niti_gantha_sangaho_e1007n',37,148);
INSERT INTO paragraphs VALUES('annya_niti_gantha_sangaho_e1007n',38,152);
INSERT INTO paragraphs VALUES('annya_niti_gantha_sangaho_e1007n',39,155);
INSERT INTO paragraphs VALUES('annya_niti_gantha_sangaho_e1007n',40,160);
INSERT INTO paragraphs VALUES('annya_niti_gantha_sangaho_e1007n',41,163);
INSERT INTO paragraphs VALUES('annya_niti_gantha_sangaho_e1007n',42,167);
INSERT INTO paragraphs VALUES('annya_niti_gantha_sangaho_e1007n',43,172);
INSERT INTO paragraphs VALUES('annya_niti_gantha_sangaho_e1007n',44,176);
INSERT INTO paragraphs VALUES('annya_niti_gantha_sangaho_e1007n',45,180);
DELETE FROM pages where bookid='annya_niti_gantha_sangaho_e1007n';
INSERT INTO pages (bookid, page, content, paranum) VALUES('annya_niti_gantha_sangaho_e1007n',1,replace(replace('<p class="centered"> Namo tassa bhagavato arahato sammāsambuddhassa</p>\r\n<p class="book">Sūrassatīnīti</p>\r\n<p class="subhead">Paṭhamo bhāgo</p>\r\n<p class="chapter">Paṇāmagāthā</p>\r\n<p class="hangnum"><a name="para1"></a><span class="paranum">1</span>.</p>\r\n<p class="gatha1"> </p>','\r',char(13)),'\n',char(10)),'-1-');
INSERT INTO pages (bookid, page, content, paranum) VALUES('annya_niti_gantha_sangaho_e1007n',1,replace(replace('<p class="gatha1">Mukhamhā <a name="M1.0001"></a> bhagavantassa,</p>\r\n<p class="gatha2">Sugandhakamalā subhā;</p>\r\n<p class="gatha3">Sañjātaṃ uttamaṃ vāṇiṃ,</p>\r\n<p class="gathalast">Vandāmi vittamānasā.</p>\r\n<p class="hangnum"><a name="para2"></a><span class="paranum">2</span>.</p>\r\n<p class="gatha1"> Samajjhiṭṭho racissāmi,</p>\r\n<p class="gatha2">Dakkhena rājamantinā;</p>\r\n<p class="gatha3">Nāmena santena,</p>\r\n<p class="gatha2">Nītiṃ lokahitāvahaṃ;</p>\r\n<p class="gatha3">Sālaṅkāraṃ sopadesaṃ,</p>\r\n<p class="gathalast">Nāmenāhaṃ svarassatiṃ.</p>\r\n<p class="hangnum"><a name="para3"></a><span class="paranum">3</span>.</p>\r\n<p class="gatha1"> Pekkhantvimaṃ nītiṃ santā,</p>\r\n<p class="gatha2">Mañjūsarukkhasannibhaṃ;</p>\r\n<p class="gatha3">Nānopadesasaṃpuṇṇaṃ,</p>\r\n<p class="gathalast">Sadatthakusalā sadā.</p>\r\n<p class="chapter">Sūrassatīnīti</p>\r\n<p class="hangnum"><a name="para1"></a><span class="paranum">1</span>.</p>\r\n<p class="gatha1"> </p>','\r',char(13)),'\n',char(10)),'-2-3-1-');
INSERT INTO pages (bookid, page, content, paranum) VALUES('annya_niti_gantha_sangaho_e1007n',3,replace(replace('<p class="gatha1">Kataññutā <a name="M1.0003"></a> ca saccañca,</p>\r\n<p class="gatha2">Lokasārā hi te duve;</p>\r\n<p class="gatha3">Lokāpi tehi tiṭṭhanti,</p>\r\n<p class="gathalast">Raṭṭhaṃ akaṃsu issaraṃ.</p>\r\n<p class="hangnum"><a name="para2"></a><span class="paranum">2</span>.</p>\r\n<p class="gatha1"> </p>','\r',char(13)),'\n',char(10)),'-2-');
INSERT INTO pages (bookid, page, content, paranum) VALUES('annya_niti_gantha_sangaho_e1007n',8,replace(replace('<p class="gatha1">Kākāca <a name="M1.0008"></a> dujjanā loke,</p>\r\n<p class="gatha2">Malībhūtāva sabbadā;</p>\r\n<p class="gatha3">Iṭṭhaṃ guṇaṃ nāsayanti,</p>\r\n<p class="gathalast">Te ve lokassa verino.</p>','\r',char(13)),'\n',char(10)),'');
INSERT INTO pages (bookid, page, content, paranum) VALUES('annya_niti_gantha_sangaho_e1007n',10,replace(replace('<p class="gatha1">Migānaṃ <a name="M1.0010"></a> siṅgālo anto,</p>\r\n<p class="gathalast">Pakkhīnaṃ pana vāyaso.</p>','\r',char(13)),'\n',char(10)),'');
INSERT INTO pages (bookid, page, content, paranum) VALUES('annya_niti_gantha_sangaho_e1007n',12,replace(replace('<p class="gatha1">Akāraṇaverī <a name="M1.0012"></a> honti,</p>\r\n<p class="gatha2">Macchānaṃ dhīvarā yathā;</p>\r\n<p class="gatha3">Guṇīnaṃ sajjanānañca,</p>\r\n<p class="gathalast">Dujjanā niccaverino.</p>\r\n<p class="hangnum"><a name="para3"></a><span class="paranum">3</span>.</p>\r\n<p class="gatha1"> </p>','\r',char(13)),'\n',char(10)),'-3-');
INSERT INTO pages (bookid, page, content, paranum) VALUES('annya_niti_gantha_sangaho_e1007n',14,replace(replace('<p class="gatha1">Siriṃ <a name="M1.0014"></a> bhonto suposetha,</p>\r\n<p class="gatha2">Siri mūlā hi sampadā;</p>\r\n<p class="gatha3">Siriya idha jotanti,</p>\r\n<p class="gathalast">Sirī sā sabbasiddhikā.</p>\r\n<p class="hangnum"><a name="para4"></a><span class="paranum">4</span>.</p>\r\n<p class="gatha1"> </p>','\r',char(13)),'\n',char(10)),'-4-');
INSERT INTO pages (bookid, page, content, paranum) VALUES('annya_niti_gantha_sangaho_e1007n',20,replace(replace('<p class="gatha1">Musā <a name="M1.0020"></a> tamokarā loke,</p>\r\n<p class="gatha2">Saccaṃ mīditikārakaṃ;</p>\r\n<p class="gatha3">Musātamena dukkhanti,</p>\r\n<p class="gathalast">Saccābhāya sukhantive.</p>','\r',char(13)),'\n',char(10)),'');
INSERT INTO pages (bookid, page, content, paranum) VALUES('annya_niti_gantha_sangaho_e1007n',23,replace(replace('<p class="gatha1">Suvijānaṃ <a name="M1.0023"></a> siṅgālānaṃ,</p>\r\n<p class="gatha2">Sakuṇānañca vassitaṃ;</p>\r\n<p class="gatha3">Manussavassitaṃ rāja,</p>\r\n<p class="gathalast">Dubbijānataraṃ tato.</p>\r\n<p class="hangnum"><a name="para5"></a><span class="paranum">5</span>.</p>\r\n<p class="gatha1"> </p>','\r',char(13)),'\n',char(10)),'-5-');
INSERT INTO pages (bookid, page, content, paranum) VALUES('annya_niti_gantha_sangaho_e1007n',25,replace(replace('<p class="gatha1">Kappaggisadisā <a name="M1.0025"></a> issā,</p>\r\n<p class="gatha2">Jhāpeti sabbasampadaṃ;</p>\r\n<p class="gatha3">Muditā kappameghova,</p>\r\n<p class="gathalast">Ropeti sabbasampadaṃ.</p>\r\n<p class="hangnum"><a name="para6"></a><span class="paranum">6</span>.</p>\r\n<p class="gatha1"> </p>','\r',char(13)),'\n',char(10)),'-6-');
INSERT INTO pages (bookid, page, content, paranum) VALUES('annya_niti_gantha_sangaho_e1007n',30,replace(replace('<p class="gatha1">Yathā <a name="M1.0030"></a> asanthirā thambhā,</p>\r\n<p class="gatha2">Thusarāsimhi ussitā;</p>\r\n<p class="gatha3">Tatheva kapicittānaṃ,</p>\r\n<p class="gathalast">Kammantā cañcalaṅgatā.</p>','\r',char(13)),'\n',char(10)),'');
INSERT INTO pages (bookid, page, content, paranum) VALUES('annya_niti_gantha_sangaho_e1007n',34,replace(replace('<p class="gatha1">Haliddirāgaṃ <a name="M1.0034"></a> kapicittaṃ;</p>\r\n<p class="gatha2">Purisaṃ rāgavirāginaṃ,</p>\r\n<p class="gatha3">Edisaṃ tāta māsevi;</p>\r\n<p class="gathalast">Nimmanussampi ce siyā.</p>\r\n<p class="hangnum"><a name="para7"></a><span class="paranum">7</span>. [Ka]</p>\r\n<p class="gatha1"> </p>','\r',char(13)),'\n',char(10)),'-7-');
INSERT INTO pages (bookid, page, content, paranum) VALUES('annya_niti_gantha_sangaho_e1007n',35,replace(replace('<p class="gatha1">Pupphacumbi <a name="M1.0035"></a> cittapattī,</p>\r\n<p class="gatha2">Sakavaṇṇena majjito;</p>\r\n<p class="gatha3">Vikkamī pupphato pupphaṃ,</p>\r\n<p class="gathalast">Nassāgāraṃ na saṅgamo.</p>\r\n<p class="bodytext">[Kha]</p>\r\n<p class="gatha1">Kippilikā dubbaṇṇāpi,</p>\r\n<p class="gatha2">Samaggāca parakkamā;</p>\r\n<p class="gatha3">Mā hotha pupphacumbīva,</p>\r\n<p class="gathalast">Hotha vo pacikā yathā.</p>\r\n<p class="hangnum"><a name="para1"></a><span class="paranum">1</span>.</p>\r\n<p class="gatha1"> </p>','\r',char(13)),'\n',char(10)),'-1-');
INSERT INTO pages (bookid, page, content, paranum) VALUES('annya_niti_gantha_sangaho_e1007n',40,replace(replace('<p class="gatha1">Ye <a name="M1.0040"></a> maranti kīḷantā te,</p>\r\n<p class="gatha2">Svānā aññoññamoditā;</p>\r\n<p class="gatha3">Disvāna chaṭṭitaṃ bhattaṃ,</p>\r\n<p class="gathalast">Sīghaverī vihiṃsare.</p>\r\n<p class="hangnum"><a name="para2"></a><span class="paranum">2</span>.</p>\r\n<p class="gatha1"> </p>','\r',char(13)),'\n',char(10)),'-2-');
INSERT INTO pages (bookid, page, content, paranum) VALUES('annya_niti_gantha_sangaho_e1007n',41,replace(replace('<p class="gatha1">Tathekepi <a name="M1.0041"></a> janā dāni,</p>\r\n<p class="gatha2">Samaggā ññoññamoditā;</p>\r\n<p class="gatha3">Dhanahetu vihiṃsanti,</p>\r\n<p class="gathalast">Dhīratthu sīghaverikā.</p>\r\n<p class="hangnum"><a name="para9"></a><span class="paranum">9</span>.</p>\r\n<p class="gatha1"> </p>','\r',char(13)),'\n',char(10)),'-9-');
INSERT INTO pages (bookid, page, content, paranum) VALUES('annya_niti_gantha_sangaho_e1007n',45,replace(replace('<p class="gatha1">Vasante <a name="M1.0045"></a> hemante gimhe;</p>\r\n<p class="gatha2">Neva tālā visesino;</p>\r\n<p class="gatha3">Thiracittā janā santā;</p>\r\n<p class="gathalast">Sukhadukkhesu niccalā.</p>\r\n<p class="hangnum"><a name="para10"></a><span class="paranum">10</span>.</p>\r\n<p class="gatha1"> </p>','\r',char(13)),'\n',char(10)),'-10-');
INSERT INTO pages (bookid, page, content, paranum) VALUES('annya_niti_gantha_sangaho_e1007n',50,replace(replace('<p class="gatha1">Yathā <a name="M1.0050"></a> pavaṭṭamānamhi,</p>\r\n<p class="gatha2">Suṭṭhu tiṭṭhati geṇṭhuke;</p>\r\n<p class="gatha3">Appavaṭṭe bhūmyaṃ seti,</p>\r\n<p class="gathalast">Tatheva geṇṭhuko jano.</p>\r\n<p class="hangnum"><a name="para11"></a><span class="paranum">11</span>.</p>\r\n<p class="gatha1"> </p>','\r',char(13)),'\n',char(10)),'-11-');
INSERT INTO pages (bookid, page, content, paranum) VALUES('annya_niti_gantha_sangaho_e1007n',55,replace(replace('<p class="gatha1">Agghāpetuṃ <a name="M1.0055"></a> nasakkonti,</p>\r\n<p class="gatha2">Kālañhi kālikā janā;</p>\r\n<p class="gatha3">Vajirādiñca sakkonti,</p>\r\n<p class="gathalast">Tena kālo anagghiko.</p>\r\n<p class="hangnum"><a name="para12"></a><span class="paranum">12</span>. [Ka]</p>\r\n<p class="gatha1"> </p>','\r',char(13)),'\n',char(10)),'-12-');
INSERT INTO pages (bookid, page, content, paranum) VALUES('annya_niti_gantha_sangaho_e1007n',59,replace(replace('<p class="gatha1">Asano <a name="M1.0059"></a> hi dīghaddhāno,</p>\r\n<p class="gatha2">Sārasāro sugandhiko;</p>\r\n<p class="gatha3">Niggandho tveva nissāro,</p>\r\n<p class="gathalast">Dīghaddhānopi simbalī.</p>\r\n<p class="bodytext">[Kha]</p>','\r',char(13)),'\n',char(10)),'');
INSERT INTO pages (bookid, page, content, paranum) VALUES('annya_niti_gantha_sangaho_e1007n',60,replace(replace('<p class="gatha1">Tatheveke <a name="M1.0060"></a> janā loke,</p>\r\n<p class="gatha2">Dīghaddhānā susārakā;</p>\r\n<p class="gatha3">Nissārā keci pheggūva,</p>\r\n<p class="gathalast">Dīghaddhānāpi goyathā.</p>\r\n<p class="hangnum"><a name="para13"></a><span class="paranum">13</span>.</p>\r\n<p class="gatha1"> </p>','\r',char(13)),'\n',char(10)),'-13-');
INSERT INTO pages (bookid, page, content, paranum) VALUES('annya_niti_gantha_sangaho_e1007n',64,replace(replace('<p class="gatha1">Upakāro <a name="M1.0064"></a> cāpakāro,</p>\r\n<p class="gatha2">Yasmiṃ gacchati naṭṭhataṃ;</p>\r\n<p class="gatha3">Pāsāṇahadayassassa,</p>\r\n<p class="gathalast">Jīvatītyā bhidhāmudhā.</p>\r\n<p class="gatha1">Pasādo nipphalo yassa,</p>\r\n<p class="gatha2">Kopocāpi niratthako;</p>\r\n<p class="gatha3">Na taṃ saṅgantu miccheyya,</p>\r\n<p class="gathalast">Thīpumāva napuṃsakaṃ.</p>\r\n<p class="hangnum"><a name="para14"></a><span class="paranum">14</span>.</p>\r\n<p class="gatha1"> </p>','\r',char(13)),'\n',char(10)),'-14-');
INSERT INTO pages (bookid, page, content, paranum) VALUES('annya_niti_gantha_sangaho_e1007n',69,replace(replace('<p class="gatha1">Upacāro <a name="M1.0069"></a> hi kātabbo,</p>\r\n<p class="gatha2">Na yāva sohadaṃ bhave;</p>\r\n<p class="gatha3">Upacāro sumittamhi,</p>\r\n<p class="gathalast">Māyā ca hoti koṭilaṃ.</p>\r\n<p class="hangnum"><a name="para15"></a><span class="paranum">15</span>.</p>\r\n<p class="gatha1"> </p>','\r',char(13)),'\n',char(10)),'-15-');
INSERT INTO pages (bookid, page, content, paranum) VALUES('annya_niti_gantha_sangaho_e1007n',75,replace(replace('<p class="gatha1">Kamena <a name="M1.0075"></a> aggato ucchu,</p>\r\n<p class="gatha2">Raso sādutaro yathā;</p>\r\n<p class="gatha3">Tatheva sumitto loke,</p>\r\n<p class="gathalast">Dummitto pana nediso.</p>\r\n<p class="hangnum"><a name="para16"></a><span class="paranum">16</span>.</p>\r\n<p class="gatha1"> </p>','\r',char(13)),'\n',char(10)),'-16-');
INSERT INTO pages (bookid, page, content, paranum) VALUES('annya_niti_gantha_sangaho_e1007n',80,replace(replace('<p class="gatha1">Sokārāti <a name="M1.0080"></a> parittāṇaṃ,</p>\r\n<p class="gatha2">Vissāsapītibhājanaṃ;</p>\r\n<p class="gatha3">Ratanābhiratanaṃ icche,</p>\r\n<p class="gathalast">Sumittaṃ akkharattayaṃ.</p>\r\n<p class="hangnum"><a name="para17"></a><span class="paranum">17</span>.</p>\r\n<p class="gatha1"> </p>','\r',char(13)),'\n',char(10)),'-17-');
INSERT INTO pages (bookid, page, content, paranum) VALUES('annya_niti_gantha_sangaho_e1007n',85,replace(replace('<p class="gatha1">Dampatīnaṃ <a name="M1.0085"></a> sumittānaṃ,</p>\r\n<p class="gatha2">Mukhaṃ aññoññadappaṇaṃ,</p>\r\n<p class="gatha3">Sukhe sukhaṃ dukkhe dukkhaṃ,</p>\r\n<p class="gathalast">Paṭicchāyeva dappaṇe.</p>','\r',char(13)),'\n',char(10)),'');
INSERT INTO pages (bookid, page, content, paranum) VALUES('annya_niti_gantha_sangaho_e1007n',88,replace(replace('<p class="gatha1">Kathaṃ <a name="M1.0088"></a> nu tāsaṃ hadayaṃ,</p>\r\n<p class="gatha2">Sukharāvata itthiyo;</p>\r\n<p class="gatha3">Yāsāmike dukkhitamhi,</p>\r\n<p class="gathalast">Sukhamicchanti attano.</p>\r\n<p class="hangnum"><a name="para18"></a><span class="paranum">18</span>.</p>\r\n<p class="gatha1"> </p>','\r',char(13)),'\n',char(10)),'-18-');
INSERT INTO pages (bookid, page, content, paranum) VALUES('annya_niti_gantha_sangaho_e1007n',90,replace(replace('<p class="gatha1">Nivātañca <a name="M1.0090"></a> pure katvā,</p>\r\n<p class="gatha2">Mānaṃ katvāna pacchato;</p>\r\n<p class="gatha3">Sakatthaṃ dhāraye dhīro,</p>\r\n<p class="gathalast">Atthabhañjo hi muḷhatā.</p>\r\n<p class="hangnum"><a name="para19"></a><span class="paranum">19</span>.</p>\r\n<p class="gatha1"> </p>','\r',char(13)),'\n',char(10)),'-19-');
INSERT INTO pages (bookid, page, content, paranum) VALUES('annya_niti_gantha_sangaho_e1007n',94,replace(replace('<p class="gatha1">Purecāraṃ <a name="M1.0094"></a> satiṃ katvā,</p>\r\n<p class="gatha2">Saddhaṃ kareyya pacchato;</p>\r\n<p class="gatha3">Turaṃ na saddahe dhīro,</p>\r\n<p class="gathalast">Sīghasaddho hi mandako.</p>\r\n<p class="hangnum"><a name="para20"></a><span class="paranum">20</span>.</p>\r\n<p class="gatha1"> Vane 0.0099 bahūni kaṭṭhāni;</p>\r\n<p class="gatha2">Dullabhaṃ rattacandanaṃ;</p>\r\n<p class="gatha3">Tathā janā bahū loke;</p>\r\n<p class="gathalast">Pumā jañño sudullabho.</p>\r\n<p class="hangnum"><a name="para21"></a><span class="paranum">21</span>.</p>\r\n<p class="gatha1"> </p>','\r',char(13)),'\n',char(10)),'-20-21-');
INSERT INTO pages (bookid, page, content, paranum) VALUES('annya_niti_gantha_sangaho_e1007n',103,replace(replace('<p class="gatha1">Tiṇakaṭṭhapalāsehi<a name="M1.0103"></a>;</p>\r\n<p class="gatha2">Sukkhehi dayhate vanaṃ;</p>\r\n<p class="gatha3">Etādīhi asārehi;</p>\r\n<p class="gathalast">Loko janehi dayhate.</p>\r\n<p class="hangnum"><a name="para22"></a><span class="paranum">22</span>.</p>\r\n<p class="gatha1"> </p>','\r',char(13)),'\n',char(10)),'-22-');
INSERT INTO pages (bookid, page, content, paranum) VALUES('annya_niti_gantha_sangaho_e1007n',107,replace(replace('<p class="gatha1">Antovasse <a name="M1.0107"></a> timāsamhi,</p>\r\n<p class="gatha2">Puññakammena moditā;</p>\r\n<p class="gatha3">Sukhaṃ vasiṃsu porāṇā,</p>\r\n<p class="gathalast">Buddhasāsanamāmakā.</p>\r\n<p class="hangnum"><a name="para23"></a><span class="paranum">23</span>.</p>\r\n<p class="gatha1"> </p>','\r',char(13)),'\n',char(10)),'-23-');
INSERT INTO pages (bookid, page, content, paranum) VALUES('annya_niti_gantha_sangaho_e1007n',111,replace(replace('<p class="gatha1">Migamadena <a name="M1.0111"></a> ekena,</p>\r\n<p class="gatha2">Taṃ vanaṃ surabhigandhikaṃ;</p>\r\n<p class="gatha3">Tathā janena taṃ raṭṭhaṃ,</p>\r\n<p class="gathalast">Guṇinā hi sirīmatā.</p>','\r',char(13)),'\n',char(10)),'');
INSERT INTO pages (bookid, page, content, paranum) VALUES('annya_niti_gantha_sangaho_e1007n',115,replace(replace('<p class="gatha1">Sarīraṃ <a name="M1.0115"></a> khaṇaviddhaṃsī,</p>\r\n<p class="gathalast">Kappantaṭṭhāyino guṇā.</p>\r\n<p class="hangnum"><a name="para24"></a><span class="paranum">24</span>.</p>\r\n<p class="gatha1"> </p>','\r',char(13)),'\n',char(10)),'-24-');
INSERT INTO pages (bookid, page, content, paranum) VALUES('annya_niti_gantha_sangaho_e1007n',116,replace(replace('<p class="gatha1">Kharānaṃ <a name="M1.0116"></a> sīhabyagghānaṃ,</p>\r\n<p class="gatha2">Saṅgamo no hisabbadā;</p>\r\n<p class="gatha3">Tatheva byagghacittānaṃ,</p>\r\n<p class="gathalast">Sajātikā khayonatā.</p>\r\n<p class="hangnum"><a name="para25"></a><span class="paranum">25</span>.</p>\r\n<p class="gatha1"> </p>','\r',char(13)),'\n',char(10)),'-25-');
INSERT INTO pages (bookid, page, content, paranum) VALUES('annya_niti_gantha_sangaho_e1007n',121,replace(replace('<p class="gatha1">Saka <a name="M1.0121"></a> sādhupi no sādhū,</p>\r\n<p class="gatha2">Yo ceñña duṭṭhakārako;</p>\r\n<p class="gatha3">Bahūnaṃ sādhū pāyena,</p>\r\n<p class="gathalast">Sa ve sādhūti vuccate.</p>\r\n<p class="hangnum"><a name="para26"></a><span class="paranum">26</span>.</p>\r\n<p class="gatha1"> </p>','\r',char(13)),'\n',char(10)),'-26-');
INSERT INTO pages (bookid, page, content, paranum) VALUES('annya_niti_gantha_sangaho_e1007n',126,replace(replace('<p class="gatha1">Bahūdake <a name="M1.0126"></a> samuddepi,</p>\r\n<p class="gatha2">Jalaṃ nattheva pātave;</p>\r\n<p class="gatha3">Khuddake khatakūpamhi,</p>\r\n<p class="gathalast">Sāduṃ atthi bahuṃ dakaṃ.</p>\r\n<p class="hangnum"><a name="para27"></a><span class="paranum">27</span>.</p>\r\n<p class="gatha1"> </p>','\r',char(13)),'\n',char(10)),'-27-');
INSERT INTO pages (bookid, page, content, paranum) VALUES('annya_niti_gantha_sangaho_e1007n',130,replace(replace('<p class="gatha1">Mā <a name="M1.0130"></a> sīghaṃ vivareyyātha,</p>\r\n<p class="gatha2">Nindituñca pasaṃsituṃ;</p>\r\n<p class="gatha3">Mukhañhi vo kathādvāraṃ,</p>\r\n<p class="gathalast">Nirundheyyātha sabbadā.</p>\r\n<p class="hangnum"><a name="para28"></a><span class="paranum">28</span>.</p>\r\n<p class="gatha1"> </p>','\r',char(13)),'\n',char(10)),'-28-');
INSERT INTO pages (bookid, page, content, paranum) VALUES('annya_niti_gantha_sangaho_e1007n',134,replace(replace('<p class="gatha1">Mā <a name="M1.0134"></a> sīghaṃ vivareyyātha,</p>\r\n<p class="gatha2">Cakkhuṃ vo dassituṃ piyaṃ;</p>\r\n<p class="gatha3">Saṇikañhi piyalābhaṃ,</p>\r\n<p class="gathalast">Dhanalābhaṃ turaṃ kare.</p>\r\n<p class="hangnum"><a name="para29"></a><span class="paranum">29</span>.</p>\r\n<p class="gatha1"> </p>','\r',char(13)),'\n',char(10)),'-29-');
INSERT INTO pages (bookid, page, content, paranum) VALUES('annya_niti_gantha_sangaho_e1007n',138,replace(replace('<p class="gatha1">Anārambho <a name="M1.0138"></a> hi kammānaṃ,</p>\r\n<p class="gatha2">Paṭhamaṃ buddhilakkhaṇaṃ;</p>\r\n<p class="gatha3">Niṭṭhaṅgataṃ āraddhassa,</p>\r\n<p class="gathalast">Dutiyaṃ buddhilakkhaṇaṃ.</p>','\r',char(13)),'\n',char(10)),'');
INSERT INTO pages (bookid, page, content, paranum) VALUES('annya_niti_gantha_sangaho_e1007n',140,replace(replace('<p class="gatha1">Asamekkhitakammantaṃ<a name="M1.0140"></a>,</p>\r\n<p class="gatha2">Turitābhinipātinaṃ;</p>\r\n<p class="gatha3">Sāni kammāni tappenti,</p>\r\n<p class="gathalast">Uṇhaṃ vajjhohaṭaṃ mukhe.</p>\r\n<p class="hangnum"><a name="para30"></a><span class="paranum">30</span>.</p>\r\n<p class="gatha1"> </p>','\r',char(13)),'\n',char(10)),'-30-');
INSERT INTO pages (bookid, page, content, paranum) VALUES('annya_niti_gantha_sangaho_e1007n',143,replace(replace('<p class="gatha1">Aphalāni <a name="M1.0143"></a> durantāni,</p>\r\n<p class="gatha2">Janatā ninditāni ca;</p>\r\n<p class="gatha3">Asakyāni ca kammāni,</p>\r\n<p class="gathalast">Nārabhetha vicakkhaṇo.</p>\r\n<p class="hangnum"><a name="para31"></a><span class="paranum">31</span>.</p>\r\n<p class="gatha1"> </p>','\r',char(13)),'\n',char(10)),'-31-');
INSERT INTO pages (bookid, page, content, paranum) VALUES('annya_niti_gantha_sangaho_e1007n',147,replace(replace('<p class="gatha1">Ativirodhabhītānaṃ<a name="M1.0147"></a>,</p>\r\n<p class="gatha2">Saṅkitānaṃ pade pade;</p>\r\n<p class="gatha3">Parappavādatāsānaṃ,</p>\r\n<p class="gathalast">Dūrato yanti sampadā.</p>','\r',char(13)),'\n',char(10)),'');
INSERT INTO pages (bookid, page, content, paranum) VALUES('annya_niti_gantha_sangaho_e1007n',150,replace(replace('<p class="gatha1">Saddamattaṃ <a name="M1.0150"></a> na bhetabbaṃ,</p>\r\n<p class="gatha2">Loko saddassa gocaro;</p>\r\n<p class="gatha3">Yo ca saddaparittāso,</p>\r\n<p class="gathalast">Vane bhantamigo hi so.</p>\r\n<p class="hangnum"><a name="para32"></a><span class="paranum">32</span>.</p>\r\n<p class="gatha1"> </p>','\r',char(13)),'\n',char(10)),'-32-');
INSERT INTO pages (bookid, page, content, paranum) VALUES('annya_niti_gantha_sangaho_e1007n',151,replace(replace('<p class="gatha1">Dvinnaṃ <a name="M1.0151"></a> taṇḍulathūsānaṃ,</p>\r\n<p class="gatha2">Viseso suṭṭhu khāyati;</p>\r\n<p class="gatha3">Randhitopi siniddho no,</p>\r\n<p class="gatha2">Thuso virasaphāruso;</p>\r\n<p class="gatha3">Taṇḍulaṃ siniddhaṃ rasaṃ,</p>\r\n<p class="gathalast">Evaṃ lokepi ñāyate.</p>\r\n<p class="hangnum"><a name="para33"></a><span class="paranum">33</span>.</p>\r\n<p class="gatha1"> </p>','\r',char(13)),'\n',char(10)),'-33-');
INSERT INTO pages (bookid, page, content, paranum) VALUES('annya_niti_gantha_sangaho_e1007n',155,replace(replace('<p class="gatha1">Eraṇḍaṃ <a name="M1.0155"></a> nissitā valli,</p>\r\n<p class="gatha2">Ruhate kiṃ yathābalaṃ;</p>\r\n<p class="gatha3">Mahāsālaṃ sunissāya,</p>\r\n<p class="gathalast">Ruhate brahataṃ gatā.</p>\r\n<p class="hangnum"><a name="para34"></a><span class="paranum">34</span>.</p>\r\n<p class="gatha1"> </p>','\r',char(13)),'\n',char(10)),'-34-');
INSERT INTO pages (bookid, page, content, paranum) VALUES('annya_niti_gantha_sangaho_e1007n',160,replace(replace('<p class="gatha1">Mettā <a name="M1.0160"></a> hi sīmasambhedā,</p>\r\n<p class="gatha2">Pakkhapāta vighātikā;</p>\r\n<p class="gatha3">Pakkhapātena dukkhanti,</p>\r\n<p class="gathalast">Nippakkho vasate sukhaṃ.</p>\r\n<p class="hangnum"><a name="para35"></a><span class="paranum">35</span>.</p>\r\n<p class="gatha1"> </p>','\r',char(13)),'\n',char(10)),'-35-');
INSERT INTO pages (bookid, page, content, paranum) VALUES('annya_niti_gantha_sangaho_e1007n',164,replace(replace('<p class="gatha1">Narā <a name="M1.0164"></a> paññā ca laṅkārā,</p>\r\n<p class="gatha2">Yathāṭhāne niyujjare;</p>\r\n<p class="gatha3">No hi cūḷāmaṇi pāde,</p>\r\n<p class="gathalast">Pādukā ca siropari.</p>','\r',char(13)),'\n',char(10)),'');
INSERT INTO pages (bookid, page, content, paranum) VALUES('annya_niti_gantha_sangaho_e1007n',167,replace(replace('<p class="gatha1">Ukkuṭṭhe <a name="M1.0167"></a> sūra micchanti;</p>\r\n<p class="gatha2">Mantīsu akutūhalaṃ;</p>\r\n<p class="gatha3">Viyañca annapānamhi;</p>\r\n<p class="gathalast">Atthe jāte ca paṇḍitaṃ.</p>\r\n<p class="hangnum"><a name="para36"></a><span class="paranum">36</span>.</p>\r\n<p class="gatha1"> </p>','\r',char(13)),'\n',char(10)),'-36-');
INSERT INTO pages (bookid, page, content, paranum) VALUES('annya_niti_gantha_sangaho_e1007n',169,replace(replace('<p class="gatha1">Pamādo <a name="M1.0169"></a> hi tamo loke,</p>\r\n<p class="gatha2">Kālo coro bhayānako;</p>\r\n<p class="gatha3">Kāyagehaṃ bahuchiddaṃ,</p>\r\n<p class="gathalast">Kālacorassa coritaṃ.</p>\r\n<p class="hangnum"><a name="para37"></a><span class="paranum">37</span>.</p>\r\n<p class="gatha1"> </p>','\r',char(13)),'\n',char(10)),'-37-');
INSERT INTO pages (bookid, page, content, paranum) VALUES('annya_niti_gantha_sangaho_e1007n',173,replace(replace('<p class="gatha1">Cañcalo <a name="M1.0173"></a> kāladāso hi,</p>\r\n<p class="gatha2">Dhītimā kālaissaro;</p>\r\n<p class="gatha3">Kālissaro raṭṭhissaraṃ,</p>\r\n<p class="gathalast">Ativattati sabbaso.</p>\r\n<p class="hangnum"><a name="para38"></a><span class="paranum">38</span>.</p>\r\n<p class="gatha1"> </p>','\r',char(13)),'\n',char(10)),'-38-');
INSERT INTO pages (bookid, page, content, paranum) VALUES('annya_niti_gantha_sangaho_e1007n',17,replace(replace('<p class="gatha1">Viluppanti <a name="M1.0017"></a>8 dhanaṃ eke,</p>\r\n<p class="gatha2">Kālameke anekkhakā;</p>\r\n<p class="gatha3">Tesu kālavilopāva,</p>\r\n<p class="gathalast">Bhayānakā tikakkhaḷā.</p>\r\n<p class="hangnum"><a name="para39"></a><span class="paranum">39</span>.</p>\r\n<p class="gatha1"> </p>','\r',char(13)),'\n',char(10)),'-39-');
INSERT INTO pages (bookid, page, content, paranum) VALUES('annya_niti_gantha_sangaho_e1007n',182,replace(replace('<p class="gatha1">Raññā <a name="M1.0182"></a> raṭṭhahitaṃ kattā,</p>\r\n<p class="gatha2">Rañño hitaṃ janehi ve;</p>\r\n<p class="gatha3">Desso attahitaṃ dassī,</p>\r\n<p class="gathalast">Gārayho kinnu kārako.</p>','\r',char(13)),'\n',char(10)),'');
INSERT INTO pages (bookid, page, content, paranum) VALUES('annya_niti_gantha_sangaho_e1007n',189,replace(replace('<p class="gatha1">Attadatthaṃ <a name="M1.0189"></a> paratthena;</p>\r\n<p class="gathalast">Bahunāpi na hāpaye.</p>\r\n<p class="hangnum"><a name="para40"></a><span class="paranum">40</span>.</p>\r\n<p class="gatha1"> Yassa upakāro dinno,</p>\r\n<p class="gatha2">Upakāraṃ dade puna;</p>\r\n<p class="gatha3">Tato pakāraṃ niccheyya,</p>\r\n<p class="gathalast">Kataññū dullabho idha.</p>','\r',char(13)),'\n',char(10)),'-40-');
INSERT INTO pages (bookid, page, content, paranum) VALUES('annya_niti_gantha_sangaho_e1007n',190,replace(replace('<p class="gatha1">Saccaṃ <a name="M1.0190"></a> kireva māhaṃsu,</p>\r\n<p class="gatha2">Narā ekacciyā idha;</p>\r\n<p class="gatha3">Kaṭṭhaṃ niplavitaṃ seyyo,</p>\r\n<p class="gathalast">Natveve kacciyo naro.</p>\r\n<p class="hangnum"><a name="para41"></a><span class="paranum">41</span>.</p>\r\n<p class="gatha1"> </p>','\r',char(13)),'\n',char(10)),'-41-');
INSERT INTO pages (bookid, page, content, paranum) VALUES('annya_niti_gantha_sangaho_e1007n',191,replace(replace('<p class="gatha1">Kāruko <a name="M1.0191"></a> sakapaññāya,</p>\r\n<p class="gatha2">Mahagghaṃ dārukaṃ kare;</p>\r\n<p class="gatha3">Tathā janopi attānaṃ,</p>\r\n<p class="gathalast">Mahaggho lokamānito.</p>\r\n<p class="hangnum"><a name="para42"></a><span class="paranum">42</span>.</p>\r\n<p class="gatha1"> </p>','\r',char(13)),'\n',char(10)),'-42-');
INSERT INTO pages (bookid, page, content, paranum) VALUES('annya_niti_gantha_sangaho_e1007n',196,replace(replace('<p class="gatha1">Appaggho <a name="M1.0196"></a> hi ayo hemaṃ,</p>\r\n<p class="gatha2">Mahagghaṃ chindate yathā;</p>\r\n<p class="gatha3">Nigguṇo saguṇaṃ loke,</p>\r\n<p class="gathalast">Alakkhīca siriṃ tathā.</p>\r\n<p class="title">Sūrassatīnīti</p>\r\n<p class="subhead">Dutiyo bhāgo</p>\r\n<p class="hangnum"><a name="para1"></a><span class="paranum">1</span>.</p>\r\n<p class="gatha1"> </p>','\r',char(13)),'\n',char(10)),'-1-');
INSERT INTO pages (bookid, page, content, paranum) VALUES('annya_niti_gantha_sangaho_e1007n',1,replace(replace('<p class="gatha1">Dhanassa <a name="M2.0001"></a> dubbidhaṃ kiccaṃ,</p>\r\n<p class="gatha2">Pāpeti uṇṇataṃ dhaniṃ;</p>\r\n<p class="gatha3">Adhaniṃ oṇataṃ loke,</p>\r\n<p class="gathalast">Sañcine tena taṃ dhanaṃ.</p>\r\n<p class="hangnum"><a name="para2"></a><span class="paranum">2</span>.</p>\r\n<p class="gatha1"> </p>','\r',char(13)),'\n',char(10)),'-2-');
INSERT INTO pages (bookid, page, content, paranum) VALUES('annya_niti_gantha_sangaho_e1007n',6,replace(replace('<p class="gatha1">Vaṭṭate <a name="M2.0006"></a> satataṃ sīghaṃ,</p>\r\n<p class="gatha2">Kālacakkaṃ avāritaṃ;</p>\r\n<p class="gatha3">Tena ghaṭī dinaṃ māso,</p>\r\n<p class="gathalast">Vasso bhavatya cīrato.</p>\r\n<p class="hangnum"><a name="para3"></a><span class="paranum">3</span>.</p>\r\n<p class="gatha1"> </p>','\r',char(13)),'\n',char(10)),'-3-');
INSERT INTO pages (bookid, page, content, paranum) VALUES('annya_niti_gantha_sangaho_e1007n',11,replace(replace('<p class="gatha1">Sattunā <a name="M2.0011"></a> na hi sandheyya,</p>\r\n<p class="gatha2">Ekadā so bhayaṃ karo;</p>\r\n<p class="gatha3">Sutattamapi pānīyaṃ,</p>\r\n<p class="gathalast">Samayate nu pāvakaṃ.</p>\r\n<p class="hangnum"><a name="para4"></a><span class="paranum">4</span>.</p>\r\n<p class="gatha1"> </p>','\r',char(13)),'\n',char(10)),'-4-');
INSERT INTO pages (bookid, page, content, paranum) VALUES('annya_niti_gantha_sangaho_e1007n',16,replace(replace('<p class="gatha1">Vijahaṃ <a name="M2.0016"></a> pakatiṃ yo hi,</p>\r\n<p class="gatha2">Vikatiṃ puna gacchati;</p>\r\n<p class="gatha3">Sabhāvena ākārena,</p>\r\n<p class="gatha2">Vippallāsaṃ sa gacchati;</p>\r\n<p class="gatha3">Saṃsumāra gatā godhā,</p>\r\n<p class="gathalast">Yathā thī pumavesikā.</p>\r\n<p class="hangnum"><a name="para5"></a><span class="paranum">5</span>.</p>\r\n<p class="gatha1"> </p>','\r',char(13)),'\n',char(10)),'-5-');
INSERT INTO pages (bookid, page, content, paranum) VALUES('annya_niti_gantha_sangaho_e1007n',20,replace(replace('<p class="gatha1">Pakkhaṃ <a name="M2.0020"></a> laddhāna uḍḍenti,</p>\r\n<p class="gatha2">Upacikā hi vammikā;</p>\r\n<p class="gatha3">Nikkhantā maraṇaṃ yanti,</p>\r\n<p class="gatha1">Uppatā nippataṃ gatā.</p>\r\n<p class="hangnum"><a name="para6"></a><span class="paranum">6</span>.</p>\r\n<p class="gatha1"> </p>','\r',char(13)),'\n',char(10)),'-6-');
INSERT INTO pages (bookid, page, content, paranum) VALUES('annya_niti_gantha_sangaho_e1007n',23,replace(replace('<p class="gatha1">Sabbaṃpiyassa <a name="M2.0023"></a> dajjeyya,</p>\r\n<p class="gatha2">Nissesaṃ piyamānasaṃ;</p>\r\n<p class="gatha3">Saddhācittaṃ tu no viññū,</p>\r\n<p class="gathalast">Saddhāyiko pakkhalito.</p>\r\n<p class="hangnum"><a name="para7"></a><span class="paranum">7</span>.</p>\r\n<p class="gatha1"> </p>','\r',char(13)),'\n',char(10)),'-7-');
INSERT INTO pages (bookid, page, content, paranum) VALUES('annya_niti_gantha_sangaho_e1007n',27,replace(replace('<p class="gatha1">Sakkoti <a name="M2.0027"></a> laṅghituṃ byāmaṃ,</p>\r\n<p class="gatha2">Mahussāhena yo hi so;</p>\r\n<p class="gatha3">Tadaḍḍhaṃ anussāhena,</p>\r\n<p class="gatha2">Nossāho tesu thomito;</p>\r\n<p class="gatha3">Mahussāho dukkho loke,</p>\r\n<p class="gathalast">Anussāho sadā sukho.</p>\r\n<p class="hangnum"><a name="para8"></a><span class="paranum">8</span>.</p>\r\n<p class="gatha1"> </p>','\r',char(13)),'\n',char(10)),'-8-');
INSERT INTO pages (bookid, page, content, paranum) VALUES('annya_niti_gantha_sangaho_e1007n',32,replace(replace('<p class="gatha1">Dukkhamaṃ <a name="M2.0032"></a> akkhamanto yo,</p>\r\n<p class="gatha2">Piṭṭhikārīca dukkaraṃ,</p>\r\n<p class="gatha3">Kadā labheyya so loke,</p>\r\n<p class="gatha2">Sukhamaṃ sukaraṃ mudhā;</p>\r\n<p class="gatha3">Paccakkhañhi so kareyya,</p>\r\n<p class="gathalast">Dukkhamañcāpi dukkaraṃ.</p>\r\n<p class="hangnum"><a name="para9"></a><span class="paranum">9</span>.</p>\r\n<p class="gatha1"> </p>','\r',char(13)),'\n',char(10)),'-9-');
INSERT INTO pages (bookid, page, content, paranum) VALUES('annya_niti_gantha_sangaho_e1007n',36,replace(replace('<p class="gatha1">Anaggho <a name="M2.0036"></a> manusso loke,</p>\r\n<p class="gatha2">Tosanāposanādinā;</p>\r\n<p class="gatha3">Tena so mahagghaṃ kammaṃ,</p>\r\n<p class="gathalast">Kare lokahitāyutaṃ.</p>\r\n<p class="hangnum"><a name="para10"></a><span class="paranum">10</span>.</p>\r\n<p class="gatha1"> </p>','\r',char(13)),'\n',char(10)),'-10-');
INSERT INTO pages (bookid, page, content, paranum) VALUES('annya_niti_gantha_sangaho_e1007n',41,replace(replace('<p class="gatha1">Vātena <a name="M2.0041"></a> nappabhijjanti,</p>\r\n<p class="gatha2">Ninnā veḷū kasā naḷā;</p>\r\n<p class="gatha3">Yathāvātaṃ nagacchanti,</p>\r\n<p class="gathalast">Tathā care jane kadā.</p>\r\n<p class="hangnum"><a name="para11"></a><span class="paranum">11</span>.</p>\r\n<p class="gatha1"> </p>','\r',char(13)),'\n',char(10)),'-11-');
INSERT INTO pages (bookid, page, content, paranum) VALUES('annya_niti_gantha_sangaho_e1007n',44,replace(replace('<p class="gatha1">Purato <a name="M2.0044"></a> ca pacchato ce,</p>\r\n<p class="gatha2">Nissayo natthi passato;</p>\r\n<p class="gatha3">Adhikaṃ vīriyaṃ hoti,</p>\r\n<p class="gathalast">Attanātho tadā bhave.</p>\r\n<p class="hangnum"><a name="para12"></a><span class="paranum">12</span>.</p>\r\n<p class="gatha1"> </p>','\r',char(13)),'\n',char(10)),'-12-');
INSERT INTO pages (bookid, page, content, paranum) VALUES('annya_niti_gantha_sangaho_e1007n',48,replace(replace('<p class="gatha1">Khaṇaṃ <a name="M2.0048"></a> ākhubilaṃ sīho,</p>\r\n<p class="gatha2">Pāsāṇasakalākulaṃ;</p>\r\n<p class="gatha3">Pappoti nakhabhaṅgaṃvā,</p>\r\n<p class="gathalast">Phalaṃvā mūsiko bhave.</p>\r\n<p class="hangnum"><a name="para13"></a><span class="paranum">13</span>.</p>\r\n<p class="gatha1"> </p>','\r',char(13)),'\n',char(10)),'-13-');
INSERT INTO pages (bookid, page, content, paranum) VALUES('annya_niti_gantha_sangaho_e1007n',52,replace(replace('<p class="gatha1">Maggamuḷhā <a name="M2.0052"></a> janā andhā,</p>\r\n<p class="gatha2">Amaggā maggasaññino;</p>\r\n<p class="gatha3">Tatheva duppaññā muḷhā,</p>\r\n<p class="gathalast">Tathatthaṃ nāva bujjhare.</p>\r\n<p class="hangnum"><a name="para14"></a><span class="paranum">14</span>.</p>\r\n<p class="gatha1"> </p>','\r',char(13)),'\n',char(10)),'-14-');
INSERT INTO pages (bookid, page, content, paranum) VALUES('annya_niti_gantha_sangaho_e1007n',56,replace(replace('<p class="gatha1">Piyarūpaṃ <a name="M2.0056"></a> vīrarūpaṃ,</p>\r\n<p class="gatha2">Duvidhā rūpasampadā,</p>\r\n<p class="gatha3">Nāriṃ icche piyarūpiṃ,</p>\r\n<p class="gathalast">Purisaṃ vīrarūpakaṃ.</p>\r\n<p class="hangnum"><a name="para15"></a><span class="paranum">15</span>.</p>\r\n<p class="gatha1"> </p>','\r',char(13)),'\n',char(10)),'-15-');
INSERT INTO pages (bookid, page, content, paranum) VALUES('annya_niti_gantha_sangaho_e1007n',60,replace(replace('<p class="gatha1">Pajjalanti <a name="M2.0060"></a> hi khajjotā,</p>\r\n<p class="gatha2">Pakkhacālanakammunā;</p>\r\n<p class="gatha3">Kusitā supitā nete,</p>\r\n<p class="gathalast">Tathā janāpi kammikā.</p>\r\n<p class="hangnum"><a name="para16"></a><span class="paranum">16</span>.</p>\r\n<p class="gatha1"> </p>','\r',char(13)),'\n',char(10)),'-16-');
INSERT INTO pages (bookid, page, content, paranum) VALUES('annya_niti_gantha_sangaho_e1007n',65,replace(replace('<p class="gatha1">Kummasaṅkocamopamya<a name="M2.0065"></a>,</p>\r\n<p class="gatha2">Niggahamapi saṃkhame;</p>\r\n<p class="gatha3">Pattakāle tu nītiñño,</p>\r\n<p class="gathalast">Kaṇhasappova uṭṭhahe.</p>\r\n<p class="hangnum"><a name="para17"></a><span class="paranum">17</span>.</p>\r\n<p class="gatha1"> </p>','\r',char(13)),'\n',char(10)),'-17-');
INSERT INTO pages (bookid, page, content, paranum) VALUES('annya_niti_gantha_sangaho_e1007n',69,replace(replace('<p class="gatha1">Bhakkhasesaṃ <a name="M2.0069"></a> nakhādanti,</p>\r\n<p class="gatha2">Sīhā unnatacetasā;</p>\r\n<p class="gatha3">Paraṃpi napaṇāmenti,</p>\r\n<p class="gathalast">Vuddhikāmā tathā care.</p>\r\n<p class="hangnum"><a name="para18"></a><span class="paranum">18</span>.</p>\r\n<p class="gatha1"> </p>','\r',char(13)),'\n',char(10)),'-18-');
INSERT INTO pages (bookid, page, content, paranum) VALUES('annya_niti_gantha_sangaho_e1007n',72,replace(replace('<p class="gatha1">Na <a name="M2.0072"></a>va vasso samuppanno,</p>\r\n<p class="gatha2">Khīṇo purāṇahāyano;</p>\r\n<p class="gatha3">Navavasse navā mettā,</p>\r\n<p class="gathalast">Bhāvitabbā hitesinā.</p>\r\n<p class="hangnum"><a name="para19"></a><span class="paranum">19</span>.</p>\r\n<p class="gatha1"> </p>','\r',char(13)),'\n',char(10)),'-19-');
INSERT INTO pages (bookid, page, content, paranum) VALUES('annya_niti_gantha_sangaho_e1007n',76,replace(replace('<p class="gatha1">Santāpayanti <a name="M2.0076"></a> kamayāpyabhujaṃ na rogā,</p>\r\n<p class="gatha2">Dummantinaṃ kamupayanti na nītidosā;</p>\r\n<p class="gatha3">Kaṃ srī na mānayati kaṃ na ca hanti maccu,</p>\r\n<p class="gatha1">Kaṃ thīkatā na visayā paripīḷayanti.</p>\r\n<p class="bodytext">(Vasantatilakāgāthā.)</p>\r\n<p class="hangnum"><a name="para20"></a><span class="paranum">20</span>.</p>\r\n<p class="gatha1"> (Ka) </p>','\r',char(13)),'\n',char(10)),'-20-');
INSERT INTO pages (bookid, page, content, paranum) VALUES('annya_niti_gantha_sangaho_e1007n',81,replace(replace('<p class="gatha1">byāmamattena <a name="M2.0081"></a> daṇḍena,</p>\r\n<p class="gatha2">Yolumbya udakaṃ mine;</p>\r\n<p class="gatha3">Agambhīraṃ gambhīraṃvā,</p>\r\n<p class="gathalast">Agādhe maññi gambhīraṃ.</p>\r\n<p class="bodytext">(Kha)</p>\r\n<p class="gatha1">Tathā mando saññāṇena,</p>\r\n<p class="gatha2">Agādhe maññi paṇḍitaṃ;</p>\r\n<p class="gatha3">Samāsamaṃ na jānāti,</p>\r\n<p class="gathalast">Bahvappaṃ tikkhamandataṃ.</p>\r\n<p class="hangnum"><a name="para21"></a><span class="paranum">21</span>.</p>\r\n<p class="gatha1"> </p>','\r',char(13)),'\n',char(10)),'-21-');
INSERT INTO pages (bookid, page, content, paranum) VALUES('annya_niti_gantha_sangaho_e1007n',86,replace(replace('<p class="gatha1">Duṭṭhakamme <a name="M2.0086"></a> saṅgamanti,</p>\r\n<p class="gatha2">Chekakamme ca no idha;</p>\r\n<p class="gatha3">Maccuṃ vahanti sīsena,</p>\r\n<p class="gathalast">Te muḷhā muḷhasaṅgamā.</p>\r\n<p class="hangnum"><a name="para22"></a><span class="paranum">22</span>.</p>\r\n<p class="gatha1"> </p>','\r',char(13)),'\n',char(10)),'-22-');
INSERT INTO pages (bookid, page, content, paranum) VALUES('annya_niti_gantha_sangaho_e1007n',91,replace(replace('<p class="gatha1">Duvidho <a name="M2.0091"></a> saṅgamo loke,</p>\r\n<p class="gatha2">Ujuko kuṭilo bhave;</p>\r\n<p class="gatha3">Ujukova pasaṃseyyo,</p>\r\n<p class="gathalast">Nohyañño sājasaṅgamo.</p>','\r',char(13)),'\n',char(10)),'');
INSERT INTO pages (bookid, page, content, paranum) VALUES('annya_niti_gantha_sangaho_e1007n',93,replace(replace('<p class="bodytext">Te <a name="M2.0093"></a> iminā upāyena samaggā sammodamānā mahā bhittipiṭṭhikāya vasanti. (Mahosadhajātaka aṭṭhakathā)</p>\r\n<p class="hangnum"><a name="para23"></a><span class="paranum">23</span>.</p>\r\n<p class="gatha1"> </p>','\r',char(13)),'\n',char(10)),'-23-');
INSERT INTO pages (bookid, page, content, paranum) VALUES('annya_niti_gantha_sangaho_e1007n',95,replace(replace('<p class="gatha1">Yūthikā <a name="M2.0095"></a> pupphate nohi,</p>\r\n<p class="gatha2">Siñcitāpi punappunaṃ;</p>\r\n<p class="gatha3">Pupphate sampatte kāle,</p>\r\n<p class="gathalast">Evaṃ dhāretha vīriyaṃ.</p>\r\n<p class="hangnum"><a name="para24"></a><span class="paranum">24</span>.</p>\r\n<p class="gatha1"> </p>','\r',char(13)),'\n',char(10)),'-24-');
INSERT INTO pages (bookid, page, content, paranum) VALUES('annya_niti_gantha_sangaho_e1007n',101,replace(replace('<p class="gatha1">Dhanuccayo <a name="M2.0101"></a> dhanakkhepo,</p>\r\n<p class="gatha2">Duvidhā hi dhanākati;</p>\r\n<p class="gatha3">Dhanuccaye nayo atthi,</p>\r\n<p class="gathalast">Dhanakkhepamhi no idha.</p>\r\n<p class="hangnum"><a name="para25"></a><span class="paranum">25</span>.</p>\r\n<p class="gatha1"> </p>','\r',char(13)),'\n',char(10)),'-25-');
INSERT INTO pages (bookid, page, content, paranum) VALUES('annya_niti_gantha_sangaho_e1007n',105,replace(replace('<p class="gatha1">Amātā <a name="M2.0105"></a> pitarasaṃ vaḍḍhaṃ,</p>\r\n<p class="gatha2">Jūtakārañca cañcalaṃ;</p>\r\n<p class="gatha3">Nālapeyya visesaññū,</p>\r\n<p class="gathalast">Yadicche siddhi mattano.</p>','\r',char(13)),'\n',char(10)),'');
INSERT INTO pages (bookid, page, content, paranum) VALUES('annya_niti_gantha_sangaho_e1007n',109,replace(replace('<p class="gatha1">Haliddirāgaṃ <a name="M2.0109"></a> kapicittaṃ,</p>\r\n<p class="gatha2">Purisaṃ rāgavirāginaṃ;</p>\r\n<p class="gatha3">Edisaṃ tāta māsevi,</p>\r\n<p class="gathalast">Nimmanussaṃpi ce siyā.</p>\r\n<p class="hangnum"><a name="para26"></a><span class="paranum">26</span>.</p>\r\n<p class="gatha1"> Guṇā guṇaññūsu guṇā bhavanti,</p>\r\n<p class="gatha2">Te nigguṇaṃ patvā bhavanti dosā;</p>\r\n<p class="gatha3">Āsādyatoyā pabhavanti najjo,</p>\r\n<p class="gathalast">Samudramāsajja bhavantyapeyyā.</p>\r\n<p class="bodytext">(Upajātigāthā)</p>\r\n<p class="hangnum"><a name="para27"></a><span class="paranum">27</span>.</p>\r\n<p class="gatha1"> </p>','\r',char(13)),'\n',char(10)),'-26-27-');
INSERT INTO pages (bookid, page, content, paranum) VALUES('annya_niti_gantha_sangaho_e1007n',113,replace(replace('<p class="gatha1">Silārūpaṃ <a name="M2.0113"></a> nimminanti,</p>\r\n<p class="gatha2">Koṭṭetvāna punappunaṃ;</p>\r\n<p class="gatha3">Koṭṭakova tathā bālā,</p>\r\n<p class="gathalast">Sādhuṃ ovajja nimmitā.</p>','\r',char(13)),'\n',char(10)),'');
INSERT INTO pages (bookid, page, content, paranum) VALUES('annya_niti_gantha_sangaho_e1007n',116,replace(replace('<p class="chapter">Cāṇakyanītilā gāthā</p>\r\n<p class="gatha1">Lālane <a name="M2.0116"></a> bahavo dosā,</p>\r\n<p class="gatha3">Tāḷane bahavo guṇā;</p>\r\n<p class="gatha3">Tasmā puttañca sissañca,</p>\r\n<p class="gathalast">Tāḷaye na ca lālaye.</p>\r\n<p class="hangnum"><a name="para28"></a><span class="paranum">28</span>.</p>\r\n<p class="gatha1"> </p>','\r',char(13)),'\n',char(10)),'-28-');
INSERT INTO pages (bookid, page, content, paranum) VALUES('annya_niti_gantha_sangaho_e1007n',117,replace(replace('<p class="gatha1">Atītassa <a name="M2.0117"></a> hi mittassa,</p>\r\n<p class="gatha2">Yo ce dosaṃ pakāsaye;</p>\r\n<p class="gatha3">So have paccuppannassa,</p>\r\n<p class="gathalast">Dosaṃ bhāseti ñāyati.</p>\r\n<p class="hangnum"><a name="para29"></a><span class="paranum">29</span>.</p>\r\n<p class="gatha1"> </p>','\r',char(13)),'\n',char(10)),'-29-');
INSERT INTO pages (bookid, page, content, paranum) VALUES('annya_niti_gantha_sangaho_e1007n',121,replace(replace('<p class="gatha1">Latāviya <a name="M2.0121"></a> sevakā te,</p>\r\n<p class="gatha2">Ye nissayaṃ palambare;</p>\r\n<p class="gatha3">Nissayassa vināsena,</p>\r\n<p class="gathalast">Bhūmyaṃ senti anāthakā.</p>\r\n<p class="hangnum"><a name="para30"></a><span class="paranum">30</span>.</p>\r\n<p class="gatha1"> </p>','\r',char(13)),'\n',char(10)),'-30-');
INSERT INTO pages (bookid, page, content, paranum) VALUES('annya_niti_gantha_sangaho_e1007n',125,replace(replace('<p class="gatha1">Dosasiṅgehi <a name="M2.0125"></a> vijjhanto,</p>\r\n<p class="gatha2">Mānakhūrehi akkamaṃ;</p>\r\n<p class="gatha3">Bhayaṃ karoti lokamhi,</p>\r\n<p class="gathalast">Gova bālo vihiṃsako.</p>\r\n<p class="hangnum"><a name="para31"></a><span class="paranum">31</span>.</p>\r\n<p class="gatha1"> </p>','\r',char(13)),'\n',char(10)),'-31-');
INSERT INTO pages (bookid, page, content, paranum) VALUES('annya_niti_gantha_sangaho_e1007n',128,replace(replace('<p class="gatha1">Ādo <a name="M2.0128"></a> upari lokoyaṃ,</p>\r\n<p class="gatha2">Ujulekhāya tiṭṭhati;</p>\r\n<p class="gatha3">Musāvātehi taṃlokaṃ,</p>\r\n<p class="gathalast">Nipātesi anajjavaṃ.</p>\r\n<p class="hangnum"><a name="para32"></a><span class="paranum">32</span>.</p>\r\n<p class="gatha1"> </p>','\r',char(13)),'\n',char(10)),'-32-');
INSERT INTO pages (bookid, page, content, paranum) VALUES('annya_niti_gantha_sangaho_e1007n',132,replace(replace('<p class="gatha1">Sughaṭaṃ <a name="M2.0132"></a> kumbhakārena,</p>\r\n<p class="gatha2">Nāraho paribhuñjituṃ;</p>\r\n<p class="gatha3">Tathūpamāya vekkheyya,</p>\r\n<p class="gathalast">Sakammaparakammani.</p>\r\n<p class="hangnum"><a name="para33"></a><span class="paranum">33</span>.</p>\r\n<p class="gatha1"> </p>','\r',char(13)),'\n',char(10)),'-33-');
INSERT INTO pages (bookid, page, content, paranum) VALUES('annya_niti_gantha_sangaho_e1007n',136,replace(replace('<p class="gatha1">Anantaraṃsī <a name="M2.0136"></a> sūropi,</p>\r\n<p class="gatha2">Nasakkoti ghanaṃ tamaṃ;</p>\r\n<p class="gatha3">Vijjhituṃ raṃsiyā loke,</p>\r\n<p class="gatha2">Tathā madanamohitā;</p>\r\n<p class="gatha3">Nasakkonti madaṃ bhetvā,</p>\r\n<p class="gathalast">Paññābhāya pabhāsituṃ.</p>\r\n<p class="hangnum"><a name="para34"></a><span class="paranum">34</span>.</p>\r\n<p class="gatha1"> </p>','\r',char(13)),'\n',char(10)),'-34-');
INSERT INTO pages (bookid, page, content, paranum) VALUES('annya_niti_gantha_sangaho_e1007n',139,replace(replace('<p class="gatha1">Khedaveraṃ <a name="M2.0139"></a> daliddamhi,</p>\r\n<p class="gatha2">Bhogimhi rogupaddavaṃ;</p>\r\n<p class="gatha3">Dessaverañca āṇimhi,</p>\r\n<p class="gathalast">Passe lokassa veritaṃ.</p>\r\n<p class="hangnum"><a name="para35"></a><span class="paranum">35</span>.</p>\r\n<p class="gatha1"> </p>','\r',char(13)),'\n',char(10)),'-35-');
INSERT INTO pages (bookid, page, content, paranum) VALUES('annya_niti_gantha_sangaho_e1007n',144,replace(replace('<p class="gatha1">Saṃladdhena <a name="M2.0144"></a> subhogena,</p>\r\n<p class="gatha2">Jīvaṃ suddhaṃ kare nijaṃ;</p>\r\n<p class="gatha3">Seṭṭho so tena jīvena,</p>\r\n<p class="gathalast">Jeguccho malajīviko.</p>\r\n<p class="hangnum"><a name="para36"></a><span class="paranum">36</span>.</p>\r\n<p class="gatha1"> </p>','\r',char(13)),'\n',char(10)),'-36-');
INSERT INTO pages (bookid, page, content, paranum) VALUES('annya_niti_gantha_sangaho_e1007n',148,replace(replace('<p class="gatha1">Vajira <a name="M2.0148"></a> puppharāgānaṃ,</p>\r\n<p class="gatha2">Visesaṃ yo nabujjhati;</p>\r\n<p class="gatha3">Kathañhi so vikkīṇeyya,</p>\r\n<p class="gathalast">Kīṇeyya vā yathātathaṃ.</p>\r\n<p class="hangnum"><a name="para37"></a><span class="paranum">37</span>.</p>\r\n<p class="gatha1"> </p>','\r',char(13)),'\n',char(10)),'-37-');
INSERT INTO pages (bookid, page, content, paranum) VALUES('annya_niti_gantha_sangaho_e1007n',152,replace(replace('<p class="gatha1">Kippīli <a name="M2.0152"></a> kopi cintetvā,</p>\r\n<p class="gatha2">Pabbataṃ bhettu mussahaṃ;</p>\r\n<p class="gatha3">Abalā tanumajjhattā,</p>\r\n<p class="gathalast">Cintā hasyāva sā mudhā.</p>\r\n<p class="hangnum"><a name="para38"></a><span class="paranum">38</span>.</p>\r\n<p class="gatha1"> </p>','\r',char(13)),'\n',char(10)),'-38-');
INSERT INTO pages (bookid, page, content, paranum) VALUES('annya_niti_gantha_sangaho_e1007n',155,replace(replace('<p class="gatha1">Jātamattaṃ <a name="M2.0155"></a> na yo sattuṃ,</p>\r\n<p class="gatha2">Rogañcūpasamaṃ naye;</p>\r\n<p class="gatha3">Mahābalopi teneva,</p>\r\n<p class="gathalast">Vuddhiṃpatvā sa haññate.</p>\r\n<p class="hangnum"><a name="para39"></a><span class="paranum">39</span>.</p>\r\n<p class="gatha1"> </p>','\r',char(13)),'\n',char(10)),'-39-');
INSERT INTO pages (bookid, page, content, paranum) VALUES('annya_niti_gantha_sangaho_e1007n',159,replace(replace('<p class="gatha1">Sajīvamaṃsabhakkhehi<a name="M2.0159"></a>,</p>\r\n<p class="gatha2">Sadāṭhīhi mukhehi bho;</p>','\r',char(13)),'\n',char(10)),'');
INSERT INTO pages (bookid, page, content, paranum) VALUES('annya_niti_gantha_sangaho_e1007n',160,replace(replace('<p class="gatha3">Biḷārabyagghasīhānaṃ<a name="M2.0160"></a>,</p>\r\n<p class="gatha2">Nihīnāni anekadhā;</p>\r\n<p class="gatha3">Tikkhāni kharavādāni,</p>\r\n<p class="gathalast">Manussānaṃ mukhāni ve.</p>\r\n<p class="hangnum"><a name="para40"></a><span class="paranum">40</span>.</p>\r\n<p class="gatha1"> </p>','\r',char(13)),'\n',char(10)),'-40-');
INSERT INTO pages (bookid, page, content, paranum) VALUES('annya_niti_gantha_sangaho_e1007n',163,replace(replace('<p class="gatha1">Viluppantā <a name="M2.0163"></a> vidhāvanti,</p>\r\n<p class="gatha2">Sajīvavuttikammunā;</p>\r\n<p class="gatha3">Janā tena vihaññanti,</p>\r\n<p class="gathalast">Caranti dhammavemukhā.</p>\r\n<p class="hangnum"><a name="para41"></a><span class="paranum">41</span>.</p>\r\n<p class="gatha1"> </p>','\r',char(13)),'\n',char(10)),'-41-');
INSERT INTO pages (bookid, page, content, paranum) VALUES('annya_niti_gantha_sangaho_e1007n',167,replace(replace('<p class="gatha1">Sulabhaṃ <a name="M2.0167"></a> lokiyaṃ loke,</p>\r\n<p class="gatha2">Sāsanīyaṃva dullabhaṃ;</p>\r\n<p class="gatha3">Dullabhaṃ taṃ vamaññanto,</p>\r\n<p class="gathalast">Eso bālatamo bhave.</p>\r\n<p class="hangnum"><a name="para42"></a><span class="paranum">42</span>.</p>\r\n<p class="gatha1"> </p>','\r',char(13)),'\n',char(10)),'-42-');
INSERT INTO pages (bookid, page, content, paranum) VALUES('annya_niti_gantha_sangaho_e1007n',172,replace(replace('<p class="gatha1">Yo <a name="M2.0172"></a> patittha agyāvāṭaṃ,</p>\r\n<p class="gatha2">Mohā taṃ upakārituṃ;</p>\r\n<p class="gatha3">Aññorohi tadā vāṭaṃ,</p>\r\n<p class="gathalast">Dutīyo muḷhamuḷhako.</p>\r\n<p class="hangnum"><a name="para43"></a><span class="paranum">43</span>.</p>\r\n<p class="gatha1"> </p>','\r',char(13)),'\n',char(10)),'-43-');
INSERT INTO pages (bookid, page, content, paranum) VALUES('annya_niti_gantha_sangaho_e1007n',176,replace(replace('<p class="gatha1">Byaggho <a name="M2.0176"></a> āvudhaviddho hi,</p>\r\n<p class="gatha2">Akā duṭṭhāni ninnadaṃ;</p>\r\n<p class="gatha3">Tatheva sādhusatthena,</p>\r\n<p class="gathalast">Viddho bālo pakuppito.</p>\r\n<p class="hangnum"><a name="para44"></a><span class="paranum">44</span>.</p>\r\n<p class="gatha1"> </p>','\r',char(13)),'\n',char(10)),'-44-');
INSERT INTO pages (bookid, page, content, paranum) VALUES('annya_niti_gantha_sangaho_e1007n',180,replace(replace('<p class="gatha1">Pivanti <a name="M2.0180"></a> lohitaṃ ḍaṃsā,</p>\r\n<p class="gatha2">Anto tuṇḍena makkhikā;</p>\r\n<p class="gatha3">Bahiddhā parivārenti,</p>\r\n<p class="gathalast">Jano tena ḍaṃsāyaye.</p>\r\n<p class="hangnum"><a name="para45"></a><span class="paranum">45</span>.</p>\r\n<p class="gatha1"> </p>','\r',char(13)),'\n',char(10)),'-45-');
INSERT INTO pages (bookid, page, content, paranum) VALUES('annya_niti_gantha_sangaho_e1007n',184,replace(replace('<p class="gatha1">Adhanassa <a name="M2.0184"></a> khaṇo appo,</p>\r\n<p class="gatha2">Saddhammo appakālino;</p>\r\n<p class="gatha3">Appako tena yuñjeyyuṃ,</p>\r\n<p class="gathalast">Khaṇaṃ bahuṃ labhetave.</p>','\r',char(13)),'\n',char(10)),'');
DELETE FROM books where id='annya_niti_gantha_sangaho_e1004n';
INSERT INTO books VALUES('annya_niti_gantha_sangaho_e1004n','annya','annya_niti_gantha_sangaho','Mahārahanīti',1,112,109);
DELETE FROM tocs where book_id='annya_niti_gantha_sangaho_e1004n';
INSERT INTO tocs VALUES('annya_niti_gantha_sangaho_e1004n','Paṇḍitakathā','chapter',1);
INSERT INTO tocs VALUES('annya_niti_gantha_sangaho_e1004n','Sambhedakathā','chapter',36);
INSERT INTO tocs VALUES('annya_niti_gantha_sangaho_e1004n','Mittakathā','chapter',50);
INSERT INTO tocs VALUES('annya_niti_gantha_sangaho_e1004n','Nāyakakathā','chapter',72);
INSERT INTO tocs VALUES('annya_niti_gantha_sangaho_e1004n','Itthikathā','chapter',86);
DELETE FROM paragraphs where book_id='annya_niti_gantha_sangaho_e1004n';
INSERT INTO paragraphs VALUES('annya_niti_gantha_sangaho_e1004n',1,1);
INSERT INTO paragraphs VALUES('annya_niti_gantha_sangaho_e1004n',2,1);
INSERT INTO paragraphs VALUES('annya_niti_gantha_sangaho_e1004n',3,2);
INSERT INTO paragraphs VALUES('annya_niti_gantha_sangaho_e1004n',4,2);
INSERT INTO paragraphs VALUES('annya_niti_gantha_sangaho_e1004n',5,3);
INSERT INTO paragraphs VALUES('annya_niti_gantha_sangaho_e1004n',6,3);
INSERT INTO paragraphs VALUES('annya_niti_gantha_sangaho_e1004n',7,4);
INSERT INTO paragraphs VALUES('annya_niti_gantha_sangaho_e1004n',8,4);
INSERT INTO paragraphs VALUES('annya_niti_gantha_sangaho_e1004n',9,5);
INSERT INTO paragraphs VALUES('annya_niti_gantha_sangaho_e1004n',10,5);
INSERT INTO paragraphs VALUES('annya_niti_gantha_sangaho_e1004n',11,6);
INSERT INTO paragraphs VALUES('annya_niti_gantha_sangaho_e1004n',12,6);
INSERT INTO paragraphs VALUES('annya_niti_gantha_sangaho_e1004n',13,7);
INSERT INTO paragraphs VALUES('annya_niti_gantha_sangaho_e1004n',14,7);
INSERT INTO paragraphs VALUES('annya_niti_gantha_sangaho_e1004n',15,8);
INSERT INTO paragraphs VALUES('annya_niti_gantha_sangaho_e1004n',16,8);
INSERT INTO paragraphs VALUES('annya_niti_gantha_sangaho_e1004n',17,8);
INSERT INTO paragraphs VALUES('annya_niti_gantha_sangaho_e1004n',18,9);
INSERT INTO paragraphs VALUES('annya_niti_gantha_sangaho_e1004n',19,9);
INSERT INTO paragraphs VALUES('annya_niti_gantha_sangaho_e1004n',20,10);
INSERT INTO paragraphs VALUES('annya_niti_gantha_sangaho_e1004n',21,10);
INSERT INTO paragraphs VALUES('annya_niti_gantha_sangaho_e1004n',22,11);
INSERT INTO paragraphs VALUES('annya_niti_gantha_sangaho_e1004n',23,11);
INSERT INTO paragraphs VALUES('annya_niti_gantha_sangaho_e1004n',24,12);
INSERT INTO paragraphs VALUES('annya_niti_gantha_sangaho_e1004n',25,12);
INSERT INTO paragraphs VALUES('annya_niti_gantha_sangaho_e1004n',26,13);
INSERT INTO paragraphs VALUES('annya_niti_gantha_sangaho_e1004n',27,13);
INSERT INTO paragraphs VALUES('annya_niti_gantha_sangaho_e1004n',28,13);
INSERT INTO paragraphs VALUES('annya_niti_gantha_sangaho_e1004n',29,14);
INSERT INTO paragraphs VALUES('annya_niti_gantha_sangaho_e1004n',30,14);
INSERT INTO paragraphs VALUES('annya_niti_gantha_sangaho_e1004n',31,15);
INSERT INTO paragraphs VALUES('annya_niti_gantha_sangaho_e1004n',32,15);
INSERT INTO paragraphs VALUES('annya_niti_gantha_sangaho_e1004n',33,15);
INSERT INTO paragraphs VALUES('annya_niti_gantha_sangaho_e1004n',34,16);
INSERT INTO paragraphs VALUES('annya_niti_gantha_sangaho_e1004n',35,16);
INSERT INTO paragraphs VALUES('annya_niti_gantha_sangaho_e1004n',36,17);
INSERT INTO paragraphs VALUES('annya_niti_gantha_sangaho_e1004n',37,17);
INSERT INTO paragraphs VALUES('annya_niti_gantha_sangaho_e1004n',38,17);
INSERT INTO paragraphs VALUES('annya_niti_gantha_sangaho_e1004n',39,18);
INSERT INTO paragraphs VALUES('annya_niti_gantha_sangaho_e1004n',40,18);
INSERT INTO paragraphs VALUES('annya_niti_gantha_sangaho_e1004n',41,19);
INSERT INTO paragraphs VALUES('annya_niti_gantha_sangaho_e1004n',42,19);
INSERT INTO paragraphs VALUES('annya_niti_gantha_sangaho_e1004n',43,19);
INSERT INTO paragraphs VALUES('annya_niti_gantha_sangaho_e1004n',44,20);
INSERT INTO paragraphs VALUES('annya_niti_gantha_sangaho_e1004n',45,20);
INSERT INTO paragraphs VALUES('annya_niti_gantha_sangaho_e1004n',46,21);
INSERT INTO paragraphs VALUES('annya_niti_gantha_sangaho_e1004n',47,21);
INSERT INTO paragraphs VALUES('annya_niti_gantha_sangaho_e1004n',48,22);
INSERT INTO paragraphs VALUES('annya_niti_gantha_sangaho_e1004n',49,22);
INSERT INTO paragraphs VALUES('annya_niti_gantha_sangaho_e1004n',50,22);
INSERT INTO paragraphs VALUES('annya_niti_gantha_sangaho_e1004n',51,23);
INSERT INTO paragraphs VALUES('annya_niti_gantha_sangaho_e1004n',52,23);
INSERT INTO paragraphs VALUES('annya_niti_gantha_sangaho_e1004n',53,24);
INSERT INTO paragraphs VALUES('annya_niti_gantha_sangaho_e1004n',54,24);
INSERT INTO paragraphs VALUES('annya_niti_gantha_sangaho_e1004n',55,24);
INSERT INTO paragraphs VALUES('annya_niti_gantha_sangaho_e1004n',56,25);
INSERT INTO paragraphs VALUES('annya_niti_gantha_sangaho_e1004n',57,25);
INSERT INTO paragraphs VALUES('annya_niti_gantha_sangaho_e1004n',58,26);
INSERT INTO paragraphs VALUES('annya_niti_gantha_sangaho_e1004n',59,26);
INSERT INTO paragraphs VALUES('annya_niti_gantha_sangaho_e1004n',60,26);
INSERT INTO paragraphs VALUES('annya_niti_gantha_sangaho_e1004n',61,26);
INSERT INTO paragraphs VALUES('annya_niti_gantha_sangaho_e1004n',62,26);
INSERT INTO paragraphs VALUES('annya_niti_gantha_sangaho_e1004n',63,28);
INSERT INTO paragraphs VALUES('annya_niti_gantha_sangaho_e1004n',64,28);
INSERT INTO paragraphs VALUES('annya_niti_gantha_sangaho_e1004n',65,29);
INSERT INTO paragraphs VALUES('annya_niti_gantha_sangaho_e1004n',66,29);
INSERT INTO paragraphs VALUES('annya_niti_gantha_sangaho_e1004n',67,30);
INSERT INTO paragraphs VALUES('annya_niti_gantha_sangaho_e1004n',68,30);
INSERT INTO paragraphs VALUES('annya_niti_gantha_sangaho_e1004n',69,30);
INSERT INTO paragraphs VALUES('annya_niti_gantha_sangaho_e1004n',70,31);
INSERT INTO paragraphs VALUES('annya_niti_gantha_sangaho_e1004n',71,31);
INSERT INTO paragraphs VALUES('annya_niti_gantha_sangaho_e1004n',72,32);
INSERT INTO paragraphs VALUES('annya_niti_gantha_sangaho_e1004n',73,32);
INSERT INTO paragraphs VALUES('annya_niti_gantha_sangaho_e1004n',74,32);
INSERT INTO paragraphs VALUES('annya_niti_gantha_sangaho_e1004n',75,33);
INSERT INTO paragraphs VALUES('annya_niti_gantha_sangaho_e1004n',76,33);
INSERT INTO paragraphs VALUES('annya_niti_gantha_sangaho_e1004n',77,34);
INSERT INTO paragraphs VALUES('annya_niti_gantha_sangaho_e1004n',78,34);
INSERT INTO paragraphs VALUES('annya_niti_gantha_sangaho_e1004n',79,35);
INSERT INTO paragraphs VALUES('annya_niti_gantha_sangaho_e1004n',80,35);
INSERT INTO paragraphs VALUES('annya_niti_gantha_sangaho_e1004n',81,36);
INSERT INTO paragraphs VALUES('annya_niti_gantha_sangaho_e1004n',82,37);
INSERT INTO paragraphs VALUES('annya_niti_gantha_sangaho_e1004n',83,37);
INSERT INTO paragraphs VALUES('annya_niti_gantha_sangaho_e1004n',84,38);
INSERT INTO paragraphs VALUES('annya_niti_gantha_sangaho_e1004n',85,38);
INSERT INTO paragraphs VALUES('annya_niti_gantha_sangaho_e1004n',86,38);
INSERT INTO paragraphs VALUES('annya_niti_gantha_sangaho_e1004n',87,39);
INSERT INTO paragraphs VALUES('annya_niti_gantha_sangaho_e1004n',88,39);
INSERT INTO paragraphs VALUES('annya_niti_gantha_sangaho_e1004n',89,40);
INSERT INTO paragraphs VALUES('annya_niti_gantha_sangaho_e1004n',90,40);
INSERT INTO paragraphs VALUES('annya_niti_gantha_sangaho_e1004n',91,40);
INSERT INTO paragraphs VALUES('annya_niti_gantha_sangaho_e1004n',92,41);
INSERT INTO paragraphs VALUES('annya_niti_gantha_sangaho_e1004n',93,41);
INSERT INTO paragraphs VALUES('annya_niti_gantha_sangaho_e1004n',94,42);
INSERT INTO paragraphs VALUES('annya_niti_gantha_sangaho_e1004n',95,42);
INSERT INTO paragraphs VALUES('annya_niti_gantha_sangaho_e1004n',96,43);
INSERT INTO paragraphs VALUES('annya_niti_gantha_sangaho_e1004n',97,43);
INSERT INTO paragraphs VALUES('annya_niti_gantha_sangaho_e1004n',98,43);
INSERT INTO paragraphs VALUES('annya_niti_gantha_sangaho_e1004n',99,44);
INSERT INTO paragraphs VALUES('annya_niti_gantha_sangaho_e1004n',100,44);
INSERT INTO paragraphs VALUES('annya_niti_gantha_sangaho_e1004n',101,44);
INSERT INTO paragraphs VALUES('annya_niti_gantha_sangaho_e1004n',102,45);
INSERT INTO paragraphs VALUES('annya_niti_gantha_sangaho_e1004n',103,45);
INSERT INTO paragraphs VALUES('annya_niti_gantha_sangaho_e1004n',104,46);
INSERT INTO paragraphs VALUES('annya_niti_gantha_sangaho_e1004n',105,46);
INSERT INTO paragraphs VALUES('annya_niti_gantha_sangaho_e1004n',106,47);
INSERT INTO paragraphs VALUES('annya_niti_gantha_sangaho_e1004n',107,47);
INSERT INTO paragraphs VALUES('annya_niti_gantha_sangaho_e1004n',108,47);
INSERT INTO paragraphs VALUES('annya_niti_gantha_sangaho_e1004n',109,48);
INSERT INTO paragraphs VALUES('annya_niti_gantha_sangaho_e1004n',110,48);
INSERT INTO paragraphs VALUES('annya_niti_gantha_sangaho_e1004n',111,49);
INSERT INTO paragraphs VALUES('annya_niti_gantha_sangaho_e1004n',112,49);
INSERT INTO paragraphs VALUES('annya_niti_gantha_sangaho_e1004n',113,50);
INSERT INTO paragraphs VALUES('annya_niti_gantha_sangaho_e1004n',114,51);
INSERT INTO paragraphs VALUES('annya_niti_gantha_sangaho_e1004n',115,51);
INSERT INTO paragraphs VALUES('annya_niti_gantha_sangaho_e1004n',116,52);
INSERT INTO paragraphs VALUES('annya_niti_gantha_sangaho_e1004n',117,52);
INSERT INTO paragraphs VALUES('annya_niti_gantha_sangaho_e1004n',118,52);
INSERT INTO paragraphs VALUES('annya_niti_gantha_sangaho_e1004n',119,53);
INSERT INTO paragraphs VALUES('annya_niti_gantha_sangaho_e1004n',120,53);
INSERT INTO paragraphs VALUES('annya_niti_gantha_sangaho_e1004n',121,54);
INSERT INTO paragraphs VALUES('annya_niti_gantha_sangaho_e1004n',122,54);
INSERT INTO paragraphs VALUES('annya_niti_gantha_sangaho_e1004n',123,54);
INSERT INTO paragraphs VALUES('annya_niti_gantha_sangaho_e1004n',124,55);
INSERT INTO paragraphs VALUES('annya_niti_gantha_sangaho_e1004n',125,55);
INSERT INTO paragraphs VALUES('annya_niti_gantha_sangaho_e1004n',126,56);
INSERT INTO paragraphs VALUES('annya_niti_gantha_sangaho_e1004n',127,56);
INSERT INTO paragraphs VALUES('annya_niti_gantha_sangaho_e1004n',128,57);
INSERT INTO paragraphs VALUES('annya_niti_gantha_sangaho_e1004n',129,57);
INSERT INTO paragraphs VALUES('annya_niti_gantha_sangaho_e1004n',130,58);
INSERT INTO paragraphs VALUES('annya_niti_gantha_sangaho_e1004n',131,58);
INSERT INTO paragraphs VALUES('annya_niti_gantha_sangaho_e1004n',132,58);
INSERT INTO paragraphs VALUES('annya_niti_gantha_sangaho_e1004n',133,59);
INSERT INTO paragraphs VALUES('annya_niti_gantha_sangaho_e1004n',134,59);
INSERT INTO paragraphs VALUES('annya_niti_gantha_sangaho_e1004n',135,60);
INSERT INTO paragraphs VALUES('annya_niti_gantha_sangaho_e1004n',136,60);
INSERT INTO paragraphs VALUES('annya_niti_gantha_sangaho_e1004n',137,60);
INSERT INTO paragraphs VALUES('annya_niti_gantha_sangaho_e1004n',138,61);
INSERT INTO paragraphs VALUES('annya_niti_gantha_sangaho_e1004n',139,61);
INSERT INTO paragraphs VALUES('annya_niti_gantha_sangaho_e1004n',140,62);
INSERT INTO paragraphs VALUES('annya_niti_gantha_sangaho_e1004n',141,62);
INSERT INTO paragraphs VALUES('annya_niti_gantha_sangaho_e1004n',142,63);
INSERT INTO paragraphs VALUES('annya_niti_gantha_sangaho_e1004n',143,63);
INSERT INTO paragraphs VALUES('annya_niti_gantha_sangaho_e1004n',144,63);
INSERT INTO paragraphs VALUES('annya_niti_gantha_sangaho_e1004n',145,64);
INSERT INTO paragraphs VALUES('annya_niti_gantha_sangaho_e1004n',146,64);
INSERT INTO paragraphs VALUES('annya_niti_gantha_sangaho_e1004n',147,65);
INSERT INTO paragraphs VALUES('annya_niti_gantha_sangaho_e1004n',148,65);
INSERT INTO paragraphs VALUES('annya_niti_gantha_sangaho_e1004n',149,66);
INSERT INTO paragraphs VALUES('annya_niti_gantha_sangaho_e1004n',150,66);
INSERT INTO paragraphs VALUES('annya_niti_gantha_sangaho_e1004n',151,66);
INSERT INTO paragraphs VALUES('annya_niti_gantha_sangaho_e1004n',152,67);
INSERT INTO paragraphs VALUES('annya_niti_gantha_sangaho_e1004n',153,67);
INSERT INTO paragraphs VALUES('annya_niti_gantha_sangaho_e1004n',154,68);
INSERT INTO paragraphs VALUES('annya_niti_gantha_sangaho_e1004n',155,68);
INSERT INTO paragraphs VALUES('annya_niti_gantha_sangaho_e1004n',156,68);
INSERT INTO paragraphs VALUES('annya_niti_gantha_sangaho_e1004n',157,69);
INSERT INTO paragraphs VALUES('annya_niti_gantha_sangaho_e1004n',158,69);
INSERT INTO paragraphs VALUES('annya_niti_gantha_sangaho_e1004n',159,70);
INSERT INTO paragraphs VALUES('annya_niti_gantha_sangaho_e1004n',160,70);
INSERT INTO paragraphs VALUES('annya_niti_gantha_sangaho_e1004n',161,70);
INSERT INTO paragraphs VALUES('annya_niti_gantha_sangaho_e1004n',162,71);
INSERT INTO paragraphs VALUES('annya_niti_gantha_sangaho_e1004n',163,71);
INSERT INTO paragraphs VALUES('annya_niti_gantha_sangaho_e1004n',164,72);
INSERT INTO paragraphs VALUES('annya_niti_gantha_sangaho_e1004n',165,73);
INSERT INTO paragraphs VALUES('annya_niti_gantha_sangaho_e1004n',166,73);
INSERT INTO paragraphs VALUES('annya_niti_gantha_sangaho_e1004n',167,74);
INSERT INTO paragraphs VALUES('annya_niti_gantha_sangaho_e1004n',168,74);
INSERT INTO paragraphs VALUES('annya_niti_gantha_sangaho_e1004n',169,74);
INSERT INTO paragraphs VALUES('annya_niti_gantha_sangaho_e1004n',170,75);
INSERT INTO paragraphs VALUES('annya_niti_gantha_sangaho_e1004n',171,75);
INSERT INTO paragraphs VALUES('annya_niti_gantha_sangaho_e1004n',172,76);
INSERT INTO paragraphs VALUES('annya_niti_gantha_sangaho_e1004n',173,76);
INSERT INTO paragraphs VALUES('annya_niti_gantha_sangaho_e1004n',174,76);
INSERT INTO paragraphs VALUES('annya_niti_gantha_sangaho_e1004n',175,77);
INSERT INTO paragraphs VALUES('annya_niti_gantha_sangaho_e1004n',176,77);
INSERT INTO paragraphs VALUES('annya_niti_gantha_sangaho_e1004n',177,78);
INSERT INTO paragraphs VALUES('annya_niti_gantha_sangaho_e1004n',178,78);
INSERT INTO paragraphs VALUES('annya_niti_gantha_sangaho_e1004n',179,79);
INSERT INTO paragraphs VALUES('annya_niti_gantha_sangaho_e1004n',180,79);
INSERT INTO paragraphs VALUES('annya_niti_gantha_sangaho_e1004n',181,79);
INSERT INTO paragraphs VALUES('annya_niti_gantha_sangaho_e1004n',182,80);
INSERT INTO paragraphs VALUES('annya_niti_gantha_sangaho_e1004n',183,80);
INSERT INTO paragraphs VALUES('annya_niti_gantha_sangaho_e1004n',184,81);
INSERT INTO paragraphs VALUES('annya_niti_gantha_sangaho_e1004n',185,81);
INSERT INTO paragraphs VALUES('annya_niti_gantha_sangaho_e1004n',186,81);
INSERT INTO paragraphs VALUES('annya_niti_gantha_sangaho_e1004n',187,82);
INSERT INTO paragraphs VALUES('annya_niti_gantha_sangaho_e1004n',188,82);
INSERT INTO paragraphs VALUES('annya_niti_gantha_sangaho_e1004n',189,83);
INSERT INTO paragraphs VALUES('annya_niti_gantha_sangaho_e1004n',190,83);
INSERT INTO paragraphs VALUES('annya_niti_gantha_sangaho_e1004n',191,83);
INSERT INTO paragraphs VALUES('annya_niti_gantha_sangaho_e1004n',192,84);
INSERT INTO paragraphs VALUES('annya_niti_gantha_sangaho_e1004n',193,84);
INSERT INTO paragraphs VALUES('annya_niti_gantha_sangaho_e1004n',194,85);
INSERT INTO paragraphs VALUES('annya_niti_gantha_sangaho_e1004n',195,85);
INSERT INTO paragraphs VALUES('annya_niti_gantha_sangaho_e1004n',196,85);
INSERT INTO paragraphs VALUES('annya_niti_gantha_sangaho_e1004n',197,86);
INSERT INTO paragraphs VALUES('annya_niti_gantha_sangaho_e1004n',198,86);
INSERT INTO paragraphs VALUES('annya_niti_gantha_sangaho_e1004n',199,89);
INSERT INTO paragraphs VALUES('annya_niti_gantha_sangaho_e1004n',200,89);
INSERT INTO paragraphs VALUES('annya_niti_gantha_sangaho_e1004n',201,89);
INSERT INTO paragraphs VALUES('annya_niti_gantha_sangaho_e1004n',202,89);
INSERT INTO paragraphs VALUES('annya_niti_gantha_sangaho_e1004n',203,90);
INSERT INTO paragraphs VALUES('annya_niti_gantha_sangaho_e1004n',204,90);
INSERT INTO paragraphs VALUES('annya_niti_gantha_sangaho_e1004n',205,90);
INSERT INTO paragraphs VALUES('annya_niti_gantha_sangaho_e1004n',206,91);
INSERT INTO paragraphs VALUES('annya_niti_gantha_sangaho_e1004n',207,91);
INSERT INTO paragraphs VALUES('annya_niti_gantha_sangaho_e1004n',208,91);
INSERT INTO paragraphs VALUES('annya_niti_gantha_sangaho_e1004n',209,91);
INSERT INTO paragraphs VALUES('annya_niti_gantha_sangaho_e1004n',210,93);
INSERT INTO paragraphs VALUES('annya_niti_gantha_sangaho_e1004n',211,93);
INSERT INTO paragraphs VALUES('annya_niti_gantha_sangaho_e1004n',212,94);
INSERT INTO paragraphs VALUES('annya_niti_gantha_sangaho_e1004n',213,94);
INSERT INTO paragraphs VALUES('annya_niti_gantha_sangaho_e1004n',214,94);
INSERT INTO paragraphs VALUES('annya_niti_gantha_sangaho_e1004n',215,95);
INSERT INTO paragraphs VALUES('annya_niti_gantha_sangaho_e1004n',216,95);
INSERT INTO paragraphs VALUES('annya_niti_gantha_sangaho_e1004n',217,96);
INSERT INTO paragraphs VALUES('annya_niti_gantha_sangaho_e1004n',218,96);
INSERT INTO paragraphs VALUES('annya_niti_gantha_sangaho_e1004n',219,96);
INSERT INTO paragraphs VALUES('annya_niti_gantha_sangaho_e1004n',220,97);
INSERT INTO paragraphs VALUES('annya_niti_gantha_sangaho_e1004n',221,97);
INSERT INTO paragraphs VALUES('annya_niti_gantha_sangaho_e1004n',222,98);
INSERT INTO paragraphs VALUES('annya_niti_gantha_sangaho_e1004n',223,98);
INSERT INTO paragraphs VALUES('annya_niti_gantha_sangaho_e1004n',224,98);
INSERT INTO paragraphs VALUES('annya_niti_gantha_sangaho_e1004n',225,99);
INSERT INTO paragraphs VALUES('annya_niti_gantha_sangaho_e1004n',226,99);
INSERT INTO paragraphs VALUES('annya_niti_gantha_sangaho_e1004n',227,100);
INSERT INTO paragraphs VALUES('annya_niti_gantha_sangaho_e1004n',228,100);
INSERT INTO paragraphs VALUES('annya_niti_gantha_sangaho_e1004n',229,100);
INSERT INTO paragraphs VALUES('annya_niti_gantha_sangaho_e1004n',230,101);
INSERT INTO paragraphs VALUES('annya_niti_gantha_sangaho_e1004n',231,101);
INSERT INTO paragraphs VALUES('annya_niti_gantha_sangaho_e1004n',232,102);
INSERT INTO paragraphs VALUES('annya_niti_gantha_sangaho_e1004n',233,102);
INSERT INTO paragraphs VALUES('annya_niti_gantha_sangaho_e1004n',234,103);
INSERT INTO paragraphs VALUES('annya_niti_gantha_sangaho_e1004n',235,103);
INSERT INTO paragraphs VALUES('annya_niti_gantha_sangaho_e1004n',236,104);
INSERT INTO paragraphs VALUES('annya_niti_gantha_sangaho_e1004n',237,104);
INSERT INTO paragraphs VALUES('annya_niti_gantha_sangaho_e1004n',238,104);
INSERT INTO paragraphs VALUES('annya_niti_gantha_sangaho_e1004n',239,105);
INSERT INTO paragraphs VALUES('annya_niti_gantha_sangaho_e1004n',240,105);
INSERT INTO paragraphs VALUES('annya_niti_gantha_sangaho_e1004n',241,106);
INSERT INTO paragraphs VALUES('annya_niti_gantha_sangaho_e1004n',242,106);
INSERT INTO paragraphs VALUES('annya_niti_gantha_sangaho_e1004n',243,107);
INSERT INTO paragraphs VALUES('annya_niti_gantha_sangaho_e1004n',244,107);
INSERT INTO paragraphs VALUES('annya_niti_gantha_sangaho_e1004n',245,107);
INSERT INTO paragraphs VALUES('annya_niti_gantha_sangaho_e1004n',246,108);
INSERT INTO paragraphs VALUES('annya_niti_gantha_sangaho_e1004n',247,108);
INSERT INTO paragraphs VALUES('annya_niti_gantha_sangaho_e1004n',248,109);
INSERT INTO paragraphs VALUES('annya_niti_gantha_sangaho_e1004n',249,109);
INSERT INTO paragraphs VALUES('annya_niti_gantha_sangaho_e1004n',250,109);
INSERT INTO paragraphs VALUES('annya_niti_gantha_sangaho_e1004n',251,110);
INSERT INTO paragraphs VALUES('annya_niti_gantha_sangaho_e1004n',252,110);
INSERT INTO paragraphs VALUES('annya_niti_gantha_sangaho_e1004n',253,111);
INSERT INTO paragraphs VALUES('annya_niti_gantha_sangaho_e1004n',254,111);
DELETE FROM pages where bookid='annya_niti_gantha_sangaho_e1004n';
INSERT INTO pages (bookid, page, content, paranum) VALUES('annya_niti_gantha_sangaho_e1004n',1,replace(replace('<p class="centered"> Namo tassa bhagavato arahato sammāsambuddhassa</p>\r\n<p class="book">Mahārahanīti</p>\r\n<p class="chapter">Paṇḍitakathā</p>\r\n<p class="hangnum"><a name="para1"></a><span class="paranum">1</span>.</p>\r\n<p class="gatha1"> </p>','\r',char(13)),'\n',char(10)),'-1-');
INSERT INTO pages (bookid, page, content, paranum) VALUES('annya_niti_gantha_sangaho_e1004n',1,replace(replace('<p class="gatha1">Mahāraharahaṃ <a name="M0.0001"></a> sakya,</p>\r\n<p class="gatha2">Muniṃ nīvaraṇā taṇhā;</p>\r\n<p class="gatha3">Muttaṃ muttaṃ sudassanaṃ,</p>\r\n<p class="gathalast">Vande bodhivaraṃ varaṃ.</p>\r\n<p class="hangnum"><a name="para2"></a><span class="paranum">2</span>.</p>\r\n<p class="gatha1"> </p>','\r',char(13)),'\n',char(10)),'-2-');
INSERT INTO pages (bookid, page, content, paranum) VALUES('annya_niti_gantha_sangaho_e1004n',2,replace(replace('<p class="gatha1">Muninā <a name="M0.0002"></a> munināgena,</p>\r\n<p class="gatha2">Duṭṭhapabbajjitā jitā;</p>\r\n<p class="gatha3">Yathā yathāasaddhamma-</p>\r\n<p class="gathalast">Puraṇā puraṇādayo.</p>\r\n<p class="hangnum"><a name="para3"></a><span class="paranum">3</span>.</p>\r\n<p class="gatha1"> Tathā tathāgatovādā,</p>\r\n<p class="gatha2">Nugate lokanītiyaṃ;</p>\r\n<p class="gatha3">Katayogena vidūnā,</p>\r\n<p class="gathalast">Jeyyovānattha kārino.</p>\r\n<p class="hangnum"><a name="para4"></a><span class="paranum">4</span>.</p>\r\n<p class="gatha1"> </p>','\r',char(13)),'\n',char(10)),'-3-4-');
INSERT INTO pages (bookid, page, content, paranum) VALUES('annya_niti_gantha_sangaho_e1004n',3,replace(replace('<p class="gatha1">Nitīdha <a name="M0.0003"></a> jantunaṃ sāro,</p>\r\n<p class="gatha2">Mittācariyāca pītarā;</p>\r\n<p class="gatha3">Nītimā subuddhi byatto,</p>\r\n<p class="gathalast">Sutavā atthadassimā.</p>\r\n<p class="hangnum"><a name="para5"></a><span class="paranum">5</span>.</p>\r\n<p class="gatha1"> Kaviheraññakā katvā,</p>\r\n<p class="gatha2">Suttattaṃ satthakañcanaṃ;</p>\r\n<p class="gatha3">Gajjapajjādyālaṅkāraṃ,</p>\r\n<p class="gathalast">Karontīdha manorammaṃ.</p>\r\n<p class="hangnum"><a name="para6"></a><span class="paranum">6</span>.</p>\r\n<p class="gatha1"> </p>','\r',char(13)),'\n',char(10)),'-5-6-');
INSERT INTO pages (bookid, page, content, paranum) VALUES('annya_niti_gantha_sangaho_e1004n',4,replace(replace('<p class="gatha1">Vutyaṃ <a name="M0.0004"></a> visadañāṇassa,</p>\r\n<p class="gatha2">Ñāto atthotarassa na;</p>\r\n<p class="gatha3">Surappabhāya ādāso,</p>\r\n<p class="gathalast">Chāyaṃ disse na mākare.</p>\r\n<p class="hangnum"><a name="para7"></a><span class="paranum">7</span>.</p>\r\n<p class="gatha1"> Mahātejopi tejoyaṃ,</p>\r\n<p class="gatha2">Mattikaṃ namudukaṃkaro;</p>\r\n<p class="gatha3">Āpo āpeti mudukaṃ,</p>\r\n<p class="gathalast">Sādhuvācāca kakkhaḷaṃ.</p>\r\n<p class="hangnum"><a name="para8"></a><span class="paranum">8</span>.</p>\r\n<p class="gatha1"> </p>','\r',char(13)),'\n',char(10)),'-7-8-');
INSERT INTO pages (bookid, page, content, paranum) VALUES('annya_niti_gantha_sangaho_e1004n',5,replace(replace('<p class="gatha1">Mudunāva <a name="M0.0005"></a> ripuṃ jeti,</p>\r\n<p class="gatha2">Mudunā jeti dāruṇaṃ;</p>\r\n<p class="gatha3">Nosiddhaṃ mudunā kiñci,</p>\r\n<p class="gathalast">Yatvato mudunā jaye.</p>\r\n<p class="hangnum"><a name="para9"></a><span class="paranum">9</span>.</p>\r\n<p class="gatha1"> Candanaṃ sītalaṃ loke,</p>\r\n<p class="gatha2">Tato candaṃva sītalaṃ;</p>\r\n<p class="gatha3">Candanacandasītamhā,</p>\r\n<p class="gathalast">Vākyaṃ sādhusubhāsitaṃ.</p>\r\n<p class="hangnum"><a name="para10"></a><span class="paranum">10</span>.</p>\r\n<p class="gatha1"> </p>','\r',char(13)),'\n',char(10)),'-9-10-');
INSERT INTO pages (bookid, page, content, paranum) VALUES('annya_niti_gantha_sangaho_e1004n',6,replace(replace('<p class="gatha1">Pattakalloditaṃ <a name="M0.0006"></a> appaṃ,</p>\r\n<p class="gatha2">Vākyaṃ subhāsitaṃ bhave;</p>\r\n<p class="gatha3">Khudditassa kadannaṃpi,</p>\r\n<p class="gathalast">Suttaṃ sāduraso siyā.</p>\r\n<p class="hangnum"><a name="para11"></a><span class="paranum">11</span>.</p>\r\n<p class="gatha1"> Satthakāpi bahūvācā,</p>\r\n<p class="gatha2">Nādarā bahubhāṇino;</p>\r\n<p class="gatha3">Sopakāramudāsīnaṃ,</p>\r\n<p class="gathalast">Nanudiṭṭhaṃ nadījalaṃ.</p>\r\n<p class="hangnum"><a name="para12"></a><span class="paranum">12</span>.</p>\r\n<p class="gatha1"> </p>','\r',char(13)),'\n',char(10)),'-11-12-');
INSERT INTO pages (bookid, page, content, paranum) VALUES('annya_niti_gantha_sangaho_e1004n',7,replace(replace('<p class="gatha1">Saṃsāravisarukkhassa<a name="M0.0007"></a>,</p>\r\n<p class="gatha2">Dvayamevāmataṃphalaṃ;</p>\r\n<p class="gatha3">Subhāsitassasārādo,</p>\r\n<p class="gathalast">Sādhūhirasamāgamo.</p>\r\n<p class="hangnum"><a name="para13"></a><span class="paranum">13</span>.</p>\r\n<p class="gatha1"> Pāsāṇachattaṃ garukaṃ,</p>\r\n<p class="gatha2">Tato devānacikkhanā;</p>\r\n<p class="gatha3">Tato vuḍḍhānamovādo,</p>\r\n<p class="gathalast">Tato buddhassa sāsanaṃ;</p>\r\n<p class="hangnum"><a name="para14"></a><span class="paranum">14</span>.</p>\r\n<p class="gatha1"> </p>','\r',char(13)),'\n',char(10)),'-13-14-');
INSERT INTO pages (bookid, page, content, paranum) VALUES('annya_niti_gantha_sangaho_e1004n',8,replace(replace('<p class="gatha1">Tulaṃ <a name="M0.0008"></a> sallahukaṃ loke,</p>\r\n<p class="gatha2">Tato capalajātiko;</p>\r\n<p class="gatha3">Tatonovādiko tato,</p>\r\n<p class="gathalast">Yati dhammepamādako.</p>\r\n<p class="hangnum"><a name="para15"></a><span class="paranum">15</span>.</p>\r\n<p class="gatha1"> Aha gacchati hāyantī,</p>\r\n<p class="gatha2">Sattānamidha jīvitaṃ;</p>\r\n<p class="gatha3">Tasmāhi māpamattatvaṃ,</p>\r\n<p class="gathalast">Gacchantu jinasāsane.</p>\r\n<p class="hangnum"><a name="para16"></a><span class="paranum">16</span>.</p>\r\n<p class="gatha1"> Paṇḍitassa pasaṃsāya,</p>\r\n<p class="gatha2">Daṇḍobālena dīyate;</p>\r\n<p class="gatha3">Paṇḍito paṇḍiteneva,</p>\r\n<p class="gathalast">Vaṇṇitova suvaṇṇito.</p>\r\n<p class="hangnum"><a name="para17"></a><span class="paranum">17</span>.</p>\r\n<p class="gatha1"> </p>','\r',char(13)),'\n',char(10)),'-15-16-17-');
INSERT INTO pages (bookid, page, content, paranum) VALUES('annya_niti_gantha_sangaho_e1004n',9,replace(replace('<p class="gatha1">Satesu <a name="M0.0009"></a> jāyate sūro,</p>\r\n<p class="gatha2">Sahassesuca paṇḍito;</p>\r\n<p class="gatha3">Vuttā satasahassesu,</p>\r\n<p class="gathalast">Dātā bhavativā navā.</p>\r\n<p class="hangnum"><a name="para18"></a><span class="paranum">18</span>.</p>\r\n<p class="gatha1"> Bhūpattaṃca paṇḍitattañca,</p>\r\n<p class="gatha2">Nevatulyaṃ kadācipi;</p>\r\n<p class="gatha3">Sadesepūjito rājā,</p>\r\n<p class="gathalast">Buddho sabbatthapūjito.</p>\r\n<p class="hangnum"><a name="para19"></a><span class="paranum">19</span>.</p>\r\n<p class="gatha1"> </p>','\r',char(13)),'\n',char(10)),'-18-19-');
INSERT INTO pages (bookid, page, content, paranum) VALUES('annya_niti_gantha_sangaho_e1004n',10,replace(replace('<p class="gatha1">Kvātibhāro <a name="M0.0010"></a> samatthānaṃ,</p>\r\n<p class="gatha2">Kiṃdūro byavahārinaṃ;</p>\r\n<p class="gatha3">Kovideso savijjānaṃ,</p>\r\n<p class="gathalast">Koparo piyavādinaṃ.</p>\r\n<p class="hangnum"><a name="para20"></a><span class="paranum">20</span>.</p>\r\n<p class="gatha1"> Nanu te yevasantā no,</p>\r\n<p class="gatha2">Sāgarā nakulācalā;</p>\r\n<p class="gatha3">Appampi mariyādaṃ ye,</p>\r\n<p class="gathalast">Saṃvaṭṭevi jahantino.</p>\r\n<p class="hangnum"><a name="para21"></a><span class="paranum">21</span>.</p>\r\n<p class="gatha1"> </p>','\r',char(13)),'\n',char(10)),'-20-21-');
INSERT INTO pages (bookid, page, content, paranum) VALUES('annya_niti_gantha_sangaho_e1004n',11,replace(replace('<p class="gatha1">Palayetītamariyādā<a name="M0.0011"></a>,</p>\r\n<p class="gatha2">Bhavantikira sāgarā;</p>\r\n<p class="gatha3">Mariyādātikaṃ sādhu,</p>\r\n<p class="gathalast">Naicchanti palayepi.</p>\r\n<p class="hangnum"><a name="para22"></a><span class="paranum">22</span>.</p>\r\n<p class="gatha1"> Sataṃ dīghāyukaṃ sabba,</p>\r\n<p class="gatha2">Sattānaṃ sukhakāraṇaṃ;</p>\r\n<p class="gatha3">Asataṃpana sabbesaṃ,</p>\r\n<p class="gathalast">Dukkhahetu nasaṃsayo.</p>\r\n<p class="hangnum"><a name="para23"></a><span class="paranum">23</span>.</p>\r\n<p class="gatha1"> </p>','\r',char(13)),'\n',char(10)),'-22-23-');
INSERT INTO pages (bookid, page, content, paranum) VALUES('annya_niti_gantha_sangaho_e1004n',12,replace(replace('<p class="gatha1">Pāmokkhe <a name="M0.0012"></a> sujane sante,</p>\r\n<p class="gatha2">Sabbepi sujanā janā;</p>\r\n<p class="gatha3">Jātekasmiṃsāragandhe,</p>\r\n<p class="gathalast">Sabbe gandhamayā dumā.</p>\r\n<p class="hangnum"><a name="para24"></a><span class="paranum">24</span>.</p>\r\n<p class="gatha1"> Attanā yadi ekena,</p>\r\n<p class="gatha2">Vinatena mahājanā;</p>\r\n<p class="gatha3">Vinayaṃ yanti sabbepi,</p>\r\n<p class="gathalast">Ko taṃ nāseyya paṇḍito.</p>\r\n<p class="hangnum"><a name="para25"></a><span class="paranum">25</span>.</p>\r\n<p class="gatha1"> </p>','\r',char(13)),'\n',char(10)),'-24-25-');
INSERT INTO pages (bookid, page, content, paranum) VALUES('annya_niti_gantha_sangaho_e1004n',13,replace(replace('<p class="gatha1">Sarīrassa <a name="M0.0013"></a> guṇānañca,</p>\r\n<p class="gatha2">Dūramaccanta mantaraṃ;</p>\r\n<p class="gatha3">Sarīraṃ khaṇaviddhaṃsi,</p>\r\n<p class="gathalast">Kappantiṭṭhāyino guṇā.</p>\r\n<p class="hangnum"><a name="para26"></a><span class="paranum">26</span>.</p>\r\n<p class="gatha1"> Yadi niccamaniccena,</p>\r\n<p class="gatha2">Nimalaṃ malavāhinā;</p>\r\n<p class="gatha3">Yo so kāyena labhetha,</p>\r\n<p class="gathalast">Kiṃnaladdhaṃ bhave nukiṃ.</p>\r\n<p class="hangnum"><a name="para27"></a><span class="paranum">27</span>.</p>\r\n<p class="gatha1"> Dhammatthakāmamokkhānaṃ,</p>\r\n<p class="gatha2">Pāṇaṃ saṃsiddhikāraṇaṃ;</p>\r\n<p class="gatha3">Tannighātā kinnahataṃ,</p>\r\n<p class="gathalast">Rakkhanā kinnarakkhitaṃ.</p>\r\n<p class="hangnum"><a name="para28"></a><span class="paranum">28</span>.</p>\r\n<p class="gatha1"> </p>','\r',char(13)),'\n',char(10)),'-26-27-28-');
INSERT INTO pages (bookid, page, content, paranum) VALUES('annya_niti_gantha_sangaho_e1004n',14,replace(replace('<p class="gatha1">Attā <a name="M0.0014"></a> bandhu manussassa,</p>\r\n<p class="gatha2">Ripu attāva jantunaṃ;</p>\r\n<p class="gatha3">Attāva niyato ñāti,</p>\r\n<p class="gathalast">Attāva niyato ripu.</p>\r\n<p class="hangnum"><a name="para29"></a><span class="paranum">29</span>.</p>\r\n<p class="gatha1"> Attanoparicāgena,</p>\r\n<p class="gatha2">Yaṃsitamanurakkhanaṃ;</p>\r\n<p class="gatha3">Karonti sajjanāyeva,</p>\r\n<p class="gathalast">Na taṃ nītimatā mataṃ.</p>\r\n<p class="hangnum"><a name="para30"></a><span class="paranum">30</span>.</p>\r\n<p class="gatha1"> </p>','\r',char(13)),'\n',char(10)),'-29-30-');
INSERT INTO pages (bookid, page, content, paranum) VALUES('annya_niti_gantha_sangaho_e1004n',15,replace(replace('<p class="gatha1">Tiṇāni <a name="M0.0015"></a> bhūmirudakaṃ,</p>\r\n<p class="gatha2">Catutthī vākyasuṭṭhutā;</p>\r\n<p class="gatha3">Etāni hi sataṃgehe,</p>\r\n<p class="gathalast">Nochindante kadācipi.</p>\r\n<p class="hangnum"><a name="para31"></a><span class="paranum">31</span>.</p>\r\n<p class="gatha1"> Ambuṃ pivantino najjo,</p>\r\n<p class="gatha2">Rukkho khādatino phalaṃ;</p>\r\n<p class="gatha3">Megho kvacipi no sassaṃ,</p>\r\n<p class="gathalast">Paratthāya sataṃdhanaṃ.</p>\r\n<p class="hangnum"><a name="para32"></a><span class="paranum">32</span>.</p>\r\n<p class="gatha1"> Sataṃ pharusavācāhi,</p>\r\n<p class="gatha2">Nayāti vikatiṃ mano;</p>\r\n<p class="gatha3">Tiṇukkāhi nasakkāva,</p>\r\n<p class="gathalast">Tāpetuṃ sāgare jalaṃ.</p>\r\n<p class="hangnum"><a name="para33"></a><span class="paranum">33</span>.</p>\r\n<p class="gatha1"> </p>','\r',char(13)),'\n',char(10)),'-31-32-33-');
INSERT INTO pages (bookid, page, content, paranum) VALUES('annya_niti_gantha_sangaho_e1004n',16,replace(replace('<p class="gatha1">Sampatyaṃ <a name="M0.0016"></a> mahattaṃceto,</p>\r\n<p class="gatha2">Bhavatyuppalakomalaṃ;</p>\r\n<p class="gatha3">Vippatyañca mahāsele,</p>\r\n<p class="gathalast">Silāsaṅghādakakkaso.</p>\r\n<p class="hangnum"><a name="para34"></a><span class="paranum">34</span>.</p>\r\n<p class="gatha1"> Atthaṃ mahantamāpajja,</p>\r\n<p class="gatha2">Vijjaṃ sampattimevaca;</p>\r\n<p class="gatha3">Careyyāmānathaddhoyo,</p>\r\n<p class="gathalast">Paṇḍito so pavuccati.</p>\r\n<p class="hangnum"><a name="para35"></a><span class="paranum">35</span>.</p>\r\n<p class="gatha1"> </p>','\r',char(13)),'\n',char(10)),'-34-35-');
INSERT INTO pages (bookid, page, content, paranum) VALUES('annya_niti_gantha_sangaho_e1004n',17,replace(replace('<p class="gatha1">Nālabbhamabhipatthenti<a name="M0.0017"></a>,</p>\r\n<p class="gatha2">Naṭṭhampi nacasocare;</p>\r\n<p class="gatha3">Vippatyañca namuyhanti,</p>\r\n<p class="gathalast">Yenarā teva paṇḍito.</p>\r\n<p class="hangnum"><a name="para36"></a><span class="paranum">36</span>.</p>\r\n<p class="gatha1"> Gaṇṭhiṭṭhāne ekapade,</p>\r\n<p class="gatha2">Nātimaññeyya paṇḍito;</p>\r\n<p class="gatha3">Kiṃ akko veḷupabbhāro,</p>\r\n<p class="gathalast">Timahādīpabhānudo.</p>\r\n<p class="hangnum"><a name="para37"></a><span class="paranum">37</span>.</p>\r\n<p class="gatha1"> Guṇadosesumekena,</p>\r\n<p class="gatha2">Natthi koci vivajjito;</p>\r\n<p class="gatha3">Sukhumālassa padumassa,</p>\r\n<p class="gathalast">Naḷā bhavati kakkasā.</p>\r\n<p class="hangnum"><a name="para38"></a><span class="paranum">38</span>.</p>\r\n<p class="gatha1"> </p>','\r',char(13)),'\n',char(10)),'-36-37-38-');
INSERT INTO pages (bookid, page, content, paranum) VALUES('annya_niti_gantha_sangaho_e1004n',18,replace(replace('<p class="gatha1">Sumahantāni <a name="M0.0018"></a> satthāni,</p>\r\n<p class="gatha2">Dhārayanto bahussutā;</p>\r\n<p class="gatha3">Chettāro saṃsayānantu,</p>\r\n<p class="gathalast">Kilante lobhamohatā.</p>\r\n<p class="hangnum"><a name="para39"></a><span class="paranum">39</span>.</p>\r\n<p class="gatha1"> Dosampi saguṇe disvā,</p>\r\n<p class="gatha2">Guṇavādī vadantino;</p>\r\n<p class="gatha3">Na loko vijjamānampi,</p>\r\n<p class="gathalast">Cande passati lañchanaṃ.</p>\r\n<p class="hangnum"><a name="para40"></a><span class="paranum">40</span>.</p>\r\n<p class="gatha1"> </p>','\r',char(13)),'\n',char(10)),'-39-40-');
INSERT INTO pages (bookid, page, content, paranum) VALUES('annya_niti_gantha_sangaho_e1004n',19,replace(replace('<p class="gatha1">Nipuṇe <a name="M0.0019"></a> sutameseyya,</p>\r\n<p class="gatha2">Vicinitvā sutatthiko;</p>\r\n<p class="gatha3">Bhattaṃ hukkhaliyaṃ pakkaṃ,</p>\r\n<p class="gathalast">Bhājanaṃpi tathā bhave.</p>\r\n<p class="hangnum"><a name="para41"></a><span class="paranum">41</span>.</p>\r\n<p class="gatha1"> Guṇā kubbanti dūtattaṃ,</p>\r\n<p class="gatha2">Dūrepi vasataṃ sataṃ;</p>\r\n<p class="gatha3">Ketake gandha ghāsāya,</p>\r\n<p class="gathalast">Gacchanti bhamarā sayaṃ.</p>\r\n<p class="hangnum"><a name="para42"></a><span class="paranum">42</span>.</p>\r\n<p class="gatha1"> Paṇḍito sutasampanno,</p>\r\n<p class="gatha2">Yatthaatthīti cesuto;</p>\r\n<p class="gatha3">Mahussāhena taṃṭhānaṃ,</p>\r\n<p class="gathalast">Gantabbaṃ sutaresinā.</p>\r\n<p class="hangnum"><a name="para43"></a><span class="paranum">43</span>.</p>\r\n<p class="gatha1"> </p>','\r',char(13)),'\n',char(10)),'-41-42-43-');
INSERT INTO pages (bookid, page, content, paranum) VALUES('annya_niti_gantha_sangaho_e1004n',20,replace(replace('<p class="gatha1">Sabbasutaṃ <a name="M0.0020"></a> madhīyetha,</p>\r\n<p class="gatha2">Hīnamukkaṭṭha majjhimaṃ;</p>\r\n<p class="gatha3">Sabbassaatthaṃ jāneyya,</p>\r\n<p class="gatha2">Naca sabbaṃ payojaye;</p>\r\n<p class="gatha3">Hoti tādisakokālo,</p>\r\n<p class="gathalast">Yattha atthāvahaṃ sutaṃ.</p>\r\n<p class="hangnum"><a name="para44"></a><span class="paranum">44</span>.</p>\r\n<p class="gatha1"> Ṭhito cirattanaṃ nīre,</p>\r\n<p class="gatha2">Sakkharo nantaraṃsuto;</p>\r\n<p class="gatha3">Dabbho nīrantike jāto,</p>\r\n<p class="gathalast">Sabbakālantaraṃsuto.</p>\r\n<p class="hangnum"><a name="para45"></a><span class="paranum">45</span>.</p>\r\n<p class="gatha1"> </p>','\r',char(13)),'\n',char(10)),'-44-45-');
INSERT INTO pages (bookid, page, content, paranum) VALUES('annya_niti_gantha_sangaho_e1004n',21,replace(replace('<p class="gatha1">Vasuṃ <a name="M0.0021"></a> gaṇhanti dūraṭṭhā,</p>\r\n<p class="gatha2">Pabbate ratanocite;</p>\r\n<p class="gatha3">Na milakkhā samīpaṭṭhā,</p>\r\n<p class="gathalast">Evaṃ bālā bahussute.</p>\r\n<p class="hangnum"><a name="para46"></a><span class="paranum">46</span>.</p>\r\n<p class="gatha1"> Hiraññena migānaṃva,</p>\r\n<p class="gatha2">Susīlaṃpi asīlino;</p>\r\n<p class="gatha3">Adhammikassa dhammena,</p>\r\n<p class="gathalast">Bālānaṃpi sutena kiṃ.</p>\r\n<p class="hangnum"><a name="para47"></a><span class="paranum">47</span>.</p>\r\n<p class="gatha1"> </p>','\r',char(13)),'\n',char(10)),'-46-47-');
INSERT INTO pages (bookid, page, content, paranum) VALUES('annya_niti_gantha_sangaho_e1004n',22,replace(replace('<p class="gatha1">Sutena <a name="M0.0022"></a> hadayaṭṭhena,</p>\r\n<p class="gatha2">Khalo nevasusīlavā;</p>\r\n<p class="gatha3">Madhunā koṭaraṭṭhena,</p>\r\n<p class="gathalast">Nimbo kiṃ madhurāyate.</p>\r\n<p class="hangnum"><a name="para48"></a><span class="paranum">48</span>.</p>\r\n<p class="gatha1"> Sakiṃpi viññu dhīrena,</p>\r\n<p class="gatha2">Karoti sahasaṅgamaṃ;</p>\r\n<p class="gatha3">Attatthañca paratthañca,</p>\r\n<p class="gathalast">Nibbānantaṃ sukhaṃ labhe.</p>\r\n<p class="hangnum"><a name="para49"></a><span class="paranum">49</span>.</p>\r\n<p class="gatha1"> Haṃso majjhe nakākānaṃ,</p>\r\n<p class="gatha2">Sīho gunnaṃ nasobhati;</p>\r\n<p class="gatha3">Gadrabhānaṃ turaṅgono,</p>\r\n<p class="gathalast">Bālānañca napaṇḍito.</p>\r\n<p class="hangnum"><a name="para50"></a><span class="paranum">50</span>.</p>\r\n<p class="gatha1"> </p>','\r',char(13)),'\n',char(10)),'-48-49-50-');
INSERT INTO pages (bookid, page, content, paranum) VALUES('annya_niti_gantha_sangaho_e1004n',23,replace(replace('<p class="gatha1">Ākiṇṇopi <a name="M0.0023"></a> asabbhīva,</p>\r\n<p class="gatha2">Asaṃsaṭṭhova bhaddako;</p>\r\n<p class="gatha3">Bahunā sannajātena,</p>\r\n<p class="gathalast">Gacche nummattakenidha.</p>\r\n<p class="hangnum"><a name="para51"></a><span class="paranum">51</span>.</p>\r\n<p class="gatha1"> Nadītire khatekūpe,</p>\r\n<p class="gatha2">Araṇītālavaṇṭake;</p>\r\n<p class="gatha3">Navade āpādi natthīti,</p>\r\n<p class="gathalast">Mukheca vacanaṃ tathā.</p>\r\n<p class="hangnum"><a name="para52"></a><span class="paranum">52</span>.</p>\r\n<p class="gatha1"> </p>','\r',char(13)),'\n',char(10)),'-51-52-');
INSERT INTO pages (bookid, page, content, paranum) VALUES('annya_niti_gantha_sangaho_e1004n',24,replace(replace('<p class="gatha1">Sutasanniccayā <a name="M0.0024"></a> dhīrā,</p>\r\n<p class="gatha2">Tuṇhibhūtā apucchitā;</p>\r\n<p class="gatha3">Puṇṇā subhāsitenāpi,</p>\r\n<p class="gathalast">Ghaṇḍādyaghaṭitāyathā.</p>\r\n<p class="hangnum"><a name="para53"></a><span class="paranum">53</span>.</p>\r\n<p class="gatha1"> Apuṭṭho paṇḍito bherī,</p>\r\n<p class="gatha2">Pajjunno hoti pucchito;</p>\r\n<p class="gatha3">Bālo puṭṭho apuṭṭhoca,</p>\r\n<p class="gathalast">Bahuṃ vikattate sadā.</p>\r\n<p class="hangnum"><a name="para54"></a><span class="paranum">54</span>.</p>\r\n<p class="gatha1"> Sampannaguṇā laṅkāro,</p>\r\n<p class="gatha2">Sabbasatta hitāvaho;</p>\r\n<p class="gatha3">Nacareyya parattatthaṃ,</p>\r\n<p class="gathalast">Kuto so paṇḍito bhave.</p>\r\n<p class="hangnum"><a name="para55"></a><span class="paranum">55</span>.</p>\r\n<p class="gatha1"> </p>','\r',char(13)),'\n',char(10)),'-53-54-55-');
INSERT INTO pages (bookid, page, content, paranum) VALUES('annya_niti_gantha_sangaho_e1004n',25,replace(replace('<p class="gatha1">Saparatthaṃ <a name="M0.0025"></a> care dhīro,</p>\r\n<p class="gatha2">Asakkonto sakaṃ care;</p>\r\n<p class="gatha3">Tathāpica asakkonto,</p>\r\n<p class="gathalast">Pāpāttānaṃ viyojaye.</p>\r\n<p class="hangnum"><a name="para56"></a><span class="paranum">56</span>.</p>\r\n<p class="gatha1"> Bālecummattake bhūpe,</p>\r\n<p class="gatha2">Gurumātāpitūsvapi;</p>\r\n<p class="gatha3">Nadosaṃ kariyā pañño,</p>\r\n<p class="gathalast">Saṅgheca jeṭṭhabhātari.</p>\r\n<p class="hangnum"><a name="para57"></a><span class="paranum">57</span>.</p>\r\n<p class="gatha1"> </p>','\r',char(13)),'\n',char(10)),'-56-57-');
INSERT INTO pages (bookid, page, content, paranum) VALUES('annya_niti_gantha_sangaho_e1004n',26,replace(replace('<p class="gatha1">Atthanāsaṃ <a name="M0.0026"></a> manotāpaṃ,</p>\r\n<p class="gatha2">Ghareduccaritānica;</p>\r\n<p class="gatha3">Vañcanaṃ avamānañca,</p>\r\n<p class="gathalast">Matimā napakāsaye.</p>\r\n<p class="hangnum"><a name="para58"></a><span class="paranum">58</span>.</p>\r\n<p class="gatha1"> Paradānaṃ janettīva,</p>\r\n<p class="gatha2">Leṭṭuva paradabbakaṃ;</p>\r\n<p class="gatha3">Attāva sabbabhūtāni,</p>\r\n<p class="gathalast">Yo passati so passati.</p>\r\n<p class="hangnum"><a name="para59"></a><span class="paranum">59</span>.</p>\r\n<p class="gatha1"> Parūpavāde padhiro,</p>\r\n<p class="gatha2">Paravajjesvalocano;</p>\r\n<p class="gatha3">Paṅgulo aññanārīsu,</p>\r\n<p class="gathalast">Dussakappesvacetano.</p>\r\n<p class="hangnum"><a name="para60"></a><span class="paranum">60</span>.</p>\r\n<p class="gatha1"> Sabbaṃ suṇāti sotena,</p>\r\n<p class="gatha2">Sabbaṃ passati cakkhunā;</p>\r\n<p class="gatha3">Nacadiṭṭhaṃ sutaṃ dhīro,</p>\r\n<p class="gathalast">Sabbaṃ uccitumarahati.</p>\r\n<p class="hangnum"><a name="para61"></a><span class="paranum">61</span>.</p>\r\n<p class="gatha1"> Cakkhumassa yathāandho,</p>\r\n<p class="gatha2">Sotavā padhiroyathā;</p>\r\n<p class="gatha3">Paññāvāssa yathāmūgo,</p>\r\n<p class="gatha2">Balavā dubbaloriva;</p>\r\n<p class="gatha3">Atha atthesamuppanne,</p>\r\n<p class="gathalast">Sayetha matasāyitaṃ.</p>\r\n<p class="hangnum"><a name="para62"></a><span class="paranum">62</span>.</p>\r\n<p class="gatha1"> </p>','\r',char(13)),'\n',char(10)),'-58-59-60-61-62-');
INSERT INTO pages (bookid, page, content, paranum) VALUES('annya_niti_gantha_sangaho_e1004n',28,replace(replace('<p class="gatha1">Pāpamitte <a name="M0.0028"></a> vivajjetvā,</p>\r\n<p class="gatha2">Bhajeyyu ttamapuggalaṃ;</p>\r\n<p class="gatha3">Ovādecassa tiṭṭheyya,</p>\r\n<p class="gathalast">Patthento acalaṃsukhaṃ.</p>\r\n<p class="hangnum"><a name="para63"></a><span class="paranum">63</span>.</p>\r\n<p class="gatha1"> Sususā sutavaḍḍhanaṃ,</p>\r\n<p class="gatha2">Sutaṃ paññāyavaḍḍhanaṃ;</p>\r\n<p class="gatha3">Paññāya atthaṃ jānāti,</p>\r\n<p class="gathalast">Ñāto attho sukhāvaho.</p>\r\n<p class="hangnum"><a name="para64"></a><span class="paranum">64</span>.</p>\r\n<p class="gatha1"> </p>','\r',char(13)),'\n',char(10)),'-63-64-');
INSERT INTO pages (bookid, page, content, paranum) VALUES('annya_niti_gantha_sangaho_e1004n',29,replace(replace('<p class="gatha1">Pāmojja <a name="M0.0029"></a> karaṇaṃ ṭhānaṃ,</p>\r\n<p class="gatha2">Pasaṃsāvahanaṃsukhaṃ;</p>\r\n<p class="gatha3">Phalānisaṃso bhāveti,</p>\r\n<p class="gathalast">Vahanto porissaṃdhuraṃ.</p>\r\n<p class="hangnum"><a name="para65"></a><span class="paranum">65</span>.</p>\r\n<p class="gatha1"> Atisītaṃ atiuṇhaṃ,</p>\r\n<p class="gatha2">Atisāya midaṃahu;</p>\r\n<p class="gatha3">Iti visaṭṭha kammante,</p>\r\n<p class="gathalast">Khaṇā accanti māṇave.</p>\r\n<p class="hangnum"><a name="para66"></a><span class="paranum">66</span>.</p>\r\n<p class="gatha1"> </p>','\r',char(13)),'\n',char(10)),'-65-66-');
INSERT INTO pages (bookid, page, content, paranum) VALUES('annya_niti_gantha_sangaho_e1004n',30,replace(replace('<p class="gatha1">Yoca <a name="M0.0030"></a> sītañca uṇhañca,</p>\r\n<p class="gatha2">Tiṇātiyo namaññati;</p>\r\n<p class="gatha3">Karaṃ purisa kiccāni,</p>\r\n<p class="gathalast">So sukhā navihāyati.</p>\r\n<p class="hangnum"><a name="para67"></a><span class="paranum">67</span>.</p>\r\n<p class="gatha1"> Yasalābhaṃ jigīsantaṃ,</p>\r\n<p class="gatha2">Naraṃ vajjenti dūrato;</p>\r\n<p class="gatha3">Apatthetvāna te tasmā,</p>\r\n<p class="gathalast">Taṃmaggaṃ maggaye budho.</p>\r\n<p class="hangnum"><a name="para68"></a><span class="paranum">68</span>.</p>\r\n<p class="gatha1"> Desamosajja gacchanti,</p>\r\n<p class="gatha2">Sīhā sappurisā gajā;</p>\r\n<p class="gatha3">Tattheva nidhanaṃ yanti,</p>\r\n<p class="gathalast">Kākā kāpurisā migā.</p>\r\n<p class="hangnum"><a name="para69"></a><span class="paranum">69</span>.</p>\r\n<p class="gatha1"> </p>','\r',char(13)),'\n',char(10)),'-67-68-69-');
INSERT INTO pages (bookid, page, content, paranum) VALUES('annya_niti_gantha_sangaho_e1004n',31,replace(replace('<p class="gatha1">Yasmiṃdese <a name="M0.0031"></a> nasammāro,</p>\r\n<p class="gatha2">Napiti nacabandhavā;</p>\r\n<p class="gatha3">Nacavijjāgamo koci,</p>\r\n<p class="gathalast">Natattha vasatī vasse.</p>\r\n<p class="hangnum"><a name="para70"></a><span class="paranum">70</span>.</p>\r\n<p class="gatha1"> Dhanavā gaṇako rājā,</p>\r\n<p class="gatha2">Nadī vejjā imejanā;</p>\r\n<p class="gatha3">Yattha pañca navijjante,</p>\r\n<p class="gathalast">Na tatthavasatī vase.</p>\r\n<p class="hangnum"><a name="para71"></a><span class="paranum">71</span>.</p>\r\n<p class="gatha1"> </p>','\r',char(13)),'\n',char(10)),'-70-71-');
INSERT INTO pages (bookid, page, content, paranum) VALUES('annya_niti_gantha_sangaho_e1004n',32,replace(replace('<p class="gatha1">Asanaṃ <a name="M0.0032"></a> bhayamantānaṃ,</p>\r\n<p class="gatha2">Maccānaṃ maraṇaṃ bhayaṃ;</p>\r\n<p class="gatha3">Uttamānantusabbesaṃ,</p>\r\n<p class="gathalast">Avamānaṃ paraṃ bhayaṃ.</p>\r\n<p class="hangnum"><a name="para72"></a><span class="paranum">72</span>.</p>\r\n<p class="gatha1"> Amānanā yattha siyā,</p>\r\n<p class="gatha2">Santānaṃ avamānanā;</p>\r\n<p class="gatha3">Hīnasamānanāvāpi,</p>\r\n<p class="gathalast">Na tatthavasati vase.</p>\r\n<p class="hangnum"><a name="para73"></a><span class="paranum">73</span>.</p>\r\n<p class="gatha1"> Yatthālasoca dakkhoca,</p>\r\n<p class="gatha2">Sūro bhīruca pūjito;</p>\r\n<p class="gatha3">Na santā tattha vassanti,</p>\r\n<p class="gathalast">Avisesakarena ko.</p>\r\n<p class="hangnum"><a name="para74"></a><span class="paranum">74</span>.</p>\r\n<p class="gatha1"> </p>','\r',char(13)),'\n',char(10)),'-72-73-74-');
INSERT INTO pages (bookid, page, content, paranum) VALUES('annya_niti_gantha_sangaho_e1004n',33,replace(replace('<p class="gatha1">Dukkho <a name="M0.0033"></a> nivāso sambādhe,</p>\r\n<p class="gatha2">Ṭhāne asucisaṅkaṭe;</p>\r\n<p class="gatha3">Tato rimhipiyānante,</p>\r\n<p class="gathalast">Tatoca akataññunaṃ.</p>\r\n<p class="hangnum"><a name="para75"></a><span class="paranum">75</span>.</p>\r\n<p class="gatha1"> Siṅgīnaṃ pañcahatthena,</p>\r\n<p class="gatha2">Satena vājinaṃ caje;</p>\r\n<p class="gatha3">Hatthīnantu sahassena,</p>\r\n<p class="gathalast">Desacāgena dujjane.</p>\r\n<p class="hangnum"><a name="para76"></a><span class="paranum">76</span>.</p>\r\n<p class="gatha1"> </p>','\r',char(13)),'\n',char(10)),'-75-76-');
INSERT INTO pages (bookid, page, content, paranum) VALUES('annya_niti_gantha_sangaho_e1004n',34,replace(replace('<p class="gatha1">Caje <a name="M0.0034"></a> ekaṃ kulassatthaṃ,</p>\r\n<p class="gatha2">Gāmassatthaṃ kulaṃ caje;</p>\r\n<p class="gatha3">Gāmaṃ janapadassatthaṃ;</p>\r\n<p class="gathalast">Attatthaṃ pathavī caje.</p>\r\n<p class="hangnum"><a name="para77"></a><span class="paranum">77</span>.</p>\r\n<p class="gatha1"> Calatyekenapādena,</p>\r\n<p class="gatha2">Tiṭṭhatyekena paṇḍito;</p>\r\n<p class="gatha3">Asamikhyaparaṃṭhānaṃ,</p>\r\n<p class="gathalast">Pubbamāyanaṃnacaje.</p>\r\n<p class="hangnum"><a name="para78"></a><span class="paranum">78</span>.</p>\r\n<p class="gatha1"> </p>','\r',char(13)),'\n',char(10)),'-77-78-');
INSERT INTO pages (bookid, page, content, paranum) VALUES('annya_niti_gantha_sangaho_e1004n',35,replace(replace('<p class="gatha1">Ṭhānabhaṭṭhā <a name="M0.0035"></a> nasobhanti,</p>\r\n<p class="gatha2">Dantākesāna khānarā;</p>\r\n<p class="gatha3">Matimā itiviññāya,</p>\r\n<p class="gathalast">Saṭhānaṃ nacaje lahuṃ.</p>\r\n<p class="hangnum"><a name="para79"></a><span class="paranum">79</span>.</p>\r\n<p class="gatha1"> Caje dhanaṃ aṅgavarassahetu,</p>\r\n<p class="gatha2">Aṅgaṃ caje jivitaṃ rakkhamāno;</p>\r\n<p class="gatha3">Aṅgaṃ dhanaṃ jivitañcāpi sabbaṃ,</p>\r\n<p class="gathalast">Caje naro dhamma manussaranto.</p>\r\n<p class="hangnum"><a name="para80"></a><span class="paranum">80</span>.</p>\r\n<p class="gatha1"> </p>','\r',char(13)),'\n',char(10)),'-79-80-');
INSERT INTO pages (bookid, page, content, paranum) VALUES('annya_niti_gantha_sangaho_e1004n',36,replace(replace('<p class="gatha1">Sotaṃ <a name="M0.0036"></a> suteneva na kuṇḍalena,</p>\r\n<p class="gatha2">Dānena pāṇī natu kaṅkaṇena;</p>\r\n<p class="gatha3">Ābhāti kāyo purisuttamassa,</p>\r\n<p class="gathalast">Paropakārena na candanena.</p>\r\n<p class="chapter">Sambhedakathā</p>\r\n<p class="hangnum"><a name="para81"></a><span class="paranum">81</span>.</p>\r\n<p class="gatha1"> </p>','\r',char(13)),'\n',char(10)),'-81-');
INSERT INTO pages (bookid, page, content, paranum) VALUES('annya_niti_gantha_sangaho_e1004n',37,replace(replace('<p class="gatha1">Sattha <a name="M0.0037"></a> kappavicārena,</p>\r\n<p class="gatha2">Kālo gacchati dhīmataṃ;</p>\r\n<p class="gatha3">Byasanena asādhūnaṃ,</p>\r\n<p class="gathalast">Niddāya kalahenavā.</p>\r\n<p class="hangnum"><a name="para82"></a><span class="paranum">82</span>.</p>\r\n<p class="gatha1"> Sokaṭhānasahassāni,</p>\r\n<p class="gatha2">Bhayaṭhānasatānica;</p>\r\n<p class="gatha3">Divasedivase muḷhaṃ,</p>\r\n<p class="gathalast">Āvīsanti napaṇḍitaṃ.</p>\r\n<p class="hangnum"><a name="para83"></a><span class="paranum">83</span>.</p>\r\n<p class="gatha1"> </p>','\r',char(13)),'\n',char(10)),'-82-83-');
INSERT INTO pages (bookid, page, content, paranum) VALUES('annya_niti_gantha_sangaho_e1004n',38,replace(replace('<p class="gatha1">Atidīgho <a name="M0.0038"></a> mahāmuḷho,</p>\r\n<p class="gatha2">Majjhimoca vicakkhaṇo;</p>\r\n<p class="gatha3">Vāsudevaṃ purakkhitvā,</p>\r\n<p class="gathalast">Sabbevāmanakā saṭṭhā.</p>\r\n<p class="hangnum"><a name="para84"></a><span class="paranum">84</span>.</p>\r\n<p class="gatha1"> Na loke sobhate muḷho,</p>\r\n<p class="gatha2">Kevalattapasaṃsako;</p>\r\n<p class="gatha3">Api sampihite kūpe,</p>\r\n<p class="gathalast">Katavijjo pakāsate.</p>\r\n<p class="hangnum"><a name="para85"></a><span class="paranum">85</span>.</p>\r\n<p class="gatha1"> Madantadamanaṃ satthaṃ,</p>\r\n<p class="gatha2">Khalānaṃ kurute madaṃ;</p>\r\n<p class="gatha3">Cakkhusaṅkhārakaṃ tejaṃ,</p>\r\n<p class="gathalast">Uluṅkāna mivandhakaṃ.</p>\r\n<p class="hangnum"><a name="para86"></a><span class="paranum">86</span>.</p>\r\n<p class="gatha1"> </p>','\r',char(13)),'\n',char(10)),'-84-85-86-');
INSERT INTO pages (bookid, page, content, paranum) VALUES('annya_niti_gantha_sangaho_e1004n',39,replace(replace('<p class="gatha1">Atyappamapi <a name="M0.0039"></a> sādhūnaṃ,</p>\r\n<p class="gatha2">Silālekheva tiṭṭhate;</p>\r\n<p class="gatha3">Jalelekheva nīcānaṃ,</p>\r\n<p class="gathalast">Yaṃ kataṃ taṃpi nassati.</p>\r\n<p class="hangnum"><a name="para87"></a><span class="paranum">87</span>.</p>\r\n<p class="gatha1"> Dabbamappaṃpi sādhūnaṃ,</p>\r\n<p class="gatha2">Jalaṃ kūpeva nissayo;</p>\r\n<p class="gatha3">Bahuttaṃpi asādhūnaṃ,</p>\r\n<p class="gathalast">Naca vāriva aṇṇave.</p>\r\n<p class="hangnum"><a name="para88"></a><span class="paranum">88</span>.</p>\r\n<p class="gatha1"> </p>','\r',char(13)),'\n',char(10)),'-87-88-');
INSERT INTO pages (bookid, page, content, paranum) VALUES('annya_niti_gantha_sangaho_e1004n',40,replace(replace('<p class="gatha1">Duṭṭhacitto <a name="M0.0040"></a> panāhissa,</p>\r\n<p class="gatha2">Kodho pāsāṇalikkhito;</p>\r\n<p class="gatha3">Kujjhitabbe sujanassa,</p>\r\n<p class="gathalast">Jalelekhā ciraṭṭhito.</p>\r\n<p class="hangnum"><a name="para89"></a><span class="paranum">89</span>.</p>\r\n<p class="gatha1"> Bālassa jīvitaṃ pāpaṃ,</p>\r\n<p class="gatha2">Mitarassi taraṃ bhave;</p>\r\n<p class="gatha3">Janakāyassa rājāva,</p>\r\n<p class="gathalast">Rājadhammova rājunaṃ.</p>\r\n<p class="hangnum"><a name="para90"></a><span class="paranum">90</span>.</p>\r\n<p class="gatha1"> Sappādānaṃ balī sīho,</p>\r\n<p class="gatha2">Puḷāvako tato kippīlikā,</p>\r\n<p class="gatha3">Narā tato balī rājā,</p>\r\n<p class="gathalast">Sabbesa mantako balī.</p>\r\n<p class="hangnum"><a name="para91"></a><span class="paranum">91</span>.</p>\r\n<p class="gatha1"> </p>','\r',char(13)),'\n',char(10)),'-89-90-91-');
INSERT INTO pages (bookid, page, content, paranum) VALUES('annya_niti_gantha_sangaho_e1004n',41,replace(replace('<p class="gatha1">Bhūpoṇṇava <a name="M0.0041"></a> ggi thī sippi,</p>\r\n<p class="gatha2">Abhijjhālucapuggalo;</p>\r\n<p class="gatha3">Etesaṃpi mahicchānaṃ,</p>\r\n<p class="gathalast">Mahicchitā aniccatā.</p>\r\n<p class="hangnum"><a name="para92"></a><span class="paranum">92</span>.</p>\r\n<p class="gatha1"> Niddāluko asantuṭṭho,</p>\r\n<p class="gatha2">Akataññūca bhīruko;</p>\r\n<p class="gatha3">Sakkuṇantina sācāraṃ,</p>\r\n<p class="gathalast">Sikkhituṃ te kadācipi.</p>\r\n<p class="hangnum"><a name="para93"></a><span class="paranum">93</span>.</p>\r\n<p class="gatha1"> </p>','\r',char(13)),'\n',char(10)),'-92-93-');
INSERT INTO pages (bookid, page, content, paranum) VALUES('annya_niti_gantha_sangaho_e1004n',42,replace(replace('<p class="gatha1">Niddālu <a name="M0.0042"></a> kāmarāmoca,</p>\r\n<p class="gatha2">Sukhito bhogavālaso;</p>\r\n<p class="gatha3">Nicchanto kammarāmo ca,</p>\r\n<p class="gathalast">Sattete satthavajjitā.</p>\r\n<p class="hangnum"><a name="para94"></a><span class="paranum">94</span>.</p>\r\n<p class="gatha1"> Samiddho dhanadhaññena,</p>\r\n<p class="gatha2">Kaṭṭho dakatiṇaggihi;</p>\r\n<p class="gatha3">Sabbato duggatenaṭṭho,</p>\r\n<p class="gathalast">Tasmā nadukkataṃ kare.</p>\r\n<p class="hangnum"><a name="para95"></a><span class="paranum">95</span>.</p>\r\n<p class="gatha1"> </p>','\r',char(13)),'\n',char(10)),'-94-95-');
INSERT INTO pages (bookid, page, content, paranum) VALUES('annya_niti_gantha_sangaho_e1004n',43,replace(replace('<p class="gatha1">Puññapāpaphalaṃ <a name="M0.0043"></a> yo ce,</p>\r\n<p class="gatha2">Nasaddhahati saccato;</p>\r\n<p class="gatha3">So ve khippaṃva attānaṃ,</p>\r\n<p class="gathalast">Ādāsatalamānaye.</p>\r\n<p class="hangnum"><a name="para96"></a><span class="paranum">96</span>.</p>\r\n<p class="gatha1"> Samparāyikamatthaṃ yo,</p>\r\n<p class="gatha2">Nasaddhahati cepiso;</p>\r\n<p class="gatha3">Āvāse sagga gāmīnaṃ,</p>\r\n<p class="gathalast">Mākkabhe kiṃnapassati.</p>\r\n<p class="hangnum"><a name="para97"></a><span class="paranum">97</span>.</p>\r\n<p class="gatha1"> Mahantaṃ vaṭṭarukkhādiṃ,</p>\r\n<p class="gatha2">Khuddabījaṃ bahūphalaṃ;</p>\r\n<p class="gatha3">Sakkhikatvā udikkheyya,</p>\r\n<p class="gathalast">Puññapāpakaro naro.</p>\r\n<p class="hangnum"><a name="para98"></a><span class="paranum">98</span>.</p>\r\n<p class="gatha1"> </p>','\r',char(13)),'\n',char(10)),'-96-97-98-');
INSERT INTO pages (bookid, page, content, paranum) VALUES('annya_niti_gantha_sangaho_e1004n',44,replace(replace('<p class="gatha1">Yassa <a name="M0.0044"></a> sallahukaṃ hoti,</p>\r\n<p class="gatha2">Gurusakkāramānanaṃ;</p>\r\n<p class="gatha3">Tassa sallahukāyeva,</p>\r\n<p class="gathalast">Vijjāsampattisampadā.</p>\r\n<p class="hangnum"><a name="para99"></a><span class="paranum">99</span>.</p>\r\n<p class="gatha1"> Upajjhācariyānañca,</p>\r\n<p class="gatha2">Mātāpitūnamevaca;</p>\r\n<p class="gatha3">Sakkaccaṃ yonupaṭṭhāti,</p>\r\n<p class="gathalast">Suto tassapitādiso.</p>\r\n<p class="hangnum"><a name="para100"></a><span class="paranum">100</span>.</p>\r\n<p class="gatha1"> Dese dese kulānīca,</p>\r\n<p class="gatha2">Desedese ca bandhavo;</p>\r\n<p class="gatha3">Tādisaṃ sahajā yattha,</p>\r\n<p class="gathalast">Desaṃ passāminevatu.</p>\r\n<p class="hangnum"><a name="para101"></a><span class="paranum">101</span>.</p>\r\n<p class="gatha1"> </p>','\r',char(13)),'\n',char(10)),'-99-100-101-');
INSERT INTO pages (bookid, page, content, paranum) VALUES('annya_niti_gantha_sangaho_e1004n',45,replace(replace('<p class="gatha1">Puttaṃvā <a name="M0.0045"></a> bhātaraṃ duṭṭhaṃ,</p>\r\n<p class="gatha2">Anusāseyya nojahe;</p>\r\n<p class="gatha3">Kiṃnu chejjaṃ karaṃpādaṃ,</p>\r\n<p class="gathalast">Littaṃ asucinā siyā;</p>\r\n<p class="hangnum"><a name="para102"></a><span class="paranum">102</span>.</p>\r\n<p class="gatha1"> Bahuputte pitāeko,</p>\r\n<p class="gatha2">Avassaṃ poseti sadā;</p>\r\n<p class="gatha3">Bahuputtā nasakkonti,</p>\r\n<p class="gathalast">Posetuṃ pitarekakaṃ.</p>\r\n<p class="hangnum"><a name="para103"></a><span class="paranum">103</span>.</p>\r\n<p class="gatha1"> </p>','\r',char(13)),'\n',char(10)),'-102-103-');
INSERT INTO pages (bookid, page, content, paranum) VALUES('annya_niti_gantha_sangaho_e1004n',46,replace(replace('<p class="gatha1">Atijātamanujātaṃ<a name="M0.0046"></a>,</p>\r\n<p class="gatha2">Puttamicchanti paṇḍitā;</p>\r\n<p class="gatha3">Avajātaṃ naicchanti,</p>\r\n<p class="gathalast">Yohoti kulagandhano.</p>\r\n<p class="hangnum"><a name="para104"></a><span class="paranum">104</span>.</p>\r\n<p class="gatha1"> Pañcaṭhānāni sampassaṃ,</p>\r\n<p class="gatha2">Puttamicchanti paṇḍitā;</p>\r\n<p class="gatha3">Jātovā no bharissati,</p>\r\n<p class="gathalast">Kiccaṃvā no karissati.</p>\r\n<p class="hangnum"><a name="para105"></a><span class="paranum">105</span>.</p>\r\n<p class="gatha1"> </p>','\r',char(13)),'\n',char(10)),'-104-105-');
INSERT INTO pages (bookid, page, content, paranum) VALUES('annya_niti_gantha_sangaho_e1004n',47,replace(replace('<p class="gatha1">Kulavaṃso <a name="M0.0047"></a> ciraṃ tiṭṭhe,</p>\r\n<p class="gatha2">Dāyajjaṃ paṭipaccati;</p>\r\n<p class="gatha3">Athavāpana petānaṃ,</p>\r\n<p class="gathalast">Dakkhiṇaṃnupadassati.</p>\r\n<p class="hangnum"><a name="para106"></a><span class="paranum">106</span>.</p>\r\n<p class="gatha1"> Antojāto dhanakkīto,</p>\r\n<p class="gatha2">Dāsabyopagato sayaṃ;</p>\r\n<p class="gatha3">Dāsākaramarānīto,</p>\r\n<p class="gathalast">Ccevante catudhā siyuṃ.</p>\r\n<p class="hangnum"><a name="para107"></a><span class="paranum">107</span>.</p>\r\n<p class="gatha1"> Dāsā pañceva corayya-</p>\r\n<p class="gatha2">Sakhañātyattasadisā;</p>\r\n<p class="gatha3">Tathā viññūhi viññeyyā,</p>\r\n<p class="gathalast">Mittādārāca bandhavā.</p>\r\n<p class="hangnum"><a name="para108"></a><span class="paranum">108</span>.</p>\r\n<p class="gatha1"> </p>','\r',char(13)),'\n',char(10)),'-106-107-108-');
INSERT INTO pages (bookid, page, content, paranum) VALUES('annya_niti_gantha_sangaho_e1004n',48,replace(replace('<p class="gatha1">Tayova <a name="M0.0048"></a> paṇḍitā satthe,</p>\r\n<p class="gatha2">Ahamevātivādīca,</p>\r\n<p class="gatha3">Ahamapiti vādīca,</p>\r\n<p class="gathalast">Nāhantica imetayo.</p>\r\n<p class="hangnum"><a name="para109"></a><span class="paranum">109</span>.</p>\r\n<p class="gatha1"> Vinā satthaṃ nagaccheyya,</p>\r\n<p class="gatha2">Sūro saṅkāmabhūmiyaṃ;</p>\r\n<p class="gatha3">Paṇḍitaddhagū vāṇijjo,</p>\r\n<p class="gathalast">Videsagamano tathā.</p>\r\n<p class="hangnum"><a name="para110"></a><span class="paranum">110</span>.</p>\r\n<p class="gatha1"> </p>','\r',char(13)),'\n',char(10)),'-109-110-');
INSERT INTO pages (bookid, page, content, paranum) VALUES('annya_niti_gantha_sangaho_e1004n',49,replace(replace('<p class="gatha1">Sammā <a name="M0.0049"></a> upaparikkhitvā,</p>\r\n<p class="gatha2">Akkharesu padesuca;</p>\r\n<p class="gatha3">Coraghāto siyā sisso,</p>\r\n<p class="gathalast">Guru coraṭṭakārako.</p>\r\n<p class="hangnum"><a name="para111"></a><span class="paranum">111</span>.</p>\r\n<p class="gatha1"> Sādhuttaṃ sujanasamāgamā khalānaṃ,</p>\r\n<p class="gatha2">Sādhūnaṃ nakhalasamāgamā khalattaṃ;</p>\r\n<p class="gatha3">Āmodaṃkusumabhavaṃdadhātibhūmi,</p>\r\n<p class="gathalast">Bhūgandhaṃ naca kusumāni dhārayanti.</p>\r\n<p class="hangnum"><a name="para112"></a><span class="paranum">112</span>.</p>\r\n<p class="gatha1"> </p>','\r',char(13)),'\n',char(10)),'-111-112-');
INSERT INTO pages (bookid, page, content, paranum) VALUES('annya_niti_gantha_sangaho_e1004n',50,replace(replace('<p class="gatha1">Saṭṭhena <a name="M0.0050"></a> mittaṃ kalusena dhammaṃ,</p>\r\n<p class="gatha2">Paropatāpena samiddhibhāvaṃ;</p>\r\n<p class="gatha3">Sukhena vijjaṃ pharusena nāriṃ,</p>\r\n<p class="gathalast">Icchanti ye te navapaṇḍitāva.</p>\r\n<p class="chapter">Mittakathā</p>\r\n<p class="hangnum"><a name="para113"></a><span class="paranum">113</span>.</p>\r\n<p class="gatha1"> </p>','\r',char(13)),'\n',char(10)),'-113-');
INSERT INTO pages (bookid, page, content, paranum) VALUES('annya_niti_gantha_sangaho_e1004n',51,replace(replace('<p class="gatha1">Katvāna <a name="M0.0051"></a> kusalaṃkammaṃ,</p>\r\n<p class="gatha2">Katvācā kusalaṃ pure;</p>\r\n<p class="gatha3">Sukhitadukkhitā honti,</p>\r\n<p class="gathalast">So bālo yo napassati.</p>\r\n<p class="hangnum"><a name="para114"></a><span class="paranum">114</span>.</p>\r\n<p class="gatha1"> Sayaṃkatena pāpena,</p>\r\n<p class="gatha2">Aniṭṭhaṃ labhate phalaṃ;</p>\r\n<p class="gatha3">Te me so me janentīti,</p>\r\n<p class="gathalast">Punāguṃ kurute jaḷo.</p>\r\n<p class="hangnum"><a name="para115"></a><span class="paranum">115</span>.</p>\r\n<p class="gatha1"> </p>','\r',char(13)),'\n',char(10)),'-114-115-');
INSERT INTO pages (bookid, page, content, paranum) VALUES('annya_niti_gantha_sangaho_e1004n',52,replace(replace('<p class="gatha1">Kālakhepena <a name="M0.0052"></a> hāpeti,</p>\r\n<p class="gatha2">Dānasīlādikaṃ jaḷo;</p>\r\n<p class="gatha3">Athirampi thiraṃ maññe,</p>\r\n<p class="gathalast">Attānaṃ sassatīsamaṃ.</p>\r\n<p class="hangnum"><a name="para116"></a><span class="paranum">116</span>.</p>\r\n<p class="gatha1"> Bālova pāpakaṃ katvā,</p>\r\n<p class="gatha2">Nataṃchaṭṭetumussahe;</p>\r\n<p class="gatha3">Kiṃ byagghatādi gacchanto,</p>\r\n<p class="gathalast">Padaṃ makkhetumussahe.</p>\r\n<p class="hangnum"><a name="para117"></a><span class="paranum">117</span>.</p>\r\n<p class="gatha1"> Paranassanato naṭṭho,</p>\r\n<p class="gatha2">Pureva paranāsako;</p>\r\n<p class="gatha3">Sīghaṃvā dassanaṃ yāti,</p>\r\n<p class="gathalast">Tiṇaṃ pāsādajjhāpakaṃ.</p>\r\n<p class="hangnum"><a name="para118"></a><span class="paranum">118</span>.</p>\r\n<p class="gatha1"> </p>','\r',char(13)),'\n',char(10)),'-116-117-118-');
INSERT INTO pages (bookid, page, content, paranum) VALUES('annya_niti_gantha_sangaho_e1004n',53,replace(replace('<p class="gatha1">Bhojanā <a name="M0.0053"></a> methunā niddā,</p>\r\n<p class="gatha2">Gave poseca vijjati;</p>\r\n<p class="gatha3">Vijjā viseso posassa,</p>\r\n<p class="gathalast">Tatohīno gosamo bhave.</p>\r\n<p class="hangnum"><a name="para119"></a><span class="paranum">119</span>.</p>\r\n<p class="gatha1"> Muḷhasisso padesena,</p>\r\n<p class="gatha2">Kunārībharaṇenaca;</p>\r\n<p class="gatha3">Khalasatthūhisaṃyogā,</p>\r\n<p class="gathalast">Paṇḍitopyavasīdati.</p>\r\n<p class="hangnum"><a name="para120"></a><span class="paranum">120</span>.</p>\r\n<p class="gatha1"> </p>','\r',char(13)),'\n',char(10)),'-119-120-');
INSERT INTO pages (bookid, page, content, paranum) VALUES('annya_niti_gantha_sangaho_e1004n',54,replace(replace('<p class="gatha1">Dvecimekaṇṭakā <a name="M0.0054"></a> tikkhā,</p>\r\n<p class="gatha2">Sarīrasobhitā kāme;</p>\r\n<p class="gatha3">Nidhano yoca kāmeti,</p>\r\n<p class="gathalast">Yocakuppatyanissāro.</p>\r\n<p class="hangnum"><a name="para121"></a><span class="paranum">121</span>.</p>\r\n<p class="gatha1"> Nidhanocāpi kāmeti,</p>\r\n<p class="gatha2">Dubbalo kalahaṃpiyo;</p>\r\n<p class="gatha3">Mandasattho vivādatthi,</p>\r\n<p class="gathalast">Tividhaṃ muḷhalakkhaṇaṃ.</p>\r\n<p class="hangnum"><a name="para122"></a><span class="paranum">122</span>.</p>\r\n<p class="gatha1"> Appasuto sute appe,</p>\r\n<p class="gatha2">Bahuṃmaññati mānavo;</p>\r\n<p class="gatha3">Sindhudakama passanto,</p>\r\n<p class="gathalast">Kūpetoyaṃva maṇḍuko.</p>\r\n<p class="hangnum"><a name="para123"></a><span class="paranum">123</span>.</p>\r\n<p class="gatha1"> </p>','\r',char(13)),'\n',char(10)),'-121-122-123-');
INSERT INTO pages (bookid, page, content, paranum) VALUES('annya_niti_gantha_sangaho_e1004n',55,replace(replace('<p class="gatha1">Tadamināpi <a name="M0.0055"></a> jānāti,</p>\r\n<p class="gatha2">Sobbhesu padaresuca;</p>\r\n<p class="gatha3">Sunantā yanti kusumbhā,</p>\r\n<p class="gathalast">Tuṇhīyanti mahodadhi.</p>\r\n<p class="hangnum"><a name="para124"></a><span class="paranum">124</span>.</p>\r\n<p class="gatha1"> Yaṃ ūnakaṃ taṃ sunati,</p>\r\n<p class="gatha2">Yaṃ pūraṃ santameva taṃ;</p>\r\n<p class="gatha3">Aḍḍhakumbhūpamo bālo,</p>\r\n<p class="gathalast">Rahato pūrova paṇḍito.</p>\r\n<p class="hangnum"><a name="para125"></a><span class="paranum">125</span>.</p>\r\n<p class="gatha1"> </p>','\r',char(13)),'\n',char(10)),'-124-125-');
INSERT INTO pages (bookid, page, content, paranum) VALUES('annya_niti_gantha_sangaho_e1004n',56,replace(replace('<p class="gatha1">Budhehibhāsamānopi<a name="M0.0056"></a>,</p>\r\n<p class="gatha2">Khalo bahutaketavo;</p>\r\n<p class="gatha3">Ghaṃsiyamāno aṅgāro,</p>\r\n<p class="gathalast">Nilamattaṃ nagacchati.</p>\r\n<p class="hangnum"><a name="para126"></a><span class="paranum">126</span>.</p>\r\n<p class="gatha1"> Cārutā paradārāya,</p>\r\n<p class="gatha2">Dhanaṃ lokatappatiyā;</p>\r\n<p class="gatha3">Pasutaṃ sādhunāsāya,</p>\r\n<p class="gathalast">Khale khalatarā guṇā.</p>\r\n<p class="hangnum"><a name="para127"></a><span class="paranum">127</span>.</p>\r\n<p class="gatha1"> </p>','\r',char(13)),'\n',char(10)),'-126-127-');
INSERT INTO pages (bookid, page, content, paranum) VALUES('annya_niti_gantha_sangaho_e1004n',57,replace(replace('<p class="gatha1">Ito <a name="M0.0057"></a> hassataraṃ loke,</p>\r\n<p class="gatha2">Kiñci tassa navijjati;</p>\r\n<p class="gatha3">Dujjanotica yaṃāha,</p>\r\n<p class="gathalast">Sajjanaṃ dujjano sayaṃ.</p>\r\n<p class="hangnum"><a name="para128"></a><span class="paranum">128</span>.</p>\r\n<p class="gatha1"> Rogaṇḍacaṅkuro tejo,</p>\r\n<p class="gatha2">Visamassataro ghaṇo;</p>\r\n<p class="gatha3">Avināsiya samanti,</p>\r\n<p class="gathalast">Na khaloca sanissayaṃ.</p>\r\n<p class="hangnum"><a name="para129"></a><span class="paranum">129</span>.</p>\r\n<p class="gatha1"> </p>','\r',char(13)),'\n',char(10)),'-128-129-');
INSERT INTO pages (bookid, page, content, paranum) VALUES('annya_niti_gantha_sangaho_e1004n',58,replace(replace('<p class="gatha1">Navinā <a name="M0.0058"></a> paravādena,</p>\r\n<p class="gatha2">Ramante dujjanā khalu;</p>\r\n<p class="gatha3">Na sā sabbarase bhutvā,</p>\r\n<p class="gathalast">Vinā vacce natussati.</p>\r\n<p class="hangnum"><a name="para130"></a><span class="paranum">130</span>.</p>\r\n<p class="gatha1"> Tappate yāti sandhānaṃ,</p>\r\n<p class="gatha2">Davo bhavati vanataṃ;</p>\r\n<p class="gatha3">Muduṃ dujjanacittaṃ kiṃ,</p>\r\n<p class="gathalast">Lohena upamīyate.</p>\r\n<p class="hangnum"><a name="para131"></a><span class="paranum">131</span>.</p>\r\n<p class="gatha1"> Tasmā dujjanasaṃsaggaṃ,</p>\r\n<p class="gatha2">Āsīvisa mivoragaṃ;</p>\r\n<p class="gatha3">Ārakā parivajjeyya,</p>\r\n<p class="gathalast">Bhūtikāmo vicakkhaṇo.</p>\r\n<p class="hangnum"><a name="para132"></a><span class="paranum">132</span>.</p>\r\n<p class="gatha1"> </p>','\r',char(13)),'\n',char(10)),'-130-131-132-');
INSERT INTO pages (bookid, page, content, paranum) VALUES('annya_niti_gantha_sangaho_e1004n',59,replace(replace('<p class="gatha1">Dujjanena <a name="M0.0059"></a> hi saṃsaggo,</p>\r\n<p class="gatha2">Sattutāpi nayujjate;</p>\r\n<p class="gatha3">Tatto dahati aṅgāro,</p>\r\n<p class="gathalast">Santātu kālataṃkaro.</p>\r\n<p class="hangnum"><a name="para133"></a><span class="paranum">133</span>.</p>\r\n<p class="gatha1"> Dujjano vajjanīyova,</p>\r\n<p class="gatha2">Vijjāyālaṅkatopi ce;</p>\r\n<p class="gatha3">Maṇinā laṅkato santo,</p>\r\n<p class="gathalast">Sappo kiṃ nabhayaṅkaro.</p>\r\n<p class="hangnum"><a name="para134"></a><span class="paranum">134</span>.</p>\r\n<p class="gatha1"> </p>','\r',char(13)),'\n',char(10)),'-133-134-');
INSERT INTO pages (bookid, page, content, paranum) VALUES('annya_niti_gantha_sangaho_e1004n',60,replace(replace('<p class="gatha1">Aggino <a name="M0.0060"></a> dahato dāyaṃ,</p>\r\n<p class="gatha2">Sakhābhavati māluto;</p>\r\n<p class="gatha3">Sova dīpaṃtu nāseti,</p>\r\n<p class="gathalast">Khale nattheva mittatā.</p>\r\n<p class="hangnum"><a name="para135"></a><span class="paranum">135</span>.</p>\r\n<p class="gatha1"> Nasmase katapāpamhi,</p>\r\n<p class="gatha2">Nasmase alikavādini;</p>\r\n<p class="gatha3">Nasmasettatthapaññamhi,</p>\r\n<p class="gathalast">Atisantepi nasmase.</p>\r\n<p class="hangnum"><a name="para136"></a><span class="paranum">136</span>.</p>\r\n<p class="gatha1"> Māretuṃ kittakā sakkā,</p>\r\n<p class="gatha2">Dujjanā gagaṇūpamā;</p>\r\n<p class="gatha3">Māritā kodhacittetu,</p>\r\n<p class="gathalast">Mārito honti dujjanā.</p>\r\n<p class="hangnum"><a name="para137"></a><span class="paranum">137</span>.</p>\r\n<p class="gatha1"> </p>','\r',char(13)),'\n',char(10)),'-135-136-137-');
INSERT INTO pages (bookid, page, content, paranum) VALUES('annya_niti_gantha_sangaho_e1004n',61,replace(replace('<p class="gatha1">Bhūmi <a name="M0.0061"></a> kaṇṭakasaṃkiṇṇā,</p>\r\n<p class="gatha2">Chādituṃ nevasakyate;</p>\r\n<p class="gatha3">Upāhana mattakena,</p>\r\n<p class="gathalast">Channā bhavati medanī.</p>\r\n<p class="hangnum"><a name="para138"></a><span class="paranum">138</span>.</p>\r\n<p class="gatha1"> Sattā sadāpasevanti,</p>\r\n<p class="gatha2">Sodakaṃ vāpiādikaṃ;</p>\r\n<p class="gatha3">Sabhogaṃ sadhanañcevaṃ,</p>\r\n<p class="gathalast">Tucchāce te jahanti te.</p>\r\n<p class="hangnum"><a name="para139"></a><span class="paranum">139</span>.</p>\r\n<p class="gatha1"> </p>','\r',char(13)),'\n',char(10)),'-138-139-');
INSERT INTO pages (bookid, page, content, paranum) VALUES('annya_niti_gantha_sangaho_e1004n',62,replace(replace('<p class="gatha1">Dhanahīnaṃ <a name="M0.0062"></a> caje mitto,</p>\r\n<p class="gatha2">Puttadārā sahodarā;</p>\r\n<p class="gatha3">Atthavantaṃva sevanti,</p>\r\n<p class="gathalast">Attho loke mahāsakhā.</p>\r\n<p class="hangnum"><a name="para140"></a><span class="paranum">140</span>.</p>\r\n<p class="gatha1"> Na rūpinī na paññāṇo,</p>\r\n<p class="gatha2">Nakulīno padhānatā;</p>\r\n<p class="gatha3">Kāle vipattisampatte,</p>\r\n<p class="gathalast">Dhanimāva visesatā.</p>\r\n<p class="hangnum"><a name="para141"></a><span class="paranum">141</span>.</p>\r\n<p class="gatha1"> </p>','\r',char(13)),'\n',char(10)),'-140-141-');
INSERT INTO pages (bookid, page, content, paranum) VALUES('annya_niti_gantha_sangaho_e1004n',63,replace(replace('<p class="gatha1">Kalyāṇamittaṃ <a name="M0.0063"></a> kantāraṃ,</p>\r\n<p class="gatha2">Yuddhaṃ sabhāyaṃ bhāsituṃ;</p>\r\n<p class="gatha3">Asatthā gantu micchanti,</p>\r\n<p class="gathalast">Muḷhā tecaturojanā.</p>\r\n<p class="hangnum"><a name="para142"></a><span class="paranum">142</span>.</p>\r\n<p class="gatha1"> Ahitā paṭisedhoca,</p>\r\n<p class="gatha2">Hitesuca payojanaṃ;</p>\r\n<p class="gatha3">Byasanesva pariccāgo,</p>\r\n<p class="gathalast">Saṅkhepā mittalakkhaṇaṃ.</p>\r\n<p class="hangnum"><a name="para143"></a><span class="paranum">143</span>.</p>\r\n<p class="gatha1"> Āture byasanepatte,</p>\r\n<p class="gatha2">Dubbhikkhe sattu viggahe;</p>\r\n<p class="gatha3">Rājadvāre susāneca,</p>\r\n<p class="gathalast">Yo tiṭṭhati sabandhavo.</p>\r\n<p class="hangnum"><a name="para144"></a><span class="paranum">144</span>.</p>\r\n<p class="gatha1"> </p>','\r',char(13)),'\n',char(10)),'-142-143-144-');
INSERT INTO pages (bookid, page, content, paranum) VALUES('annya_niti_gantha_sangaho_e1004n',64,replace(replace('<p class="gatha1">So <a name="M0.0064"></a> bandhu yo hiteyutto,</p>\r\n<p class="gatha2">So pitā yo tu posako;</p>\r\n<p class="gatha3">So ñāti yatra visāso,</p>\r\n<p class="gathalast">Sā bhariyā yatra nibbūti.</p>\r\n<p class="hangnum"><a name="para145"></a><span class="paranum">145</span>.</p>\r\n<p class="gatha1"> Hitesino sumittoca,</p>\r\n<p class="gatha2">Viññūca dullabhā janā;</p>\r\n<p class="gatha3">Yatho sadhaṃca sāduṃca,</p>\r\n<p class="gathalast">Rogahārīca sujano.</p>\r\n<p class="hangnum"><a name="para146"></a><span class="paranum">146</span>.</p>\r\n<p class="gatha1"> </p>','\r',char(13)),'\n',char(10)),'-145-146-');
INSERT INTO pages (bookid, page, content, paranum) VALUES('annya_niti_gantha_sangaho_e1004n',65,replace(replace('<p class="gatha1">Agaruko <a name="M0.0065"></a> anālasso,</p>\r\n<p class="gatha2">Asaṭṭhoca saccavā suci;</p>\r\n<p class="gatha3">Aluddho atthakāmoca,</p>\r\n<p class="gathalast">Ediso suhaduttamo.</p>\r\n<p class="hangnum"><a name="para147"></a><span class="paranum">147</span>.</p>\r\n<p class="gatha1"> Yo dhuvāni pariccajja,</p>\r\n<p class="gatha2">Adhūvānyupasevati;</p>\r\n<p class="gatha3">Dhuvāpi tassa nassanti,</p>\r\n<p class="gathalast">Adhuvesu kathāvakā.</p>\r\n<p class="hangnum"><a name="para148"></a><span class="paranum">148</span>.</p>\r\n<p class="gatha1"> </p>','\r',char(13)),'\n',char(10)),'-147-148-');
INSERT INTO pages (bookid, page, content, paranum) VALUES('annya_niti_gantha_sangaho_e1004n',66,replace(replace('<p class="gatha1">Luddhamatthenagaṇheyya<a name="M0.0066"></a>,</p>\r\n<p class="gatha2">Thaddha mañjalikammunā;</p>\r\n<p class="gatha3">Chandānuvattiyā muḷhaṃ,</p>\r\n<p class="gathalast">Yathābhūtena paṇḍitaṃ.</p>\r\n<p class="hangnum"><a name="para149"></a><span class="paranum">149</span>.</p>\r\n<p class="gatha1"> Uttamaṃ pāṇipātena,</p>\r\n<p class="gatha2">Sūraṃ bhedena vijaye;</p>\r\n<p class="gatha3">Nicaṃ dabbapadānena,</p>\r\n<p class="gathalast">Vikkamena samaṃ jaye.</p>\r\n<p class="hangnum"><a name="para150"></a><span class="paranum">150</span>.</p>\r\n<p class="gatha1"> Yassayassa hi yobhāvo,</p>\r\n<p class="gatha2">Tenatena hi taṃnaraṃ;</p>\r\n<p class="gatha3">Anupavissa medhāvī,</p>\r\n<p class="gathalast">Khippamattavasaṃ naye.</p>\r\n<p class="hangnum"><a name="para151"></a><span class="paranum">151</span>.</p>\r\n<p class="gatha1"> </p>','\r',char(13)),'\n',char(10)),'-149-150-151-');
INSERT INTO pages (bookid, page, content, paranum) VALUES('annya_niti_gantha_sangaho_e1004n',67,replace(replace('<p class="gatha1">Yena <a name="M0.0067"></a> icchati sambandhaṃ,</p>\r\n<p class="gatha2">Tena tīṇi nakāraye;</p>\r\n<p class="gatha3">Vivāda matthasambandhaṃ,</p>\r\n<p class="gathalast">Parokkhe dāradassanaṃ.</p>\r\n<p class="hangnum"><a name="para152"></a><span class="paranum">152</span>.</p>\r\n<p class="gatha1"> Accābhikkhaṇasaṃsaggā,</p>\r\n<p class="gatha2">Asammosaraṇenaca;</p>\r\n<p class="gatha3">Etena mittā jīranti,</p>\r\n<p class="gathalast">Akāle yācanāyaca.</p>\r\n<p class="hangnum"><a name="para153"></a><span class="paranum">153</span>.</p>\r\n<p class="gatha1"> </p>','\r',char(13)),'\n',char(10)),'-152-153-');
INSERT INTO pages (bookid, page, content, paranum) VALUES('annya_niti_gantha_sangaho_e1004n',68,replace(replace('<p class="gatha1">Tasmā <a name="M0.0068"></a> nābhikkhaṇaṃ gacche,</p>\r\n<p class="gatha2">Nacagacche cirāciraṃ;</p>\r\n<p class="gatha3">Kālena yācaṃ yāceyya,</p>\r\n<p class="gathalast">Evaṃ mittā najīraye.</p>\r\n<p class="hangnum"><a name="para154"></a><span class="paranum">154</span>.</p>\r\n<p class="gatha1"> Ete bhiyyo samaṃ yanti,</p>\r\n<p class="gatha2">Sandhi tesaṃ najīrati;</p>\r\n<p class="gatha3">Yo adhippannaṃ sahati,</p>\r\n<p class="gathalast">Yoca jānāti desanaṃ.</p>\r\n<p class="hangnum"><a name="para155"></a><span class="paranum">155</span>.</p>\r\n<p class="gatha1"> Sace santā vivādanti,</p>\r\n<p class="gatha2">Khippaṃ sandhiraye puna;</p>\r\n<p class="gatha3">Bālā pattāva bhijjanti,</p>\r\n<p class="gathalast">Na te samathamajjhaguṃ.</p>\r\n<p class="hangnum"><a name="para156"></a><span class="paranum">156</span>.</p>\r\n<p class="gatha1"> </p>','\r',char(13)),'\n',char(10)),'-154-155-156-');
INSERT INTO pages (bookid, page, content, paranum) VALUES('annya_niti_gantha_sangaho_e1004n',69,replace(replace('<p class="gatha1">Yenamittena <a name="M0.0069"></a> saṃsaggo,</p>\r\n<p class="gatha2">Yogakkhemo vihīyati;</p>\r\n<p class="gatha3">Pubbeva jjhābhavantassa,</p>\r\n<p class="gathalast">Rakkhe akkhiva paṇḍito.</p>\r\n<p class="hangnum"><a name="para157"></a><span class="paranum">157</span>.</p>\r\n<p class="gatha1"> Yenamittena saṃsaggā,</p>\r\n<p class="gatha2">Yogakkhemo pavaḍḍhati;</p>\r\n<p class="gatha3">Kareyyattasamaṃ vutti,</p>\r\n<p class="gathalast">Sabbakiccesu paṇḍito.</p>\r\n<p class="hangnum"><a name="para158"></a><span class="paranum">158</span>.</p>\r\n<p class="gatha1"> </p>','\r',char(13)),'\n',char(10)),'-157-158-');
INSERT INTO pages (bookid, page, content, paranum) VALUES('annya_niti_gantha_sangaho_e1004n',70,replace(replace('<p class="gatha1">Guṇo <a name="M0.0070"></a> sabbaññutulyopi,</p>\r\n<p class="gatha2">Sīdate ko anissayo;</p>\r\n<p class="gatha3">Anaggha mapimāṇikkaṃ,</p>\r\n<p class="gathalast">Hemaṃ nissāya sobhate.</p>\r\n<p class="hangnum"><a name="para159"></a><span class="paranum">159</span>.</p>\r\n<p class="gatha1"> Pabbepabbe kamenucchu,</p>\r\n<p class="gatha2">Visesarasivaggato;</p>\r\n<p class="gatha3">Tathā sumittiko sādhu,</p>\r\n<p class="gathalast">Viparitova dujjano.</p>\r\n<p class="hangnum"><a name="para160"></a><span class="paranum">160</span>.</p>\r\n<p class="gatha1"> Teneva muninā vuttaṃ,</p>\r\n<p class="gatha2">Yekecilokiyādhammā;</p>\r\n<p class="gatha3">Tathā nibbānagāmīno,</p>\r\n<p class="gathalast">Santi lokuttarādhammā.</p>\r\n<p class="hangnum"><a name="para161"></a><span class="paranum">161</span>.</p>\r\n<p class="gatha1"> </p>','\r',char(13)),'\n',char(10)),'-159-160-161-');
INSERT INTO pages (bookid, page, content, paranum) VALUES('annya_niti_gantha_sangaho_e1004n',71,replace(replace('<p class="gatha1">Kalyāṇamitta <a name="M0.0071"></a>1 māgamma,</p>\r\n<p class="gatha2">Sabbe te honti pāṇinaṃ;</p>\r\n<p class="gatha3">Tasmā kalyāṇamittesu,</p>\r\n<p class="gathalast">Kātabbo ādaro sadā.</p>\r\n<p class="hangnum"><a name="para162"></a><span class="paranum">162</span>.</p>\r\n<p class="gatha1"> Yo ve kataññū katavediko dhiro,</p>\r\n<p class="gatha2">Kalyāṇamitto daḷhabhattica hoti;</p>\r\n<p class="gatha3">Dukkhitassa sakkaccaṃ kareti kiccaṃ,</p>\r\n<p class="gathalast">Tathāvidhaṃ sappurisāti vadanti.</p>\r\n<p class="hangnum"><a name="para163"></a><span class="paranum">163</span>.</p>\r\n<p class="gatha1"> </p>','\r',char(13)),'\n',char(10)),'-162-163-');
INSERT INTO pages (bookid, page, content, paranum) VALUES('annya_niti_gantha_sangaho_e1004n',72,replace(replace('<p class="gatha1">Yassahi <a name="M0.0072"></a> dhammaṃ puriso vijaññā,</p>\r\n<p class="gatha2">Yecassa kaṅkhaṃ vinayanti santo;</p>\r\n<p class="gatha3">Tañhissa dīpañca parāyanañca,</p>\r\n<p class="gathalast">Na tena mittaṃ jirayetha pañño.</p>\r\n<p class="chapter">Nāyakakathā</p>\r\n<p class="hangnum"><a name="para164"></a><span class="paranum">164</span>.</p>\r\n<p class="gatha1"> </p>','\r',char(13)),'\n',char(10)),'-164-');
INSERT INTO pages (bookid, page, content, paranum) VALUES('annya_niti_gantha_sangaho_e1004n',73,replace(replace('<p class="gatha1">Kassako <a name="M0.0073"></a> vāṇijomacco,</p>\r\n<p class="gatha2">Samaṇo sutasīlavā;</p>\r\n<p class="gatha3">Tesu vipulajātesu,</p>\r\n<p class="gathalast">Raṭṭhaṃpi vipulaṃ siyā.</p>\r\n<p class="hangnum"><a name="para165"></a><span class="paranum">165</span>.</p>\r\n<p class="gatha1"> Tesu dubbalajātesu,</p>\r\n<p class="gatha2">Raṭṭhaṃpi dubbalaṃ siyā;</p>\r\n<p class="gatha3">Tasmā raṭṭhaṃpi vipulaṃ,</p>\r\n<p class="gathalast">Dhāraye raṭṭhasāravā.</p>\r\n<p class="hangnum"><a name="para166"></a><span class="paranum">166</span>.</p>\r\n<p class="gatha1"> </p>','\r',char(13)),'\n',char(10)),'-165-166-');
INSERT INTO pages (bookid, page, content, paranum) VALUES('annya_niti_gantha_sangaho_e1004n',74,replace(replace('<p class="gatha1">Mahārukkhassa <a name="M0.0074"></a> phalino,</p>\r\n<p class="gatha2">Āmaṃ chindati yo phalaṃ;</p>\r\n<p class="gatha3">Rasañcassa najānāti,</p>\r\n<p class="gathalast">Bījañcassa vinassati.</p>\r\n<p class="hangnum"><a name="para167"></a><span class="paranum">167</span>.</p>\r\n<p class="gatha1"> Mahārukkhupamaṃ raṭṭhaṃ,</p>\r\n<p class="gatha2">Yo adhammena sāsati;</p>\r\n<p class="gatha3">Rasañcassa najānāti,</p>\r\n<p class="gathalast">Raṭṭhañcāpi vinassati.</p>\r\n<p class="hangnum"><a name="para168"></a><span class="paranum">168</span>.</p>\r\n<p class="gatha1"> Mahārukkhassa phalino,</p>\r\n<p class="gatha2">Pakkaṃ chindati yo phalaṃ;</p>\r\n<p class="gatha3">Rasañcassa vijānāti,</p>\r\n<p class="gathalast">Bījañcassa nanassati.</p>\r\n<p class="hangnum"><a name="para169"></a><span class="paranum">169</span>.</p>\r\n<p class="gatha1"> </p>','\r',char(13)),'\n',char(10)),'-167-168-169-');
INSERT INTO pages (bookid, page, content, paranum) VALUES('annya_niti_gantha_sangaho_e1004n',75,replace(replace('<p class="gatha1">Mahārukkhupamaṃ <a name="M0.0075"></a> raṭṭhaṃ,</p>\r\n<p class="gatha2">Dhammena yo pasāsati;</p>\r\n<p class="gatha3">Rasañcassa vijānāti,</p>\r\n<p class="gathalast">Raṭṭhañcāpi nanassati.</p>\r\n<p class="hangnum"><a name="para170"></a><span class="paranum">170</span>.</p>\r\n<p class="gatha1"> Janappadañca yorājā,</p>\r\n<p class="gatha2">Adhammena pasāsati;</p>\r\n<p class="gatha3">Sabbo sadhihi sorājā,</p>\r\n<p class="gathalast">Viruddho hoti khattiyo.</p>\r\n<p class="hangnum"><a name="para171"></a><span class="paranum">171</span>.</p>\r\n<p class="gatha1"> </p>','\r',char(13)),'\n',char(10)),'-170-171-');
INSERT INTO pages (bookid, page, content, paranum) VALUES('annya_niti_gantha_sangaho_e1004n',76,replace(replace('<p class="gatha1">Tatheva <a name="M0.0076"></a> nigame hiṃsaṃ,</p>\r\n<p class="gatha2">Ye yuttā kayavikkaye;</p>\r\n<p class="gatha3">Suṅkadānabalīkāre,</p>\r\n<p class="gathalast">Sa kosena virujjhati.</p>\r\n<p class="hangnum"><a name="para172"></a><span class="paranum">172</span>.</p>\r\n<p class="gatha1"> Mahāravarakhettesu,</p>\r\n<p class="gatha2">Saṅga, me katanissame;</p>\r\n<p class="gatha3">Ussite hiṃsayaṃ rājā,</p>\r\n<p class="gathalast">Sabalena virujjhati.</p>\r\n<p class="hangnum"><a name="para173"></a><span class="paranum">173</span>.</p>\r\n<p class="gatha1"> Tatheva isayo hiṃso,</p>\r\n<p class="gatha2">Saṃyame brahmacāriyo;</p>\r\n<p class="gatha3">Adhammacāri khattīyo,</p>\r\n<p class="gathalast">So saggena virujjhati.</p>\r\n<p class="hangnum"><a name="para174"></a><span class="paranum">174</span>.</p>\r\n<p class="gatha1"> </p>','\r',char(13)),'\n',char(10)),'-172-173-174-');
INSERT INTO pages (bookid, page, content, paranum) VALUES('annya_niti_gantha_sangaho_e1004n',77,replace(replace('<p class="gatha1">Sayaṃkatā <a name="M0.0077"></a> naparena,</p>\r\n<p class="gatha2">Mahānajjo juvakatā;</p>\r\n<p class="gatha3">Issarena tathā raññā,</p>\r\n<p class="gathalast">Saraṭṭhe adhipaccatā.</p>\r\n<p class="hangnum"><a name="para175"></a><span class="paranum">175</span>.</p>\r\n<p class="gatha1"> Pāpaṃvāpi hi puññaṃvā,</p>\r\n<p class="gatha2">Padhāno yaṃ karotice;</p>\r\n<p class="gatha3">Lokopevaṃ karotyeva,</p>\r\n<p class="gathalast">Taṃ vijāneyya paṇḍito.</p>\r\n<p class="hangnum"><a name="para176"></a><span class="paranum">176</span>.</p>\r\n<p class="gatha1"> </p>','\r',char(13)),'\n',char(10)),'-175-176-');
INSERT INTO pages (bookid, page, content, paranum) VALUES('annya_niti_gantha_sangaho_e1004n',78,replace(replace('<p class="gatha1">Kacchapīnañca <a name="M0.0078"></a> macchīnaṃ,</p>\r\n<p class="gatha2">Kukkuṭīnañca dhenūnaṃ;</p>\r\n<p class="gatha3">Puttaposā yathāhoti,</p>\r\n<p class="gathalast">Tathā maccesu rājūnaṃ.</p>\r\n<p class="hangnum"><a name="para177"></a><span class="paranum">177</span>.</p>\r\n<p class="gatha1"> Anāyakā vinassanti,</p>\r\n<p class="gatha2">Nassanti bahunāyakā;</p>\r\n<p class="gatha3">Thīnāyakā vinassanti,</p>\r\n<p class="gathalast">Nassanti susunāyakā.</p>\r\n<p class="hangnum"><a name="para178"></a><span class="paranum">178</span>.</p>\r\n<p class="gatha1"> </p>','\r',char(13)),'\n',char(10)),'-177-178-');
INSERT INTO pages (bookid, page, content, paranum) VALUES('annya_niti_gantha_sangaho_e1004n',79,replace(replace('<p class="gatha1">Bahuvo <a name="M0.0079"></a> yattha netāro,</p>\r\n<p class="gatha2">Sabbe paṇḍitamānino;</p>\r\n<p class="gatha3">Sabbe mahattamicchanti,</p>\r\n<p class="gathalast">Kataṃ nesaṃ vinassati.</p>\r\n<p class="hangnum"><a name="para179"></a><span class="paranum">179</span>.</p>\r\n<p class="gatha1"> Nodayāya vināsāya,</p>\r\n<p class="gatha2">Bahunāyakatā bhūsaṃ;</p>\r\n<p class="gatha3">Nomilanti vinassanti,</p>\r\n<p class="gathalast">Padmā nyakkehisattahi.</p>\r\n<p class="hangnum"><a name="para180"></a><span class="paranum">180</span>.</p>\r\n<p class="gatha1"> Asantuṭṭho yatī naṭṭho,</p>\r\n<p class="gatha2">Santuṭṭhoca mahīpati;</p>\r\n<p class="gatha3">Salajjā gaṇikā naṭṭhā,</p>\r\n<p class="gathalast">Nilajjātu kulaṅganā.</p>\r\n<p class="hangnum"><a name="para181"></a><span class="paranum">181</span>.</p>\r\n<p class="gatha1"> </p>','\r',char(13)),'\n',char(10)),'-179-180-181-');
INSERT INTO pages (bookid, page, content, paranum) VALUES('annya_niti_gantha_sangaho_e1004n',80,replace(replace('<p class="gatha1">Na <a name="M0.0080"></a> gaṇassa ggato gacche,</p>\r\n<p class="gatha2">Siddhe kamme samaṃphalaṃ;</p>\r\n<p class="gatha3">Kammavippatti cehoti,</p>\r\n<p class="gathalast">Mukharo tatra haññate.</p>\r\n<p class="hangnum"><a name="para182"></a><span class="paranum">182</span>.</p>\r\n<p class="gatha1"> Padhiro ca tapassīni,</p>\r\n<p class="gatha2">Sūro raṇavaṇo tathā;</p>\r\n<p class="gatha3">Majjapo patithī rājā,</p>\r\n<p class="gathalast">Ete nasaddahāmahaṃ.</p>\r\n<p class="hangnum"><a name="para183"></a><span class="paranum">183</span>.</p>\r\n<p class="gatha1"> </p>','\r',char(13)),'\n',char(10)),'-182-183-');
INSERT INTO pages (bookid, page, content, paranum) VALUES('annya_niti_gantha_sangaho_e1004n',81,replace(replace('<p class="gatha1">Jāneyya <a name="M0.0081"></a> pesane bhaccaṃ,</p>\r\n<p class="gatha2">Bandhavāpi bhayāgate;</p>\r\n<p class="gatha3">Āpadāsu tathā mittaṃ,</p>\r\n<p class="gathalast">Dārañca vibhavakkhaye.</p>\r\n<p class="hangnum"><a name="para184"></a><span class="paranum">184</span>.</p>\r\n<p class="gatha1"> Raṇā paccāgataṃ sūraṃ,</p>\r\n<p class="gatha2">Dhanañca gharamāgataṃ;</p>\r\n<p class="gatha3">Jiṇṇa mannaṃ pasaṃseyya,</p>\r\n<p class="gathalast">Dārañca gatayobbanaṃ.</p>\r\n<p class="hangnum"><a name="para185"></a><span class="paranum">185</span>.</p>\r\n<p class="gatha1"> Saddhāpemesu santesu,</p>\r\n<p class="gatha2">Nagaṇe māsakaṃ sataṃ;</p>\r\n<p class="gatha3">Saddhāvemesva santesu,</p>\r\n<p class="gathalast">Māsakaṃpi sataṃ gaṇe.</p>\r\n<p class="hangnum"><a name="para186"></a><span class="paranum">186</span>.</p>\r\n<p class="gatha1"> </p>','\r',char(13)),'\n',char(10)),'-184-185-186-');
INSERT INTO pages (bookid, page, content, paranum) VALUES('annya_niti_gantha_sangaho_e1004n',82,replace(replace('<p class="gatha1">Adantadamanaṃ <a name="M0.0082"></a> dānaṃ,</p>\r\n<p class="gatha2">Dānaṃ sabbatthasādhakaṃ;</p>\r\n<p class="gatha3">Dānena piyavācena,</p>\r\n<p class="gathalast">Unnamanti namantica.</p>\r\n<p class="hangnum"><a name="para187"></a><span class="paranum">187</span>.</p>\r\n<p class="gatha1"> Dānaṃ sinehabhesajjaṃ,</p>\r\n<p class="gatha2">Maccheraṃ dussanosadhaṃ;</p>\r\n<p class="gatha3">Dānaṃ yasassabhosajjaṃ,</p>\r\n<p class="gathalast">Maccheraṃ kappanosadhaṃ.</p>\r\n<p class="hangnum"><a name="para188"></a><span class="paranum">188</span>.</p>\r\n<p class="gatha1"> </p>','\r',char(13)),'\n',char(10)),'-187-188-');
INSERT INTO pages (bookid, page, content, paranum) VALUES('annya_niti_gantha_sangaho_e1004n',83,replace(replace('<p class="gatha1">Dubbhikkhe <a name="M0.0083"></a> annadātaṃca,</p>\r\n<p class="gatha2">Subhikkheca hiraññadaṃ;</p>\r\n<p class="gatha3">Bhayecābhayatādānaṃ,</p>\r\n<p class="gathalast">Saggepi bahu maññate.</p>\r\n<p class="hangnum"><a name="para189"></a><span class="paranum">189</span>.</p>\r\n<p class="gatha1"> Sataṃcakkhu sataṃkaṇṇā,</p>\r\n<p class="gatha2">Nāyakassa sutā sadā;</p>\r\n<p class="gatha3">Tathāpi andhapadhīro;</p>\r\n<p class="gathalast">Esā nāyakadhammatā.</p>\r\n<p class="hangnum"><a name="para190"></a><span class="paranum">190</span>.</p>\r\n<p class="gatha1"> Khamā jāgariyu ṭṭhānaṃ,</p>\r\n<p class="gatha2">Saṃvibhāgo dayikkhaṇā;</p>\r\n<p class="gatha3">Nāyakassa guṇāete,</p>\r\n<p class="gathalast">Icchitabbā hitatthinā.</p>\r\n<p class="hangnum"><a name="para191"></a><span class="paranum">191</span>.</p>\r\n<p class="gatha1"> </p>','\r',char(13)),'\n',char(10)),'-189-190-191-');
INSERT INTO pages (bookid, page, content, paranum) VALUES('annya_niti_gantha_sangaho_e1004n',84,replace(replace('<p class="gatha1">Paribhūto <a name="M0.0084"></a> mudū hoti,</p>\r\n<p class="gatha2">Atitikkhoca veravā;</p>\r\n<p class="gatha3">Etañcaubhayaṃ ñatvā,</p>\r\n<p class="gathalast">Anumajjhaṃ samācare.</p>\r\n<p class="hangnum"><a name="para192"></a><span class="paranum">192</span>.</p>\r\n<p class="gatha1"> Nekantamudunā sakkā,</p>\r\n<p class="gatha2">Ekantatikhiṇenavā;</p>\r\n<p class="gatha3">Attaṃ mahante ṭhapetuṃ,</p>\r\n<p class="gathalast">Tasmā ubhaya mācare.</p>\r\n<p class="hangnum"><a name="para193"></a><span class="paranum">193</span>.</p>\r\n<p class="gatha1"> </p>','\r',char(13)),'\n',char(10)),'-192-193-');
INSERT INTO pages (bookid, page, content, paranum) VALUES('annya_niti_gantha_sangaho_e1004n',85,replace(replace('<p class="gatha1">Piṭṭhito <a name="M0.0085"></a> kkaṃ niseveyya,</p>\r\n<p class="gatha2">Kucchinātu hutāsanaṃ;</p>\r\n<p class="gatha3">Sāmikaṃ sabbabhāvena,</p>\r\n<p class="gathalast">Paralokaṃ amāyāya.</p>\r\n<p class="hangnum"><a name="para194"></a><span class="paranum">194</span>.</p>\r\n<p class="gatha1"> Naseve pharusaṃsāmiṃ,</p>\r\n<p class="gatha2">Taṃpi sevena macchariṃ;</p>\r\n<p class="gatha3">Tato paggaṇhakaṃseve,</p>\r\n<p class="gathalast">Seve niggaṇhakaṃ tato;</p>\r\n<p class="hangnum"><a name="para195"></a><span class="paranum">195</span>.</p>\r\n<p class="gatha1"> Na sā rājā yo ajeyyaṃ jināti,</p>\r\n<p class="gatha2">Na so sakhāyo sakhāraṃ jināti;</p>\r\n<p class="gatha3">Na sā bhariyā patino virodhati,</p>\r\n<p class="gathalast">Na te vuttā ye nabharanti jiṇṇakaṃ.</p>\r\n<p class="hangnum"><a name="para196"></a><span class="paranum">196</span>.</p>\r\n<p class="gatha1"> </p>','\r',char(13)),'\n',char(10)),'-194-195-196-');
INSERT INTO pages (bookid, page, content, paranum) VALUES('annya_niti_gantha_sangaho_e1004n',86,replace(replace('<p class="gatha1">Na <a name="M0.0086"></a> sā sabhā yattha nasanti santo,</p>\r\n<p class="gatha2">Na te santo ye navadanti dhammaṃ;</p>\r\n<p class="gatha3">Rāgañca dosañca pahāya mohaṃ,</p>\r\n<p class="gathalast">Dhammaṃ bhaṇantāva bhavanti santo.</p>\r\n<p class="hangnum"><a name="para197"></a><span class="paranum">197</span>.</p>\r\n<p class="gatha1"> Sutassa rakkhā satatābhiyogo;</p>\r\n<p class="gatha2">Kulassa vattaṃ purisassa vijjā;</p>\r\n<p class="gatha3">Rañño pamādo pasamodhanassa,</p>\r\n<p class="gathalast">Thīnantu jānāmi na jātu rakkhaṃ.</p>\r\n<p class="chapter">Itthikathā</p>\r\n<p class="hangnum"><a name="para198"></a><span class="paranum">198</span>.</p>\r\n<p class="gatha1"> </p>','\r',char(13)),'\n',char(10)),'-197-198-');
INSERT INTO pages (bookid, page, content, paranum) VALUES('annya_niti_gantha_sangaho_e1004n',89,replace(replace('<p class="gatha1">Namātarā <a name="M0.0089"></a> dhītuyā vāpi,</p>\r\n<p class="gatha2">Bhagīniyā vicakkhaṇo;</p>\r\n<p class="gatha3">Navivittāsane mante,</p>\r\n<p class="gathalast">Nārī māyāvinīnanu.</p>\r\n<p class="hangnum"><a name="para199"></a><span class="paranum">199</span>.</p>\r\n<p class="gatha1"> Vijjutānañca lolattaṃ,</p>\r\n<p class="gatha2">Satthānañcatitikkhaṇaṃ;</p>\r\n<p class="gatha3">Sīghataṃ vāyutejānaṃ,</p>\r\n<p class="gathalast">Anukubbanti nāriyo.</p>\r\n<p class="hangnum"><a name="para200"></a><span class="paranum">200</span>.</p>\r\n<p class="gatha1"> Dviguṇo thīna māhāro,</p>\r\n<p class="gatha2">Buddhicāpi catugguṇo;</p>\r\n<p class="gatha3">Chaguṇo hoti vāyāmo,</p>\r\n<p class="gathalast">Kāmotva ṭṭha guṇobhave.</p>\r\n<p class="hangnum"><a name="para201"></a><span class="paranum">201</span>.</p>\r\n<p class="gatha1"> Ekamekāyaitthīyā,</p>\r\n<p class="gatha2">Aṭṭhaṭṭhapatino siyuṃ;</p>\r\n<p class="gatha3">Sūrāca balavantoca,</p>\r\n<p class="gatha2">Sabbākāmarasāharā;</p>\r\n<p class="gatha3">Kareyya navame chandaṃ,</p>\r\n<p class="gathalast">Unnattā hi napūrati.</p>\r\n<p class="hangnum"><a name="para202"></a><span class="paranum">202</span>.</p>\r\n<p class="gatha1"> </p>','\r',char(13)),'\n',char(10)),'-199-200-201-202-');
INSERT INTO pages (bookid, page, content, paranum) VALUES('annya_niti_gantha_sangaho_e1004n',90,replace(replace('<p class="gatha1">Lapanti <a name="M0.0090"></a> saddhimaññena,</p>\r\n<p class="gatha2">Passantaññaṃ savibbhamā;</p>\r\n<p class="gatha3">Cittakaṃ cintayantaññaṃ,</p>\r\n<p class="gathalast">Nārīnaṃnāma ko piyo.</p>\r\n<p class="hangnum"><a name="para203"></a><span class="paranum">203</span>.</p>\r\n<p class="gatha1"> Jivhāsahassiko yo hi,</p>\r\n<p class="gatha2">Jīve vassasataṃ naro;</p>\r\n<p class="gatha3">Tena nikammuno vutto,</p>\r\n<p class="gathalast">Thīdoso kiṃkhayaṃgato.</p>\r\n<p class="hangnum"><a name="para204"></a><span class="paranum">204</span>.</p>\r\n<p class="gatha1"> Aggi āpo thiyo muḷho,</p>\r\n<p class="gatha2">Sappo rājakulānica;</p>\r\n<p class="gatha3">Payatanāpagantabbo,</p>\r\n<p class="gathalast">Maccupāṇaharāniti.</p>\r\n<p class="hangnum"><a name="para205"></a><span class="paranum">205</span>.</p>\r\n<p class="gatha1"> </p>','\r',char(13)),'\n',char(10)),'-203-204-205-');
INSERT INTO pages (bookid, page, content, paranum) VALUES('annya_niti_gantha_sangaho_e1004n',91,replace(replace('<p class="gatha1">Itthīnaṃ <a name="M0.0091"></a> dujjanā nañca,</p>\r\n<p class="gatha2">Visāsonopapajjate;</p>\r\n<p class="gatha3">Vīsassa siṅgino roga,</p>\r\n<p class="gathalast">Nadīrājakulassaca.</p>\r\n<p class="hangnum"><a name="para206"></a><span class="paranum">206</span>.</p>\r\n<p class="gatha1"> Satthaṃ sunicchitamatīpi vicintanīyaṃ,</p>\r\n<p class="gatha2">Svārādhitopya vanipo parisaṅkanīyo;</p>\r\n<p class="gatha3">Hatthaṅgatāpi yuvatīparirakkhanīyā,</p>\r\n<p class="gathalast">Satthāvanīpayuvatīsu kutovasitthaṃ.</p>\r\n<p class="hangnum"><a name="para207"></a><span class="paranum">207</span>.</p>\r\n<p class="gatha1"> Ayuttakammāraddhanaṃ virodho,</p>\r\n<p class="gatha2">Saṅghassa yuddhañca mahābalehi;</p>\r\n<p class="gatha3">Vissāsakammaṃ pamādāsu niccaṃ,</p>\r\n<p class="gathalast">Dvārānimaccussa vadanti paññā.</p>\r\n<p class="hangnum"><a name="para208"></a><span class="paranum">208</span>.</p>\r\n<p class="gatha1"> Vātaṃ jālena naro parāmase,</p>\r\n<p class="gatha2">Osiñce sāgaraṃ ekapāṇinā;</p>\r\n<p class="gatha3">Sakenatālena janeyya ghosaṃ,</p>\r\n<p class="gathalast">Yo sabbabhāvaṃ pamadāsu osaje.</p>\r\n<p class="hangnum"><a name="para209"></a><span class="paranum">209</span>.</p>\r\n<p class="gatha1"> </p>','\r',char(13)),'\n',char(10)),'-206-207-208-209-');
INSERT INTO pages (bookid, page, content, paranum) VALUES('annya_niti_gantha_sangaho_e1004n',93,replace(replace('<p class="gatha1">Itthīpi <a name="M0.0093"></a> hi ekacciyā,</p>\r\n<p class="gatha2">Seyyā vuttāva muninā;</p>\r\n<p class="gatha3">Bhaṇḍāna muttamaṃ itthī,</p>\r\n<p class="gathalast">Aggupaṭṭhāyikātica.</p>\r\n<p class="hangnum"><a name="para210"></a><span class="paranum">210</span>.</p>\r\n<p class="gatha1"> Yo naṃ bharati sabbadā,</p>\r\n<p class="gatha2">Niccaṃ ātāpi ussuko;</p>\r\n<p class="gatha3">Sabbakāmaharaṃ posaṃ,</p>\r\n<p class="gathalast">Bhattāraṃ nātimaññati.</p>\r\n<p class="hangnum"><a name="para211"></a><span class="paranum">211</span>.</p>\r\n<p class="gatha1"> </p>','\r',char(13)),'\n',char(10)),'-210-211-');
INSERT INTO pages (bookid, page, content, paranum) VALUES('annya_niti_gantha_sangaho_e1004n',94,replace(replace('<p class="gatha1">Nācāpi <a name="M0.0094"></a> sotthi bhattāraṃ,</p>\r\n<p class="gatha2">Issācārena rosaye;</p>\r\n<p class="gatha3">Bhattuca garunosabbe,</p>\r\n<p class="gathalast">Paṭipūjeti paṇḍito.</p>\r\n<p class="hangnum"><a name="para212"></a><span class="paranum">212</span>.</p>\r\n<p class="gatha1"> Uṭṭhāyikā anālāsā,</p>\r\n<p class="gatha2">Saṅgahitaparijjanā;</p>\r\n<p class="gatha3">Bhattu manāpaṃ carati,</p>\r\n<p class="gathalast">Bhattakaṃ anurakkhati.</p>\r\n<p class="hangnum"><a name="para213"></a><span class="paranum">213</span>.</p>\r\n<p class="gatha1"> Evaṃ vattati yānārī,</p>\r\n<p class="gatha2">Bhattuchandavasānugā;</p>\r\n<p class="gatha3">Manāpānāma tedevā,</p>\r\n<p class="gathalast">Yattha sā upapajjati.</p>\r\n<p class="hangnum"><a name="para214"></a><span class="paranum">214</span>.</p>\r\n<p class="gatha1"> </p>','\r',char(13)),'\n',char(10)),'-212-213-214-');
INSERT INTO pages (bookid, page, content, paranum) VALUES('annya_niti_gantha_sangaho_e1004n',95,replace(replace('<p class="gatha1">Kokilānaṃ <a name="M0.0095"></a> saro rūpaṃ,</p>\r\n<p class="gatha2">Nārīrūpaṃ patibbataṃ;</p>\r\n<p class="gatha3">Vijjā rūpa marūpānaṃ,</p>\r\n<p class="gathalast">Khamā rūpaṃ tapassīnaṃ.</p>\r\n<p class="hangnum"><a name="para215"></a><span class="paranum">215</span>.</p>\r\n<p class="gatha1"> Āneya kulajaṃ pañño,</p>\r\n<p class="gatha2">Virūpamapi kaññakaṃ;</p>\r\n<p class="gatha3">Hīnāyapi surūpāya,</p>\r\n<p class="gathalast">Vivāhaṃsadisaṃ kare.</p>\r\n<p class="hangnum"><a name="para216"></a><span class="paranum">216</span>.</p>\r\n<p class="gatha1"> </p>','\r',char(13)),'\n',char(10)),'-215-216-');
INSERT INTO pages (bookid, page, content, paranum) VALUES('annya_niti_gantha_sangaho_e1004n',96,replace(replace('<p class="gatha1">Visamhāmatamādeyya<a name="M0.0096"></a>,</p>\r\n<p class="gatha2">Amajjamhāpikañcanaṃ;</p>\r\n<p class="gatha3">Nicamhāpyuttamāvijjā,</p>\r\n<p class="gathalast">Ratanitthīpidukulā.</p>\r\n<p class="hangnum"><a name="para217"></a><span class="paranum">217</span>.</p>\r\n<p class="gatha1"> Bālitthī makkhikātuṇḍaṃ,</p>\r\n<p class="gatha2">Isīnañca kamaṇḍaluṃ;</p>\r\n<p class="gatha3">Setambu phalaṃ tambulaṃ,</p>\r\n<p class="gathalast">Nocchiṭṭhamupajāyate.</p>\r\n<p class="hangnum"><a name="para218"></a><span class="paranum">218</span>.</p>\r\n<p class="gatha1"> Bālakko paṇṇadhūmoca,</p>\r\n<p class="gatha2">Vuddhitthī pallalodakaṃ;</p>\r\n<p class="gatha3">Āyukkhayakaraṃ niccaṃ,</p>\r\n<p class="gathalast">Rattoca dadhibhojanaṃ.</p>\r\n<p class="hangnum"><a name="para219"></a><span class="paranum">219</span>.</p>\r\n<p class="gatha1"> </p>','\r',char(13)),'\n',char(10)),'-217-218-219-');
INSERT INTO pages (bookid, page, content, paranum) VALUES('annya_niti_gantha_sangaho_e1004n',97,replace(replace('<p class="gatha1">Thiyo <a name="M0.0097"></a> seveyya naccantaṃ,</p>\r\n<p class="gatha2">Sāduṃ bhuñjeyyanāhitaṃ;</p>\r\n<p class="gatha3">Pūjaye mānaye vuddhe,</p>\r\n<p class="gathalast">Guruṃ māyāya nobhaje.</p>\r\n<p class="hangnum"><a name="para220"></a><span class="paranum">220</span>.</p>\r\n<p class="gatha1"> Ācāro kula mākhyāti,</p>\r\n<p class="gatha2">Desa mākhyāti bhāsitaṃ;</p>\r\n<p class="gatha3">Sambhavo pema mākhyāti,</p>\r\n<p class="gathalast">Deha mākhyātibhojanaṃ.</p>\r\n<p class="hangnum"><a name="para221"></a><span class="paranum">221</span>.</p>\r\n<p class="gatha1"> </p>','\r',char(13)),'\n',char(10)),'-220-221-');
INSERT INTO pages (bookid, page, content, paranum) VALUES('annya_niti_gantha_sangaho_e1004n',98,replace(replace('<p class="gatha1">Dehītivacanādvārā<a name="M0.0098"></a>,</p>\r\n<p class="gatha2">Dehaṭṭhāpañcadevatā;</p>\r\n<p class="gatha3">Sajja niyanti dhī kitti,</p>\r\n<p class="gathalast">Hirī sirī matīpica.</p>\r\n<p class="hangnum"><a name="para222"></a><span class="paranum">222</span>.</p>\r\n<p class="gatha1"> Dehītivacanaṃ dukkhaṃ,</p>\r\n<p class="gatha2">Natthītivacanaṃ tathā;</p>\r\n<p class="gatha3">Vākyaṃdehītinatthīti,</p>\r\n<p class="gathalast">Mābhaveyya bhavebhave.</p>\r\n<p class="hangnum"><a name="para223"></a><span class="paranum">223</span>.</p>\r\n<p class="gatha1"> Bodhayanti nayācanti,</p>\r\n<p class="gatha2">Dehīti pacchimājanā;</p>\r\n<p class="gatha3">Passa vatthumadānassa,</p>\r\n<p class="gathalast">Mābhavatūti īdiso.</p>\r\n<p class="hangnum"><a name="para224"></a><span class="paranum">224</span>.</p>\r\n<p class="gatha1"> </p>','\r',char(13)),'\n',char(10)),'-222-223-224-');
INSERT INTO pages (bookid, page, content, paranum) VALUES('annya_niti_gantha_sangaho_e1004n',99,replace(replace('<p class="gatha1">Mahā <a name="M0.0099"></a> atyappakaṃ yāti,</p>\r\n<p class="gatha2">Niguṇe guṇavāpiha;</p>\r\n<p class="gatha3">Aṭṭhānaṭṭheyyabhāvena,</p>\r\n<p class="gathalast">Gajindoiva dabbake.</p>\r\n<p class="hangnum"><a name="para225"></a><span class="paranum">225</span>.</p>\r\n<p class="gatha1"> Mahantaṃ nissayaṃkatvā,</p>\r\n<p class="gatha2">Khuddopyatimahā bhave;</p>\r\n<p class="gatha3">Hemapabbatamāpajja,</p>\r\n<p class="gathalast">Sovaṇṇākira pakkhino.</p>\r\n<p class="hangnum"><a name="para226"></a><span class="paranum">226</span>.</p>\r\n<p class="gatha1"> </p>','\r',char(13)),'\n',char(10)),'-225-226-');
INSERT INTO pages (bookid, page, content, paranum) VALUES('annya_niti_gantha_sangaho_e1004n',100,replace(replace('<p class="gatha1">Bahūna <a name="M0.0100"></a> mappasārānaṃ,</p>\r\n<p class="gatha2">Ekibhāvo hidujjayo;</p>\r\n<p class="gatha3">Tiṇena vaṭṭate rajju,</p>\r\n<p class="gathalast">Tāya nāgopi bandhate.</p>\r\n<p class="hangnum"><a name="para227"></a><span class="paranum">227</span>.</p>\r\n<p class="gatha1"> Asahāyo samatthopi,</p>\r\n<p class="gatha2">Tejasi kiṃ karissati;</p>\r\n<p class="gatha3">Nivātasaṇṭhito aggi,</p>\r\n<p class="gathalast">Sayamevūpasammati.</p>\r\n<p class="hangnum"><a name="para228"></a><span class="paranum">228</span>.</p>\r\n<p class="gatha1"> Khantuṃ tapanajotejo,</p>\r\n<p class="gatha2">Sakkāhoti na vaṇṇajo;</p>\r\n<p class="gatha3">Bhūpādīhi katodaṇḍo,</p>\r\n<p class="gathalast">Sakkāhoti na bhaccajo.</p>\r\n<p class="hangnum"><a name="para229"></a><span class="paranum">229</span>.</p>\r\n<p class="gatha1"> </p>','\r',char(13)),'\n',char(10)),'-227-228-229-');
INSERT INTO pages (bookid, page, content, paranum) VALUES('annya_niti_gantha_sangaho_e1004n',101,replace(replace('<p class="gatha1">Thīsaṃsagge <a name="M0.0101"></a> kutosuddho,</p>\r\n<p class="gatha2">Maṃsabhakkhe kutodayā;</p>\r\n<p class="gatha3">Surāpāṇe kutosaccaṃ,</p>\r\n<p class="gathalast">Pakodhamhi kutotapo.</p>\r\n<p class="hangnum"><a name="para230"></a><span class="paranum">230</span>.</p>\r\n<p class="gatha1"> Thīyā guyhaṃ nasaṃseyya,</p>\r\n<p class="gatha2">Amittassaca paṇḍito;</p>\r\n<p class="gatha3">Yocā missena saṃhīro,</p>\r\n<p class="gathalast">Hadayattheno yonaro.</p>\r\n<p class="hangnum"><a name="para231"></a><span class="paranum">231</span>.</p>\r\n<p class="gatha1"> </p>','\r',char(13)),'\n',char(10)),'-230-231-');
INSERT INTO pages (bookid, page, content, paranum) VALUES('annya_niti_gantha_sangaho_e1004n',102,replace(replace('<p class="gatha1">Guyhamattha <a name="M0.0102"></a></p>\r\n<p class="gatha2">Sambodhayati yonaro;</p>\r\n<p class="gatha3">Mantabhedabhayā tassa,</p>\r\n<p class="gathalast">Dāsabhūto titikkhati.</p>\r\n<p class="hangnum"><a name="para232"></a><span class="paranum">232</span>.</p>\r\n<p class="gatha1"> Vahe amitta khandhena,</p>\r\n<p class="gatha2">Yāvakāle anāgate;</p>\r\n<p class="gatha3">Tamheva cāgate kāle,</p>\r\n<p class="gathalast">Bhinde ghaṭami vuppale.</p>\r\n<p class="hangnum"><a name="para233"></a><span class="paranum">233</span>.</p>\r\n<p class="gatha1"> </p>','\r',char(13)),'\n',char(10)),'-232-233-');
INSERT INTO pages (bookid, page, content, paranum) VALUES('annya_niti_gantha_sangaho_e1004n',103,replace(replace('<p class="gatha1">Khalaṃ <a name="M0.0103"></a> sālaṃ pasuṃ khettaṃ,</p>\r\n<p class="gatha2">Gantvācassa abhikkhaṇaṃ;</p>\r\n<p class="gatha3">Mitaṃ dhaññaṃ nidhāpeyya,</p>\r\n<p class="gathalast">Mitañca pācaye ghare.</p>\r\n<p class="hangnum"><a name="para234"></a><span class="paranum">234</span>.</p>\r\n<p class="gatha1"> Kodhaṃ lobhaṃ madaṃ mānaṃ,</p>\r\n<p class="gatha2">Tandiṃ missaṃ pamattakaṃ;</p>\r\n<p class="gatha3">Soṇṭhaṃniddhālukaṃ makkhaṃ,</p>\r\n<p class="gathalast">Maccherañca jahe budho.</p>\r\n<p class="hangnum"><a name="para235"></a><span class="paranum">235</span>.</p>\r\n<p class="gatha1"> </p>','\r',char(13)),'\n',char(10)),'-234-235-');
INSERT INTO pages (bookid, page, content, paranum) VALUES('annya_niti_gantha_sangaho_e1004n',104,replace(replace('<p class="gatha1">Kodho <a name="M0.0104"></a> abbhantare jāto,</p>\r\n<p class="gatha2">Dhūvaṃ nāseti kodhanaṃ;</p>\r\n<p class="gatha3">Vatthālaṅkārapuṇṇāyaṃ,</p>\r\n<p class="gathalast">Mañjūsāyaṃ sikhīyathā.</p>\r\n<p class="hangnum"><a name="para236"></a><span class="paranum">236</span>.</p>\r\n<p class="gatha1"> Uppajjate sace kodho;</p>\r\n<p class="gatha2">Āvajje kakacūpamaṃ;</p>\r\n<p class="gatha3">Uppajje ce rase taṇhā,</p>\r\n<p class="gathalast">Puttamaṃsūpamaṃ sare.</p>\r\n<p class="hangnum"><a name="para237"></a><span class="paranum">237</span>.</p>\r\n<p class="gatha1"> Guṇa maddhisamaṃ makkhe,</p>\r\n<p class="gatha2">Parena kalahe sati;</p>\r\n<p class="gatha3">Addhisamaṃ pakāseti,</p>\r\n<p class="gathalast">Aṇumattaṃvavajjakaṃ.</p>\r\n<p class="hangnum"><a name="para238"></a><span class="paranum">238</span>.</p>\r\n<p class="gatha1"> </p>','\r',char(13)),'\n',char(10)),'-236-237-238-');
INSERT INTO pages (bookid, page, content, paranum) VALUES('annya_niti_gantha_sangaho_e1004n',105,replace(replace('<p class="gatha1">Tasseva <a name="M0.0105"></a> tena pāpīyo,</p>\r\n<p class="gatha2">Yo kuddhaṃ paṭikujjhati;</p>\r\n<p class="gatha3">Kuddha mapaṭikujjhanto,</p>\r\n<p class="gathalast">Saṅgāmaṃ jeti dujjayaṃ.</p>\r\n<p class="hangnum"><a name="para239"></a><span class="paranum">239</span>.</p>\r\n<p class="gatha1"> Rāgonāma manosallaṃ,</p>\r\n<p class="gatha2">Guṇatthavaratakkaro;</p>\r\n<p class="gatha3">Rāhu vijjāsasaṅkassa,</p>\r\n<p class="gathalast">Tapodhanahutāsano.</p>\r\n<p class="hangnum"><a name="para240"></a><span class="paranum">240</span>.</p>\r\n<p class="gatha1"> </p>','\r',char(13)),'\n',char(10)),'-239-240-');
INSERT INTO pages (bookid, page, content, paranum) VALUES('annya_niti_gantha_sangaho_e1004n',106,replace(replace('<p class="gatha1">Pamādo <a name="M0.0106"></a> jāyate madā,</p>\r\n<p class="gatha2">Pamādā jāyate khayo;</p>\r\n<p class="gatha3">Khayā padosā jāyanti,</p>\r\n<p class="gathalast">Madaṃ kiṃ najahe budho.</p>\r\n<p class="hangnum"><a name="para241"></a><span class="paranum">241</span>.</p>\r\n<p class="gatha1"> Namanti phalinorukkhā,</p>\r\n<p class="gatha2">Namanti vibudhājanā;</p>\r\n<p class="gatha3">Sukkhakaṭṭhañca muḷhoca,</p>\r\n<p class="gathalast">Bhijjateva nanamanti.</p>\r\n<p class="hangnum"><a name="para242"></a><span class="paranum">242</span>.</p>\r\n<p class="gatha1"> </p>','\r',char(13)),'\n',char(10)),'-241-242-');
INSERT INTO pages (bookid, page, content, paranum) VALUES('annya_niti_gantha_sangaho_e1004n',107,replace(replace('<p class="gatha1">Ṭhāne <a name="M0.0107"></a> vuddhāna mokāsaṃ,</p>\r\n<p class="gatha2">Dade vuddhāpacāyiko;</p>\r\n<p class="gatha3">Nanu tālo ajīvopi,</p>\r\n<p class="gathalast">Samīpa ññe paronato.</p>\r\n<p class="hangnum"><a name="para243"></a><span class="paranum">243</span>.</p>\r\n<p class="gatha1"> Garukātabbaposesu,</p>\r\n<p class="gatha2">Niccavuttiṃ karoti yo;</p>\r\n<p class="gatha3">Nicattaṃ so pahantāna,</p>\r\n<p class="gathalast">Uttamatte patiṭṭhati.</p>\r\n<p class="hangnum"><a name="para244"></a><span class="paranum">244</span>.</p>\r\n<p class="gatha1"> Yattha posaṃ najānanti,</p>\r\n<p class="gatha2">Jātiyā vinayena vā;</p>\r\n<p class="gatha3">Na tattha mānaṃ kariyā,</p>\r\n<p class="gathalast">Vasa maññātakejane.</p>\r\n<p class="hangnum"><a name="para245"></a><span class="paranum">245</span>.</p>\r\n<p class="gatha1"> </p>','\r',char(13)),'\n',char(10)),'-243-244-245-');
INSERT INTO pages (bookid, page, content, paranum) VALUES('annya_niti_gantha_sangaho_e1004n',108,replace(replace('<p class="gatha1">Aññātavāsaṃ <a name="M0.0108"></a> vasatā,</p>\r\n<p class="gatha2">Jātavedasamenāpi;</p>\r\n<p class="gatha3">Khamitabbaṃ sapaññena,</p>\r\n<p class="gathalast">Api dāsassa tajjitaṃ.</p>\r\n<p class="hangnum"><a name="para246"></a><span class="paranum">246</span>.</p>\r\n<p class="gatha1"> Dhanadhaññāpayogesu,</p>\r\n<p class="gatha2">Tathā vijjāgamesuca;</p>\r\n<p class="gatha3">Dūteca byavahāreca,</p>\r\n<p class="gathalast">Cattalajjo sadā bhave.</p>\r\n<p class="hangnum"><a name="para247"></a><span class="paranum">247</span>.</p>\r\n<p class="gatha1"> </p>','\r',char(13)),'\n',char(10)),'-246-247-');
INSERT INTO pages (bookid, page, content, paranum) VALUES('annya_niti_gantha_sangaho_e1004n',109,replace(replace('<p class="gatha1">Nahi <a name="M0.0109"></a> koci kate kicce,</p>\r\n<p class="gatha2">Kattāraṃ sammapekkhate;</p>\r\n<p class="gatha3">Tasmā sabbānikammāni,</p>\r\n<p class="gathalast">Sāvasesāni kāraye.</p>\r\n<p class="hangnum"><a name="para248"></a><span class="paranum">248</span>.</p>\r\n<p class="gatha1"> Iṇaseso aggiseso,</p>\r\n<p class="gatha2">Sattuseso tayoime;</p>\r\n<p class="gatha3">Punappunaṃpi vaḍḍhanti,</p>\r\n<p class="gathalast">Tasmā sesaṃ nakāraye.</p>\r\n<p class="hangnum"><a name="para249"></a><span class="paranum">249</span>.</p>\r\n<p class="gatha1"> Natthi vijjāsamaṃ vittaṃ,</p>\r\n<p class="gatha2">Natthi byādhisamo ripu;</p>\r\n<p class="gatha3">Natthi attasamaṃ pemaṃ,</p>\r\n<p class="gathalast">Natthi kammaparaṃ balaṃ.</p>\r\n<p class="hangnum"><a name="para250"></a><span class="paranum">250</span>.</p>\r\n<p class="gatha1"> </p>','\r',char(13)),'\n',char(10)),'-248-249-250-');
INSERT INTO pages (bookid, page, content, paranum) VALUES('annya_niti_gantha_sangaho_e1004n',110,replace(replace('<p class="gatha1">Attanā <a name="M0.0110"></a> kurute lakkhī,</p>\r\n<p class="gatha2">Alakkhīcāpi attanā;</p>\r\n<p class="gatha3">Nahi lakkhī alakkhīca,</p>\r\n<p class="gathalast">Añño aññassa kurute.</p>\r\n<p class="hangnum"><a name="para251"></a><span class="paranum">251</span>.</p>\r\n<p class="gatha1"> Sayaṃ āyaṃ vayaṃ raññā,</p>\r\n<p class="gatha2">Sayaṃ jaññā katākataṃ;</p>\r\n<p class="gatha3">Attanāva bhavakkheyya,</p>\r\n<p class="gathalast">Katāni akatānica.</p>\r\n<p class="hangnum"><a name="para252"></a><span class="paranum">252</span>.</p>\r\n<p class="gatha1"> </p>','\r',char(13)),'\n',char(10)),'-251-252-');
INSERT INTO pages (bookid, page, content, paranum) VALUES('annya_niti_gantha_sangaho_e1004n',111,replace(replace('<p class="gatha1">Upakāraṃ <a name="M0.0111"></a> hiteneva,</p>\r\n<p class="gatha2">Sattunā sattu muddhare;</p>\r\n<p class="gatha3">Pādalaggaṃ karaṭṭhena,</p>\r\n<p class="gathalast">Kaṇṭakena kaṇṭakaṃ.</p>\r\n<p class="hangnum"><a name="para253"></a><span class="paranum">253</span>.</p>\r\n<p class="gatha1"> Name namantassa bhaje bhajantaṃ,</p>\r\n<p class="gatha2">Kiccāni krupassa kareyya kiccaṃ;</p>\r\n<p class="gatha3">Nā natthakāmassa kareyya atthaṃ,</p>\r\n<p class="gathalast">Asambhajantaṃpi nasambhajeyya.</p>\r\n<p class="hangnum"><a name="para254"></a><span class="paranum">254</span>.</p>\r\n<p class="gatha1"> </p>','\r',char(13)),'\n',char(10)),'-253-254-');
INSERT INTO pages (bookid, page, content, paranum) VALUES('annya_niti_gantha_sangaho_e1004n',112,replace(replace('<p class="gatha1">Caje <a name="M0.0112"></a> cajantaṃ navataṃ kariyā,</p>\r\n<p class="gatha2">Apetacittena nasambhajeyya;</p>\r\n<p class="gatha3">Dijo dumaṃ khīṇaphala mañatvā,</p>\r\n<p class="gathalast">Aññaṃ sapekkheyya mahāti loko.</p>','\r',char(13)),'\n',char(10)),'');
DELETE FROM books where id='annya_niti_gantha_sangaho_e1003n';
INSERT INTO books VALUES('annya_niti_gantha_sangaho_e1003n','annya','annya_niti_gantha_sangaho','Dhammanīti',1,147,147);
DELETE FROM tocs where book_id='annya_niti_gantha_sangaho_e1003n';
INSERT INTO tocs VALUES('annya_niti_gantha_sangaho_e1003n','Dhammanīti','chapter',1);
DELETE FROM paragraphs where book_id='annya_niti_gantha_sangaho_e1003n';
INSERT INTO paragraphs VALUES('annya_niti_gantha_sangaho_e1003n',1,1);
INSERT INTO paragraphs VALUES('annya_niti_gantha_sangaho_e1003n',2,1);
INSERT INTO paragraphs VALUES('annya_niti_gantha_sangaho_e1003n',3,1);
INSERT INTO paragraphs VALUES('annya_niti_gantha_sangaho_e1003n',4,2);
INSERT INTO paragraphs VALUES('annya_niti_gantha_sangaho_e1003n',5,3);
INSERT INTO paragraphs VALUES('annya_niti_gantha_sangaho_e1003n',6,3);
INSERT INTO paragraphs VALUES('annya_niti_gantha_sangaho_e1003n',7,3);
INSERT INTO paragraphs VALUES('annya_niti_gantha_sangaho_e1003n',8,4);
INSERT INTO paragraphs VALUES('annya_niti_gantha_sangaho_e1003n',9,4);
INSERT INTO paragraphs VALUES('annya_niti_gantha_sangaho_e1003n',10,4);
INSERT INTO paragraphs VALUES('annya_niti_gantha_sangaho_e1003n',11,5);
INSERT INTO paragraphs VALUES('annya_niti_gantha_sangaho_e1003n',12,5);
INSERT INTO paragraphs VALUES('annya_niti_gantha_sangaho_e1003n',13,5);
INSERT INTO paragraphs VALUES('annya_niti_gantha_sangaho_e1003n',14,6);
INSERT INTO paragraphs VALUES('annya_niti_gantha_sangaho_e1003n',15,6);
INSERT INTO paragraphs VALUES('annya_niti_gantha_sangaho_e1003n',16,7);
INSERT INTO paragraphs VALUES('annya_niti_gantha_sangaho_e1003n',17,7);
INSERT INTO paragraphs VALUES('annya_niti_gantha_sangaho_e1003n',18,7);
INSERT INTO paragraphs VALUES('annya_niti_gantha_sangaho_e1003n',19,8);
INSERT INTO paragraphs VALUES('annya_niti_gantha_sangaho_e1003n',20,8);
INSERT INTO paragraphs VALUES('annya_niti_gantha_sangaho_e1003n',21,8);
INSERT INTO paragraphs VALUES('annya_niti_gantha_sangaho_e1003n',22,9);
INSERT INTO paragraphs VALUES('annya_niti_gantha_sangaho_e1003n',23,9);
INSERT INTO paragraphs VALUES('annya_niti_gantha_sangaho_e1003n',24,9);
INSERT INTO paragraphs VALUES('annya_niti_gantha_sangaho_e1003n',25,10);
INSERT INTO paragraphs VALUES('annya_niti_gantha_sangaho_e1003n',26,10);
INSERT INTO paragraphs VALUES('annya_niti_gantha_sangaho_e1003n',27,10);
INSERT INTO paragraphs VALUES('annya_niti_gantha_sangaho_e1003n',28,11);
INSERT INTO paragraphs VALUES('annya_niti_gantha_sangaho_e1003n',29,11);
INSERT INTO paragraphs VALUES('annya_niti_gantha_sangaho_e1003n',30,12);
INSERT INTO paragraphs VALUES('annya_niti_gantha_sangaho_e1003n',31,12);
INSERT INTO paragraphs VALUES('annya_niti_gantha_sangaho_e1003n',32,12);
INSERT INTO paragraphs VALUES('annya_niti_gantha_sangaho_e1003n',33,13);
INSERT INTO paragraphs VALUES('annya_niti_gantha_sangaho_e1003n',34,13);
INSERT INTO paragraphs VALUES('annya_niti_gantha_sangaho_e1003n',35,13);
INSERT INTO paragraphs VALUES('annya_niti_gantha_sangaho_e1003n',36,14);
INSERT INTO paragraphs VALUES('annya_niti_gantha_sangaho_e1003n',37,14);
INSERT INTO paragraphs VALUES('annya_niti_gantha_sangaho_e1003n',38,14);
INSERT INTO paragraphs VALUES('annya_niti_gantha_sangaho_e1003n',39,14);
INSERT INTO paragraphs VALUES('annya_niti_gantha_sangaho_e1003n',40,15);
INSERT INTO paragraphs VALUES('annya_niti_gantha_sangaho_e1003n',41,15);
INSERT INTO paragraphs VALUES('annya_niti_gantha_sangaho_e1003n',42,15);
INSERT INTO paragraphs VALUES('annya_niti_gantha_sangaho_e1003n',43,15);
INSERT INTO paragraphs VALUES('annya_niti_gantha_sangaho_e1003n',44,16);
INSERT INTO paragraphs VALUES('annya_niti_gantha_sangaho_e1003n',45,16);
INSERT INTO paragraphs VALUES('annya_niti_gantha_sangaho_e1003n',46,16);
INSERT INTO paragraphs VALUES('annya_niti_gantha_sangaho_e1003n',47,17);
INSERT INTO paragraphs VALUES('annya_niti_gantha_sangaho_e1003n',48,17);
INSERT INTO paragraphs VALUES('annya_niti_gantha_sangaho_e1003n',49,17);
INSERT INTO paragraphs VALUES('annya_niti_gantha_sangaho_e1003n',50,18);
INSERT INTO paragraphs VALUES('annya_niti_gantha_sangaho_e1003n',51,18);
INSERT INTO paragraphs VALUES('annya_niti_gantha_sangaho_e1003n',52,18);
INSERT INTO paragraphs VALUES('annya_niti_gantha_sangaho_e1003n',53,19);
INSERT INTO paragraphs VALUES('annya_niti_gantha_sangaho_e1003n',54,19);
INSERT INTO paragraphs VALUES('annya_niti_gantha_sangaho_e1003n',55,19);
INSERT INTO paragraphs VALUES('annya_niti_gantha_sangaho_e1003n',56,20);
INSERT INTO paragraphs VALUES('annya_niti_gantha_sangaho_e1003n',57,20);
INSERT INTO paragraphs VALUES('annya_niti_gantha_sangaho_e1003n',58,20);
INSERT INTO paragraphs VALUES('annya_niti_gantha_sangaho_e1003n',59,21);
INSERT INTO paragraphs VALUES('annya_niti_gantha_sangaho_e1003n',60,21);
INSERT INTO paragraphs VALUES('annya_niti_gantha_sangaho_e1003n',61,22);
INSERT INTO paragraphs VALUES('annya_niti_gantha_sangaho_e1003n',62,22);
INSERT INTO paragraphs VALUES('annya_niti_gantha_sangaho_e1003n',63,22);
INSERT INTO paragraphs VALUES('annya_niti_gantha_sangaho_e1003n',64,23);
INSERT INTO paragraphs VALUES('annya_niti_gantha_sangaho_e1003n',65,23);
INSERT INTO paragraphs VALUES('annya_niti_gantha_sangaho_e1003n',66,24);
INSERT INTO paragraphs VALUES('annya_niti_gantha_sangaho_e1003n',67,24);
INSERT INTO paragraphs VALUES('annya_niti_gantha_sangaho_e1003n',68,24);
INSERT INTO paragraphs VALUES('annya_niti_gantha_sangaho_e1003n',69,25);
INSERT INTO paragraphs VALUES('annya_niti_gantha_sangaho_e1003n',70,25);
INSERT INTO paragraphs VALUES('annya_niti_gantha_sangaho_e1003n',71,25);
INSERT INTO paragraphs VALUES('annya_niti_gantha_sangaho_e1003n',72,26);
INSERT INTO paragraphs VALUES('annya_niti_gantha_sangaho_e1003n',73,26);
INSERT INTO paragraphs VALUES('annya_niti_gantha_sangaho_e1003n',74,26);
INSERT INTO paragraphs VALUES('annya_niti_gantha_sangaho_e1003n',75,26);
INSERT INTO paragraphs VALUES('annya_niti_gantha_sangaho_e1003n',76,27);
INSERT INTO paragraphs VALUES('annya_niti_gantha_sangaho_e1003n',77,27);
INSERT INTO paragraphs VALUES('annya_niti_gantha_sangaho_e1003n',78,28);
INSERT INTO paragraphs VALUES('annya_niti_gantha_sangaho_e1003n',79,28);
INSERT INTO paragraphs VALUES('annya_niti_gantha_sangaho_e1003n',80,28);
INSERT INTO paragraphs VALUES('annya_niti_gantha_sangaho_e1003n',81,29);
INSERT INTO paragraphs VALUES('annya_niti_gantha_sangaho_e1003n',82,29);
INSERT INTO paragraphs VALUES('annya_niti_gantha_sangaho_e1003n',83,30);
INSERT INTO paragraphs VALUES('annya_niti_gantha_sangaho_e1003n',84,30);
INSERT INTO paragraphs VALUES('annya_niti_gantha_sangaho_e1003n',85,30);
INSERT INTO paragraphs VALUES('annya_niti_gantha_sangaho_e1003n',86,31);
INSERT INTO paragraphs VALUES('annya_niti_gantha_sangaho_e1003n',87,31);
INSERT INTO paragraphs VALUES('annya_niti_gantha_sangaho_e1003n',88,31);
INSERT INTO paragraphs VALUES('annya_niti_gantha_sangaho_e1003n',89,31);
INSERT INTO paragraphs VALUES('annya_niti_gantha_sangaho_e1003n',90,31);
INSERT INTO paragraphs VALUES('annya_niti_gantha_sangaho_e1003n',91,33);
INSERT INTO paragraphs VALUES('annya_niti_gantha_sangaho_e1003n',92,33);
INSERT INTO paragraphs VALUES('annya_niti_gantha_sangaho_e1003n',93,33);
INSERT INTO paragraphs VALUES('annya_niti_gantha_sangaho_e1003n',94,34);
INSERT INTO paragraphs VALUES('annya_niti_gantha_sangaho_e1003n',95,34);
INSERT INTO paragraphs VALUES('annya_niti_gantha_sangaho_e1003n',96,34);
INSERT INTO paragraphs VALUES('annya_niti_gantha_sangaho_e1003n',97,35);
INSERT INTO paragraphs VALUES('annya_niti_gantha_sangaho_e1003n',98,35);
INSERT INTO paragraphs VALUES('annya_niti_gantha_sangaho_e1003n',99,36);
INSERT INTO paragraphs VALUES('annya_niti_gantha_sangaho_e1003n',100,36);
INSERT INTO paragraphs VALUES('annya_niti_gantha_sangaho_e1003n',101,36);
INSERT INTO paragraphs VALUES('annya_niti_gantha_sangaho_e1003n',102,37);
INSERT INTO paragraphs VALUES('annya_niti_gantha_sangaho_e1003n',103,37);
INSERT INTO paragraphs VALUES('annya_niti_gantha_sangaho_e1003n',104,37);
INSERT INTO paragraphs VALUES('annya_niti_gantha_sangaho_e1003n',105,38);
INSERT INTO paragraphs VALUES('annya_niti_gantha_sangaho_e1003n',106,38);
INSERT INTO paragraphs VALUES('annya_niti_gantha_sangaho_e1003n',107,38);
INSERT INTO paragraphs VALUES('annya_niti_gantha_sangaho_e1003n',108,39);
INSERT INTO paragraphs VALUES('annya_niti_gantha_sangaho_e1003n',109,39);
INSERT INTO paragraphs VALUES('annya_niti_gantha_sangaho_e1003n',110,39);
INSERT INTO paragraphs VALUES('annya_niti_gantha_sangaho_e1003n',111,40);
INSERT INTO paragraphs VALUES('annya_niti_gantha_sangaho_e1003n',112,40);
INSERT INTO paragraphs VALUES('annya_niti_gantha_sangaho_e1003n',113,41);
INSERT INTO paragraphs VALUES('annya_niti_gantha_sangaho_e1003n',114,41);
INSERT INTO paragraphs VALUES('annya_niti_gantha_sangaho_e1003n',115,41);
INSERT INTO paragraphs VALUES('annya_niti_gantha_sangaho_e1003n',116,42);
INSERT INTO paragraphs VALUES('annya_niti_gantha_sangaho_e1003n',117,42);
INSERT INTO paragraphs VALUES('annya_niti_gantha_sangaho_e1003n',118,42);
INSERT INTO paragraphs VALUES('annya_niti_gantha_sangaho_e1003n',119,42);
INSERT INTO paragraphs VALUES('annya_niti_gantha_sangaho_e1003n',120,43);
INSERT INTO paragraphs VALUES('annya_niti_gantha_sangaho_e1003n',121,43);
INSERT INTO paragraphs VALUES('annya_niti_gantha_sangaho_e1003n',122,43);
INSERT INTO paragraphs VALUES('annya_niti_gantha_sangaho_e1003n',123,44);
INSERT INTO paragraphs VALUES('annya_niti_gantha_sangaho_e1003n',124,44);
INSERT INTO paragraphs VALUES('annya_niti_gantha_sangaho_e1003n',125,44);
INSERT INTO paragraphs VALUES('annya_niti_gantha_sangaho_e1003n',126,45);
INSERT INTO paragraphs VALUES('annya_niti_gantha_sangaho_e1003n',127,45);
INSERT INTO paragraphs VALUES('annya_niti_gantha_sangaho_e1003n',128,45);
INSERT INTO paragraphs VALUES('annya_niti_gantha_sangaho_e1003n',129,45);
INSERT INTO paragraphs VALUES('annya_niti_gantha_sangaho_e1003n',130,46);
INSERT INTO paragraphs VALUES('annya_niti_gantha_sangaho_e1003n',131,46);
INSERT INTO paragraphs VALUES('annya_niti_gantha_sangaho_e1003n',132,46);
INSERT INTO paragraphs VALUES('annya_niti_gantha_sangaho_e1003n',133,47);
INSERT INTO paragraphs VALUES('annya_niti_gantha_sangaho_e1003n',134,47);
INSERT INTO paragraphs VALUES('annya_niti_gantha_sangaho_e1003n',135,47);
INSERT INTO paragraphs VALUES('annya_niti_gantha_sangaho_e1003n',136,48);
INSERT INTO paragraphs VALUES('annya_niti_gantha_sangaho_e1003n',137,48);
INSERT INTO paragraphs VALUES('annya_niti_gantha_sangaho_e1003n',138,48);
INSERT INTO paragraphs VALUES('annya_niti_gantha_sangaho_e1003n',139,49);
INSERT INTO paragraphs VALUES('annya_niti_gantha_sangaho_e1003n',140,49);
INSERT INTO paragraphs VALUES('annya_niti_gantha_sangaho_e1003n',141,49);
INSERT INTO paragraphs VALUES('annya_niti_gantha_sangaho_e1003n',142,50);
INSERT INTO paragraphs VALUES('annya_niti_gantha_sangaho_e1003n',143,50);
INSERT INTO paragraphs VALUES('annya_niti_gantha_sangaho_e1003n',144,51);
INSERT INTO paragraphs VALUES('annya_niti_gantha_sangaho_e1003n',145,51);
INSERT INTO paragraphs VALUES('annya_niti_gantha_sangaho_e1003n',146,51);
INSERT INTO paragraphs VALUES('annya_niti_gantha_sangaho_e1003n',147,51);
INSERT INTO paragraphs VALUES('annya_niti_gantha_sangaho_e1003n',148,52);
INSERT INTO paragraphs VALUES('annya_niti_gantha_sangaho_e1003n',149,52);
INSERT INTO paragraphs VALUES('annya_niti_gantha_sangaho_e1003n',150,52);
INSERT INTO paragraphs VALUES('annya_niti_gantha_sangaho_e1003n',151,53);
INSERT INTO paragraphs VALUES('annya_niti_gantha_sangaho_e1003n',152,53);
INSERT INTO paragraphs VALUES('annya_niti_gantha_sangaho_e1003n',153,54);
INSERT INTO paragraphs VALUES('annya_niti_gantha_sangaho_e1003n',154,54);
INSERT INTO paragraphs VALUES('annya_niti_gantha_sangaho_e1003n',155,54);
INSERT INTO paragraphs VALUES('annya_niti_gantha_sangaho_e1003n',156,54);
INSERT INTO paragraphs VALUES('annya_niti_gantha_sangaho_e1003n',157,55);
INSERT INTO paragraphs VALUES('annya_niti_gantha_sangaho_e1003n',158,55);
INSERT INTO paragraphs VALUES('annya_niti_gantha_sangaho_e1003n',159,56);
INSERT INTO paragraphs VALUES('annya_niti_gantha_sangaho_e1003n',160,56);
INSERT INTO paragraphs VALUES('annya_niti_gantha_sangaho_e1003n',161,57);
INSERT INTO paragraphs VALUES('annya_niti_gantha_sangaho_e1003n',162,57);
INSERT INTO paragraphs VALUES('annya_niti_gantha_sangaho_e1003n',163,57);
INSERT INTO paragraphs VALUES('annya_niti_gantha_sangaho_e1003n',164,57);
INSERT INTO paragraphs VALUES('annya_niti_gantha_sangaho_e1003n',165,58);
INSERT INTO paragraphs VALUES('annya_niti_gantha_sangaho_e1003n',166,58);
INSERT INTO paragraphs VALUES('annya_niti_gantha_sangaho_e1003n',167,58);
INSERT INTO paragraphs VALUES('annya_niti_gantha_sangaho_e1003n',168,59);
INSERT INTO paragraphs VALUES('annya_niti_gantha_sangaho_e1003n',169,59);
INSERT INTO paragraphs VALUES('annya_niti_gantha_sangaho_e1003n',170,60);
INSERT INTO paragraphs VALUES('annya_niti_gantha_sangaho_e1003n',171,60);
INSERT INTO paragraphs VALUES('annya_niti_gantha_sangaho_e1003n',172,60);
INSERT INTO paragraphs VALUES('annya_niti_gantha_sangaho_e1003n',173,61);
INSERT INTO paragraphs VALUES('annya_niti_gantha_sangaho_e1003n',174,62);
INSERT INTO paragraphs VALUES('annya_niti_gantha_sangaho_e1003n',175,62);
INSERT INTO paragraphs VALUES('annya_niti_gantha_sangaho_e1003n',176,62);
INSERT INTO paragraphs VALUES('annya_niti_gantha_sangaho_e1003n',177,62);
INSERT INTO paragraphs VALUES('annya_niti_gantha_sangaho_e1003n',178,63);
INSERT INTO paragraphs VALUES('annya_niti_gantha_sangaho_e1003n',179,63);
INSERT INTO paragraphs VALUES('annya_niti_gantha_sangaho_e1003n',180,63);
INSERT INTO paragraphs VALUES('annya_niti_gantha_sangaho_e1003n',181,64);
INSERT INTO paragraphs VALUES('annya_niti_gantha_sangaho_e1003n',182,64);
INSERT INTO paragraphs VALUES('annya_niti_gantha_sangaho_e1003n',183,65);
INSERT INTO paragraphs VALUES('annya_niti_gantha_sangaho_e1003n',184,65);
INSERT INTO paragraphs VALUES('annya_niti_gantha_sangaho_e1003n',185,66);
INSERT INTO paragraphs VALUES('annya_niti_gantha_sangaho_e1003n',186,66);
INSERT INTO paragraphs VALUES('annya_niti_gantha_sangaho_e1003n',187,66);
INSERT INTO paragraphs VALUES('annya_niti_gantha_sangaho_e1003n',188,67);
INSERT INTO paragraphs VALUES('annya_niti_gantha_sangaho_e1003n',189,67);
INSERT INTO paragraphs VALUES('annya_niti_gantha_sangaho_e1003n',190,67);
INSERT INTO paragraphs VALUES('annya_niti_gantha_sangaho_e1003n',191,68);
INSERT INTO paragraphs VALUES('annya_niti_gantha_sangaho_e1003n',192,68);
INSERT INTO paragraphs VALUES('annya_niti_gantha_sangaho_e1003n',193,68);
INSERT INTO paragraphs VALUES('annya_niti_gantha_sangaho_e1003n',194,69);
INSERT INTO paragraphs VALUES('annya_niti_gantha_sangaho_e1003n',195,69);
INSERT INTO paragraphs VALUES('annya_niti_gantha_sangaho_e1003n',196,69);
INSERT INTO paragraphs VALUES('annya_niti_gantha_sangaho_e1003n',197,70);
INSERT INTO paragraphs VALUES('annya_niti_gantha_sangaho_e1003n',198,70);
INSERT INTO paragraphs VALUES('annya_niti_gantha_sangaho_e1003n',199,70);
INSERT INTO paragraphs VALUES('annya_niti_gantha_sangaho_e1003n',200,71);
INSERT INTO paragraphs VALUES('annya_niti_gantha_sangaho_e1003n',201,71);
INSERT INTO paragraphs VALUES('annya_niti_gantha_sangaho_e1003n',202,71);
INSERT INTO paragraphs VALUES('annya_niti_gantha_sangaho_e1003n',203,71);
INSERT INTO paragraphs VALUES('annya_niti_gantha_sangaho_e1003n',204,72);
INSERT INTO paragraphs VALUES('annya_niti_gantha_sangaho_e1003n',205,72);
INSERT INTO paragraphs VALUES('annya_niti_gantha_sangaho_e1003n',206,72);
INSERT INTO paragraphs VALUES('annya_niti_gantha_sangaho_e1003n',207,73);
INSERT INTO paragraphs VALUES('annya_niti_gantha_sangaho_e1003n',208,73);
INSERT INTO paragraphs VALUES('annya_niti_gantha_sangaho_e1003n',209,73);
INSERT INTO paragraphs VALUES('annya_niti_gantha_sangaho_e1003n',210,74);
INSERT INTO paragraphs VALUES('annya_niti_gantha_sangaho_e1003n',211,74);
INSERT INTO paragraphs VALUES('annya_niti_gantha_sangaho_e1003n',212,75);
INSERT INTO paragraphs VALUES('annya_niti_gantha_sangaho_e1003n',213,75);
INSERT INTO paragraphs VALUES('annya_niti_gantha_sangaho_e1003n',214,75);
INSERT INTO paragraphs VALUES('annya_niti_gantha_sangaho_e1003n',215,76);
INSERT INTO paragraphs VALUES('annya_niti_gantha_sangaho_e1003n',216,76);
INSERT INTO paragraphs VALUES('annya_niti_gantha_sangaho_e1003n',217,77);
INSERT INTO paragraphs VALUES('annya_niti_gantha_sangaho_e1003n',218,77);
INSERT INTO paragraphs VALUES('annya_niti_gantha_sangaho_e1003n',219,77);
INSERT INTO paragraphs VALUES('annya_niti_gantha_sangaho_e1003n',220,78);
INSERT INTO paragraphs VALUES('annya_niti_gantha_sangaho_e1003n',221,78);
INSERT INTO paragraphs VALUES('annya_niti_gantha_sangaho_e1003n',222,78);
INSERT INTO paragraphs VALUES('annya_niti_gantha_sangaho_e1003n',223,78);
INSERT INTO paragraphs VALUES('annya_niti_gantha_sangaho_e1003n',224,79);
INSERT INTO paragraphs VALUES('annya_niti_gantha_sangaho_e1003n',225,79);
INSERT INTO paragraphs VALUES('annya_niti_gantha_sangaho_e1003n',226,79);
INSERT INTO paragraphs VALUES('annya_niti_gantha_sangaho_e1003n',227,80);
INSERT INTO paragraphs VALUES('annya_niti_gantha_sangaho_e1003n',228,80);
INSERT INTO paragraphs VALUES('annya_niti_gantha_sangaho_e1003n',229,81);
INSERT INTO paragraphs VALUES('annya_niti_gantha_sangaho_e1003n',230,81);
INSERT INTO paragraphs VALUES('annya_niti_gantha_sangaho_e1003n',231,81);
INSERT INTO paragraphs VALUES('annya_niti_gantha_sangaho_e1003n',232,82);
INSERT INTO paragraphs VALUES('annya_niti_gantha_sangaho_e1003n',233,82);
INSERT INTO paragraphs VALUES('annya_niti_gantha_sangaho_e1003n',234,82);
INSERT INTO paragraphs VALUES('annya_niti_gantha_sangaho_e1003n',235,83);
INSERT INTO paragraphs VALUES('annya_niti_gantha_sangaho_e1003n',236,83);
INSERT INTO paragraphs VALUES('annya_niti_gantha_sangaho_e1003n',237,83);
INSERT INTO paragraphs VALUES('annya_niti_gantha_sangaho_e1003n',238,84);
INSERT INTO paragraphs VALUES('annya_niti_gantha_sangaho_e1003n',239,84);
INSERT INTO paragraphs VALUES('annya_niti_gantha_sangaho_e1003n',240,84);
INSERT INTO paragraphs VALUES('annya_niti_gantha_sangaho_e1003n',241,85);
INSERT INTO paragraphs VALUES('annya_niti_gantha_sangaho_e1003n',242,85);
INSERT INTO paragraphs VALUES('annya_niti_gantha_sangaho_e1003n',243,85);
INSERT INTO paragraphs VALUES('annya_niti_gantha_sangaho_e1003n',244,86);
INSERT INTO paragraphs VALUES('annya_niti_gantha_sangaho_e1003n',245,86);
INSERT INTO paragraphs VALUES('annya_niti_gantha_sangaho_e1003n',246,86);
INSERT INTO paragraphs VALUES('annya_niti_gantha_sangaho_e1003n',247,87);
INSERT INTO paragraphs VALUES('annya_niti_gantha_sangaho_e1003n',248,87);
INSERT INTO paragraphs VALUES('annya_niti_gantha_sangaho_e1003n',249,87);
INSERT INTO paragraphs VALUES('annya_niti_gantha_sangaho_e1003n',250,88);
INSERT INTO paragraphs VALUES('annya_niti_gantha_sangaho_e1003n',251,88);
INSERT INTO paragraphs VALUES('annya_niti_gantha_sangaho_e1003n',252,89);
INSERT INTO paragraphs VALUES('annya_niti_gantha_sangaho_e1003n',253,89);
INSERT INTO paragraphs VALUES('annya_niti_gantha_sangaho_e1003n',254,89);
INSERT INTO paragraphs VALUES('annya_niti_gantha_sangaho_e1003n',255,90);
INSERT INTO paragraphs VALUES('annya_niti_gantha_sangaho_e1003n',256,90);
INSERT INTO paragraphs VALUES('annya_niti_gantha_sangaho_e1003n',257,90);
INSERT INTO paragraphs VALUES('annya_niti_gantha_sangaho_e1003n',258,91);
INSERT INTO paragraphs VALUES('annya_niti_gantha_sangaho_e1003n',259,91);
INSERT INTO paragraphs VALUES('annya_niti_gantha_sangaho_e1003n',260,92);
INSERT INTO paragraphs VALUES('annya_niti_gantha_sangaho_e1003n',261,92);
INSERT INTO paragraphs VALUES('annya_niti_gantha_sangaho_e1003n',262,92);
INSERT INTO paragraphs VALUES('annya_niti_gantha_sangaho_e1003n',263,93);
INSERT INTO paragraphs VALUES('annya_niti_gantha_sangaho_e1003n',264,93);
INSERT INTO paragraphs VALUES('annya_niti_gantha_sangaho_e1003n',265,93);
INSERT INTO paragraphs VALUES('annya_niti_gantha_sangaho_e1003n',266,94);
INSERT INTO paragraphs VALUES('annya_niti_gantha_sangaho_e1003n',267,95);
INSERT INTO paragraphs VALUES('annya_niti_gantha_sangaho_e1003n',268,95);
INSERT INTO paragraphs VALUES('annya_niti_gantha_sangaho_e1003n',269,95);
INSERT INTO paragraphs VALUES('annya_niti_gantha_sangaho_e1003n',270,96);
INSERT INTO paragraphs VALUES('annya_niti_gantha_sangaho_e1003n',271,96);
INSERT INTO paragraphs VALUES('annya_niti_gantha_sangaho_e1003n',272,96);
INSERT INTO paragraphs VALUES('annya_niti_gantha_sangaho_e1003n',273,97);
INSERT INTO paragraphs VALUES('annya_niti_gantha_sangaho_e1003n',274,97);
INSERT INTO paragraphs VALUES('annya_niti_gantha_sangaho_e1003n',275,97);
INSERT INTO paragraphs VALUES('annya_niti_gantha_sangaho_e1003n',276,97);
INSERT INTO paragraphs VALUES('annya_niti_gantha_sangaho_e1003n',277,98);
INSERT INTO paragraphs VALUES('annya_niti_gantha_sangaho_e1003n',278,98);
INSERT INTO paragraphs VALUES('annya_niti_gantha_sangaho_e1003n',279,98);
INSERT INTO paragraphs VALUES('annya_niti_gantha_sangaho_e1003n',280,99);
INSERT INTO paragraphs VALUES('annya_niti_gantha_sangaho_e1003n',281,99);
INSERT INTO paragraphs VALUES('annya_niti_gantha_sangaho_e1003n',282,99);
INSERT INTO paragraphs VALUES('annya_niti_gantha_sangaho_e1003n',283,100);
INSERT INTO paragraphs VALUES('annya_niti_gantha_sangaho_e1003n',284,100);
INSERT INTO paragraphs VALUES('annya_niti_gantha_sangaho_e1003n',285,100);
INSERT INTO paragraphs VALUES('annya_niti_gantha_sangaho_e1003n',286,101);
INSERT INTO paragraphs VALUES('annya_niti_gantha_sangaho_e1003n',287,101);
INSERT INTO paragraphs VALUES('annya_niti_gantha_sangaho_e1003n',288,101);
INSERT INTO paragraphs VALUES('annya_niti_gantha_sangaho_e1003n',289,102);
INSERT INTO paragraphs VALUES('annya_niti_gantha_sangaho_e1003n',290,103);
INSERT INTO paragraphs VALUES('annya_niti_gantha_sangaho_e1003n',291,103);
INSERT INTO paragraphs VALUES('annya_niti_gantha_sangaho_e1003n',292,103);
INSERT INTO paragraphs VALUES('annya_niti_gantha_sangaho_e1003n',293,104);
INSERT INTO paragraphs VALUES('annya_niti_gantha_sangaho_e1003n',294,104);
INSERT INTO paragraphs VALUES('annya_niti_gantha_sangaho_e1003n',295,104);
INSERT INTO paragraphs VALUES('annya_niti_gantha_sangaho_e1003n',296,105);
INSERT INTO paragraphs VALUES('annya_niti_gantha_sangaho_e1003n',297,105);
INSERT INTO paragraphs VALUES('annya_niti_gantha_sangaho_e1003n',298,105);
INSERT INTO paragraphs VALUES('annya_niti_gantha_sangaho_e1003n',299,106);
INSERT INTO paragraphs VALUES('annya_niti_gantha_sangaho_e1003n',300,106);
INSERT INTO paragraphs VALUES('annya_niti_gantha_sangaho_e1003n',301,106);
INSERT INTO paragraphs VALUES('annya_niti_gantha_sangaho_e1003n',302,107);
INSERT INTO paragraphs VALUES('annya_niti_gantha_sangaho_e1003n',303,107);
INSERT INTO paragraphs VALUES('annya_niti_gantha_sangaho_e1003n',304,108);
INSERT INTO paragraphs VALUES('annya_niti_gantha_sangaho_e1003n',305,108);
INSERT INTO paragraphs VALUES('annya_niti_gantha_sangaho_e1003n',306,108);
INSERT INTO paragraphs VALUES('annya_niti_gantha_sangaho_e1003n',307,109);
INSERT INTO paragraphs VALUES('annya_niti_gantha_sangaho_e1003n',308,109);
INSERT INTO paragraphs VALUES('annya_niti_gantha_sangaho_e1003n',309,110);
INSERT INTO paragraphs VALUES('annya_niti_gantha_sangaho_e1003n',310,110);
INSERT INTO paragraphs VALUES('annya_niti_gantha_sangaho_e1003n',311,111);
INSERT INTO paragraphs VALUES('annya_niti_gantha_sangaho_e1003n',312,111);
INSERT INTO paragraphs VALUES('annya_niti_gantha_sangaho_e1003n',313,111);
INSERT INTO paragraphs VALUES('annya_niti_gantha_sangaho_e1003n',314,112);
INSERT INTO paragraphs VALUES('annya_niti_gantha_sangaho_e1003n',315,112);
INSERT INTO paragraphs VALUES('annya_niti_gantha_sangaho_e1003n',316,112);
INSERT INTO paragraphs VALUES('annya_niti_gantha_sangaho_e1003n',317,113);
INSERT INTO paragraphs VALUES('annya_niti_gantha_sangaho_e1003n',318,113);
INSERT INTO paragraphs VALUES('annya_niti_gantha_sangaho_e1003n',319,114);
INSERT INTO paragraphs VALUES('annya_niti_gantha_sangaho_e1003n',320,114);
INSERT INTO paragraphs VALUES('annya_niti_gantha_sangaho_e1003n',321,114);
INSERT INTO paragraphs VALUES('annya_niti_gantha_sangaho_e1003n',322,115);
INSERT INTO paragraphs VALUES('annya_niti_gantha_sangaho_e1003n',323,115);
INSERT INTO paragraphs VALUES('annya_niti_gantha_sangaho_e1003n',324,115);
INSERT INTO paragraphs VALUES('annya_niti_gantha_sangaho_e1003n',325,116);
INSERT INTO paragraphs VALUES('annya_niti_gantha_sangaho_e1003n',326,116);
INSERT INTO paragraphs VALUES('annya_niti_gantha_sangaho_e1003n',327,117);
INSERT INTO paragraphs VALUES('annya_niti_gantha_sangaho_e1003n',328,117);
INSERT INTO paragraphs VALUES('annya_niti_gantha_sangaho_e1003n',329,117);
INSERT INTO paragraphs VALUES('annya_niti_gantha_sangaho_e1003n',330,118);
INSERT INTO paragraphs VALUES('annya_niti_gantha_sangaho_e1003n',331,118);
INSERT INTO paragraphs VALUES('annya_niti_gantha_sangaho_e1003n',332,118);
INSERT INTO paragraphs VALUES('annya_niti_gantha_sangaho_e1003n',333,119);
INSERT INTO paragraphs VALUES('annya_niti_gantha_sangaho_e1003n',334,119);
INSERT INTO paragraphs VALUES('annya_niti_gantha_sangaho_e1003n',335,119);
INSERT INTO paragraphs VALUES('annya_niti_gantha_sangaho_e1003n',336,120);
INSERT INTO paragraphs VALUES('annya_niti_gantha_sangaho_e1003n',337,121);
INSERT INTO paragraphs VALUES('annya_niti_gantha_sangaho_e1003n',338,121);
INSERT INTO paragraphs VALUES('annya_niti_gantha_sangaho_e1003n',339,121);
INSERT INTO paragraphs VALUES('annya_niti_gantha_sangaho_e1003n',340,121);
INSERT INTO paragraphs VALUES('annya_niti_gantha_sangaho_e1003n',341,122);
INSERT INTO paragraphs VALUES('annya_niti_gantha_sangaho_e1003n',342,122);
INSERT INTO paragraphs VALUES('annya_niti_gantha_sangaho_e1003n',343,122);
INSERT INTO paragraphs VALUES('annya_niti_gantha_sangaho_e1003n',344,123);
INSERT INTO paragraphs VALUES('annya_niti_gantha_sangaho_e1003n',345,123);
INSERT INTO paragraphs VALUES('annya_niti_gantha_sangaho_e1003n',346,123);
INSERT INTO paragraphs VALUES('annya_niti_gantha_sangaho_e1003n',347,124);
INSERT INTO paragraphs VALUES('annya_niti_gantha_sangaho_e1003n',348,124);
INSERT INTO paragraphs VALUES('annya_niti_gantha_sangaho_e1003n',349,124);
INSERT INTO paragraphs VALUES('annya_niti_gantha_sangaho_e1003n',350,125);
INSERT INTO paragraphs VALUES('annya_niti_gantha_sangaho_e1003n',351,125);
INSERT INTO paragraphs VALUES('annya_niti_gantha_sangaho_e1003n',352,125);
INSERT INTO paragraphs VALUES('annya_niti_gantha_sangaho_e1003n',353,126);
INSERT INTO paragraphs VALUES('annya_niti_gantha_sangaho_e1003n',354,126);
INSERT INTO paragraphs VALUES('annya_niti_gantha_sangaho_e1003n',355,126);
INSERT INTO paragraphs VALUES('annya_niti_gantha_sangaho_e1003n',356,127);
INSERT INTO paragraphs VALUES('annya_niti_gantha_sangaho_e1003n',357,127);
INSERT INTO paragraphs VALUES('annya_niti_gantha_sangaho_e1003n',358,127);
INSERT INTO paragraphs VALUES('annya_niti_gantha_sangaho_e1003n',359,128);
INSERT INTO paragraphs VALUES('annya_niti_gantha_sangaho_e1003n',360,128);
INSERT INTO paragraphs VALUES('annya_niti_gantha_sangaho_e1003n',361,128);
INSERT INTO paragraphs VALUES('annya_niti_gantha_sangaho_e1003n',362,129);
INSERT INTO paragraphs VALUES('annya_niti_gantha_sangaho_e1003n',363,129);
INSERT INTO paragraphs VALUES('annya_niti_gantha_sangaho_e1003n',364,129);
INSERT INTO paragraphs VALUES('annya_niti_gantha_sangaho_e1003n',365,130);
INSERT INTO paragraphs VALUES('annya_niti_gantha_sangaho_e1003n',366,130);
INSERT INTO paragraphs VALUES('annya_niti_gantha_sangaho_e1003n',367,130);
INSERT INTO paragraphs VALUES('annya_niti_gantha_sangaho_e1003n',368,131);
INSERT INTO paragraphs VALUES('annya_niti_gantha_sangaho_e1003n',369,131);
INSERT INTO paragraphs VALUES('annya_niti_gantha_sangaho_e1003n',370,131);
INSERT INTO paragraphs VALUES('annya_niti_gantha_sangaho_e1003n',371,132);
INSERT INTO paragraphs VALUES('annya_niti_gantha_sangaho_e1003n',372,132);
INSERT INTO paragraphs VALUES('annya_niti_gantha_sangaho_e1003n',373,132);
INSERT INTO paragraphs VALUES('annya_niti_gantha_sangaho_e1003n',374,133);
INSERT INTO paragraphs VALUES('annya_niti_gantha_sangaho_e1003n',375,133);
INSERT INTO paragraphs VALUES('annya_niti_gantha_sangaho_e1003n',376,133);
INSERT INTO paragraphs VALUES('annya_niti_gantha_sangaho_e1003n',377,134);
INSERT INTO paragraphs VALUES('annya_niti_gantha_sangaho_e1003n',378,134);
INSERT INTO paragraphs VALUES('annya_niti_gantha_sangaho_e1003n',379,134);
INSERT INTO paragraphs VALUES('annya_niti_gantha_sangaho_e1003n',380,135);
INSERT INTO paragraphs VALUES('annya_niti_gantha_sangaho_e1003n',381,135);
INSERT INTO paragraphs VALUES('annya_niti_gantha_sangaho_e1003n',382,136);
INSERT INTO paragraphs VALUES('annya_niti_gantha_sangaho_e1003n',383,136);
INSERT INTO paragraphs VALUES('annya_niti_gantha_sangaho_e1003n',384,136);
INSERT INTO paragraphs VALUES('annya_niti_gantha_sangaho_e1003n',385,136);
INSERT INTO paragraphs VALUES('annya_niti_gantha_sangaho_e1003n',386,137);
INSERT INTO paragraphs VALUES('annya_niti_gantha_sangaho_e1003n',387,137);
INSERT INTO paragraphs VALUES('annya_niti_gantha_sangaho_e1003n',388,138);
INSERT INTO paragraphs VALUES('annya_niti_gantha_sangaho_e1003n',389,138);
INSERT INTO paragraphs VALUES('annya_niti_gantha_sangaho_e1003n',390,138);
INSERT INTO paragraphs VALUES('annya_niti_gantha_sangaho_e1003n',391,139);
INSERT INTO paragraphs VALUES('annya_niti_gantha_sangaho_e1003n',392,139);
INSERT INTO paragraphs VALUES('annya_niti_gantha_sangaho_e1003n',393,139);
INSERT INTO paragraphs VALUES('annya_niti_gantha_sangaho_e1003n',394,139);
INSERT INTO paragraphs VALUES('annya_niti_gantha_sangaho_e1003n',395,140);
INSERT INTO paragraphs VALUES('annya_niti_gantha_sangaho_e1003n',396,140);
INSERT INTO paragraphs VALUES('annya_niti_gantha_sangaho_e1003n',397,140);
INSERT INTO paragraphs VALUES('annya_niti_gantha_sangaho_e1003n',398,140);
INSERT INTO paragraphs VALUES('annya_niti_gantha_sangaho_e1003n',399,141);
INSERT INTO paragraphs VALUES('annya_niti_gantha_sangaho_e1003n',400,141);
INSERT INTO paragraphs VALUES('annya_niti_gantha_sangaho_e1003n',401,142);
INSERT INTO paragraphs VALUES('annya_niti_gantha_sangaho_e1003n',402,142);
INSERT INTO paragraphs VALUES('annya_niti_gantha_sangaho_e1003n',403,142);
INSERT INTO paragraphs VALUES('annya_niti_gantha_sangaho_e1003n',404,143);
INSERT INTO paragraphs VALUES('annya_niti_gantha_sangaho_e1003n',405,143);
INSERT INTO paragraphs VALUES('annya_niti_gantha_sangaho_e1003n',406,143);
INSERT INTO paragraphs VALUES('annya_niti_gantha_sangaho_e1003n',407,144);
INSERT INTO paragraphs VALUES('annya_niti_gantha_sangaho_e1003n',408,144);
INSERT INTO paragraphs VALUES('annya_niti_gantha_sangaho_e1003n',409,145);
INSERT INTO paragraphs VALUES('annya_niti_gantha_sangaho_e1003n',410,145);
INSERT INTO paragraphs VALUES('annya_niti_gantha_sangaho_e1003n',411,145);
INSERT INTO paragraphs VALUES('annya_niti_gantha_sangaho_e1003n',412,146);
INSERT INTO paragraphs VALUES('annya_niti_gantha_sangaho_e1003n',413,146);
INSERT INTO paragraphs VALUES('annya_niti_gantha_sangaho_e1003n',414,146);
DELETE FROM pages where bookid='annya_niti_gantha_sangaho_e1003n';
INSERT INTO pages (bookid, page, content, paranum) VALUES('annya_niti_gantha_sangaho_e1003n',1,replace(replace('<p class="centered"> Namo tassa bhagavato arahato sammāsambuddhassa</p>\r\n<p class="chapter">Dhammanīti</p>\r\n<p class="hangnum"><a name="para1"></a><span class="paranum">1</span>.</p>\r\n<p class="gatha1"> Vanditvā ratanaṃ </p>','\r',char(13)),'\n',char(10)),'-1-');
INSERT INTO pages (bookid, page, content, paranum) VALUES('annya_niti_gantha_sangaho_e1003n',1,replace(replace('<p class="gatha1">seṭṭhaṃ<a name="M0.0001"></a>, nissāya pubbake garuṃ;</p>\r\n<p class="gathalast">Nitidhammaṃpavakkhāmi, sabbalokasukhāvahaṃ.</p>\r\n<p class="hangnum"><a name="para2"></a><span class="paranum">2</span>.</p>\r\n<p class="gatha1"> Ācariyocasippañca, paññāsutaṃkathādhanaṃ;</p>\r\n<p class="gathalast">Desocanissayomittaṃ, dujjanosujanobalaṃ.</p>\r\n<p class="hangnum"><a name="para3"></a><span class="paranum">3</span>.</p>\r\n<p class="gatha1"> </p>','\r',char(13)),'\n',char(10)),'-2-3-');
INSERT INTO pages (bookid, page, content, paranum) VALUES('annya_niti_gantha_sangaho_e1003n',2,replace(replace('<p class="gatha1">Itthīputtocadāsoca<a name="M0.0002"></a>, gharāvāsokatākato;</p>\r\n<p class="gatha2">Ñātabbocaalaṅkāro, rājadhammopasevako;</p>\r\n<p class="gathalast">Dukādimissakoceva, pakiṇṇakotimātikā.</p>\r\n<p class="hangnum"><a name="para4"></a><span class="paranum">4</span>.</p>\r\n<p class="gatha1"> </p>','\r',char(13)),'\n',char(10)),'-4-');
INSERT INTO pages (bookid, page, content, paranum) VALUES('annya_niti_gantha_sangaho_e1003n',3,replace(replace('<p class="gatha1">Kintehipādasussasā<a name="M0.0003"></a>, yesaṃnatthigarūniha;</p>\r\n<p class="gathalast">Yetappādarajokiṇṇā, tevasādhūvivekino.</p>\r\n<p class="hangnum"><a name="para5"></a><span class="paranum">5</span>.</p>\r\n<p class="gatha1"> Vināgarūpadesantaṃ, bālolaṅkattumicchati;</p>\r\n<p class="gathalast">Sampāpuṇenaviññūhi, hasabhāvaṃkathaṃnuso.</p>\r\n<p class="hangnum"><a name="para6"></a><span class="paranum">6</span>.</p>\r\n<p class="gatha1"> Uṭṭhānāupaṭṭhānāca, sussusāparicārikā;</p>\r\n<p class="gathalast">Sakkaccaṃsippuggahaṇaṃ, garuṃārādhayebudho.</p>\r\n<p class="hangnum"><a name="para7"></a><span class="paranum">7</span>.</p>\r\n<p class="gatha1"> </p>','\r',char(13)),'\n',char(10)),'-5-6-7-');
INSERT INTO pages (bookid, page, content, paranum) VALUES('annya_niti_gantha_sangaho_e1003n',4,replace(replace('<p class="gatha1">Upajjhācariyānañca<a name="M0.0004"></a>, mātāpitūnamevaca;</p>\r\n<p class="gathalast">Sakkaccaṃyonupaṭṭhāti, sutopitassatādiso.</p>\r\n<p class="hangnum"><a name="para8"></a><span class="paranum">8</span>.</p>\r\n<p class="gatha1"> Upajjhācariyānañca, mātāpitūnamevaca;</p>\r\n<p class="gathalast">Sakkaccaṃyoupaṭṭhāti, sutopitassatādiso;</p>\r\n<p class="hangnum"><a name="para9"></a><span class="paranum">9</span>.</p>\r\n<p class="gatha1"> Sammāupaparikkhitvā;</p>\r\n<p class="gatha2">Akkharesupadesuca;</p>\r\n<p class="gatha3">Coraghātosissosiyā,</p>\r\n<p class="gathalast">Garucoraṭṭakārako.</p>\r\n<p class="hangnum"><a name="para10"></a><span class="paranum">10</span>.</p>\r\n<p class="gatha1"> </p>','\r',char(13)),'\n',char(10)),'-8-9-10-');
INSERT INTO pages (bookid, page, content, paranum) VALUES('annya_niti_gantha_sangaho_e1003n',5,replace(replace('<p class="gatha1">Paṇḍitosutasampanno<a name="M0.0005"></a>, yatthaatthīti cesuto;</p>\r\n<p class="gathalast">Mahussāhenataṃṭhānaṃ, gantabbaṃvasutesinā.</p>\r\n<p class="hangnum"><a name="para11"></a><span class="paranum">11</span>.</p>\r\n<p class="gatha1"> Sukhaṃrukkhassachāyāva, tatoñātimātāpitu;</p>\r\n<p class="gathalast">Tatoācariyorañño, tatojinassasāsanaṃ.</p>\r\n<p class="hangnum"><a name="para12"></a><span class="paranum">12</span>.</p>\r\n<p class="gatha1"> Pāsāṇachattaṃgarukaṃ, tatodevānacikkhanaṃ;</p>\r\n<p class="gathalast">Tatovuḍḍhānamovādo, tatojinassasāsanaṃ.</p>\r\n<p class="hangnum"><a name="para13"></a><span class="paranum">13</span>.</p>\r\n<p class="gatha1"> </p>','\r',char(13)),'\n',char(10)),'-11-12-13-');
INSERT INTO pages (bookid, page, content, paranum) VALUES('annya_niti_gantha_sangaho_e1003n',6,replace(replace('<p class="gatha1">Tulaṃsallahukaṃloke<a name="M0.0006"></a>, tatocapalajātiko;</p>\r\n<p class="gathalast">Tatovuḍḍhānanovādo, yatidhammepamādako.</p>\r\n<p class="hangnum"><a name="para14"></a><span class="paranum">14</span>.</p>\r\n<p class="gatha1"> Sutisammutisaṅkhyāca, yogānitivisesakā;</p>\r\n<p class="gathalast">Gandhabbāgaṇikāceva, dhanubedācapūraṇā.</p>\r\n<p class="hangnum"><a name="para15"></a><span class="paranum">15</span>.</p>\r\n<p class="gatha1"> </p>','\r',char(13)),'\n',char(10)),'-14-15-');
INSERT INTO pages (bookid, page, content, paranum) VALUES('annya_niti_gantha_sangaho_e1003n',7,replace(replace('<p class="gatha1">Tikicchāitihāsāca<a name="M0.0007"></a>, jotimāyācachandati;</p>\r\n<p class="gathalast">Ketumantācasaddāca, sippāṭṭhārasakāime.</p>\r\n<p class="hangnum"><a name="para16"></a><span class="paranum">16</span>.</p>\r\n<p class="gatha1"> Alasassakutosippaṃ, asippassakutodhanaṃ;</p>\r\n<p class="gatha2">Adhanassakutomittaṃ, amittassakutosukhaṃ;</p>\r\n<p class="gathalast">Asukhassakutopuññaṃ, apuññassakutonibbānaṃ.</p>\r\n<p class="hangnum"><a name="para17"></a><span class="paranum">17</span>.</p>\r\n<p class="gatha1"> Sippaṃsamaṃdhanaṃnatthi, sippaṃcorānagaṇhanti;</p>\r\n<p class="gathalast">Idhalokesippaṃmittaṃ, paralokesukhāvahaṃ.</p>\r\n<p class="hangnum"><a name="para18"></a><span class="paranum">18</span>.</p>\r\n<p class="gatha1"> </p>','\r',char(13)),'\n',char(10)),'-16-17-18-');
INSERT INTO pages (bookid, page, content, paranum) VALUES('annya_niti_gantha_sangaho_e1003n',8,replace(replace('<p class="gatha1">Bodhaputrasadāvityaṃ<a name="M0.0008"></a>, mākhedācariyaṃgaruṃ;</p>\r\n<p class="gathalast">Sadesepūjitorājā, budhosabbatthapūjito.</p>\r\n<p class="hangnum"><a name="para19"></a><span class="paranum">19</span>.</p>\r\n<p class="gatha1"> Bodhaputrakimālasse, abodhobhāravāhako;</p>\r\n<p class="gathalast">Bodhakopūjito loke, bodhaputradinedine.</p>\r\n<p class="hangnum"><a name="para20"></a><span class="paranum">20</span>.</p>\r\n<p class="gatha1"> Rūpayobbannasampannā, visālakulasambhavā;</p>\r\n<p class="gathalast">Vityāhīnānasobhanti, nigandhāivakiṃsukā.</p>\r\n<p class="hangnum"><a name="para21"></a><span class="paranum">21</span>.</p>\r\n<p class="gatha1"> </p>','\r',char(13)),'\n',char(10)),'-19-20-21-');
INSERT INTO pages (bookid, page, content, paranum) VALUES('annya_niti_gantha_sangaho_e1003n',9,replace(replace('<p class="gatha1">Mātāsatrurupitāca<a name="M0.0009"></a>, bālakālenasikkhita;</p>\r\n<p class="gathalast">Na sobhatisabhāmajjhe, haṃsamajjhebakoyathā.</p>\r\n<p class="hangnum"><a name="para22"></a><span class="paranum">22</span>.</p>\r\n<p class="gatha1"> Guṇoseṭṭhaṅgataṃyāti, nauccesayanevase;</p>\r\n<p class="gathalast">Pāsādasīkharevāso, kākokiṃgaruḷosiyā.</p>\r\n<p class="hangnum"><a name="para23"></a><span class="paranum">23</span>.</p>\r\n<p class="gatha1"> Sabbasutamadhiyate, hīnamukkaṭṭhamajjhime;</p>\r\n<p class="gathalast">Sabbassaatthaṃjāneyya, nacasabbaṃpayojaye.</p>\r\n<p class="hangnum"><a name="para24"></a><span class="paranum">24</span>.</p>\r\n<p class="gatha1"> </p>','\r',char(13)),'\n',char(10)),'-22-23-24-');
INSERT INTO pages (bookid, page, content, paranum) VALUES('annya_niti_gantha_sangaho_e1003n',10,replace(replace('<p class="gatha1">Nalokesobhatemuḷho<a name="M0.0010"></a>,</p>\r\n<p class="gatha2">Kevalattapasaṃsako;</p>\r\n<p class="gatha3">Apisampihitokūpe,</p>\r\n<p class="gathalast">Katavijjopakāsito.</p>\r\n<p class="hangnum"><a name="para25"></a><span class="paranum">25</span>.</p>\r\n<p class="gatha1"> Madantadamanaṃsatthaṃ, khalānaṃkurutemadaṃ;</p>\r\n<p class="gathalast">Cakkhusaṅkhārakaṃtejaṃ, ulūkānamivandhakaṃ.</p>\r\n<p class="hangnum"><a name="para26"></a><span class="paranum">26</span>.</p>\r\n<p class="gatha1"> Bhojanaṃmethunaṃniddā,</p>\r\n<p class="gatha2">Gaveposecavijjati;</p>\r\n<p class="gatha3">Vijjāvisesoposassa,</p>\r\n<p class="gathalast">Taṃhīnogosamobhave.</p>\r\n<p class="hangnum"><a name="para27"></a><span class="paranum">27</span>.</p>\r\n<p class="gatha1"> </p>','\r',char(13)),'\n',char(10)),'-25-26-27-');
INSERT INTO pages (bookid, page, content, paranum) VALUES('annya_niti_gantha_sangaho_e1003n',11,replace(replace('<p class="gatha1">Yosissosippalobhena<a name="M0.0011"></a>, bahuṃbahuṃvagaṇhāti;</p>\r\n<p class="gathalast">Mugovasupinaṃpassaṃ, nasakkākathituṃ paraṃ.</p>\r\n<p class="hangnum"><a name="para28"></a><span class="paranum">28</span>.</p>\r\n<p class="gatha1"> Sussusāsutavaḍḍhanā, paññāyavaḍḍhanaṃsutaṃ;</p>\r\n<p class="gathalast">Paññāyaatthaṃjānanti, ñātoatthosukhāvaho.</p>\r\n<p class="hangnum"><a name="para29"></a><span class="paranum">29</span>.</p>\r\n<p class="gatha1"> </p>','\r',char(13)),'\n',char(10)),'-28-29-');
INSERT INTO pages (bookid, page, content, paranum) VALUES('annya_niti_gantha_sangaho_e1003n',12,replace(replace('<p class="gatha1">Anāgataṃbhayaṃdisvā<a name="M0.0012"></a>, dūratoparivajjaye;</p>\r\n<p class="gathalast">Āgatañcabhayaṃdisvā, abhitohotipaṇḍito.</p>\r\n<p class="hangnum"><a name="para30"></a><span class="paranum">30</span>.</p>\r\n<p class="gatha1"> Lobhaṃkodhaṃmadaṃmānaṃ, tandiṃissaṃpamattakaṃ;</p>\r\n<p class="gathalast">Soṇḍaṃniddālukaṃmakkhaṃ, maccherañcajahebudho.</p>\r\n<p class="hangnum"><a name="para31"></a><span class="paranum">31</span>.</p>\r\n<p class="gatha1"> Saddhāhiricaottappaṃ, bāhusaccaṃviraṃsati;</p>\r\n<p class="gathalast">Paññācasattadhammehi, sampannopaṇḍitomato.</p>\r\n<p class="hangnum"><a name="para32"></a><span class="paranum">32</span>.</p>\r\n<p class="gatha1"> </p>','\r',char(13)),'\n',char(10)),'-30-31-32-');
INSERT INTO pages (bookid, page, content, paranum) VALUES('annya_niti_gantha_sangaho_e1003n',13,replace(replace('<p class="gatha1">Diṭṭhedhammecayoattho<a name="M0.0013"></a>,</p>\r\n<p class="gatha2">Yocatthosamparāyiko;</p>\r\n<p class="gatha3">Atthābhisamayādhīro,</p>\r\n<p class="gathalast">Paṇḍitotipavuccati.</p>\r\n<p class="hangnum"><a name="para33"></a><span class="paranum">33</span>.</p>\r\n<p class="gatha1"> Sabhāvasadisaṃvākyaṃ, sabhāvasadisaṃpiyaṃ;</p>\r\n<p class="gathalast">Sabhāvasadisaṃkodhaṃ, yojānātisapaṇḍito.</p>\r\n<p class="hangnum"><a name="para34"></a><span class="paranum">34</span>.</p>\r\n<p class="gatha1"> Bhūpālopaṇḍitoniccaṃ, nevatulyokudācanaṃ;</p>\r\n<p class="gathalast">Sadesepūjitorājā, budhosabbatthapūjito.</p>\r\n<p class="hangnum"><a name="para35"></a><span class="paranum">35</span>.</p>\r\n<p class="gatha1"> </p>','\r',char(13)),'\n',char(10)),'-33-34-35-');
INSERT INTO pages (bookid, page, content, paranum) VALUES('annya_niti_gantha_sangaho_e1003n',14,replace(replace('<p class="gatha1">Paṇḍitassapasaṃsāya<a name="M0.0014"></a>, daṇḍobālenadiyyate;</p>\r\n<p class="gathalast">Paṇḍitopaṇḍiteneva, vaṇṇitovasuvaṇṇito.</p>\r\n<p class="hangnum"><a name="para36"></a><span class="paranum">36</span>.</p>\r\n<p class="gatha1"> Attanāyadiekena, vinithenamahājanā;</p>\r\n<p class="gathalast">Vinayaṃyantisabbepi, kodhaṃnāseyyapaṇḍito.</p>\r\n<p class="hangnum"><a name="para37"></a><span class="paranum">37</span>.</p>\r\n<p class="gatha1"> Sarīrassaguṇānañca, dūramaccantamantaraṃ;</p>\r\n<p class="gathalast">Sarīraṃkhaṇaviddhaṃsi, guṇātukappaṭhāyino.</p>\r\n<p class="hangnum"><a name="para38"></a><span class="paranum">38</span>.</p>\r\n<p class="gatha1"> Atthaṃmahantamāpajjaṃ, vijjaṃsampattimevaca;</p>\r\n<p class="gathalast">Vicareyyāmānathaddho, paṇḍitosopavuccati.</p>\r\n<p class="hangnum"><a name="para39"></a><span class="paranum">39</span>.</p>\r\n<p class="gatha1"> </p>','\r',char(13)),'\n',char(10)),'-36-37-38-39-');
INSERT INTO pages (bookid, page, content, paranum) VALUES('annya_niti_gantha_sangaho_e1003n',15,replace(replace('<p class="gatha1">Nālabbhamatipatthenti<a name="M0.0015"></a>, naṭṭhampinacasocare;</p>\r\n<p class="gathalast">Vippatyañcanamuyhanti, yenarātevapaṇḍitā.</p>\r\n<p class="hangnum"><a name="para40"></a><span class="paranum">40</span>.</p>\r\n<p class="gatha1"> Gaṇṭhiṭhāneekapade, nātimaññeyyapaṇḍito;</p>\r\n<p class="gathalast">Kimakkoveḷupabbhāro, timahādīpabhānudo.</p>\r\n<p class="hangnum"><a name="para41"></a><span class="paranum">41</span>.</p>\r\n<p class="gatha1"> Guṇadosesunekena, atthikocivivajjito;</p>\r\n<p class="gathalast">Sukhumālapadumassa, naḷaṃbhavatikakkhaḷaṃ.</p>\r\n<p class="hangnum"><a name="para42"></a><span class="paranum">42</span>.</p>\r\n<p class="gatha1"> Sumahantānisatthāni, dhārayantābahussutā;</p>\r\n<p class="gathalast">Chedāyosaṃsayānantu, klissantilobhamohitā.</p>\r\n<p class="hangnum"><a name="para43"></a><span class="paranum">43</span>.</p>\r\n<p class="gatha1"> </p>','\r',char(13)),'\n',char(10)),'-40-41-42-43-');
INSERT INTO pages (bookid, page, content, paranum) VALUES('annya_niti_gantha_sangaho_e1003n',16,replace(replace('<p class="gatha1">Dosaṃpisaguṇedisvā<a name="M0.0016"></a>, guṇavādīvadantina;</p>\r\n<p class="gathalast">Nalokovijjamānampicandepassatilañjanaṃ.</p>\r\n<p class="hangnum"><a name="para44"></a><span class="paranum">44</span>.</p>\r\n<p class="gatha1"> Sakiṃpiviññūdhīrena, karotisahasaṅgamaṃ;</p>\r\n<p class="gathalast">Attatthañcaparatthañca, nibbānantaṃsukhaṃlabhe.</p>\r\n<p class="hangnum"><a name="para45"></a><span class="paranum">45</span>.</p>\r\n<p class="gatha1"> Nadītīreṭṭhitekūpe, araṇitālavaṇḍake;</p>\r\n<p class="gathalast">Navadāpādinatthīti, namukhevacanaṃtathā.</p>\r\n<p class="hangnum"><a name="para46"></a><span class="paranum">46</span>.</p>\r\n<p class="gatha1"> </p>','\r',char(13)),'\n',char(10)),'-44-45-46-');
INSERT INTO pages (bookid, page, content, paranum) VALUES('annya_niti_gantha_sangaho_e1003n',17,replace(replace('<p class="gatha1">Paṇḍitoapuṭṭhobherī<a name="M0.0017"></a>, pajjunnohotipucchito;</p>\r\n<p class="gathalast">Bālopuṭṭhoapuṭṭhopi, bahuṃvikatthatesadā.</p>\r\n<p class="hangnum"><a name="para47"></a><span class="paranum">47</span>.</p>\r\n<p class="gatha1"> Guṇasampannalaṅkāro, sabbasattahitāvaho;</p>\r\n<p class="gathalast">Parattatthaṃnacareyya, kutosopaṇḍitobhave.</p>\r\n<p class="hangnum"><a name="para48"></a><span class="paranum">48</span>.</p>\r\n<p class="gatha1"> Saparatthaṃcaredhīro, asakkontosakaṃcare;</p>\r\n<p class="gathalast">Tampicevaasakkonto, pāpāttānaṃviyojaye.</p>\r\n<p class="hangnum"><a name="para49"></a><span class="paranum">49</span>.</p>\r\n<p class="gatha1"> </p>','\r',char(13)),'\n',char(10)),'-47-48-49-');
INSERT INTO pages (bookid, page, content, paranum) VALUES('annya_niti_gantha_sangaho_e1003n',18,replace(replace('<p class="gatha1">Sabbaṃsuṇātisotena<a name="M0.0018"></a>, sabbaṃpassaticakkhunā;</p>\r\n<p class="gathalast">Nacadiṭṭhaṃsutaṃdhīro, sabbicchitumarahati.</p>\r\n<p class="hangnum"><a name="para50"></a><span class="paranum">50</span>.</p>\r\n<p class="gatha1"> Cakkhumāssayathāandho, sotavābadhiroyathā;</p>\r\n<p class="gatha2">Paññāvāpiyathāmugo, balavādubbaloriva;</p>\r\n<p class="gathalast">Athaatthesamuppanne, sayeyyamatasāyitaṃ.</p>\r\n<p class="hangnum"><a name="para51"></a><span class="paranum">51</span>.</p>\r\n<p class="gatha1"> Atijātaṃmanujātaṃ, puttamicchantipaṇḍitā;</p>\r\n<p class="gathalast">Avajātaṃnaicchanti, yohotikulachinnako.</p>\r\n<p class="hangnum"><a name="para52"></a><span class="paranum">52</span>.</p>\r\n<p class="gatha1"> </p>','\r',char(13)),'\n',char(10)),'-50-51-52-');
INSERT INTO pages (bookid, page, content, paranum) VALUES('annya_niti_gantha_sangaho_e1003n',19,replace(replace('<p class="gatha1">Tayovapaṇḍitāsatthe<a name="M0.0019"></a>, ahamevātivādica;</p>\r\n<p class="gathalast">Ahamapitivādīca, nāhanticaimetayo;</p>\r\n<p class="hangnum"><a name="para53"></a><span class="paranum">53</span>.</p>\r\n<p class="gatha1"> Nasāsabhāyatthanasantisanto,</p>\r\n<p class="gatha2">Natesantoyenavadantidhammaṃ;</p>\r\n<p class="gatha3">Rāgañcadosañcapahāyamohaṃ,</p>\r\n<p class="gathalast">Dhammaṃbhaṇantāvabhavantisanto.</p>\r\n<p class="hangnum"><a name="para54"></a><span class="paranum">54</span>.</p>\r\n<p class="gatha1"> Bālecummattakebhūpe, gurumātāpitūsvapi;</p>\r\n<p class="gathalast">Saṅghejeṭhecabhātari, nadosākariyābudhā.</p>\r\n<p class="hangnum"><a name="para55"></a><span class="paranum">55</span>.</p>\r\n<p class="gatha1"> </p>','\r',char(13)),'\n',char(10)),'-53-54-55-');
INSERT INTO pages (bookid, page, content, paranum) VALUES('annya_niti_gantha_sangaho_e1003n',20,replace(replace('<p class="gatha1">Attanāmanotāpañca<a name="M0.0020"></a>, ghareduccaritānica;</p>\r\n<p class="gathalast">Vañcanañcaavamānaṃ, matimānapakāsaye.</p>\r\n<p class="hangnum"><a name="para56"></a><span class="paranum">56</span>.</p>\r\n<p class="gatha1"> Paradāraṃjanettiṃva, leḍḍuṃvaparasantakaṃ;</p>\r\n<p class="gathalast">Attāvasabbasattānaṃ, yopassatisapaṇḍito.</p>\r\n<p class="hangnum"><a name="para57"></a><span class="paranum">57</span>.</p>\r\n<p class="gatha1"> Saṭhenamittaṃkalusenadhammaṃ,</p>\r\n<p class="gatha2">Paropatāpenasamiddhibhāvaṃ;</p>\r\n<p class="gatha3">Sukhenavijjaṃpharusenanāriṃ,</p>\r\n<p class="gathalast">Icchantiyetenacevapaṇḍitā.</p>\r\n<p class="hangnum"><a name="para58"></a><span class="paranum">58</span>.</p>\r\n<p class="gatha1"> </p>','\r',char(13)),'\n',char(10)),'-56-57-58-');
INSERT INTO pages (bookid, page, content, paranum) VALUES('annya_niti_gantha_sangaho_e1003n',21,replace(replace('<p class="gatha1">Nipuṇesuhameseyya<a name="M0.0021"></a>, vicinitvāsutatthiko;</p>\r\n<p class="gathalast">Sattaṃhukkhaliyaṃpakkaṃ, bhājanepitathābhave.</p>\r\n<p class="hangnum"><a name="para59"></a><span class="paranum">59</span>.</p>\r\n<p class="gatha1"> Vasuṃgaṇhantidūraṭṭhā, pabbateratanocite;</p>\r\n<p class="gathalast">Namilakkhāsamīpaṭṭhā, evaṃbālābahussute.</p>\r\n<p class="hangnum"><a name="para60"></a><span class="paranum">60</span>.</p>\r\n<p class="gatha1"> </p>','\r',char(13)),'\n',char(10)),'-59-60-');
INSERT INTO pages (bookid, page, content, paranum) VALUES('annya_niti_gantha_sangaho_e1003n',22,replace(replace('<p class="gatha1">Hiraññenamigānaṃva<a name="M0.0022"></a>, susīlenaasīlino;</p>\r\n<p class="gathalast">Adhammikassadhamena, bālānampisutenakiṃ.</p>\r\n<p class="hangnum"><a name="para61"></a><span class="paranum">61</span>.</p>\r\n<p class="gatha1"> Appassutāyaṃpuriso, balibaddhovajīvati;</p>\r\n<p class="gathalast">Maṃsānitassavaḍḍhanti, paññātassanavaḍḍhati.</p>\r\n<p class="hangnum"><a name="para62"></a><span class="paranum">62</span>.</p>\r\n<p class="gatha1"> Appassutosutaṃappaṃ, bahumaññatimāniko;</p>\r\n<p class="gathalast">Sindhūdakaṃapassanto, kūpesoyaṃvamaṇḍuko.</p>\r\n<p class="hangnum"><a name="para63"></a><span class="paranum">63</span>.</p>\r\n<p class="gatha1"> </p>','\r',char(13)),'\n',char(10)),'-61-62-63-');
INSERT INTO pages (bookid, page, content, paranum) VALUES('annya_niti_gantha_sangaho_e1003n',23,replace(replace('<p class="gatha1">Tadamināpijānātha<a name="M0.0023"></a>, sobbhesupatīresuca;</p>\r\n<p class="gathalast">Saṇantāyantikusobbhā, tuṇhīyantimahodadhī.</p>\r\n<p class="hangnum"><a name="para64"></a><span class="paranum">64</span>.</p>\r\n<p class="gatha1"> Subhāsitaṃuttamamāhusanto,</p>\r\n<p class="gatha2">Dhammaṃbhaṇenādhammaṃ, taṃdutiyaṃ;</p>\r\n<p class="gatha3">Piyaṃbhaṇenāpiyaṃtaṃtatiyaṃ,</p>\r\n<p class="gathalast">Saccaṃbhaṇenālikaṃtaṃcatutthaṃ.</p>\r\n<p class="hangnum"><a name="para65"></a><span class="paranum">65</span>.</p>\r\n<p class="gatha1"> </p>','\r',char(13)),'\n',char(10)),'-64-65-');
INSERT INTO pages (bookid, page, content, paranum) VALUES('annya_niti_gantha_sangaho_e1003n',24,replace(replace('<p class="gatha1">Sīhamedāsuvaṇṇeva<a name="M0.0024"></a>, nacatiṭṭhantiracate;</p>\r\n<p class="gathalast">Paṇḍitānaṃkathāvākyaṃ nacatiṭṭhatidujjane.</p>\r\n<p class="hangnum"><a name="para66"></a><span class="paranum">66</span>.</p>\r\n<p class="gatha1"> Mahātejopitejoyaṃ, mattikaṃnamuduṃkare;</p>\r\n<p class="gathalast">Āpopāpetimudukaṃ, sādhuvācācakakkhaḷaṃ;</p>\r\n<p class="hangnum"><a name="para67"></a><span class="paranum">67</span>.</p>\r\n<p class="gatha1"> Mudunāvaripuṃjeti, mudunājetidāruṇaṃ;</p>\r\n<p class="gathalast">Nāsiddhimudunākiñci, yatotomudunājaye.</p>\r\n<p class="hangnum"><a name="para68"></a><span class="paranum">68</span>.</p>\r\n<p class="gatha1"> </p>','\r',char(13)),'\n',char(10)),'-66-67-68-');
INSERT INTO pages (bookid, page, content, paranum) VALUES('annya_niti_gantha_sangaho_e1003n',25,replace(replace('<p class="gatha1">Candanaṃ <a name="M0.0025"></a> sītalaṃ loke, tato candaṃva sītalaṃ;</p>\r\n<p class="gathalast">Candana canda sītamhā, sādhuvākyaṃ subhāsitaṃ.</p>\r\n<p class="hangnum"><a name="para69"></a><span class="paranum">69</span>.</p>\r\n<p class="gatha1"> Sītavāco bahumitto, pharusotu amittako;</p>\r\n<p class="gathalast">Upamaṃ ettha ñātabbā, candasūriyarājunaṃ.</p>\r\n<p class="hangnum"><a name="para70"></a><span class="paranum">70</span>.</p>\r\n<p class="gatha1"> Pattakalloditaṃappaṃ, vākyaṃsubhāsitaṃbhave;</p>\r\n<p class="gathalast">Khudditassakadannampi, bhuttaṃsādurasobhave.</p>\r\n<p class="hangnum"><a name="para71"></a><span class="paranum">71</span>.</p>\r\n<p class="gatha1"> </p>','\r',char(13)),'\n',char(10)),'-69-70-71-');
INSERT INTO pages (bookid, page, content, paranum) VALUES('annya_niti_gantha_sangaho_e1003n',26,replace(replace('<p class="gatha1">Satthakāpibahuvācā<a name="M0.0026"></a>, nādarābahubhāṇino;</p>\r\n<p class="gathalast">Sopakārampyudāsīnaṃ, nanudiṭṭhaṃnadījalaṃ.</p>\r\n<p class="hangnum"><a name="para72"></a><span class="paranum">72</span>.</p>\r\n<p class="gatha1"> Nātivelaṃpabhāseyya, natuṇhisabbadāsiyā;</p>\r\n<p class="gathalast">Avikiṇṇaṃmitaṃvākyaṃ, pattakāleudīraye.</p>\r\n<p class="hangnum"><a name="para73"></a><span class="paranum">73</span>.</p>\r\n<p class="gatha1"> Icchitabbesukammesu, vācāyakusalaṃmūlaṃ;</p>\r\n<p class="gathalast">Vācāyakusalenaṭṭhe, icchitabbaṃnasijjhati.</p>\r\n<p class="hangnum"><a name="para74"></a><span class="paranum">74</span>.</p>\r\n<p class="gatha1"> Hatthapādāsiropiṭṭhi, kucchipañcaimejanā;</p>\r\n<p class="gathalast">Mukhamevūpasevanti, sadāvaanusāsitā.</p>\r\n<p class="hangnum"><a name="para75"></a><span class="paranum">75</span>.</p>\r\n<p class="gatha1"> </p>','\r',char(13)),'\n',char(10)),'-72-73-74-75-');
INSERT INTO pages (bookid, page, content, paranum) VALUES('annya_niti_gantha_sangaho_e1003n',27,replace(replace('<p class="gatha1">Saddhādhanaṃsīladhanaṃ<a name="M0.0027"></a>, hiriottappiyaṃdhanaṃ;</p>\r\n<p class="gathalast">Sutadhanañcacāgoca, paññāvesattamaṃdhanaṃ.</p>\r\n<p class="hangnum"><a name="para76"></a><span class="paranum">76</span>.</p>\r\n<p class="gatha1"> Itthīnañcadhanaṃrūpaṃ, purisānaṃdhanaṃkulaṃ;</p>\r\n<p class="gatha2">Uragānaṃdhanaṃvisaṃ, bhūpālānaṃdhanaṃbalaṃ;</p>\r\n<p class="gathalast">Bhikkhūnañcadhanaṃsīlaṃ, brahmaṇānaṃdhanaṃvijjā.</p>\r\n<p class="hangnum"><a name="para77"></a><span class="paranum">77</span>.</p>\r\n<p class="gatha1"> </p>','\r',char(13)),'\n',char(10)),'-76-77-');
INSERT INTO pages (bookid, page, content, paranum) VALUES('annya_niti_gantha_sangaho_e1003n',28,replace(replace('<p class="gatha1">Narūpaṃnacapaññāṇaṃ<a name="M0.0028"></a>, nacakulañcasambhavo;</p>\r\n<p class="gathalast">Kālavippattisampatte, dhanamevavisesakaṃ.</p>\r\n<p class="hangnum"><a name="para78"></a><span class="paranum">78</span>.</p>\r\n<p class="gatha1"> Dhanahīnaṃcajemittā, puttadārāsahodarā;</p>\r\n<p class="gathalast">Dhanavantaṃvasevanti, dhanaṃlokemahāsakhā.</p>\r\n<p class="hangnum"><a name="para79"></a><span class="paranum">79</span>.</p>\r\n<p class="gatha1"> Sattāsadūpasevanti, sodakaṃvāpiādikaṃ;</p>\r\n<p class="gathalast">Sabhogaṃsadhanañceva, tucchātecejahantite.</p>\r\n<p class="hangnum"><a name="para80"></a><span class="paranum">80</span>.</p>\r\n<p class="gatha1"> </p>','\r',char(13)),'\n',char(10)),'-78-79-80-');
INSERT INTO pages (bookid, page, content, paranum) VALUES('annya_niti_gantha_sangaho_e1003n',29,replace(replace('<p class="gatha1">Attanāvakatālakkhī<a name="M0.0029"></a>, alakkhīattanākatā;</p>\r\n<p class="gathalast">Nahilakkhiṃalakkhiñca, aññoaññassakārito.</p>\r\n<p class="hangnum"><a name="para81"></a><span class="paranum">81</span>.</p>\r\n<p class="gatha1"> Dhanavājotiyorājā, nadīvejjotathāime;</p>\r\n<p class="gathalast">Pañcayatthanavijjanti, natatthadivasaṃvase.</p>\r\n<p class="hangnum"><a name="para82"></a><span class="paranum">82</span>.</p>\r\n<p class="gatha1"> </p>','\r',char(13)),'\n',char(10)),'-81-82-');
INSERT INTO pages (bookid, page, content, paranum) VALUES('annya_niti_gantha_sangaho_e1003n',30,replace(replace('<p class="gatha1">Yatthadesenasamāno<a name="M0.0030"></a>, napītinacabandhavo;</p>\r\n<p class="gathalast">Nacavijjāgamokoci, natatthadivasaṃvase.</p>\r\n<p class="hangnum"><a name="para83"></a><span class="paranum">83</span>.</p>\r\n<p class="gatha1"> Amānanāyatthasiyā, santānaṃavamānanaṃ;</p>\r\n<p class="gathalast">Hīnasamānanāvāpi, natatthadivasaṃvase.</p>\r\n<p class="hangnum"><a name="para84"></a><span class="paranum">84</span>.</p>\r\n<p class="gatha1"> Desamosajjagacchanti, sīhāsappurisāgajā;</p>\r\n<p class="gathalast">Tattevanidhanaṃyanti, kākākāpurisāmigā.</p>\r\n<p class="hangnum"><a name="para85"></a><span class="paranum">85</span>.</p>\r\n<p class="gatha1"> </p>','\r',char(13)),'\n',char(10)),'-83-84-85-');
INSERT INTO pages (bookid, page, content, paranum) VALUES('annya_niti_gantha_sangaho_e1003n',31,replace(replace('<p class="gatha1">Yatthālasocadakkhoca<a name="M0.0031"></a>, sūrobhirusamapūjā;</p>\r\n<p class="gathalast">Nasantotatthavasanti, avisesakarenako.</p>\r\n<p class="hangnum"><a name="para86"></a><span class="paranum">86</span>.</p>\r\n<p class="gatha1"> Calatyekenapādena, tiṭṭhatyekenapaṇḍito;</p>\r\n<p class="gathalast">Nāsamikkhyaparaṃṭhānaṃ, pubbamāyatanaṃcaje.</p>\r\n<p class="hangnum"><a name="para87"></a><span class="paranum">87</span>.</p>\r\n<p class="gatha1"> Ṭhānabhaṭṭhānasobhante, dantākesānakhānarā;</p>\r\n<p class="gathalast">Itiviññāyamatimā, saṭhānaṃnalahuṃcaje.</p>\r\n<p class="hangnum"><a name="para88"></a><span class="paranum">88</span>.</p>\r\n<p class="gatha1"> Guṇosabbaññutulyopi, sīdatyekoanissayo;</p>\r\n<p class="gathalast">Anagghaṃratanaṃmaṇi, hemaṃnissāyasobhate.</p>\r\n<p class="hangnum"><a name="para89"></a><span class="paranum">89</span>.</p>\r\n<p class="gatha1"> Nasevepharusaṃsāmiṃ, taṃpisevenamacchariṃ;</p>\r\n<p class="gathalast">Tatoniggaṇhikaṃsāmiṃ, nevāpaggaṇhikaṃtato.</p>\r\n<p class="hangnum"><a name="para90"></a><span class="paranum">90</span>.</p>\r\n<p class="gatha1"> </p>','\r',char(13)),'\n',char(10)),'-86-87-88-89-90-');
INSERT INTO pages (bookid, page, content, paranum) VALUES('annya_niti_gantha_sangaho_e1003n',33,replace(replace('<p class="gatha1">Parokkheguṇahantāraṃ<a name="M0.0033"></a>, paccakkhepiyabhāṇinaṃ;</p>\r\n<p class="gathalast">Tādisaṃnopaseveyya, visakumbhaṃpalobhitaṃ.</p>\r\n<p class="hangnum"><a name="para91"></a><span class="paranum">91</span>.</p>\r\n<p class="gatha1"> Piṭṭhitokkaṃniseveyya, niseveaggikucchinā;</p>\r\n<p class="gathalast">Sāmīnaṃsabbakāyena, paralokaṃamuḷhako.</p>\r\n<p class="hangnum"><a name="para92"></a><span class="paranum">92</span>.</p>\r\n<p class="gatha1"> Nasevekatapāpamhi, na sevālikavādane;</p>\r\n<p class="gathalast">Naseveattadatthamhi, naseveatisantake.</p>\r\n<p class="hangnum"><a name="para93"></a><span class="paranum">93</span>.</p>\r\n<p class="gatha1"> </p>','\r',char(13)),'\n',char(10)),'-91-92-93-');
INSERT INTO pages (bookid, page, content, paranum) VALUES('annya_niti_gantha_sangaho_e1003n',34,replace(replace('<p class="gatha1">Mahantaṃnissayaṃkatvā<a name="M0.0034"></a>, khuddakopimahābhave;</p>\r\n<p class="gathalast">Hemapabbataṃnissāya, hemapakkhībhavantite.</p>\r\n<p class="hangnum"><a name="para94"></a><span class="paranum">94</span>.</p>\r\n<p class="gatha1"> Asahāyosamattopi, tejasīkiṃkarissati;</p>\r\n<p class="gathalast">Nivātasaṇṭhitoaggi, sayamevūpasammati.</p>\r\n<p class="hangnum"><a name="para95"></a><span class="paranum">95</span>.</p>\r\n<p class="gatha1"> Rukkhāsubhūminissāya, pupphaphalaṃpavaḍḍhati;</p>\r\n<p class="gathalast">Sappūrisūpanissāya, mahāpuññaṃpavaḍḍhati.</p>\r\n<p class="hangnum"><a name="para96"></a><span class="paranum">96</span>.</p>\r\n<p class="gatha1"> </p>','\r',char(13)),'\n',char(10)),'-94-95-96-');
INSERT INTO pages (bookid, page, content, paranum) VALUES('annya_niti_gantha_sangaho_e1003n',35,replace(replace('<p class="gatha1">Analasoacaṇḍikko<a name="M0.0035"></a>, asaṭṭhosucisaccavā;</p>\r\n<p class="gathalast">Aluddhoatthakāmoca, tamuttaṃuttamonaro.</p>\r\n<p class="hangnum"><a name="para97"></a><span class="paranum">97</span>.</p>\r\n<p class="gatha1"> Ahitepaṭisedhoca, hitesucaniyojako;</p>\r\n<p class="gathalast">Byasanecāpariccāgo, saṅkhepaṃmittalakkhaṇaṃ.</p>\r\n<p class="hangnum"><a name="para98"></a><span class="paranum">98</span>.</p>\r\n<p class="gatha1"> </p>','\r',char(13)),'\n',char(10)),'-97-98-');
INSERT INTO pages (bookid, page, content, paranum) VALUES('annya_niti_gantha_sangaho_e1003n',36,replace(replace('<p class="gatha1">Āturebyasanesace<a name="M0.0036"></a>, dubbhikkheparaviggahe;</p>\r\n<p class="gathalast">Rājadvāresusāneca, saṅkhepaṃmittalakkhiṇaṃ.</p>\r\n<p class="hangnum"><a name="para99"></a><span class="paranum">99</span>.</p>\r\n<p class="gatha1"> Hitesanosumittoca, viññūcadullabhojano;</p>\r\n<p class="gathalast">Yathosadhañcasāduñca, rogahārīcasajjano.</p>\r\n<p class="hangnum"><a name="para100"></a><span class="paranum">100</span>.</p>\r\n<p class="gatha1"> Yodhuvāniparicajja, adhuvānopasevati;</p>\r\n<p class="gathalast">Dhuvānitassanassanti, adhuvesukathāvakā.</p>\r\n<p class="hangnum"><a name="para101"></a><span class="paranum">101</span>.</p>\r\n<p class="gatha1"> </p>','\r',char(13)),'\n',char(10)),'-99-100-101-');
INSERT INTO pages (bookid, page, content, paranum) VALUES('annya_niti_gantha_sangaho_e1003n',37,replace(replace('<p class="gatha1">Luddhamatthenagaṇheyya<a name="M0.0037"></a>, thaddhamañjathikammunā;</p>\r\n<p class="gathalast">Chandānuvattiyāmuḷhaṃ, yathābhūtenapaṇḍitaṃ.</p>\r\n<p class="hangnum"><a name="para102"></a><span class="paranum">102</span>.</p>\r\n<p class="gatha1"> Saccābhikkhaṇasaṃsaggā, asamosaraṇenaca;</p>\r\n<p class="gathalast">Etenamittājiranti, akāleyācanenaca.</p>\r\n<p class="hangnum"><a name="para103"></a><span class="paranum">103</span>.</p>\r\n<p class="gatha1"> Tasmānābhikkhaṇaṃgacche, nacagacchecirāciraṃ;</p>\r\n<p class="gathalast">Kālenayācaṃyāceyya, evaṃmittānajīyare.</p>\r\n<p class="hangnum"><a name="para104"></a><span class="paranum">104</span>.</p>\r\n<p class="gatha1"> </p>','\r',char(13)),'\n',char(10)),'-102-103-104-');
INSERT INTO pages (bookid, page, content, paranum) VALUES('annya_niti_gantha_sangaho_e1003n',38,replace(replace('<p class="gatha1">Yenamittenasaṃsaggā<a name="M0.0038"></a>, yogakkhemovihīyati;</p>\r\n<p class="gathalast">Pubbevajjhabhavaṃtassa, rakkheyyaggiṃvapaṇḍito.</p>\r\n<p class="hangnum"><a name="para105"></a><span class="paranum">105</span>.</p>\r\n<p class="gatha1"> Yenamittenasaṃsaggā, yogakkhemopavaḍḍhati;</p>\r\n<p class="gathalast">Kareyyattasamaṃvuttiṃ, sabbakiccesupaṇḍito.</p>\r\n<p class="hangnum"><a name="para106"></a><span class="paranum">106</span>.</p>\r\n<p class="gatha1"> Pabbepabbekamenucchu, visesarasavāggato;</p>\r\n<p class="gathalast">Tathāsumettikosādhu, viparittovadujjano.</p>\r\n<p class="hangnum"><a name="para107"></a><span class="paranum">107</span>.</p>\r\n<p class="gatha1"> </p>','\r',char(13)),'\n',char(10)),'-105-106-107-');
INSERT INTO pages (bookid, page, content, paranum) VALUES('annya_niti_gantha_sangaho_e1003n',39,replace(replace('<p class="gatha1">Tenevamunināvuttaṃ<a name="M0.0039"></a>, dhammāyekecilokiyā;</p>\r\n<p class="gathalast">Tatālokuttarāceva, dhammānibbānagāmino.</p>\r\n<p class="hangnum"><a name="para108"></a><span class="paranum">108</span>.</p>\r\n<p class="gatha1"> Kalyāṇamittamāgamma, sabbetehontipāṇinaṃ;</p>\r\n<p class="gathalast">Tasmākalyāṇamittesu, kātabbaṃhisadādaraṃ.</p>\r\n<p class="hangnum"><a name="para109"></a><span class="paranum">109</span>.</p>\r\n<p class="gatha1"> Yohavekataññūkatavedidhīro,</p>\r\n<p class="gatha2">Kalyāṇamittedaḷhabhatticahoti;</p>\r\n<p class="gatha3">Dukkhitassasakkaccaṃkarotikiccaṃ,</p>\r\n<p class="gathalast">Tabbhāvaṃsappurisaṃvadantiloke.</p>\r\n<p class="hangnum"><a name="para110"></a><span class="paranum">110</span>.</p>\r\n<p class="gatha1"> </p>','\r',char(13)),'\n',char(10)),'-108-109-110-');
INSERT INTO pages (bookid, page, content, paranum) VALUES('annya_niti_gantha_sangaho_e1003n',40,replace(replace('<p class="gatha1">Hitakāroparobandhu<a name="M0.0040"></a>, bandhūpiahitoparo;</p>\r\n<p class="gathalast">Ahitodehajobyādhi, hitamāraññamosadhaṃ.</p>\r\n<p class="hangnum"><a name="para111"></a><span class="paranum">111</span>.</p>\r\n<p class="gatha1"> Padumaṃvamukhayassa, vācācandanasītalaṃ;</p>\r\n<p class="gatha2">Madhutiṭṭhatijivhagge, hadayesuhalāhalaṃ;</p>\r\n<p class="gathalast">Tādisaṃnopaseveyya, taṃmittaṃparivajjaye.</p>\r\n<p class="hangnum"><a name="para112"></a><span class="paranum">112</span>.</p>\r\n<p class="gatha1"> </p>','\r',char(13)),'\n',char(10)),'-111-112-');
INSERT INTO pages (bookid, page, content, paranum) VALUES('annya_niti_gantha_sangaho_e1003n',41,replace(replace('<p class="gatha1">Katvānakusalaṃkammaṃ<a name="M0.0041"></a>, katvāna, kusalaṃpure;</p>\r\n<p class="gathalast">Sukhitaṃdukkhitaṃhontaṃ, sobāloyonapassati.</p>\r\n<p class="hangnum"><a name="para113"></a><span class="paranum">113</span>.</p>\r\n<p class="gatha1"> Kālakkhepenahāpeti, dānasīlādikaṃjaḷo;</p>\r\n<p class="gathalast">Athiraṃpithiraṃmaññe, attānaṃsassatīsamaṃ.</p>\r\n<p class="hangnum"><a name="para114"></a><span class="paranum">114</span>.</p>\r\n<p class="gatha1"> Bālodhapāpakaṃkatvā, nataṃchaṭṭitumussahe;</p>\r\n<p class="gathalast">Kiṃbyagghaādigacchanto, padaṃmakkhetumussahe.</p>\r\n<p class="hangnum"><a name="para115"></a><span class="paranum">115</span>.</p>\r\n<p class="gatha1"> </p>','\r',char(13)),'\n',char(10)),'-113-114-115-');
INSERT INTO pages (bookid, page, content, paranum) VALUES('annya_niti_gantha_sangaho_e1003n',42,replace(replace('<p class="gatha1">Niddhanopicakāmeti<a name="M0.0042"></a>, dubbaloverikaṃkaro;</p>\r\n<p class="gathalast">Mandasatthovivādatthī, tividhaṃmuḷhalakkhaṇaṃ.</p>\r\n<p class="hangnum"><a name="para116"></a><span class="paranum">116</span>.</p>\r\n<p class="gatha1"> Anavhāyaṃgamayanto, apucchābahubhāsako;</p>\r\n<p class="gathalast">Attagguṇaṃpasaṃsanti, tividhaṃhīnalakkhaṇaṃ.</p>\r\n<p class="hangnum"><a name="para117"></a><span class="paranum">117</span>.</p>\r\n<p class="gatha1"> Yathācuṭṭamparāpakkā, bahirattakamevaca;</p>\r\n<p class="gathalast">Antokimilapūraṇo, evaṃdujjanadhammatā.</p>\r\n<p class="hangnum"><a name="para118"></a><span class="paranum">118</span>.</p>\r\n<p class="gatha1"> Yadūnakaṃsaṇatitaṃ, yaṃpūraṃsantamevataṃ;</p>\r\n<p class="gathalast">Aḍḍhakumbhupamobālo, yaṃpūrakumbhovapaṇḍito.</p>\r\n<p class="hangnum"><a name="para119"></a><span class="paranum">119</span>.</p>\r\n<p class="gatha1"> </p>','\r',char(13)),'\n',char(10)),'-116-117-118-119-');
INSERT INTO pages (bookid, page, content, paranum) VALUES('annya_niti_gantha_sangaho_e1003n',43,replace(replace('<p class="gatha1">Budhehisāsamānopi<a name="M0.0043"></a>, khalobahutaketavo;</p>\r\n<p class="gathalast">Ghaṃsiyamānopaṅgāro, nilamattaṃnigacchati.</p>\r\n<p class="hangnum"><a name="para120"></a><span class="paranum">120</span>.</p>\r\n<p class="gatha1"> Muḷhasissopadesena, kunārībharaṇenaca;</p>\r\n<p class="gathalast">Khalasattūhisaṃyogā, paṇḍitopyavasīdati.</p>\r\n<p class="hangnum"><a name="para121"></a><span class="paranum">121</span>.</p>\r\n<p class="gatha1"> Cārutāparadārāya, dhanaṃlokatapattiyā;</p>\r\n<p class="gathalast">Pasutaṃsādhunāsāya, khalekhalatarāguṇā.</p>\r\n<p class="hangnum"><a name="para122"></a><span class="paranum">122</span>.</p>\r\n<p class="gatha1"> </p>','\r',char(13)),'\n',char(10)),'-120-121-122-');
INSERT INTO pages (bookid, page, content, paranum) VALUES('annya_niti_gantha_sangaho_e1003n',44,replace(replace('<p class="gatha1">Itohāsataraṃloke<a name="M0.0044"></a>, kiñcitassanavijjati;</p>\r\n<p class="gathalast">Dujjanoticayaṃāha, sujanaṃdujjanosayaṃ.</p>\r\n<p class="hangnum"><a name="para123"></a><span class="paranum">123</span>.</p>\r\n<p class="gatha1"> Navināparavādena, ramantidujjanākhalu;</p>\r\n<p class="gathalast">Nasāsabbarasebhutvā, vināsuddhenatussati.</p>\r\n<p class="hangnum"><a name="para124"></a><span class="paranum">124</span>.</p>\r\n<p class="gatha1"> Tappateyātisambandhaṃ, dravaṃbhavatyavanataṃ;</p>\r\n<p class="gathalast">Mududujjanacittaṃna kiṃlohenapamīyate.</p>\r\n<p class="hangnum"><a name="para125"></a><span class="paranum">125</span>.</p>\r\n<p class="gatha1"> </p>','\r',char(13)),'\n',char(10)),'-123-124-125-');
INSERT INTO pages (bookid, page, content, paranum) VALUES('annya_niti_gantha_sangaho_e1003n',45,replace(replace('<p class="gatha1">Tasmādujjanasaṃsaggaṃ<a name="M0.0045"></a>, āsivīsamivoragaṃ;</p>\r\n<p class="gathalast">Ārakāparivajjeyya, bhūtakāmovicakkhaṇo.</p>\r\n<p class="hangnum"><a name="para126"></a><span class="paranum">126</span>.</p>\r\n<p class="gatha1"> Dujjanenahisaṃsaggaṃ, sattutāpinayujjati;</p>\r\n<p class="gathalast">Tattovaḍayhatyaṅgāro, santokāḷāyataṃkaro;</p>\r\n<p class="hangnum"><a name="para127"></a><span class="paranum">127</span>.</p>\r\n<p class="gatha1"> Dujjanovajjanīyova, vijjāyālaṅkatopice;</p>\r\n<p class="gathalast">Maṇinālaṅkatosanto, sabbokiṃnubhayaṃkaro.</p>\r\n<p class="hangnum"><a name="para128"></a><span class="paranum">128</span>.</p>\r\n<p class="gatha1"> Agginodahatodāyaṃ, sakhābhavatimāluto;</p>\r\n<p class="gathalast">Soevadīpaṃnāseti, khalenatthevamittatā.</p>\r\n<p class="hangnum"><a name="para129"></a><span class="paranum">129</span>.</p>\r\n<p class="gatha1"> </p>','\r',char(13)),'\n',char(10)),'-126-127-128-129-');
INSERT INTO pages (bookid, page, content, paranum) VALUES('annya_niti_gantha_sangaho_e1003n',46,replace(replace('<p class="gatha1">Sabboduṭṭhokhaloduṭṭho<a name="M0.0046"></a>, sabbāduṭṭhatarokhalo;</p>\r\n<p class="gathalast">Mantosadhehisosabbo, khalokenupasammati.</p>\r\n<p class="hangnum"><a name="para130"></a><span class="paranum">130</span>.</p>\r\n<p class="gatha1"> Hadayaṭṭhenasutena, khalonevasusīlavā;</p>\r\n<p class="gathalast">Madhunākoṭaraṭṭhena, nimbokiṃmadhurobhave.</p>\r\n<p class="hangnum"><a name="para131"></a><span class="paranum">131</span>.</p>\r\n<p class="gatha1"> Asataṃsampayogena, santopiasantobhave;</p>\r\n<p class="gathalast">Maggokacavarayutto, ujumpiasādhubhave.</p>\r\n<p class="hangnum"><a name="para132"></a><span class="paranum">132</span>.</p>\r\n<p class="gatha1"> </p>','\r',char(13)),'\n',char(10)),'-130-131-132-');
INSERT INTO pages (bookid, page, content, paranum) VALUES('annya_niti_gantha_sangaho_e1003n',47,replace(replace('<p class="gatha1">Putimacchaṃkusaggena<a name="M0.0047"></a>, yonaroupanayhati;</p>\r\n<p class="gathalast">Kusāpiputiṃvāyanti, evaṃbālupasevanā.</p>\r\n<p class="hangnum"><a name="para133"></a><span class="paranum">133</span>.</p>\r\n<p class="gatha1"> Bālaṃnapassenasuṇe, nacabāsenasaṃvase;</p>\r\n<p class="gathalast">Bālenālāpasallāpaṃ, nakarenacarocaye.</p>\r\n<p class="hangnum"><a name="para134"></a><span class="paranum">134</span>.</p>\r\n<p class="gatha1"> Anayaṃnetidummedho, adhurāyaniyuñjati;</p>\r\n<p class="gatha2">Dunnayoseyyasohoti, sammāvuttopikuppati;</p>\r\n<p class="gathalast">Vinayaṃsonajānāti, sādhusenaadassanaṃ.</p>\r\n<p class="hangnum"><a name="para135"></a><span class="paranum">135</span>.</p>\r\n<p class="gatha1"> </p>','\r',char(13)),'\n',char(10)),'-133-134-135-');
INSERT INTO pages (bookid, page, content, paranum) VALUES('annya_niti_gantha_sangaho_e1003n',48,replace(replace('<p class="gatha1">Yāvajīvaṃpicebālo<a name="M0.0048"></a>, paṇḍitaṃpayirūpāsi;</p>\r\n<p class="gathalast">Nasodhammaṃvijānāti, dabbisūparasaṃyathā.</p>\r\n<p class="hangnum"><a name="para136"></a><span class="paranum">136</span>.</p>\r\n<p class="gatha1"> Phalaṃvekadaliṃhanti, hantiveḷunaḷaṃphalaṃ;</p>\r\n<p class="gathalast">Sakkārokāpurisaṃhanti, gabbhoassatariṃyathā.</p>\r\n<p class="hangnum"><a name="para137"></a><span class="paranum">137</span>.</p>\r\n<p class="gatha1"> Sunakhosunakhaṃdisvā, dantaṃdassetihiṃsituṃ;</p>\r\n<p class="gathalast">Dujjanodujjanaṃdisvā, rosayaṃhiṃsamicchati.</p>\r\n<p class="hangnum"><a name="para138"></a><span class="paranum">138</span>.</p>\r\n<p class="gatha1"> </p>','\r',char(13)),'\n',char(10)),'-136-137-138-');
INSERT INTO pages (bookid, page, content, paranum) VALUES('annya_niti_gantha_sangaho_e1003n',49,replace(replace('<p class="gatha1">Maṇḍūkopinukkosīho<a name="M0.0049"></a>, sukaropinukkodīpi;</p>\r\n<p class="gathalast">Bilārosadisobyaggho, duppaññopinapaññavā.</p>\r\n<p class="hangnum"><a name="para139"></a><span class="paranum">139</span>.</p>\r\n<p class="gatha1"> Maṇḍūkopisīhoviya,</p>\r\n<p class="gatha2">Kākogaṇhepiññepiññe;</p>\r\n<p class="gatha3">Bālocapaṇḍitoviya,</p>\r\n<p class="gathalast">Dhīropucchevayevaye.</p>\r\n<p class="hangnum"><a name="para140"></a><span class="paranum">140</span>.</p>\r\n<p class="gatha1"> Kākoduṭṭhosakuṇesu, ghareduṭṭhocamūsiko;</p>\r\n<p class="gathalast">Vānarocavaneduṭṭho, manussesucabrahmaṇo.</p>\r\n<p class="hangnum"><a name="para141"></a><span class="paranum">141</span>.</p>\r\n<p class="gatha1"> </p>','\r',char(13)),'\n',char(10)),'-139-140-141-');
INSERT INTO pages (bookid, page, content, paranum) VALUES('annya_niti_gantha_sangaho_e1003n',50,replace(replace('<p class="gatha1">Tiṇānibhūmicodakaṃ<a name="M0.0050"></a>, catutthaṃvākyasuṭṭhutaṃ;</p>\r\n<p class="gathalast">Etānihisataṃgehe, nochijjantekadācipi.</p>\r\n<p class="hangnum"><a name="para142"></a><span class="paranum">142</span>.</p>\r\n<p class="gatha1"> Ambuṃpivantinonajjo, rukkhākhādantinophalaṃ;</p>\r\n<p class="gathalast">Meghokadācinosassaṃ, paratthāyasataṃdhanaṃ.</p>\r\n<p class="hangnum"><a name="para143"></a><span class="paranum">143</span>.</p>\r\n<p class="gatha1"> </p>','\r',char(13)),'\n',char(10)),'-142-143-');
INSERT INTO pages (bookid, page, content, paranum) VALUES('annya_niti_gantha_sangaho_e1003n',51,replace(replace('<p class="gatha1">Guṇākubbantidūtattaṃ<a name="M0.0051"></a>, dūrepivasataṃsataṃ;</p>\r\n<p class="gathalast">Keṭakegandhamāghāya, gacchantibhamarāsayaṃ.</p>\r\n<p class="hangnum"><a name="para144"></a><span class="paranum">144</span>.</p>\r\n<p class="gatha1"> Ākiṇṇopiasabbhīdha, asaṃsaṭṭhovabhaddako;</p>\r\n<p class="gathalast">Bahunāsannajātena, gacche naummattakena.</p>\r\n<p class="hangnum"><a name="para145"></a><span class="paranum">145</span>.</p>\r\n<p class="gatha1"> Pāpamittevivajjetvā, bhajeyyuttamapuggalaṃ;</p>\r\n<p class="gathalast">Ovādecassatiṭṭheyya, patthantoacalaṃsukhaṃ.</p>\r\n<p class="hangnum"><a name="para146"></a><span class="paranum">146</span>.</p>\r\n<p class="gatha1"> Yathācapanasāpakkā, bahisaṇḍakamevaca;</p>\r\n<p class="gathalast">Antoamatapūraṇo, evaṃ sujanadhammatā.</p>\r\n<p class="hangnum"><a name="para147"></a><span class="paranum">147</span>.</p>\r\n<p class="gatha1"> </p>','\r',char(13)),'\n',char(10)),'-144-145-146-147-');
INSERT INTO pages (bookid, page, content, paranum) VALUES('annya_niti_gantha_sangaho_e1003n',52,replace(replace('<p class="gatha1">Taggarañjapalāsena<a name="M0.0052"></a>, yonaroupanayhati;</p>\r\n<p class="gathalast">Pattāpigandhaṃvāyanti, evaṃdhīrupasevanā.</p>\r\n<p class="hangnum"><a name="para148"></a><span class="paranum">148</span>.</p>\r\n<p class="gatha1"> Dhīraṃpassesuṇedhīraṃ, dhīrenasahasaṃvase;</p>\r\n<p class="gathalast">Dhīrenālāpasallāpaṃ, taṃkaretañcarocaye.</p>\r\n<p class="hangnum"><a name="para149"></a><span class="paranum">149</span>.</p>\r\n<p class="gatha1"> Nayaṃnayati medhāvī, adhurāyanayujjati;</p>\r\n<p class="gatha2">Sunayoseyyasohoti, sammāvuttonakuppati;</p>\r\n<p class="gathalast">Vinayaṃsopajānāti, sādhutenasamāgamo.</p>\r\n<p class="hangnum"><a name="para150"></a><span class="paranum">150</span>.</p>\r\n<p class="gatha1"> </p>','\r',char(13)),'\n',char(10)),'-148-149-150-');
INSERT INTO pages (bookid, page, content, paranum) VALUES('annya_niti_gantha_sangaho_e1003n',53,replace(replace('<p class="gatha1">Appakenapiceviññū<a name="M0.0053"></a>, paṇḍitaṃpayirūpāsi;</p>\r\n<p class="gathalast">Khippaṃdhammaṃvijānāti, jivhāsūparasaṃyathā.</p>\r\n<p class="hangnum"><a name="para151"></a><span class="paranum">151</span>.</p>\r\n<p class="gatha1"> Bāhubalañcaamaccaṃ, bhogaṃabhijaccaṃbalaṃ;</p>\r\n<p class="gathalast">Imehicatubalehi, paññāveseṭhataṃbalaṃ.</p>\r\n<p class="hangnum"><a name="para152"></a><span class="paranum">152</span>.</p>\r\n<p class="gatha1"> </p>','\r',char(13)),'\n',char(10)),'-151-152-');
INSERT INTO pages (bookid, page, content, paranum) VALUES('annya_niti_gantha_sangaho_e1003n',54,replace(replace('<p class="gatha1">Balaṃpakkhīnamākāso<a name="M0.0054"></a>, macchānaṃudakaṃbalaṃ;</p>\r\n<p class="gathalast">Dubbalassabalaṃrājā, kumārānaṃrudaṃbalaṃ.</p>\r\n<p class="hangnum"><a name="para153"></a><span class="paranum">153</span>.</p>\r\n<p class="gatha1"> Balaṃcandobalaṃsūro, balaṃsamaṇabrahmaṇā;</p>\r\n<p class="gathalast">Balaṃvelaṃsamuddassa, balaṃtibalamitthiyā.</p>\r\n<p class="hangnum"><a name="para154"></a><span class="paranum">154</span>.</p>\r\n<p class="gatha1"> Sapādānaṃbalaṃsīho, tatopuḷuvakobalaṃ;</p>\r\n<p class="gathalast">Tatokippilikonaro, rājāsabbesamantato.</p>\r\n<p class="hangnum"><a name="para155"></a><span class="paranum">155</span>.</p>\r\n<p class="gatha1"> Gatimigānaṃpavanaṃ, ākāsopakkhinaṃgati;</p>\r\n<p class="gathalast">Virāgogatidhammānaṃ, nibbānārahataṃgati.</p>\r\n<p class="hangnum"><a name="para156"></a><span class="paranum">156</span>.</p>\r\n<p class="gatha1"> </p>','\r',char(13)),'\n',char(10)),'-153-154-155-156-');
INSERT INTO pages (bookid, page, content, paranum) VALUES('annya_niti_gantha_sangaho_e1003n',55,replace(replace('<p class="gatha1">Careyyakulajaṃpañño<a name="M0.0055"></a>, virūpamavikaññakaṃ;</p>\r\n<p class="gathalast">Hīnāyapisurūpāya, vivāhasadisaṃkare.</p>\r\n<p class="hangnum"><a name="para157"></a><span class="paranum">157</span>.</p>\r\n<p class="gatha1"> Sāmāmigakkhīsukesī, tanumajjhimadantavā;</p>\r\n<p class="gatha2">Dassanīyāmukhavaṇṇā, gambhīranābhivācakā;</p>\r\n<p class="gathalast">Susīlāvāyamatica, hīnakulaṃpivāhaye.</p>\r\n<p class="hangnum"><a name="para158"></a><span class="paranum">158</span>.</p>\r\n<p class="gatha1"> </p>','\r',char(13)),'\n',char(10)),'-157-158-');
INSERT INTO pages (bookid, page, content, paranum) VALUES('annya_niti_gantha_sangaho_e1003n',56,replace(replace('<p class="gatha1">Suttomātāvabhojesi<a name="M0.0056"></a>, bharaṇesucadhātiyo;</p>\r\n<p class="gathalast">Kammesusakapanti ca, katakammesudhātinaṃ.</p>\r\n<p class="hangnum"><a name="para159"></a><span class="paranum">159</span>.</p>\r\n<p class="gatha1"> Dhammesupatiṭṭhāniccaṃ, sayanesucavaṇṇibhā;</p>\r\n<p class="gathalast">Kulesubhātaraṃvācī, yānārīseṭṭhasammatā.</p>\r\n<p class="hangnum"><a name="para160"></a><span class="paranum">160</span>.</p>\r\n<p class="gatha1"> </p>','\r',char(13)),'\n',char(10)),'-159-160-');
INSERT INTO pages (bookid, page, content, paranum) VALUES('annya_niti_gantha_sangaho_e1003n',57,replace(replace('<p class="gatha1">Yonaṃbharatisabbadā<a name="M0.0057"></a>, niccaṃātāpiussuko;</p>\r\n<p class="gathalast">Sabbakāmaharaṃposaṃ, bhattāraṃnātimaññati.</p>\r\n<p class="hangnum"><a name="para161"></a><span class="paranum">161</span>.</p>\r\n<p class="gatha1"> Nacāpisvatthibhattāraṃ, icchācārenarosaye;</p>\r\n<p class="gathalast">Bhattucagarunosabbe, patipūjetipaṇḍitā.</p>\r\n<p class="hangnum"><a name="para162"></a><span class="paranum">162</span>.</p>\r\n<p class="gatha1"> Uṭṭhāhikāanalassā, saṅgāhikāparijane;</p>\r\n<p class="gathalast">Bhattumanāpaṃcarati, sambhatamanurakkhati.</p>\r\n<p class="hangnum"><a name="para163"></a><span class="paranum">163</span>.</p>\r\n<p class="gatha1"> Evaṃvattatiyānārī, bhattuchandavasānugā;</p>\r\n<p class="gathalast">Manāpānāmatedevā, yatthasāupapajjati.</p>\r\n<p class="hangnum"><a name="para164"></a><span class="paranum">164</span>.</p>\r\n<p class="gatha1"> </p>','\r',char(13)),'\n',char(10)),'-161-162-163-164-');
INSERT INTO pages (bookid, page, content, paranum) VALUES('annya_niti_gantha_sangaho_e1003n',58,replace(replace('<p class="gatha1">Itthiyekacciyovāpi<a name="M0.0058"></a>, seyyāvuttāvamuninā;</p>\r\n<p class="gathalast">Bhaṇḍānaṃuttamāitthī, aggupaṭṭhāyikātipi.</p>\r\n<p class="hangnum"><a name="para165"></a><span class="paranum">165</span>.</p>\r\n<p class="gatha1"> Mātarādhītarāvāpi, bhaginiyāvicakkhaṇo;</p>\r\n<p class="gathalast">Navivittāsanemante, nārīmāyāvinīnanu.</p>\r\n<p class="hangnum"><a name="para166"></a><span class="paranum">166</span>.</p>\r\n<p class="gatha1"> Vijjutānañcalolattaṃ, satthānañcātitikkhaṇaṃ;</p>\r\n<p class="gathalast">Siṅghataṃvāyutejānaṃ, anukubbantināriyo.</p>\r\n<p class="hangnum"><a name="para167"></a><span class="paranum">167</span>.</p>\r\n<p class="gatha1"> </p>','\r',char(13)),'\n',char(10)),'-165-166-167-');
INSERT INTO pages (bookid, page, content, paranum) VALUES('annya_niti_gantha_sangaho_e1003n',59,replace(replace('<p class="gatha1">Diguṇothīnamāhāro<a name="M0.0059"></a>,</p>\r\n<p class="gatha2">Buddhicāpicatugguṇo;</p>\r\n<p class="gatha3">Chaguṇohotivāyāmo,</p>\r\n<p class="gathalast">Kāmotvaṭṭhaguṇobhave.</p>\r\n<p class="hangnum"><a name="para168"></a><span class="paranum">168</span>.</p>\r\n<p class="gatha1"> Ekamekāyaitthiyā, aṭṭhaaṭṭhapatinosiyuṃ;</p>\r\n<p class="gatha2">Sūrocapalavantoca, sabbakāmarasāharā;</p>\r\n<p class="gathalast">Kareyyanavamechandaṃ, unnattāhinapūrati.</p>\r\n<p class="hangnum"><a name="para169"></a><span class="paranum">169</span>.</p>\r\n<p class="gatha1"> </p>','\r',char(13)),'\n',char(10)),'-168-169-');
INSERT INTO pages (bookid, page, content, paranum) VALUES('annya_niti_gantha_sangaho_e1003n',60,replace(replace('<p class="gatha1">Vivādasīlīussuyā<a name="M0.0060"></a>, passantataṇhikāgatā;</p>\r\n<p class="gathalast">Amitābhuñjanāniddā, sataṃputtaṃpitaṃjahe.</p>\r\n<p class="hangnum"><a name="para170"></a><span class="paranum">170</span>.</p>\r\n<p class="gatha1"> Lapantīsaddhimaññena, passantaññaṃsavibbhamā;</p>\r\n<p class="gathalast">Cittakaṃcintayantaññaṃ, nārīnaṃnāmakopiyo.</p>\r\n<p class="hangnum"><a name="para171"></a><span class="paranum">171</span>.</p>\r\n<p class="gatha1"> Gaṇheyyavātaṃjālena, sāgaramekapāṇinā;</p>\r\n<p class="gatha2">Osiñceyyacatāḷena, sakenajanayeravaṃ;</p>\r\n<p class="gathalast">Pamādāsuvisajjeyya, itthiyesāvadhammatā.</p>\r\n<p class="hangnum"><a name="para172"></a><span class="paranum">172</span>.</p>\r\n<p class="gatha1"> </p>','\r',char(13)),'\n',char(10)),'-170-171-172-');
INSERT INTO pages (bookid, page, content, paranum) VALUES('annya_niti_gantha_sangaho_e1003n',61,replace(replace('<p class="gatha1">Jivhāsahassikoyohi<a name="M0.0061"></a>, jīvevassasataṃnaro;</p>\r\n<p class="gathalast">Tenanikammunāvutto, thidosokiṃkhayaṃgato.</p>\r\n<p class="hangnum"><a name="para173"></a><span class="paranum">173</span>.</p>\r\n<p class="gatha1"> </p>','\r',char(13)),'\n',char(10)),'-173-');
INSERT INTO pages (bookid, page, content, paranum) VALUES('annya_niti_gantha_sangaho_e1003n',62,replace(replace('<p class="gatha1">Pañcaṭhānānisampassaṃ<a name="M0.0062"></a>, puttamicchantipaṇḍitā;</p>\r\n<p class="gathalast">Bhatovānobharissati, kiccaṃvānokarissati.</p>\r\n<p class="hangnum"><a name="para174"></a><span class="paranum">174</span>.</p>\r\n<p class="gatha1"> Kulavaṃsociraṃtiṭṭhe, dāyajjaṃpatipajjati;</p>\r\n<p class="gathalast">Athavāpanapetānaṃ, dakkhiṇānupadassati.</p>\r\n<p class="hangnum"><a name="para175"></a><span class="paranum">175</span>.</p>\r\n<p class="gatha1"> Atijātamanujātaṃ, puttamicchantipaṇḍitā;</p>\r\n<p class="gathalast">Avajātaṃnaicchanti, yohotikulachinnako.</p>\r\n<p class="hangnum"><a name="para176"></a><span class="paranum">176</span>.</p>\r\n<p class="gatha1"> Ekūdarasamuppannā, nabhavantisamassamā;</p>\r\n<p class="gathalast">Nānāvaṇṇānānācarā, yathābadarakaṇḍakā.</p>\r\n<p class="hangnum"><a name="para177"></a><span class="paranum">177</span>.</p>\r\n<p class="gatha1"> </p>','\r',char(13)),'\n',char(10)),'-174-175-176-177-');
INSERT INTO pages (bookid, page, content, paranum) VALUES('annya_niti_gantha_sangaho_e1003n',63,replace(replace('<p class="gatha1">Adammebahavodose<a name="M0.0063"></a>, dammetubahavoguṇe;</p>\r\n<p class="gathalast">Tasmāputtañcasissañca, dammakālevadammaye.</p>\r\n<p class="hangnum"><a name="para178"></a><span class="paranum">178</span>.</p>\r\n<p class="gatha1"> Ovādeyyānusāseyya,</p>\r\n<p class="gatha2">Asappāyānivāraye;</p>\r\n<p class="gatha3">Dantohiyopiyohoti,</p>\r\n<p class="gathalast">Adantohotiappiyo.</p>\r\n<p class="hangnum"><a name="para179"></a><span class="paranum">179</span>.</p>\r\n<p class="gatha1"> Puttaṃvābhātaraṃduṭṭhaṃ, anusāseyyanojahe;</p>\r\n<p class="gathalast">Kiṃnuchejjaṃhatthapādaṃ, littaasucināsiyā.</p>\r\n<p class="hangnum"><a name="para180"></a><span class="paranum">180</span>.</p>\r\n<p class="gatha1"> </p>','\r',char(13)),'\n',char(10)),'-178-179-180-');
INSERT INTO pages (bookid, page, content, paranum) VALUES('annya_niti_gantha_sangaho_e1003n',64,replace(replace('<p class="gatha1">Antojātodhanakkito<a name="M0.0064"></a>, dāsabyopagatosayaṃ;</p>\r\n<p class="gathalast">Dāsākaramarānito, iccevaṃcatudhāsiyuṃ.</p>\r\n<p class="hangnum"><a name="para181"></a><span class="paranum">181</span>.</p>\r\n<p class="gatha1"> Dāsāpañcevacorayya, sakhañātattasadisā;</p>\r\n<p class="gathalast">Tathāviññūhiviññeyya, mittādārācabandhavā.</p>\r\n<p class="hangnum"><a name="para182"></a><span class="paranum">182</span>.</p>\r\n<p class="gatha1"> </p>','\r',char(13)),'\n',char(10)),'-181-182-');
INSERT INTO pages (bookid, page, content, paranum) VALUES('annya_niti_gantha_sangaho_e1003n',65,replace(replace('<p class="gatha1">Duṭṭhadārenaamityā<a name="M0.0065"></a>, dāsocuttaravācako;</p>\r\n<p class="gathalast">Sasappecagharevāso, maccumevanasaṃsayo.</p>\r\n<p class="hangnum"><a name="para183"></a><span class="paranum">183</span>.</p>\r\n<p class="gatha1"> Yasaṃlābhaṃpatthayantaṃ, naraṃvajjantidūrato;</p>\r\n<p class="gathalast">Tasmāanapekkhitvāna, taṃmaggaṃmaggayebudho.</p>\r\n<p class="hangnum"><a name="para184"></a><span class="paranum">184</span>.</p>\r\n<p class="gatha1"> </p>','\r',char(13)),'\n',char(10)),'-183-184-');
INSERT INTO pages (bookid, page, content, paranum) VALUES('annya_niti_gantha_sangaho_e1003n',66,replace(replace('<p class="gatha1">Khalaṃsālaṃpasuṃkhettaṃ<a name="M0.0066"></a>, gantācassaabhikkhaṇaṃ;</p>\r\n<p class="gathalast">Mitaṃdhaññaṃnidhāpeyya, mitañcapācayeghare.</p>\r\n<p class="hangnum"><a name="para185"></a><span class="paranum">185</span>.</p>\r\n<p class="gatha1"> Añjanānaṃkhayaṃdisvā, vammikānañcasañcayaṃ;</p>\r\n<p class="gathalast">Madhūnañcasamāhāraṃ, paṇḍitogharamāvase.</p>\r\n<p class="hangnum"><a name="para186"></a><span class="paranum">186</span>.</p>\r\n<p class="gatha1"> Sayaṃāyaṃvayaṃjaññā, sayaṃjaññākatākataṃ;</p>\r\n<p class="gathalast">Niggaṇheniggaṇhārahaṃ, paggaṇhepaggaṇhārahaṃ.</p>\r\n<p class="hangnum"><a name="para187"></a><span class="paranum">187</span>.</p>\r\n<p class="gatha1"> </p>','\r',char(13)),'\n',char(10)),'-185-186-187-');
INSERT INTO pages (bookid, page, content, paranum) VALUES('annya_niti_gantha_sangaho_e1003n',67,replace(replace('<p class="gatha1">Ekayāmonarādhippo<a name="M0.0067"></a>,</p>\r\n<p class="gatha2">Dviyāmopaṇḍitonaro;</p>\r\n<p class="gatha3">Tayoyāmogharāvāsoca,</p>\r\n<p class="gathalast">Catuyāmocaduggato.</p>\r\n<p class="hangnum"><a name="para188"></a><span class="paranum">188</span>.</p>\r\n<p class="gatha1"> Yocabandhuhiteyutto,</p>\r\n<p class="gatha2">Sopitāyocaposako;</p>\r\n<p class="gatha3">Taṃmittaṃyatthavisāso,</p>\r\n<p class="gathalast">Bhariyāyatthanibbuti.</p>\r\n<p class="hangnum"><a name="para189"></a><span class="paranum">189</span>.</p>\r\n<p class="gatha1"> Saddhāpemesusantesu, nagaṇemāsakaṃsataṃ;</p>\r\n<p class="gathalast">Saddhāpemeasantesu, māsakaṃpisataṃgaṇe.</p>\r\n<p class="hangnum"><a name="para190"></a><span class="paranum">190</span>.</p>\r\n<p class="gatha1"> </p>','\r',char(13)),'\n',char(10)),'-188-189-190-');
INSERT INTO pages (bookid, page, content, paranum) VALUES('annya_niti_gantha_sangaho_e1003n',68,replace(replace('<p class="gatha1">Yācakoapiyohoti<a name="M0.0068"></a>, yācaṃadadamappiyaṃ;</p>\r\n<p class="gathalast">Tasmāseṭṭhanaroloke, dhanaṃsippaṃpariggahe.</p>\r\n<p class="hangnum"><a name="para191"></a><span class="paranum">191</span>.</p>\r\n<p class="gatha1"> Sabbadāpidhanaṃrakkhe, dāraṃrakkhedhanaṃpica;</p>\r\n<p class="gathalast">Dāraṃdhanañcaattānaṃ, rakkhāyevasadābhave.</p>\r\n<p class="hangnum"><a name="para192"></a><span class="paranum">192</span>.</p>\r\n<p class="gatha1"> Nasādhāraṇadārassa, nabhuñjesādumekako;</p>\r\n<p class="gathalast">Nasevelokāyatikaṃ, netaṃpaññāyavaḍḍhanaṃ.</p>\r\n<p class="hangnum"><a name="para193"></a><span class="paranum">193</span>.</p>\r\n<p class="gatha1"> </p>','\r',char(13)),'\n',char(10)),'-191-192-193-');
INSERT INTO pages (bookid, page, content, paranum) VALUES('annya_niti_gantha_sangaho_e1003n',69,replace(replace('<p class="gatha1">Sīlavāvattasampanno<a name="M0.0069"></a>, appamattovicakkhaṇo;</p>\r\n<p class="gathalast">Nivātavuttiathaddho, sūratosakhilomudu.</p>\r\n<p class="hangnum"><a name="para194"></a><span class="paranum">194</span>.</p>\r\n<p class="gatha1"> Saṅgahetāvamittānaṃ, saṃvibhāgīvijānavā;</p>\r\n<p class="gathalast">Tappeyyaannapānena, sadāsamaṇabrahmaṇā.</p>\r\n<p class="hangnum"><a name="para195"></a><span class="paranum">195</span>.</p>\r\n<p class="gatha1"> Dhammakāmosutaddharo, bhaveyyaparipucchāko;</p>\r\n<p class="gathalast">Sakkaccaṃpayirūpāse, sīlavantebahussute.</p>\r\n<p class="hangnum"><a name="para196"></a><span class="paranum">196</span>.</p>\r\n<p class="gatha1"> </p>','\r',char(13)),'\n',char(10)),'-194-195-196-');
INSERT INTO pages (bookid, page, content, paranum) VALUES('annya_niti_gantha_sangaho_e1003n',70,replace(replace('<p class="gatha1">Pubbasirosimedhāvī<a name="M0.0070"></a>, dīghāyudakkhiṇaṃsiro;</p>\r\n<p class="gathalast">Pacchimocittasantosi, maraṇaṃuttarobhave.</p>\r\n<p class="hangnum"><a name="para197"></a><span class="paranum">197</span>.</p>\r\n<p class="gatha1"> Āyumāpācinaṃmūkhaṃ, dhanavādakkhiṇaṃbhave;</p>\r\n<p class="gathalast">Pacchimaṃyasasībhuñje, nobhuñjeuttaraṃmukhaṃ;</p>\r\n<p class="hangnum"><a name="para198"></a><span class="paranum">198</span>.</p>\r\n<p class="gatha1"> Bhutvānisīdanaṃthūlaṃ, tiṭṭhantobalavaḍḍhano;</p>\r\n<p class="gathalast">Āyumācaṅkamosiyā, dhāvantorogavajjito.</p>\r\n<p class="hangnum"><a name="para199"></a><span class="paranum">199</span>.</p>\r\n<p class="gatha1"> </p>','\r',char(13)),'\n',char(10)),'-197-198-199-');
INSERT INTO pages (bookid, page, content, paranum) VALUES('annya_niti_gantha_sangaho_e1003n',71,replace(replace('<p class="gatha1">Yocasitañcauṇhañca<a name="M0.0071"></a>, tiṇābhiyyonamaññati;</p>\r\n<p class="gathalast">Karaṃpurisakiccāni, sosukhānavihāyati.</p>\r\n<p class="hangnum"><a name="para200"></a><span class="paranum">200</span>.</p>\r\n<p class="gatha1"> Visamhāmatamādeyya, asuddhamhāpikañcanaṃ;</p>\r\n<p class="gathalast">Nīcamhāpyuttamovijjaṃ, ratanathiṃpidukkulā.</p>\r\n<p class="hangnum"><a name="para201"></a><span class="paranum">201</span>.</p>\r\n<p class="gatha1"> Guyhamatthamasambuddhaṃ, sambodhayatiyonaro;</p>\r\n<p class="gathalast">Mantabhedabhayātassa, dāsabhūtotitikkhati.</p>\r\n<p class="hangnum"><a name="para202"></a><span class="paranum">202</span>.</p>\r\n<p class="gatha1"> Aññātavāsavasatā, jātavedasamenapi;</p>\r\n<p class="gathalast">Khamitabbaṃsapaññena, apidāsassatajjitaṃ.</p>\r\n<p class="hangnum"><a name="para203"></a><span class="paranum">203</span>.</p>\r\n<p class="gatha1"> </p>','\r',char(13)),'\n',char(10)),'-200-201-202-203-');
INSERT INTO pages (bookid, page, content, paranum) VALUES('annya_niti_gantha_sangaho_e1003n',72,replace(replace('<p class="gatha1">Dhanadhaññapayogesu<a name="M0.0072"></a>, tathāvijjāgamesuca;</p>\r\n<p class="gathalast">Dūtecabyāhāresu, cattolajjaṃsadābhave.</p>\r\n<p class="hangnum"><a name="para204"></a><span class="paranum">204</span>.</p>\r\n<p class="gatha1"> Nahikocikatekicce, kattāraṃsamapekkhate;</p>\r\n<p class="gathalast">Tasmāsabbānikammāni, sāvasesānikāraye.</p>\r\n<p class="hangnum"><a name="para205"></a><span class="paranum">205</span>.</p>\r\n<p class="gatha1"> Upakāraṃhiteneva, sattunāsattumuddhare;</p>\r\n<p class="gathalast">Pādalaggaṃkaraṭṭhena, kaṇḍakenevakaṇḍakaṃ.</p>\r\n<p class="hangnum"><a name="para206"></a><span class="paranum">206</span>.</p>\r\n<p class="gatha1"> </p>','\r',char(13)),'\n',char(10)),'-204-205-206-');
INSERT INTO pages (bookid, page, content, paranum) VALUES('annya_niti_gantha_sangaho_e1003n',73,replace(replace('<p class="gatha1">Namenamantassabhajebhajantaṃ<a name="M0.0073"></a>,</p>\r\n<p class="gatha2">Kiccānikubbassakareyyakiccaṃ;</p>\r\n<p class="gatha3">Nānatthakāmassakareyyaatthaṃ,</p>\r\n<p class="gathalast">Asambhajantaṃpinasambhajeyya.</p>\r\n<p class="hangnum"><a name="para207"></a><span class="paranum">207</span>.</p>\r\n<p class="gatha1"> Vajecajantisinehākiriyā,</p>\r\n<p class="gatha2">Apemacittena nasambhajeyya;</p>\r\n<p class="gatha3">Dijovadumaṃkhiṇaphalaṃñatvā,</p>\r\n<p class="gathalast">Aññaṃapekkheyyamahāhiloko.</p>\r\n<p class="hangnum"><a name="para208"></a><span class="paranum">208</span>.</p>\r\n<p class="gatha1"> Cajeekaṃkulassatthaṃ, gāmassatthaṃkulaṃcaje,</p>\r\n<p class="gathalast">Gāmaṃjanapadassatthaṃ, attatthaṃpathaviṃcaje.</p>\r\n<p class="hangnum"><a name="para209"></a><span class="paranum">209</span>.</p>\r\n<p class="gatha1"> </p>','\r',char(13)),'\n',char(10)),'-207-208-209-');
INSERT INTO pages (bookid, page, content, paranum) VALUES('annya_niti_gantha_sangaho_e1003n',74,replace(replace('<p class="gatha1">Dhanaṃcajeaṅgaṃvarassahetu<a name="M0.0074"></a>,</p>\r\n<p class="gatha2">Aṅgaṃcajejīvitaṃrakkhamāno;</p>\r\n<p class="gatha3">Dhanaṃaṅgaṃjīvitañcāpisabbaṃ,</p>\r\n<p class="gathalast">Cajenarodhammamanussaranto.</p>\r\n<p class="hangnum"><a name="para210"></a><span class="paranum">210</span>.</p>\r\n<p class="gatha1"> Ahāgacchantihāyantā, sattānamihajīvitaṃ;</p>\r\n<p class="gathalast">Tasmāhimāpamattataṃ, gacchantujinasāsane.</p>\r\n<p class="hangnum"><a name="para211"></a><span class="paranum">211</span>.</p>\r\n<p class="gatha1"> </p>','\r',char(13)),'\n',char(10)),'-210-211-');
INSERT INTO pages (bookid, page, content, paranum) VALUES('annya_niti_gantha_sangaho_e1003n',75,replace(replace('<p class="gatha1">Etesiyyosamāyanti<a name="M0.0075"></a>, santitesaṃnajīrati;</p>\r\n<p class="gathalast">Yoadhippannaṃsahati, yocajānātidesanaṃ.</p>\r\n<p class="hangnum"><a name="para212"></a><span class="paranum">212</span>.</p>\r\n<p class="gatha1"> Aggiāpoitthīmuḷho, sapporājakulānica;</p>\r\n<p class="gathalast">Payatanovagantabbo, maccupāṇaharāniti.</p>\r\n<p class="hangnum"><a name="para213"></a><span class="paranum">213</span>.</p>\r\n<p class="gatha1"> Satthaṃsunicchitamapītivicintanīyaṃ,</p>\r\n<p class="gatha2">Sārādhitopyavanipoparisaṅkanīyo;</p>\r\n<p class="gatha3">Hatthaṅgatāpiyuvatīparirakkhanīyā,</p>\r\n<p class="gathalast">Satthāvanīpayuvatīsukutovasītaṃ.</p>\r\n<p class="hangnum"><a name="para214"></a><span class="paranum">214</span>.</p>\r\n<p class="gatha1"> </p>','\r',char(13)),'\n',char(10)),'-212-213-214-');
INSERT INTO pages (bookid, page, content, paranum) VALUES('annya_niti_gantha_sangaho_e1003n',76,replace(replace('<p class="gatha1">Ussāhoripuvamittaṃ<a name="M0.0076"></a>, alasomittaṃvaripu,</p>\r\n<p class="gathalast">Visaṃviyāmataṃvijjā, pamādoamataṃvisaṃ.</p>\r\n<p class="hangnum"><a name="para215"></a><span class="paranum">215</span>.</p>\r\n<p class="gatha1"> Vaheamittaṃkhandhena, yāvakāleanāgate;</p>\r\n<p class="gathalast">Tamevaāgatekāle, bhindekumbhaṃvasilāyaṃ.</p>\r\n<p class="hangnum"><a name="para216"></a><span class="paranum">216</span>.</p>\r\n<p class="gatha1"> </p>','\r',char(13)),'\n',char(10)),'-215-216-');
INSERT INTO pages (bookid, page, content, paranum) VALUES('annya_niti_gantha_sangaho_e1003n',77,replace(replace('<p class="gatha1">Siṅgiṃpaññāsahatthena<a name="M0.0077"></a>, satenavāhanaṃcaje;</p>\r\n<p class="gathalast">Hatthīnantusahassena, desacajjenadujjanaṃ.</p>\r\n<p class="hangnum"><a name="para217"></a><span class="paranum">217</span>.</p>\r\n<p class="gatha1"> Paccakkhegaravosaṃse, parokkhemittabandhave;</p>\r\n<p class="gathalast">Kammantecadāsabhacce, puttadāresaṃsemate.</p>\r\n<p class="hangnum"><a name="para218"></a><span class="paranum">218</span>.</p>\r\n<p class="gatha1"> Sinesippaṃsinedhanaṃ, sinepabbatamāruhe;</p>\r\n<p class="gathalast">Sinekāmocakodhoca, imepañcasinesine.</p>\r\n<p class="hangnum"><a name="para219"></a><span class="paranum">219</span>.</p>\r\n<p class="gatha1"> </p>','\r',char(13)),'\n',char(10)),'-217-218-219-');
INSERT INTO pages (bookid, page, content, paranum) VALUES('annya_niti_gantha_sangaho_e1003n',78,replace(replace('<p class="gatha1">Sataṃcakkhusataṃkaṇṇā<a name="M0.0078"></a>, nāyakassasutosadā;</p>\r\n<p class="gathalast">Tathāpiandhabadhiro, esānāyakadhammatā.</p>\r\n<p class="hangnum"><a name="para220"></a><span class="paranum">220</span>.</p>\r\n<p class="gatha1"> Bahūnaṃappasārānaṃ, sāmaggiyātidujjayo;</p>\r\n<p class="gathalast">Tiṇenavaṭṭaterajju, tenanāgopibandhate.</p>\r\n<p class="hangnum"><a name="para221"></a><span class="paranum">221</span>.</p>\r\n<p class="gatha1"> Uppajjatesacekodho, āvajjekakacūpamaṃ;</p>\r\n<p class="gathalast">Uppajjaterasetaṇhā, puttamaṃsūpamaṃsare.</p>\r\n<p class="hangnum"><a name="para222"></a><span class="paranum">222</span>.</p>\r\n<p class="gatha1"> Dānaṃsinehabhesajjaṃ, maccheraṃdosanosadhaṃ;</p>\r\n<p class="gathalast">Dānaṃyasassibhesajjaṃ, maccheraṃkappanosadhaṃ.</p>\r\n<p class="hangnum"><a name="para223"></a><span class="paranum">223</span>.</p>\r\n<p class="gatha1"> </p>','\r',char(13)),'\n',char(10)),'-220-221-222-223-');
INSERT INTO pages (bookid, page, content, paranum) VALUES('annya_niti_gantha_sangaho_e1003n',79,replace(replace('<p class="gatha1">Dhanamicchevaṇijjeyya<a name="M0.0079"></a>, sippamicchebahussute;</p>\r\n<p class="gathalast">Puttamicchenārikaññe, rājāmaccaṃicchāgate.</p>\r\n<p class="hangnum"><a name="para224"></a><span class="paranum">224</span>.</p>\r\n<p class="gatha1"> Mahantaṃvaṭṭarukkhādiṃ, khuddabījaṃbahupphalaṃ;</p>\r\n<p class="gathalast">Sakkhiṃkatvāudikkheyya, puññapāpaṃkaronaro.</p>\r\n<p class="hangnum"><a name="para225"></a><span class="paranum">225</span>.</p>\r\n<p class="gatha1"> Garukātabbaposesu, nīcavuttiṃkarotiyo;</p>\r\n<p class="gathalast">Nīcattaṃsopahantvāna, uttamatthepatiṭṭhati.</p>\r\n<p class="hangnum"><a name="para226"></a><span class="paranum">226</span>.</p>\r\n<p class="gatha1"> </p>','\r',char(13)),'\n',char(10)),'-224-225-226-');
INSERT INTO pages (bookid, page, content, paranum) VALUES('annya_niti_gantha_sangaho_e1003n',80,replace(replace('<p class="gatha1">Uttamaṃpaṇipātena<a name="M0.0080"></a>, sūraṃbhedenavijaye;</p>\r\n<p class="gathalast">Hīnamappapadānena, vikkamenasamaṃjaye.</p>\r\n<p class="hangnum"><a name="para227"></a><span class="paranum">227</span>.</p>\r\n<p class="gatha1"> Nattadosaṃparejaññā, jaññādosaṃparassatu;</p>\r\n<p class="gathalast">Kummoguyhāivaṅgāni, parabhāvañcalakkhaye.</p>\r\n<p class="hangnum"><a name="para228"></a><span class="paranum">228</span>.</p>\r\n<p class="gatha1"> </p>','\r',char(13)),'\n',char(10)),'-227-228-');
INSERT INTO pages (bookid, page, content, paranum) VALUES('annya_niti_gantha_sangaho_e1003n',81,replace(replace('<p class="gatha1">Ussūraseyyaṃālasyaṃ<a name="M0.0081"></a>, caṇḍikkaṃdīghasuttiyaṃ;</p>\r\n<p class="gatha2">Ekassaddhānagamanaṃ, paradārupasevanaṃ;</p>\r\n<p class="gathalast">Etaṃbrahmaṇassevassu, anatthāyabhavissati.</p>\r\n<p class="hangnum"><a name="para229"></a><span class="paranum">229</span>.</p>\r\n<p class="gatha1"> Surāyogovikāloca, samajjānagharaṅgato;</p>\r\n<p class="gatha2">Khiḍḍadhuttopāpamitto, alasosoimejanā;</p>\r\n<p class="gathalast">Mahābhogāvinassanti, hīnabhāvassidaṃphalaṃ.</p>\r\n<p class="hangnum"><a name="para230"></a><span class="paranum">230</span>.</p>\r\n<p class="gatha1"> Atisītaṃatiuṇhaṃ, atisāyamidaṃahu;</p>\r\n<p class="gathalast">Itivissaṭṭhakammante, khaṇāaccantimāṇave.</p>\r\n<p class="hangnum"><a name="para231"></a><span class="paranum">231</span>.</p>\r\n<p class="gatha1"> </p>','\r',char(13)),'\n',char(10)),'-229-230-231-');
INSERT INTO pages (bookid, page, content, paranum) VALUES('annya_niti_gantha_sangaho_e1003n',82,replace(replace('<p class="gatha1">Paranāsanatonaṭṭho<a name="M0.0082"></a>, purevaparanāsako;</p>\r\n<p class="gathalast">Siṅghaṃvaānasaṃyāti, tiṇopāsādajhāpako.</p>\r\n<p class="hangnum"><a name="para232"></a><span class="paranum">232</span>.</p>\r\n<p class="gatha1"> Navisāseamittassa, mittañcāpinavisāse;</p>\r\n<p class="gathalast">Kadācikuppitomitto, sabbadosapakāsako.</p>\r\n<p class="hangnum"><a name="para233"></a><span class="paranum">233</span>.</p>\r\n<p class="gatha1"> Kudesañcakumittañca, kusambandhaṃkubandhavaṃ;</p>\r\n<p class="gathalast">Kudārañcakurājānaṃ, dūratoparivajjaye.</p>\r\n<p class="hangnum"><a name="para234"></a><span class="paranum">234</span>.</p>\r\n<p class="gatha1"> </p>','\r',char(13)),'\n',char(10)),'-232-233-234-');
INSERT INTO pages (bookid, page, content, paranum) VALUES('annya_niti_gantha_sangaho_e1003n',83,replace(replace('<p class="gatha1">Kakkaṭoasīsoyāti<a name="M0.0083"></a>, sabbāpadovagacchati;</p>\r\n<p class="gathalast">Athanīkukkuṭīputtā, purisenāvamaññare.</p>\r\n<p class="hangnum"><a name="para235"></a><span class="paranum">235</span>.</p>\r\n<p class="gatha1"> Hīnaputtorājāmacco, bālaputtopipaṇḍito;</p>\r\n<p class="gathalast">Adhanassaputtoseṭṭhi, purisenāvamaññare.</p>\r\n<p class="hangnum"><a name="para236"></a><span class="paranum">236</span>.</p>\r\n<p class="gatha1"> Yenamicchatisambandhaṃ, tenatīṇinakāraye;</p>\r\n<p class="gathalast">Vivādamatthasambandhaṃ, parokkhedāradassanaṃ.</p>\r\n<p class="hangnum"><a name="para237"></a><span class="paranum">237</span>.</p>\r\n<p class="gatha1"> </p>','\r',char(13)),'\n',char(10)),'-235-236-237-');
INSERT INTO pages (bookid, page, content, paranum) VALUES('annya_niti_gantha_sangaho_e1003n',84,replace(replace('<p class="gatha1">Iṇasesoaggiseso<a name="M0.0084"></a>,</p>\r\n<p class="gatha2">Satrusesotathevaca;</p>\r\n<p class="gatha3">Punappunampivaḍḍhanti,</p>\r\n<p class="gathalast">Tasmāsesaṃnakāraye.</p>\r\n<p class="hangnum"><a name="para238"></a><span class="paranum">238</span>.</p>\r\n<p class="gatha1"> Kulajātokulaputto, kulavaṃsasurakkhito;</p>\r\n<p class="gathalast">Attanādukkhapattopi, hīnakammaṃnakāraye.</p>\r\n<p class="hangnum"><a name="para239"></a><span class="paranum">239</span>.</p>\r\n<p class="gatha1"> Samiddhodhanadhaññena, nakaṭṭhodatiṇaggihi;</p>\r\n<p class="gathalast">Sabbatoduggatonaṭṭho, tasmānadukkaṭaṃkare.</p>\r\n<p class="hangnum"><a name="para240"></a><span class="paranum">240</span>.</p>\r\n<p class="gatha1"> </p>','\r',char(13)),'\n',char(10)),'-238-239-240-');
INSERT INTO pages (bookid, page, content, paranum) VALUES('annya_niti_gantha_sangaho_e1003n',85,replace(replace('<p class="gatha1">Nagaṇassaggathogacche<a name="M0.0085"></a>, siddhekammesamaṃphalaṃ;</p>\r\n<p class="gathalast">Kammavippatticehoti, pharusaṃtassabhāsaye.</p>\r\n<p class="hangnum"><a name="para241"></a><span class="paranum">241</span>.</p>\r\n<p class="gatha1"> Bālakkopetadhūmoca, vuḍḍhitthipallalodakaṃ;</p>\r\n<p class="gathalast">Āyukkhayakaraṃniccaṃ, rattocadadhibhojanaṃ.</p>\r\n<p class="hangnum"><a name="para242"></a><span class="paranum">242</span>.</p>\r\n<p class="gatha1"> Itthīnaṃdujjanānañca, visāsonopapajjate;</p>\r\n<p class="gathalast">Visesigimhinadiyaṃ, rogerājakulamhica.</p>\r\n<p class="hangnum"><a name="para243"></a><span class="paranum">243</span>.</p>\r\n<p class="gatha1"> </p>','\r',char(13)),'\n',char(10)),'-241-242-243-');
INSERT INTO pages (bookid, page, content, paranum) VALUES('annya_niti_gantha_sangaho_e1003n',86,replace(replace('<p class="gatha1">Ayuttakammārabhanaṃvirodho<a name="M0.0086"></a>,</p>\r\n<p class="gatha2">Saṅghassayuddhañcamahābalehi;</p>\r\n<p class="gatha3">Visāsakammaṃpamadāsuniccaṃ,</p>\r\n<p class="gathalast">Dvārānimaccussavadantividvā.</p>\r\n<p class="hangnum"><a name="para244"></a><span class="paranum">244</span>.</p>\r\n<p class="gatha1"> Thiyoseveyyanaccantaṃ, sādubhuñjeyyanāhitaṃ;</p>\r\n<p class="gathalast">Pūjayemānayevuḍḍhe, garuṃmāyāyanobhaje.</p>\r\n<p class="hangnum"><a name="para245"></a><span class="paranum">245</span>.</p>\r\n<p class="gatha1"> Vināsatthaṃnagaccheyya, sūrosaṅgāmabhūmiyaṃ;</p>\r\n<p class="gathalast">Paṇḍitvaddhagūvāṇijjo, videsagamanotathā.</p>\r\n<p class="hangnum"><a name="para246"></a><span class="paranum">246</span>.</p>\r\n<p class="gatha1"> </p>','\r',char(13)),'\n',char(10)),'-244-245-246-');
INSERT INTO pages (bookid, page, content, paranum) VALUES('annya_niti_gantha_sangaho_e1003n',87,replace(replace('<p class="gatha1">Dehītivacanadvārā<a name="M0.0087"></a>, dehaṭṭhāpañcadevatā;</p>\r\n<p class="gathalast">Sajjaniyyantidhikitti, matihīrisirīpica.</p>\r\n<p class="hangnum"><a name="para247"></a><span class="paranum">247</span>.</p>\r\n<p class="gatha1"> Natthītivacanaṃdukkhaṃ, dehītivacanaṃtathā;</p>\r\n<p class="gathalast">Vākyanatthītidehīti, mābhaveyyabhavābhave.</p>\r\n<p class="hangnum"><a name="para248"></a><span class="paranum">248</span>.</p>\r\n<p class="gatha1"> Yatthavosaṃnajānanti, jātiyāvinayenavā;</p>\r\n<p class="gathalast">Natatthamānaṃkiriyā, janevasamaññātake.</p>\r\n<p class="hangnum"><a name="para249"></a><span class="paranum">249</span>.</p>\r\n<p class="gatha1"> </p>','\r',char(13)),'\n',char(10)),'-247-248-249-');
INSERT INTO pages (bookid, page, content, paranum) VALUES('annya_niti_gantha_sangaho_e1003n',88,replace(replace('<p class="gatha1">Mātāhīnassadubbhāsā<a name="M0.0088"></a>, pitāhīnassadukriyā;</p>\r\n<p class="gathalast">Ubhomātāpitāhīnā, dubbhāsācadukkiriyā.</p>\r\n<p class="hangnum"><a name="para250"></a><span class="paranum">250</span>.</p>\r\n<p class="gatha1"> Mātāseṭṭhassasubhāsā,</p>\r\n<p class="gatha2">Pitāseṭṭhassasukiriyā;</p>\r\n<p class="gatha3">Ubhomātāpitāseṭṭhā,</p>\r\n<p class="gathalast">Subhāsācasukiriyā.</p>\r\n<p class="hangnum"><a name="para251"></a><span class="paranum">251</span>.</p>\r\n<p class="gatha1"> </p>','\r',char(13)),'\n',char(10)),'-250-251-');
INSERT INTO pages (bookid, page, content, paranum) VALUES('annya_niti_gantha_sangaho_e1003n',89,replace(replace('<p class="gatha1">Atidīghomahāmuḷho<a name="M0.0089"></a>, majjhimocavicakkhaṇo;</p>\r\n<p class="gathalast">Vāsudevaṃpurekkhitvā, sabbevāmanakāsaṭhā.</p>\r\n<p class="hangnum"><a name="para252"></a><span class="paranum">252</span>.</p>\r\n<p class="gatha1"> Ācārokulamakkhāti, desamakkhatibhāsitaṃ;</p>\r\n<p class="gathalast">Sambhavopemamakkhāti, dehamakkhātibhojanaṃ.</p>\r\n<p class="hangnum"><a name="para253"></a><span class="paranum">253</span>.</p>\r\n<p class="gatha1"> Jalappamāṇaṃkumudanāḷaṃ,</p>\r\n<p class="gatha2">Kulappamāṇaṃkaraṇakammaṃ;</p>\r\n<p class="gatha3">Paññāpamāṇaṃkathitavākyaṃ,</p>\r\n<p class="gathalast">Bhūmippamāṇaṃbhajjalatiṇaṃ.</p>\r\n<p class="hangnum"><a name="para254"></a><span class="paranum">254</span>.</p>\r\n<p class="gatha1"> </p>','\r',char(13)),'\n',char(10)),'-252-253-254-');
INSERT INTO pages (bookid, page, content, paranum) VALUES('annya_niti_gantha_sangaho_e1003n',90,replace(replace('<p class="gatha1">Javenabhadraṃjānanti<a name="M0.0090"></a>, vahenacabalibaddhaṃ;</p>\r\n<p class="gathalast">Duhenadhenujānanti, bhāsamānenapaṇḍitaṃ.</p>\r\n<p class="hangnum"><a name="para255"></a><span class="paranum">255</span>.</p>\r\n<p class="gatha1"> Jāneyyapesanebhaccaṃ bandhavaṃpibhayāgame,</p>\r\n<p class="gathalast">Byasanecatathāmittaṃ, dārañcavibhavakkhaye.</p>\r\n<p class="hangnum"><a name="para256"></a><span class="paranum">256</span>.</p>\r\n<p class="gatha1"> Vināsatthaṃnajānanti, kālaṃsabbepijotikā;</p>\r\n<p class="gathalast">Kukkuṭāpanajānanti, tatorukkhātatobhvāpā.</p>\r\n<p class="hangnum"><a name="para257"></a><span class="paranum">257</span>.</p>\r\n<p class="gatha1"> </p>','\r',char(13)),'\n',char(10)),'-255-256-257-');
INSERT INTO pages (bookid, page, content, paranum) VALUES('annya_niti_gantha_sangaho_e1003n',91,replace(replace('<p class="gatha1">Pathavībhūsanaṃmeru<a name="M0.0091"></a>, rattiyābhūsanaṃsasī;</p>\r\n<p class="gathalast">Janānaṃbhūsanaṃrājā, senānaṃbhūsanaṃgajo.</p>\r\n<p class="hangnum"><a name="para258"></a><span class="paranum">258</span>.</p>\r\n<p class="gatha1"> Sīlatāsobhaterūpaṃ,</p>\r\n<p class="gatha2">Cāritāsobhatekulaṃ;</p>\r\n<p class="gatha3">Sapupphāsobhateraññaṃ,</p>\r\n<p class="gathalast">Sagajāsobhatebalaṃ.</p>\r\n<p class="hangnum"><a name="para259"></a><span class="paranum">259</span>.</p>\r\n<p class="gatha1"> </p>','\r',char(13)),'\n',char(10)),'-258-259-');
INSERT INTO pages (bookid, page, content, paranum) VALUES('annya_niti_gantha_sangaho_e1003n',92,replace(replace('<p class="gatha1">Kokilānaṃsaddaṃrūpaṃ<a name="M0.0092"></a>, nārīrūpaṃpatibbataṃ;</p>\r\n<p class="gathalast">Vijjārūpaṃarūpānaṃ, khamārūpaṃtapassinaṃ.</p>\r\n<p class="hangnum"><a name="para260"></a><span class="paranum">260</span>.</p>\r\n<p class="gatha1"> Kisāsobhātapassīca,</p>\r\n<p class="gatha2">Thūlāsobhācatuppadā;</p>\r\n<p class="gatha3">Vijjāsobhāmanussāca,</p>\r\n<p class="gathalast">Itthīsobhācasāmikā.</p>\r\n<p class="hangnum"><a name="para261"></a><span class="paranum">261</span>.</p>\r\n<p class="gatha1"> Rattihīnonacandaro, ūmihīnonasāgaro;</p>\r\n<p class="gathalast">Haṃsahīnonasaṃphullo, itthihīnonapuriso.</p>\r\n<p class="hangnum"><a name="para262"></a><span class="paranum">262</span>.</p>\r\n<p class="gatha1"> </p>','\r',char(13)),'\n',char(10)),'-260-261-262-');
INSERT INTO pages (bookid, page, content, paranum) VALUES('annya_niti_gantha_sangaho_e1003n',93,replace(replace('<p class="gatha1">Vatthahīnaṃnalaṅkāraṃ<a name="M0.0093"></a>, patihīnānanārikā;</p>\r\n<p class="gathalast">Sippahīnonapuriso, dhenuhīnaṃnabhojanaṃ.</p>\r\n<p class="hangnum"><a name="para263"></a><span class="paranum">263</span>.</p>\r\n<p class="gatha1"> Dīpakedīpakocando, nārikedīpakopati;</p>\r\n<p class="gathalast">Tilokedīpakodhammo, suputtokuladīpako.</p>\r\n<p class="hangnum"><a name="para264"></a><span class="paranum">264</span>.</p>\r\n<p class="gatha1"> Aputtakaṃgharaṃsuññaṃ, desaṃsuññaṃarājikaṃ;</p>\r\n<p class="gathalast">Apaññassamukhaṃsuññaṃ, sabbasuññaṃdaliddakaṃ.</p>\r\n<p class="hangnum"><a name="para265"></a><span class="paranum">265</span>.</p>\r\n<p class="gatha1"> </p>','\r',char(13)),'\n',char(10)),'-263-264-265-');
INSERT INTO pages (bookid, page, content, paranum) VALUES('annya_niti_gantha_sangaho_e1003n',94,replace(replace('<p class="gatha1">Sotaṃsutenevanakuṇḍalena<a name="M0.0094"></a>,</p>\r\n<p class="gatha2">Dānenapāṇīnatukaṅkaṇena;</p>\r\n<p class="gatha3">Ābhātikāyopurisuttamassa,</p>\r\n<p class="gathalast">Paropakārenanacandanena.</p>\r\n<p class="hangnum"><a name="para266"></a><span class="paranum">266</span>.</p>\r\n<p class="gatha1"> </p>','\r',char(13)),'\n',char(10)),'-266-');
INSERT INTO pages (bookid, page, content, paranum) VALUES('annya_niti_gantha_sangaho_e1003n',95,replace(replace('<p class="gatha1">Dānaṃsīlaṃpariccāgaṃ<a name="M0.0095"></a>, ajjavaṃmaddavaṃtapaṃ;</p>\r\n<p class="gatha2">Akodhaṃavihiṃsañca, khantīcaavirodhanaṃ;</p>\r\n<p class="gathalast">Dasetedhammerājāno, appamattenadhāreyyuṃ.</p>\r\n<p class="hangnum"><a name="para267"></a><span class="paranum">267</span>.</p>\r\n<p class="gatha1"> Dānaṃatthacariyāpiya, vācāattasamaṃpica;</p>\r\n<p class="gathalast">Saṅgahācaturoime, munindenapakāsitā.</p>\r\n<p class="hangnum"><a name="para268"></a><span class="paranum">268</span>.</p>\r\n<p class="gatha1"> Vanemigānalabhanti, matābhayāniddasukhaṃ;</p>\r\n<p class="gatha2">Rājānopinalabhanti, uttarathāmabhītato;</p>\r\n<p class="gathalast">Saṃsārabhayabhitena, naramantiyepaṇḍitā.</p>\r\n<p class="hangnum"><a name="para269"></a><span class="paranum">269</span>.</p>\r\n<p class="gatha1"> </p>','\r',char(13)),'\n',char(10)),'-267-268-269-');
INSERT INTO pages (bookid, page, content, paranum) VALUES('annya_niti_gantha_sangaho_e1003n',96,replace(replace('<p class="gatha1">Khamājāgariyuṭṭhānaṃ<a name="M0.0096"></a>, saṃvibhāgodayikkhanā;</p>\r\n<p class="gathalast">Nāyakassaguṇāete, icchitabbāhitatthino.</p>\r\n<p class="hangnum"><a name="para270"></a><span class="paranum">270</span>.</p>\r\n<p class="gatha1"> Paribhūtomuduhoti, atitikkhañcaveravā;</p>\r\n<p class="gathalast">Etañcaubhayaṃñatvā, anumajjhaṃsamācare.</p>\r\n<p class="hangnum"><a name="para271"></a><span class="paranum">271</span>.</p>\r\n<p class="gatha1"> Nekantamudunāsakkā, ekantatikhiṇenavā;</p>\r\n<p class="gathalast">Mahatteṭṭhapituattaṃ, tasmāubhayamācare.</p>\r\n<p class="hangnum"><a name="para272"></a><span class="paranum">272</span>.</p>\r\n<p class="gatha1"> </p>','\r',char(13)),'\n',char(10)),'-270-271-272-');
INSERT INTO pages (bookid, page, content, paranum) VALUES('annya_niti_gantha_sangaho_e1003n',97,replace(replace('<p class="gatha1">Kassakovāṇijomacco<a name="M0.0097"></a>, samaṇosutasīlavā;</p>\r\n<p class="gathalast">Tesuvipulajātesu, raṭṭhaṃpivipulaṃsiyā.</p>\r\n<p class="hangnum"><a name="para273"></a><span class="paranum">273</span>.</p>\r\n<p class="gatha1"> Tesudubbalajātesu, raṭṭhaṃpidubbalaṃsiyā;</p>\r\n<p class="gathalast">Saraṭṭhaṃvipulaṃtasmā, dhāreyyaraṭṭhabhāravā.</p>\r\n<p class="hangnum"><a name="para274"></a><span class="paranum">274</span>.</p>\r\n<p class="gatha1"> Mahārukkhassaphalino, āmaṃchindatiyophalaṃ;</p>\r\n<p class="gathalast">Rasañcassanajānāti, bījañcassavinassati.</p>\r\n<p class="hangnum"><a name="para275"></a><span class="paranum">275</span>.</p>\r\n<p class="gatha1"> Mahārukkhūpamaṃraṭṭhaṃ, adhammenapasāsati;</p>\r\n<p class="gathalast">Rasañcassanajānāti, raṭṭhañcāpivinassati.</p>\r\n<p class="hangnum"><a name="para276"></a><span class="paranum">276</span>.</p>\r\n<p class="gatha1"> </p>','\r',char(13)),'\n',char(10)),'-273-274-275-276-');
INSERT INTO pages (bookid, page, content, paranum) VALUES('annya_niti_gantha_sangaho_e1003n',98,replace(replace('<p class="gatha1">Mahārukkhassaphalino<a name="M0.0098"></a>, pakkaṃchindatiyophalaṃ;</p>\r\n<p class="gathalast">Rasañcassavijānāti, bījañcassananassati.</p>\r\n<p class="hangnum"><a name="para277"></a><span class="paranum">277</span>.</p>\r\n<p class="gatha1"> Mahārukkhūpamaṃraṭṭhaṃ, dhammena yopasāsati;</p>\r\n<p class="gathalast">Rasañcassavijānāti, raṭṭhañcāpinanassati.</p>\r\n<p class="hangnum"><a name="para278"></a><span class="paranum">278</span>.</p>\r\n<p class="gatha1"> Yocarājājanapadaṃ, adhammenapasāsati;</p>\r\n<p class="gathalast">Sabbosadhīhisorājā, viruddhohotikhattiyo.</p>\r\n<p class="hangnum"><a name="para279"></a><span class="paranum">279</span>.</p>\r\n<p class="gatha1"> </p>','\r',char(13)),'\n',char(10)),'-277-278-279-');
INSERT INTO pages (bookid, page, content, paranum) VALUES('annya_niti_gantha_sangaho_e1003n',99,replace(replace('<p class="gatha1">Tathevanegamehiṃsaṃ<a name="M0.0099"></a>, yeyuttākayavikkaye;</p>\r\n<p class="gathalast">Ojādānabalikāre, sakosenavirujjhati.</p>\r\n<p class="hangnum"><a name="para280"></a><span class="paranum">280</span>.</p>\r\n<p class="gatha1"> Pahāravarakhettaññū, saṅgāmekatanissame;</p>\r\n<p class="gathalast">Ussitehiṃsayaṃrājā, sabalenavirujjhati.</p>\r\n<p class="hangnum"><a name="para281"></a><span class="paranum">281</span>.</p>\r\n<p class="gatha1"> Tathevaisayohiṃsaṃ, saṃyamebrahmacāriyo;</p>\r\n<p class="gathalast">Adhammacārikhattiyo, sasaggenavirujjhati.</p>\r\n<p class="hangnum"><a name="para282"></a><span class="paranum">282</span>.</p>\r\n<p class="gatha1"> </p>','\r',char(13)),'\n',char(10)),'-280-281-282-');
INSERT INTO pages (bookid, page, content, paranum) VALUES('annya_niti_gantha_sangaho_e1003n',100,replace(replace('<p class="gatha1">Sayaṃkatānaparena<a name="M0.0100"></a>, mahānajjojuvaṅkatā;</p>\r\n<p class="gathalast">Issarenatathāraññā, saraṭṭheadhipaccattā.</p>\r\n<p class="hangnum"><a name="para283"></a><span class="paranum">283</span>.</p>\r\n<p class="gatha1"> Puttopāpaṃkatomātā,</p>\r\n<p class="gatha2">Sissopāpaṃkatogaru;</p>\r\n<p class="gatha3">Nāgarehikatorājā,</p>\r\n<p class="gathalast">Rājāpāpaṃpurohito.</p>\r\n<p class="hangnum"><a name="para284"></a><span class="paranum">284</span>.</p>\r\n<p class="gatha1"> Puññāpuññaṃkarontesu, chabhāgoekadesakaṃ;</p>\r\n<p class="gatha2">Rājālabhatisabbehi, tasmāpāpānivāraye;</p>\r\n<p class="gathalast">Puññamevapavaḍḍhento, janakāyaṃpasāsaye.</p>\r\n<p class="hangnum"><a name="para285"></a><span class="paranum">285</span>.</p>\r\n<p class="gatha1"> </p>','\r',char(13)),'\n',char(10)),'-283-284-285-');
INSERT INTO pages (bookid, page, content, paranum) VALUES('annya_niti_gantha_sangaho_e1003n',101,replace(replace('<p class="gatha1">Bālassajīvitaṃappaṃ<a name="M0.0101"></a>, paṇḍitassabahutaraṃ;</p>\r\n<p class="gathalast">Janakāyassarājāva, rājadhammovarājunaṃ.</p>\r\n<p class="hangnum"><a name="para286"></a><span class="paranum">286</span>.</p>\r\n<p class="gatha1"> Anāyakāvinassanti, nassantibahunāyakā;</p>\r\n<p class="gathalast">Thināyakāvinassanti, nassantisusunāyakā.</p>\r\n<p class="hangnum"><a name="para287"></a><span class="paranum">287</span>.</p>\r\n<p class="gatha1"> Kacchapīnañcamacchīnaṃ, kukkuṭīnañcadhenunaṃ;</p>\r\n<p class="gathalast">Puttaposoyathāhoti, tathāmaccesurājunaṃ.</p>\r\n<p class="hangnum"><a name="para288"></a><span class="paranum">288</span>.</p>\r\n<p class="gatha1"> </p>','\r',char(13)),'\n',char(10)),'-286-287-288-');
INSERT INTO pages (bookid, page, content, paranum) VALUES('annya_niti_gantha_sangaho_e1003n',102,replace(replace('<p class="gatha1">Nahirājakulaṃpatto<a name="M0.0102"></a>, aññātolabhateyasaṃ;</p>\r\n<p class="gathalast">Nāsūronātidummedho, napamattokudācanaṃ.</p>\r\n<p class="hangnum"><a name="para289"></a><span class="paranum">289</span>.</p>\r\n<p class="gatha1"> </p>','\r',char(13)),'\n',char(10)),'-289-');
INSERT INTO pages (bookid, page, content, paranum) VALUES('annya_niti_gantha_sangaho_e1003n',103,replace(replace('<p class="gatha1">Yadāsīlañcapaññañca<a name="M0.0103"></a>, soceyyañcādhigacchati;</p>\r\n<p class="gathalast">Athavisāsitotamhi, guyhañcassanarakkhati.</p>\r\n<p class="hangnum"><a name="para290"></a><span class="paranum">290</span>.</p>\r\n<p class="gatha1"> Divāvāyadivārattiṃ, rājakiccesupaṇḍito;</p>\r\n<p class="gathalast">Ajjhiṭṭhonavikappeyya, sarājavasatiṃvase.</p>\r\n<p class="hangnum"><a name="para291"></a><span class="paranum">291</span>.</p>\r\n<p class="gatha1"> Naraññāsamakaṃvatthaṃ, namālaṃnavilepanaṃ;</p>\r\n<p class="gathalast">Ākappaṃsarakuttiṃvā, naraññāsadisamācare.</p>\r\n<p class="hangnum"><a name="para292"></a><span class="paranum">292</span>.</p>\r\n<p class="gatha1"> </p>','\r',char(13)),'\n',char(10)),'-290-291-292-');
INSERT INTO pages (bookid, page, content, paranum) VALUES('annya_niti_gantha_sangaho_e1003n',104,replace(replace('<p class="gatha1">Kiḷerājāamaccehi<a name="M0.0104"></a>, bhariyāparivārito;</p>\r\n<p class="gathalast">Nāmaccorājabhariyā, bhāvaṃkubbethapaṇḍito.</p>\r\n<p class="hangnum"><a name="para293"></a><span class="paranum">293</span>.</p>\r\n<p class="gatha1"> Anuddhatoacapalo, nipakosaṃvutindriyo;</p>\r\n<p class="gathalast">Manopaṇidhisampanno, sarājavasatiṃvase.</p>\r\n<p class="hangnum"><a name="para294"></a><span class="paranum">294</span>.</p>\r\n<p class="gatha1"> Nāssabhariyākiḷeyya, namanteyyarahogato;</p>\r\n<p class="gathalast">Nāssakosedhanaṃgaṇhe, sarājavasatiṃvase.</p>\r\n<p class="hangnum"><a name="para295"></a><span class="paranum">295</span>.</p>\r\n<p class="gatha1"> </p>','\r',char(13)),'\n',char(10)),'-293-294-295-');
INSERT INTO pages (bookid, page, content, paranum) VALUES('annya_niti_gantha_sangaho_e1003n',105,replace(replace('<p class="gatha1">Na <a name="M0.0105"></a> niddaṃbahuṃmaññeyya, namadāyasuraṃpive;</p>\r\n<p class="gathalast">Nāsadāyemigehaññe, sarājavasatiṃvase.</p>\r\n<p class="hangnum"><a name="para296"></a><span class="paranum">296</span>.</p>\r\n<p class="gatha1"> Nāssapiṭṭhaṃnapallaṅkaṃ, nakocchaṃnanāvaṃrathaṃ;</p>\r\n<p class="gathalast">Sammatomhītiāruḷhe, sarājavasatiṃvase.</p>\r\n<p class="hangnum"><a name="para297"></a><span class="paranum">297</span>.</p>\r\n<p class="gatha1"> Nātidūrebhajerañño, naccāsannevicakkhaṇo;</p>\r\n<p class="gathalast">Samukhācassatiṭṭheyya, santasantosabhattuno.</p>\r\n<p class="hangnum"><a name="para298"></a><span class="paranum">298</span>.</p>\r\n<p class="gatha1"> </p>','\r',char(13)),'\n',char(10)),'-296-297-298-');
INSERT INTO pages (bookid, page, content, paranum) VALUES('annya_niti_gantha_sangaho_e1003n',106,replace(replace('<p class="gatha1">Namerājāsakhāhoti <a name="M0.0106"></a>6, narājāhotimethuno;</p>\r\n<p class="gathalast">Khippaṃkujjhantirājāno, sulenakkhivaghaṭṭitaṃ.</p>\r\n<p class="hangnum"><a name="para299"></a><span class="paranum">299</span>.</p>\r\n<p class="gatha1"> Napūjitomaññamāno, medhāvīpaṇḍitonaro;</p>\r\n<p class="gathalast">Pharusaṃpatimanteyya, rājānaṃparisaṃgataṃ.</p>\r\n<p class="hangnum"><a name="para300"></a><span class="paranum">300</span>.</p>\r\n<p class="gatha1"> Laddhadvārolabhedvāraṃ, nevarājūsuvīsaye;</p>\r\n<p class="gathalast">Aggiṃvasaṃyatotiṭṭhe, sarājavasatiṃvase.</p>\r\n<p class="hangnum"><a name="para301"></a><span class="paranum">301</span>.</p>\r\n<p class="gatha1"> </p>','\r',char(13)),'\n',char(10)),'-299-300-301-');
INSERT INTO pages (bookid, page, content, paranum) VALUES('annya_niti_gantha_sangaho_e1003n',107,replace(replace('<p class="gatha1">Puttaṃvābhātaraṃvāpi<a name="M0.0107"></a>, sampaggaṇhātikhattiyo;</p>\r\n<p class="gatha2">Gāmehinigamehivā, raṭṭhehijanapadehi;</p>\r\n<p class="gathalast">Tuṇhibhūtovudikkheyya, nabhaṇechekapāpakaṃ.</p>\r\n<p class="hangnum"><a name="para302"></a><span class="paranum">302</span>.</p>\r\n<p class="gatha1"> Hatthāroheanikaṭṭhe, rathikepattikārake;</p>\r\n<p class="gatha2">Tesaṃkammāvadhānena, rājāvaḍḍhetivettanaṃ;</p>\r\n<p class="gathalast">Natesaṃantarāgacche, sarājavasatiṃvase.</p>\r\n<p class="hangnum"><a name="para303"></a><span class="paranum">303</span>.</p>\r\n<p class="gatha1"> </p>','\r',char(13)),'\n',char(10)),'-302-303-');
INSERT INTO pages (bookid, page, content, paranum) VALUES('annya_niti_gantha_sangaho_e1003n',108,replace(replace('<p class="gatha1">Cāpovūnūdarocassa<a name="M0.0108"></a>, vaṃsovāpipakampayye;</p>\r\n<p class="gathalast">Paṭilomaṃnavatteyya, sarājavasatiṃvase.</p>\r\n<p class="hangnum"><a name="para304"></a><span class="paranum">304</span>.</p>\r\n<p class="gatha1"> Cāpovūnūdarocassa, macchovassaajivhako;</p>\r\n<p class="gathalast">Abhāsaṃnipakosūro, sarājavasatiṃvase.</p>\r\n<p class="hangnum"><a name="para305"></a><span class="paranum">305</span>.</p>\r\n<p class="gatha1"> Nabāḷhaṃitthiṃgaccheyya, sampassaṃ tejasaṅkhayaṃ;</p>\r\n<p class="gathalast">Kāsaṃsāsaṃthaddhābalaṃ, khīṇamedhonigacchati.</p>\r\n<p class="hangnum"><a name="para306"></a><span class="paranum">306</span>.</p>\r\n<p class="gatha1"> </p>','\r',char(13)),'\n',char(10)),'-304-305-306-');
INSERT INTO pages (bookid, page, content, paranum) VALUES('annya_niti_gantha_sangaho_e1003n',109,replace(replace('<p class="gatha1">Nātivelaṃpabhāseyya<a name="M0.0109"></a>, natuṇhisabbadāsiyā;</p>\r\n<p class="gathalast">Avitiṇṇaṃmitaṃvācaṃ, patthakāleudīraye.</p>\r\n<p class="hangnum"><a name="para307"></a><span class="paranum">307</span>.</p>\r\n<p class="gatha1"> Akodhanoasaṅghaṭṭo,</p>\r\n<p class="gatha2">Saccosaṇhoapesuṇo;</p>\r\n<p class="gatha3">Samphaṃgiraṃnabhāseyya,</p>\r\n<p class="gathalast">Sarājavasatiṃvase.</p>\r\n<p class="hangnum"><a name="para308"></a><span class="paranum">308</span>.</p>\r\n<p class="gatha1"> </p>','\r',char(13)),'\n',char(10)),'-307-308-');
INSERT INTO pages (bookid, page, content, paranum) VALUES('annya_niti_gantha_sangaho_e1003n',110,replace(replace('<p class="gatha1">Mātāpitubharoassa<a name="M0.0110"></a>, kulejeṭṭhāpacāyiko;</p>\r\n<p class="gathalast">Hiriottappasampanno, sarājavasatiṃvase.</p>\r\n<p class="hangnum"><a name="para309"></a><span class="paranum">309</span>.</p>\r\n<p class="gatha1"> Vinitosippavādanto, yatattoniyatomudu;</p>\r\n<p class="gathalast">Appamattosucidakkho, sarājavasatiṃvase.</p>\r\n<p class="hangnum"><a name="para310"></a><span class="paranum">310</span>.</p>\r\n<p class="gatha1"> </p>','\r',char(13)),'\n',char(10)),'-309-310-');
INSERT INTO pages (bookid, page, content, paranum) VALUES('annya_niti_gantha_sangaho_e1003n',111,replace(replace('<p class="gatha1">Nivātavuttivuḍḍhesu<a name="M0.0111"></a>, sappatissosagāravo;</p>\r\n<p class="gathalast">Sūratosukhasaṃvāso, sarājavasatiṃvase.</p>\r\n<p class="hangnum"><a name="para311"></a><span class="paranum">311</span>.</p>\r\n<p class="gatha1"> Ārakāparivajjeyya, saññituṃpahitaṃjanaṃ;</p>\r\n<p class="gathalast">Bhattāramevudikkheyya, nacaaññassarājino.</p>\r\n<p class="hangnum"><a name="para312"></a><span class="paranum">312</span>.</p>\r\n<p class="gatha1"> Samaṇebrahmaṇecāpi, sīlavantebahussute;</p>\r\n<p class="gatha2">Sakkaccaṃpayirūpāse, annapānenatappayye;</p>\r\n<p class="gathalast">Āsajjapañhepuccheyya, ākaṅkhaṃvuḍḍhimattano.</p>\r\n<p class="hangnum"><a name="para313"></a><span class="paranum">313</span>.</p>\r\n<p class="gatha1"> </p>','\r',char(13)),'\n',char(10)),'-311-312-313-');
INSERT INTO pages (bookid, page, content, paranum) VALUES('annya_niti_gantha_sangaho_e1003n',112,replace(replace('<p class="gatha1">Dinnapubbaṃnahāpeyya<a name="M0.0112"></a>, dānaṃsamaṇabrahmaṇe;</p>\r\n<p class="gathalast">Nacakiñcinivāreyya, dānakālevaṇibbake.</p>\r\n<p class="hangnum"><a name="para314"></a><span class="paranum">314</span>.</p>\r\n<p class="gatha1"> Paññāvāvuḍḍhisampanno, vidhānavidhikovido;</p>\r\n<p class="gathalast">Kālaññūsamayaññūca, sarājavasatiṃvase.</p>\r\n<p class="hangnum"><a name="para315"></a><span class="paranum">315</span>.</p>\r\n<p class="gatha1"> Uṭṭhātākammaceresu, appamattovicakkhaṇo;</p>\r\n<p class="gathalast">Susaṃvihitakammanto, sarājavasatiṃvase.</p>\r\n<p class="hangnum"><a name="para316"></a><span class="paranum">316</span>.</p>\r\n<p class="gatha1"> </p>','\r',char(13)),'\n',char(10)),'-314-315-316-');
INSERT INTO pages (bookid, page, content, paranum) VALUES('annya_niti_gantha_sangaho_e1003n',113,replace(replace('<p class="gatha1">Khalaṃsālaṃpasuṃkhettaṃ<a name="M0.0113"></a>, gantācassaabhikkhaṇaṃ;</p>\r\n<p class="gathalast">Mitaṃdhaññaṃnidhāpeyya, mitañcapācayeghare.</p>\r\n<p class="hangnum"><a name="para317"></a><span class="paranum">317</span>.</p>\r\n<p class="gatha1"> Puttaṃvābhātaraṃvāpi, sīlesuasamāhitaṃ;</p>\r\n<p class="gatha2">Anaṅgavāhitebālā, yathāpetātathevate;</p>\r\n<p class="gathalast">Coḷañcanesaṃpiṇḍañca, āsanañcapadāpare.</p>\r\n<p class="hangnum"><a name="para318"></a><span class="paranum">318</span>.</p>\r\n<p class="gatha1"> </p>','\r',char(13)),'\n',char(10)),'-317-318-');
INSERT INTO pages (bookid, page, content, paranum) VALUES('annya_niti_gantha_sangaho_e1003n',114,replace(replace('<p class="gatha1">Dāsekammakarepose<a name="M0.0114"></a>, sīlesususamāhite;</p>\r\n<p class="gathalast">Dakkheuṭṭhānasampanne, adhipaccamhiṭhāpaye.</p>\r\n<p class="hangnum"><a name="para319"></a><span class="paranum">319</span>.</p>\r\n<p class="gatha1"> Sīlavācaalobhoca, anuruttocarājino;</p>\r\n<p class="gathalast">Āvīrahohitocassa, sarājavasatiṃvase.</p>\r\n<p class="hangnum"><a name="para320"></a><span class="paranum">320</span>.</p>\r\n<p class="gatha1"> Chandaññūrājinoassa, cittaṭṭhocassarājino;</p>\r\n<p class="gathalast">Asaṅkusakavuttissa, sarājavasatiṃvase.</p>\r\n<p class="hangnum"><a name="para321"></a><span class="paranum">321</span>.</p>\r\n<p class="gatha1"> </p>','\r',char(13)),'\n',char(10)),'-319-320-321-');
INSERT INTO pages (bookid, page, content, paranum) VALUES('annya_niti_gantha_sangaho_e1003n',115,replace(replace('<p class="gatha1">Ucchādanenhāpaneca<a name="M0.0115"></a>, dhotepādeadosiraṃ;</p>\r\n<p class="gathalast">Āhatopinakuppeyya, sarājavasatiṃvase.</p>\r\n<p class="hangnum"><a name="para322"></a><span class="paranum">322</span>.</p>\r\n<p class="gatha1"> Kumbhiñhipañjaliṃkriyā, cātañcāpipadakkhiṇaṃ;</p>\r\n<p class="gathalast">Kimevasabbakāmānaṃ, nadādaṃdhīramuttamaṃ.</p>\r\n<p class="hangnum"><a name="para323"></a><span class="paranum">323</span>.</p>\r\n<p class="gatha1"> Yodetisayanaṃvatthaṃ, yānaṃāvasataṃgharaṃ;</p>\r\n<p class="gathalast">Pajjunnorivabhūtānaṃ, bhogehiabhivassati.</p>\r\n<p class="hangnum"><a name="para324"></a><span class="paranum">324</span>.</p>\r\n<p class="gatha1"> </p>','\r',char(13)),'\n',char(10)),'-322-323-324-');
INSERT INTO pages (bookid, page, content, paranum) VALUES('annya_niti_gantha_sangaho_e1003n',116,replace(replace('<p class="gatha1">Dvevimekaṇḍakātikkhā<a name="M0.0116"></a>, sarīraparisositā;</p>\r\n<p class="gathalast">Kāmetiniddhanoyoca, yocakuppatyanissaro.</p>\r\n<p class="hangnum"><a name="para325"></a><span class="paranum">325</span>.</p>\r\n<p class="gatha1"> Adhanassarasaṃkhādā, abalassahatāhatā;</p>\r\n<p class="gathalast">Apaññassakathāvākyā, tividhaṃhīnalakkhaṇaṃ.</p>\r\n<p class="hangnum"><a name="para326"></a><span class="paranum">326</span>.</p>\r\n<p class="gatha1"> </p>','\r',char(13)),'\n',char(10)),'-325-326-');
INSERT INTO pages (bookid, page, content, paranum) VALUES('annya_niti_gantha_sangaho_e1003n',117,replace(replace('<p class="gatha1">Pathabyāmadhurātīṇi<a name="M0.0117"></a>, ucchunārīsubhāsitaṃ;</p>\r\n<p class="gathalast">Ucchunārīsutappanti, natappantisubhāsitaṃ.</p>\r\n<p class="hangnum"><a name="para327"></a><span class="paranum">327</span>.</p>\r\n<p class="gatha1"> Pathabyātīṇiratanāni, saṅgahānimahītale;</p>\r\n<p class="gathalast">Sippaṃdhaññañcamittañca, bhavantiratanāime.</p>\r\n<p class="hangnum"><a name="para328"></a><span class="paranum">328</span>.</p>\r\n<p class="gatha1"> Kalyāṇamittaṃkantāraṃ, yuddhaṃsabhāyabhāsituṃ;</p>\r\n<p class="gathalast">Asatthāgantumicchanti, muḷhātecaturojanā.</p>\r\n<p class="hangnum"><a name="para329"></a><span class="paranum">329</span>.</p>\r\n<p class="gatha1"> </p>','\r',char(13)),'\n',char(10)),'-327-328-329-');
INSERT INTO pages (bookid, page, content, paranum) VALUES('annya_niti_gantha_sangaho_e1003n',118,replace(replace('<p class="gatha1">Jīvantopimatāpañca<a name="M0.0118"></a>, byāsenaparikittitā;</p>\r\n<p class="gathalast">Dukkhitobyādhitopakkho, iṇavānityasevako.</p>\r\n<p class="hangnum"><a name="para330"></a><span class="paranum">330</span>.</p>\r\n<p class="gatha1"> Cakkhudvārādikaṃchakkaṃ, saṃvutosapaññonaro;</p>\r\n<p class="gathalast">Chabbidhohotisīlena, asīlenāpichabbidho.</p>\r\n<p class="hangnum"><a name="para331"></a><span class="paranum">331</span>.</p>\r\n<p class="gatha1"> Niddālukopamādoca, sukhitorogavālaso;</p>\r\n<p class="gathalast">Nicchandocakammārāmo, sattetesatthavajjitā.</p>\r\n<p class="hangnum"><a name="para332"></a><span class="paranum">332</span>.</p>\r\n<p class="gatha1"> </p>','\r',char(13)),'\n',char(10)),'-330-331-332-');
INSERT INTO pages (bookid, page, content, paranum) VALUES('annya_niti_gantha_sangaho_e1003n',119,replace(replace('<p class="gatha1">Kulajopaññavāchando<a name="M0.0119"></a>, hirottapposutaddharo;</p>\r\n<p class="gathalast">Atthakāmosurakkhoca, aṭṭhetesatthayujjitā.</p>\r\n<p class="hangnum"><a name="para333"></a><span class="paranum">333</span>.</p>\r\n<p class="gatha1"> Kulaseṭṭhosapaññoca, vuḍḍhisūrocasīlavā;</p>\r\n<p class="gatha2">Bahussutovuṭṭhānoca, mīrosugatigāmiko;</p>\r\n<p class="gathalast">Navetesujanāseṭṭhā, pāpāttānaṃnivāraye.</p>\r\n<p class="hangnum"><a name="para334"></a><span class="paranum">334</span>.</p>\r\n<p class="gatha1"> Buddhopaccekabuddhoca, arahāaggasāvako;</p>\r\n<p class="gatha2">Mātāpitāgarusatthā, dāyakodhammadesako;</p>\r\n<p class="gathalast">Paṇḍitehiimedasa, na dubbhantītijāniyā.</p>\r\n<p class="hangnum"><a name="para335"></a><span class="paranum">335</span>.</p>\r\n<p class="gatha1"> </p>','\r',char(13)),'\n',char(10)),'-333-334-335-');
INSERT INTO pages (bookid, page, content, paranum) VALUES('annya_niti_gantha_sangaho_e1003n',120,replace(replace('<p class="gatha1">Dhammatthakāmamokkhānaṃ<a name="M0.0120"></a>, pāṇosaṃsiddhikāraṇaṃ;</p>\r\n<p class="gathalast">Taṃnighātokiṃnihato, rakkhitokiṃnarakkhati.</p>\r\n<p class="hangnum"><a name="para336"></a><span class="paranum">336</span>.</p>\r\n<p class="gatha1"> </p>','\r',char(13)),'\n',char(10)),'-336-');
INSERT INTO pages (bookid, page, content, paranum) VALUES('annya_niti_gantha_sangaho_e1003n',121,replace(replace('<p class="gatha1">Sathaṃdīghāyukosabba<a name="M0.0121"></a>, sattānaṃsukhakāraṇaṃ;</p>\r\n<p class="gathalast">Asathaṃpanasabbesaṃ, dukkhahetunasaṃsayo.</p>\r\n<p class="hangnum"><a name="para337"></a><span class="paranum">337</span>.</p>\r\n<p class="gatha1"> Yantagatoucchurasaṃ, najahātigajotathā;</p>\r\n<p class="gathalast">Saṅgāmesugatoliḷaṃ, sussutenāpicandanaṃ.</p>\r\n<p class="hangnum"><a name="para338"></a><span class="paranum">338</span>.</p>\r\n<p class="gatha1"> Sāragandhaṃnajahāti, dukkhapattopipaṇḍito;</p>\r\n<p class="gathalast">Najahātisataṃdhammaṃ, sukhakālekathāvakā.</p>\r\n<p class="hangnum"><a name="para339"></a><span class="paranum">339</span>.</p>\r\n<p class="gatha1"> Attābandhumanussānaṃ, ripuattāvajantunaṃ;</p>\r\n<p class="gathalast">Attāvaniyatoñāti, attāvaniyatoripu.</p>\r\n<p class="hangnum"><a name="para340"></a><span class="paranum">340</span>.</p>\r\n<p class="gatha1"> </p>','\r',char(13)),'\n',char(10)),'-337-338-339-340-');
INSERT INTO pages (bookid, page, content, paranum) VALUES('annya_niti_gantha_sangaho_e1003n',122,replace(replace('<p class="gatha1">Attānaṃpariccāgena<a name="M0.0122"></a>, yaṃnissitānurakkhanaṃ;</p>\r\n<p class="gathalast">Karontisajjanāyeva, nataṃnitimātāmataṃ.</p>\r\n<p class="hangnum"><a name="para341"></a><span class="paranum">341</span>.</p>\r\n<p class="gatha1"> Satthakabbavicārena, kālogacchatidhīmataṃ;</p>\r\n<p class="gathalast">Byasanenaasādhūnaṃ, niddāyakalahenavā.</p>\r\n<p class="hangnum"><a name="para342"></a><span class="paranum">342</span>.</p>\r\n<p class="gatha1"> Bhamarāpupphamicchanti, putimicchantimakkhikā;</p>\r\n<p class="gathalast">Sujānāguṇamicchanti, dosamicchantidujjanā.</p>\r\n<p class="hangnum"><a name="para343"></a><span class="paranum">343</span>.</p>\r\n<p class="gatha1"> </p>','\r',char(13)),'\n',char(10)),'-341-342-343-');
INSERT INTO pages (bookid, page, content, paranum) VALUES('annya_niti_gantha_sangaho_e1003n',123,replace(replace('<p class="gatha1">Namantiphalinorukkhā<a name="M0.0123"></a>, namatevabudhājanā;</p>\r\n<p class="gathalast">Sukkhakaṭṭhañcamuḷhoca, nevanamantibhijjate.</p>\r\n<p class="hangnum"><a name="para344"></a><span class="paranum">344</span>.</p>\r\n<p class="gatha1"> Sacesantovivādati, khippasandhiyarepuna;</p>\r\n<p class="gathalast">Bālopattāvabhijjanti, natesamatamāgamuṃ.</p>\r\n<p class="hangnum"><a name="para345"></a><span class="paranum">345</span>.</p>\r\n<p class="gatha1"> Appampisādhūnaṃdhanaṃ, kūpāvārivanissayo;</p>\r\n<p class="gathalast">Bahukaṃpiasādhūnaṃ, nacavārivaaṇṇave.</p>\r\n<p class="hangnum"><a name="para346"></a><span class="paranum">346</span>.</p>\r\n<p class="gatha1"> </p>','\r',char(13)),'\n',char(10)),'-344-345-346-');
INSERT INTO pages (bookid, page, content, paranum) VALUES('annya_niti_gantha_sangaho_e1003n',124,replace(replace('<p class="gatha1">Sokaṭhānasahassāni<a name="M0.0124"></a>, bhayaṭhānasatānica;</p>\r\n<p class="gathalast">Divasedivasemuḷhaṃ, āvīsantinapaṇḍitaṃ.</p>\r\n<p class="hangnum"><a name="para347"></a><span class="paranum">347</span>.</p>\r\n<p class="gatha1"> Duṭṭhacittopanāhissa, kodhopāsāṇalekhito;</p>\r\n<p class="gathalast">Kucchitabbosujanassa, jalelekhāciraṭṭhitā.</p>\r\n<p class="hangnum"><a name="para348"></a><span class="paranum">348</span>.</p>\r\n<p class="gatha1"> Nidulukoasantuṭṭho, akataññūcabhiruko;</p>\r\n<p class="gathalast">Sakkontinasamācāraṃ, sikkhituṃtekadācipi.</p>\r\n<p class="hangnum"><a name="para349"></a><span class="paranum">349</span>.</p>\r\n<p class="gatha1"> </p>','\r',char(13)),'\n',char(10)),'-347-348-349-');
INSERT INTO pages (bookid, page, content, paranum) VALUES('annya_niti_gantha_sangaho_e1003n',125,replace(replace('<p class="gatha1">Sādhuttaṃsujanasamāgamākhalānaṃ<a name="M0.0125"></a>,</p>\r\n<p class="gatha2">Sādhūnaṃnakhalasamāgamākhalattaṃ;</p>\r\n<p class="gatha3">Āmodaṃkusumabhavaṃdadhātibhūmi,</p>\r\n<p class="gathalast">Bhūgandhaṃnacakusumānidhārayanti.</p>\r\n<p class="hangnum"><a name="para350"></a><span class="paranum">350</span>.</p>\r\n<p class="gatha1"> Guṇamaddhisamaṃmakkhe, parenakalahesati;</p>\r\n<p class="gathalast">Addhisamaṃpakāsentaṃ, anumattaṃpidosakaṃ.</p>\r\n<p class="hangnum"><a name="para351"></a><span class="paranum">351</span>.</p>\r\n<p class="gatha1"> Dosaṃparassapassanti, attadosaṃnapassati;</p>\r\n<p class="gathalast">Tilamattaṃparadosaṃ, nāḷikeraṃnapassati.</p>\r\n<p class="hangnum"><a name="para352"></a><span class="paranum">352</span>.</p>\r\n<p class="gatha1"> </p>','\r',char(13)),'\n',char(10)),'-350-351-352-');
INSERT INTO pages (bookid, page, content, paranum) VALUES('annya_niti_gantha_sangaho_e1003n',126,replace(replace('<p class="gatha1">Kodhoatthaṃnajānāti<a name="M0.0126"></a>, kodhodhammaṃnapassati;</p>\r\n<p class="gathalast">Andhatamaṃtadāhoti, yaṃkodhosahatenaraṃ.</p>\r\n<p class="hangnum"><a name="para353"></a><span class="paranum">353</span>.</p>\r\n<p class="gatha1"> Kodhoabbhantarejāto, dhuvaṃnāsetikodhanaṃ;</p>\r\n<p class="gathalast">Vatthālaṅkārapuṇṇāyaṃ, mañjusāyaṃsikhīyathā.</p>\r\n<p class="hangnum"><a name="para354"></a><span class="paranum">354</span>.</p>\r\n<p class="gatha1"> Rāgonāmamanosallaṃ, guṇavarattacorako;</p>\r\n<p class="gathalast">Rāhuvijjāsasaṅkissa, tapodhanahutāsano.</p>\r\n<p class="hangnum"><a name="para355"></a><span class="paranum">355</span>.</p>\r\n<p class="gatha1"> </p>','\r',char(13)),'\n',char(10)),'-353-354-355-');
INSERT INTO pages (bookid, page, content, paranum) VALUES('annya_niti_gantha_sangaho_e1003n',127,replace(replace('<p class="gatha1">Natittirājādhanena<a name="M0.0127"></a>, paṇḍitopisubhāsite;</p>\r\n<p class="gathalast">Cakkhūpipiyadassane, sāgaropimahājale.</p>\r\n<p class="hangnum"><a name="para356"></a><span class="paranum">356</span>.</p>\r\n<p class="gatha1"> Asantuṭṭhoyatinaṭṭho, santuṭṭhopimahīpati;</p>\r\n<p class="gathalast">Sasajjāgaṇikānaṭṭhā, nilajjāsukulagatā.</p>\r\n<p class="hangnum"><a name="para357"></a><span class="paranum">357</span>.</p>\r\n<p class="gatha1"> Bhūpāṇṇavaggithīsippī, abhijjhālucapuggalo;</p>\r\n<p class="gathalast">Etesaṃmahicchantānaṃ, mahicchatāanicchitā.</p>\r\n<p class="hangnum"><a name="para358"></a><span class="paranum">358</span>.</p>\r\n<p class="gatha1"> </p>','\r',char(13)),'\n',char(10)),'-356-357-358-');
INSERT INTO pages (bookid, page, content, paranum) VALUES('annya_niti_gantha_sangaho_e1003n',128,replace(replace('<p class="gatha1">Ārogyaṃparamaṃlābhaṃ<a name="M0.0128"></a>, santuṭṭhīparamaṃdhanaṃ;</p>\r\n<p class="gathalast">Visāsoparamaṃñāti, nibbānaṃparamaṃsukhaṃ.</p>\r\n<p class="hangnum"><a name="para359"></a><span class="paranum">359</span>.</p>\r\n<p class="gatha1"> Duggataṃgacchabholābha, lābholābhenapūrati;</p>\r\n<p class="gathalast">Thalepavuṭṭhapajjunna, āpoāpenapūrati.</p>\r\n<p class="hangnum"><a name="para360"></a><span class="paranum">360</span>.</p>\r\n<p class="gatha1"> Bodhayantinayācanti, dehītipacchimājanā;</p>\r\n<p class="gathalast">Passavatthuṃadānassa, mābhavatūtiīdiso.</p>\r\n<p class="hangnum"><a name="para361"></a><span class="paranum">361</span>.</p>\r\n<p class="gatha1"> </p>','\r',char(13)),'\n',char(10)),'-359-360-361-');
INSERT INTO pages (bookid, page, content, paranum) VALUES('annya_niti_gantha_sangaho_e1003n',129,replace(replace('<p class="gatha1">Seleselenamāṇikaṃ<a name="M0.0129"></a>, gajegajenamuttikaṃ;</p>\r\n<p class="gathalast">Vanevanenacandanaṃ, ṭhāneṭhānenapaṇḍitaṃ.</p>\r\n<p class="hangnum"><a name="para362"></a><span class="paranum">362</span>.</p>\r\n<p class="gatha1"> Satesujāyatesūro, sahassesucapaṇḍito;</p>\r\n<p class="gathalast">Vākyaṃsatasahassesu, cāgobhavativānavā.</p>\r\n<p class="hangnum"><a name="para363"></a><span class="paranum">363</span>.</p>\r\n<p class="gatha1"> Jinenaāgataṃsūraṃ, dhanañcagehamāgataṃ;</p>\r\n<p class="gathalast">Jiṇṇaannaṃpasaṃseyya, dārañcagatayobbanaṃ.</p>\r\n<p class="hangnum"><a name="para364"></a><span class="paranum">364</span>.</p>\r\n<p class="gatha1"> </p>','\r',char(13)),'\n',char(10)),'-362-363-364-');
INSERT INTO pages (bookid, page, content, paranum) VALUES('annya_niti_gantha_sangaho_e1003n',130,replace(replace('<p class="gatha1">Potthakesucayaṃsippaṃ<a name="M0.0130"></a>, parahatthesuyaṃdhanaṃ;</p>\r\n<p class="gathalast">Yadāicchesamuppanne, nataṃsippaṃnataṃdhanaṃ.</p>\r\n<p class="hangnum"><a name="para365"></a><span class="paranum">365</span>.</p>\r\n<p class="gatha1"> Vācāvudhācarājāno, saccāvudhācasamaṇā;</p>\r\n<p class="gathalast">Dhanāvudhāseṭṭhinoca, goṇāvudhādaliddakā.</p>\r\n<p class="hangnum"><a name="para366"></a><span class="paranum">366</span>.</p>\r\n<p class="gatha1"> Ukkaṭṭhesūramicchanti, kolāhalesubhāsitaṃ;</p>\r\n<p class="gathalast">Piyaṃannañcapānañca, atthakiccesupaṇḍitaṃ.</p>\r\n<p class="hangnum"><a name="para367"></a><span class="paranum">367</span>.</p>\r\n<p class="gatha1"> </p>','\r',char(13)),'\n',char(10)),'-365-366-367-');
INSERT INTO pages (bookid, page, content, paranum) VALUES('annya_niti_gantha_sangaho_e1003n',131,replace(replace('<p class="gatha1">Kapaṇetārayemittaṃ<a name="M0.0131"></a>, dubbhikkhedhaññaṃdhāraye;</p>\r\n<p class="gathalast">Sabhāyaṃdhārayesippaṃ, saṅgahānimahītale.</p>\r\n<p class="hangnum"><a name="para368"></a><span class="paranum">368</span>.</p>\r\n<p class="gatha1"> Dubbhikkheannadānañca, subhikkhecahiraññadaṃ;</p>\r\n<p class="gathalast">Bhayecabhayadhātāraṃ, sabbesaṃvaramaṃvaraṃ.</p>\r\n<p class="hangnum"><a name="para369"></a><span class="paranum">369</span>.</p>\r\n<p class="gatha1"> Haṃsomajjhenakākānaṃ, sīhogunnaṃnasobhate;</p>\r\n<p class="gathalast">Gadrabhānaṃnaturaṅgo, bālānañcanapaṇḍito.</p>\r\n<p class="hangnum"><a name="para370"></a><span class="paranum">370</span>.</p>\r\n<p class="gatha1"> </p>','\r',char(13)),'\n',char(10)),'-368-369-370-');
INSERT INTO pages (bookid, page, content, paranum) VALUES('annya_niti_gantha_sangaho_e1003n',132,replace(replace('<p class="gatha1">Nasorājāyoajeyyaṃ<a name="M0.0132"></a>, jinātinasosakhāraṃ;</p>\r\n<p class="gatha2">Yoayuttenajināti, nasābhariyāpatino;</p>\r\n<p class="gathalast">Virodhatinateputtā, yenabharanti jiṇṇa.</p>\r\n<p class="hangnum"><a name="para371"></a><span class="paranum">371</span>.</p>\r\n<p class="gatha1"> Natthivijjāsamaṃmittaṃ, natthibyādhisamoripu;</p>\r\n<p class="gathalast">Natthiattasamaṃpemaṃ, natthikammaparaṃbalaṃ.</p>\r\n<p class="hangnum"><a name="para372"></a><span class="paranum">372</span>.</p>\r\n<p class="gatha1"> Itthimissokutosīlaṃ,</p>\r\n<p class="gatha2">Maṃsabhakkhokutodayaṃ;</p>\r\n<p class="gatha3">Surāpānokutosaccaṃ,</p>\r\n<p class="gathalast">Mahākodhokutotapaṃ.</p>\r\n<p class="hangnum"><a name="para373"></a><span class="paranum">373</span>.</p>\r\n<p class="gatha1"> </p>','\r',char(13)),'\n',char(10)),'-371-372-373-');
INSERT INTO pages (bookid, page, content, paranum) VALUES('annya_niti_gantha_sangaho_e1003n',133,replace(replace('<p class="gatha1">Kvātibhārosamatthānaṃ<a name="M0.0133"></a>, kiṃdūrobyavahārinaṃ;</p>\r\n<p class="gathalast">Kovidesosavijjānaṃ, koparopiyavādinaṃ.</p>\r\n<p class="hangnum"><a name="para374"></a><span class="paranum">374</span>.</p>\r\n<p class="gatha1"> Dubbhikkhokasinonatthi, santānaṃnatthipāpako;</p>\r\n<p class="gathalast">Mugassakalahonatthi, natthijāgaratobhayaṃ.</p>\r\n<p class="hangnum"><a name="para375"></a><span class="paranum">375</span>.</p>\r\n<p class="gatha1"> Bālitthīmakkhikātuṇḍi, isīnañcakamaṇḍalu;</p>\r\n<p class="gathalast">Setambuphalaṃtambulaṃ, nojjhiṭṭhamupajāyato.</p>\r\n<p class="hangnum"><a name="para376"></a><span class="paranum">376</span>.</p>\r\n<p class="gatha1"> </p>','\r',char(13)),'\n',char(10)),'-374-375-376-');
INSERT INTO pages (bookid, page, content, paranum) VALUES('annya_niti_gantha_sangaho_e1003n',134,replace(replace('<p class="gatha1">Pañcaratyāsugandhabbā<a name="M0.0134"></a>, sattaratyādhanuggahā;</p>\r\n<p class="gathalast">Ekamāsāsubhariyā, aḍḍhamāsāsissāmalā.</p>\r\n<p class="hangnum"><a name="para377"></a><span class="paranum">377</span>.</p>\r\n<p class="gatha1"> Malitthiyāduccaritaṃ, maccheraṃdadatomalaṃ;</p>\r\n<p class="gatha2">Malāvelāmakādhammā, asmiṃlokeparamhica;</p>\r\n<p class="gathalast">Malaṃmalataraṃtato, avijjāparamaṃmalaṃ.</p>\r\n<p class="hangnum"><a name="para378"></a><span class="paranum">378</span>.</p>\r\n<p class="gatha1"> Sutassarakkhāsabbadābhiyogo,</p>\r\n<p class="gatha2">Kulassavatthaṃpurisassavijjā;</p>\r\n<p class="gatha3">Raññopamādopasamodhanassa,</p>\r\n<p class="gathalast">Itthīnantunatthevajāturakkhā.</p>\r\n<p class="hangnum"><a name="para379"></a><span class="paranum">379</span>.</p>\r\n<p class="gatha1"> </p>','\r',char(13)),'\n',char(10)),'-377-378-379-');
INSERT INTO pages (bookid, page, content, paranum) VALUES('annya_niti_gantha_sangaho_e1003n',135,replace(replace('<p class="gatha1">Sattānaṃjaratāhanti<a name="M0.0135"></a>, taṇhāhantisabbasukhaṃ;</p>\r\n<p class="gathalast">Sabbabalaṃcintāhanti, dayāhantisakaṃdhanaṃ.</p>\r\n<p class="hangnum"><a name="para380"></a><span class="paranum">380</span>.</p>\r\n<p class="gatha1"> Nīcevāsosiriṃhanti, hantigaruṃcayācako;</p>\r\n<p class="gathalast">Pasaṃsāsuguṇaṃhanti, hanticittaṃasaññatā.</p>\r\n<p class="hangnum"><a name="para381"></a><span class="paranum">381</span>.</p>\r\n<p class="gatha1"> </p>','\r',char(13)),'\n',char(10)),'-380-381-');
INSERT INTO pages (bookid, page, content, paranum) VALUES('annya_niti_gantha_sangaho_e1003n',136,replace(replace('<p class="gatha1">Asanaṃbhayamantānaṃ<a name="M0.0136"></a>, maccānaṃmaraṇaṃbhayaṃ;</p>\r\n<p class="gathalast">Uttamānantusabbesaṃ, avamānaṃparaṃbhayaṃ.</p>\r\n<p class="hangnum"><a name="para382"></a><span class="paranum">382</span>.</p>\r\n<p class="gatha1"> Sūriyotapanaṃtapo, nasantiparivāritā;</p>\r\n<p class="gatha2">Candaraṃsītalaṃjātaṃ, tārakāparivāritā;</p>\r\n<p class="gathalast">Upamāetthañātabbā, sūriyacandarājunaṃ.</p>\r\n<p class="hangnum"><a name="para383"></a><span class="paranum">383</span>.</p>\r\n<p class="gatha1"> Alasomandabuddhica, sukhitorogapīḷito;</p>\r\n<p class="gathalast">Niddāromaṃsavaḍḍhano, subhakkhocaviluddhako.</p>\r\n<p class="hangnum"><a name="para384"></a><span class="paranum">384</span>.</p>\r\n<p class="gatha1"> Pamādojāyatemadā, pamādājāyatekhayo;</p>\r\n<p class="gathalast">Khayādosāpavaḍḍhanti, madaṃkiṃnajahebudho.</p>\r\n<p class="hangnum"><a name="para385"></a><span class="paranum">385</span>.</p>\r\n<p class="gatha1"> </p>','\r',char(13)),'\n',char(10)),'-382-383-384-385-');
INSERT INTO pages (bookid, page, content, paranum) VALUES('annya_niti_gantha_sangaho_e1003n',137,replace(replace('<p class="gatha1">Yādisaṃvappatebījaṃ<a name="M0.0137"></a>, tādisaṃphalaṃsampatto;</p>\r\n<p class="gathalast">Kalyāṇakārikalyāṇaṃ, pāpakārīcapāpakaṃ.</p>\r\n<p class="hangnum"><a name="para386"></a><span class="paranum">386</span>.</p>\r\n<p class="gatha1"> Puññāpāpaphalaṃyoce, nasaddahatisaccato;</p>\r\n<p class="gathalast">Sovesakānanaṃkhippaṃ, ādāsatalamānaye.</p>\r\n<p class="hangnum"><a name="para387"></a><span class="paranum">387</span>.</p>\r\n<p class="gatha1"> </p>','\r',char(13)),'\n',char(10)),'-386-387-');
INSERT INTO pages (bookid, page, content, paranum) VALUES('annya_niti_gantha_sangaho_e1003n',138,replace(replace('<p class="gatha1">Samparāyikattheyo<a name="M0.0138"></a>, nasaddahaticepiso;</p>\r\n<p class="gathalast">Āvāsesappagāmīnaṃ, mokkhabhekiṃnapassati.</p>\r\n<p class="hangnum"><a name="para388"></a><span class="paranum">388</span>.</p>\r\n<p class="gatha1"> Saddhāhiricaottappaṃ, bāhusaccaṃviraṃsati;</p>\r\n<p class="gathalast">Paññācasattadhammehi, sampannopaṇḍitomato.</p>\r\n<p class="hangnum"><a name="para389"></a><span class="paranum">389</span>.</p>\r\n<p class="gatha1"> Ravimūlaṃsasīkhandhaṃ, soriaṅgācapattikaṃ;</p>\r\n<p class="gathalast">Buddhaṃpupphaṃgarubījaṃ, bharaguphalamevaca.</p>\r\n<p class="hangnum"><a name="para390"></a><span class="paranum">390</span>.</p>\r\n<p class="gatha1"> </p>','\r',char(13)),'\n',char(10)),'-388-389-390-');
INSERT INTO pages (bookid, page, content, paranum) VALUES('annya_niti_gantha_sangaho_e1003n',139,replace(replace('<p class="gatha1">Potthakādīnikhettaṃva<a name="M0.0139"></a>, lekhāniyuganaṅgalaṃ;</p>\r\n<p class="gathalast">Akkharānibījaṃkatvā, carantopaṇḍitobhave.</p>\r\n<p class="hangnum"><a name="para391"></a><span class="paranum">391</span>.</p>\r\n<p class="gatha1"> Akkharaṃekamekañca, buddharūpaṃsamaṃsiyā;</p>\r\n<p class="gathalast">Tasmāhipaṇḍitoposo, likheyyapiṭakattayaṃ.</p>\r\n<p class="hangnum"><a name="para392"></a><span class="paranum">392</span>.</p>\r\n<p class="gatha1"> Duggatiṃnābhijāyeyya, piṭakattayakārako;</p>\r\n<p class="gathalast">Bahukkhattuṃcakkavatti, rājācatudīpādhipo.</p>\r\n<p class="hangnum"><a name="para393"></a><span class="paranum">393</span>.</p>\r\n<p class="gatha1"> Padesarajjaṃvipulaṃ, gaṇanātoasaṅkhyeyo;</p>\r\n<p class="gathalast">Chakāmāvacarodeva, rājāhotibahukkhattuṃ.</p>\r\n<p class="hangnum"><a name="para394"></a><span class="paranum">394</span>.</p>\r\n<p class="gatha1"> </p>','\r',char(13)),'\n',char(10)),'-391-392-393-394-');
INSERT INTO pages (bookid, page, content, paranum) VALUES('annya_niti_gantha_sangaho_e1003n',140,replace(replace('<p class="gatha1">Dānādīnicapuññāni<a name="M0.0140"></a>, karontobodhiaṅkuro;</p>\r\n<p class="gathalast">Bhavāsabbaṅgasampanno, tilokapūjitobhave.</p>\r\n<p class="hangnum"><a name="para395"></a><span class="paranum">395</span>.</p>\r\n<p class="gatha1"> Addhemahaddhanephite, jāyarekulamuttame;</p>\r\n<p class="gathalast">Uttamenevasaṃvāso, piṭakattayavācako.</p>\r\n<p class="hangnum"><a name="para396"></a><span class="paranum">396</span>.</p>\r\n<p class="gatha1"> Ekakkharaphalenahi, piṭakattayakārako;</p>\r\n<p class="gathalast">Caturāsītisahassaṃ, labhantipavaraṃsukhaṃ.</p>\r\n<p class="hangnum"><a name="para397"></a><span class="paranum">397</span>.</p>\r\n<p class="gatha1"> Appakenāpimedhāvī, pābhatenavicakkhaṇo;</p>\r\n<p class="gathalast">Samuṭṭhāpetiattānaṃ, anumaggivasandhamaṃ.</p>\r\n<p class="hangnum"><a name="para398"></a><span class="paranum">398</span>.</p>\r\n<p class="gatha1"> </p>','\r',char(13)),'\n',char(10)),'-395-396-397-398-');
INSERT INTO pages (bookid, page, content, paranum) VALUES('annya_niti_gantha_sangaho_e1003n',141,replace(replace('<p class="gatha1">Dukkhaṃpāpassapuññassa<a name="M0.0141"></a>, sukhaṃmissassamissakaṃ;</p>\r\n<p class="gathalast">Sabbaṃsadisakaṃyāti, ñātabbaṃkammunophalaṃ.</p>\r\n<p class="hangnum"><a name="para399"></a><span class="paranum">399</span>.</p>\r\n<p class="gatha1"> Codentocatubhāgāca, kammakārātayobhāgā;</p>\r\n<p class="gathalast">Sāminosamabhāgāca, ekabhāgānumodanā.</p>\r\n<p class="hangnum"><a name="para400"></a><span class="paranum">400</span>.</p>\r\n<p class="gatha1"> </p>','\r',char(13)),'\n',char(10)),'-399-400-');
INSERT INTO pages (bookid, page, content, paranum) VALUES('annya_niti_gantha_sangaho_e1003n',142,replace(replace('<p class="gatha1">Anattassavākyāparamaṃtuṇhi<a name="M0.0142"></a>,</p>\r\n<p class="gatha2">Asantamittāparamaṃekaṃ;</p>\r\n<p class="gatha3">Surūpadārāvaramandhā,</p>\r\n<p class="gathalast">Dūrekalābhāvaramassasukkhaṃ.</p>\r\n<p class="hangnum"><a name="para401"></a><span class="paranum">401</span>.</p>\r\n<p class="gatha1"> Hīnacajjopice hoti, uṭṭhātādhītimānaro;</p>\r\n<p class="gathalast">Sīlaācārasampanno, niseaggivabhāsati.</p>\r\n<p class="hangnum"><a name="para402"></a><span class="paranum">402</span>.</p>\r\n<p class="gatha1"> Nacajjavasalohoti,</p>\r\n<p class="gatha2">Nacajjahotibrahmaṇo;</p>\r\n<p class="gatha3">Kammunāvasalohoti,</p>\r\n<p class="gathalast">Kammunāhotibrahmaṇo.</p>\r\n<p class="hangnum"><a name="para403"></a><span class="paranum">403</span>.</p>\r\n<p class="gatha1"> </p>','\r',char(13)),'\n',char(10)),'-401-402-403-');
INSERT INTO pages (bookid, page, content, paranum) VALUES('annya_niti_gantha_sangaho_e1003n',143,replace(replace('<p class="gatha1">Pathavīveḷukaṃpattaṃ<a name="M0.0143"></a>, cakkavāḷaṃsucipphalaṃ;</p>\r\n<p class="gathalast">Sineruvammikaṃkhuddaṃ, samuddopātitaṃyathā.</p>\r\n<p class="hangnum"><a name="para404"></a><span class="paranum">404</span>.</p>\r\n<p class="gatha1"> Ekenevacakappena, mātukhīraṃnasañcayaṃ;</p>\r\n<p class="gathalast">Tatotusamuddocāpi, atirekataraṃbahuṃ.</p>\r\n<p class="hangnum"><a name="para405"></a><span class="paranum">405</span>.</p>\r\n<p class="gatha1"> Brahmātimātāpītaro, pubbācariyāvuccate;</p>\r\n<p class="gathalast">Āhuneyyācaputtānaṃ, pajānamanukampakā.</p>\r\n<p class="hangnum"><a name="para406"></a><span class="paranum">406</span>.</p>\r\n<p class="gatha1"> </p>','\r',char(13)),'\n',char(10)),'-404-405-406-');
INSERT INTO pages (bookid, page, content, paranum) VALUES('annya_niti_gantha_sangaho_e1003n',144,replace(replace('<p class="gatha1">Tasmāhinenamasseyya<a name="M0.0144"></a>, sakkareyyacapaṇḍito;</p>\r\n<p class="gathalast">Annenaathopānena, vatthenasayanenaca.</p>\r\n<p class="hangnum"><a name="para407"></a><span class="paranum">407</span>.</p>\r\n<p class="gatha1"> Ucchādanenanhāpena, pādānaṃdhovanenaca;</p>\r\n<p class="gatha2">Uṭṭhāyapādacariyā, upaṭṭhāpeyyapaṇḍito;</p>\r\n<p class="gathalast">Idhevanaṃpasaṃsanti, paccasaggepamodati.</p>\r\n<p class="hangnum"><a name="para408"></a><span class="paranum">408</span>.</p>\r\n<p class="gatha1"> </p>','\r',char(13)),'\n',char(10)),'-407-408-');
INSERT INTO pages (bookid, page, content, paranum) VALUES('annya_niti_gantha_sangaho_e1003n',145,replace(replace('<p class="gatha1">Ekassekenakappena<a name="M0.0145"></a>, puggalassaṭṭhisañcayo;</p>\r\n<p class="gathalast">Samaṃpabbatarāsimhi, itivuttaṃmahesinā.</p>\r\n<p class="hangnum"><a name="para409"></a><span class="paranum">409</span>.</p>\r\n<p class="gatha1"> Sabbadānaṃdhammadānaṃjināti;</p>\r\n<p class="gatha2">Sabbarasaṃdhammarasojināti,</p>\r\n<p class="gatha3">Sabbaratiṃdhammaratijināti;</p>\r\n<p class="gathalast">Sabbadukkhaṃtaṇhakkhayojināti.</p>\r\n<p class="hangnum"><a name="para410"></a><span class="paranum">410</span>.</p>\r\n<p class="gatha1"> Appamādaratāhotha, sacittamanurakkhatha;</p>\r\n<p class="gathalast">Dukkhāuddharathattānaṃ, paṅkesannaṃvakuñjaraṃ.</p>\r\n<p class="hangnum"><a name="para411"></a><span class="paranum">411</span>.</p>\r\n<p class="gatha1"> </p>','\r',char(13)),'\n',char(10)),'-409-410-411-');
INSERT INTO pages (bookid, page, content, paranum) VALUES('annya_niti_gantha_sangaho_e1003n',146,replace(replace('<p class="gatha1">Cajadujjanasaṃsaggaṃ<a name="M0.0146"></a>, bhajasādhusamāgamaṃ;</p>\r\n<p class="gathalast">Karapuññamahorattiṃ, saraniccamaniccataṃ.</p>\r\n<p class="hangnum"><a name="para412"></a><span class="paranum">412</span>.</p>\r\n<p class="gatha1"> Aniccāvatasaṅkhārā, uppādavayadhammino;</p>\r\n<p class="gathalast">Uppajjitvānirujjhanti, tesaṃvūpasamosukho.</p>\r\n<p class="hangnum"><a name="para413"></a><span class="paranum">413</span>.</p>\r\n<p class="gatha1"> Nahidhammoadhammoca, ubhosamavipākino;</p>\r\n<p class="gathalast">Adhammonirayaṃneti, dhammopāpetisuggatiṃ.</p>\r\n<p class="hangnum"><a name="para414"></a><span class="paranum">414</span>.</p>\r\n<p class="gatha1"> </p>','\r',char(13)),'\n',char(10)),'-412-413-414-');
INSERT INTO pages (bookid, page, content, paranum) VALUES('annya_niti_gantha_sangaho_e1003n',147,replace(replace('<p class="gatha1">Samasīsaṃsamapādaṃ<a name="M0.0147"></a>, antarañcasamaṃsamaṃ;</p>\r\n<p class="gathalast">Idaṃmanasinidhāya, likheyyapiṭakattayanti.</p>','\r',char(13)),'\n',char(10)),'');
DELETE FROM books where id='annya_niti_gantha_sangaho_e1001n';
INSERT INTO books VALUES('annya_niti_gantha_sangaho_e1001n','annya','annya_niti_gantha_sangaho','Kavidappaṇanīti',1,228,209);
DELETE FROM tocs where book_id='annya_niti_gantha_sangaho_e1001n';
INSERT INTO tocs VALUES('annya_niti_gantha_sangaho_e1001n','Mātikā','chapter',1);
INSERT INTO tocs VALUES('annya_niti_gantha_sangaho_e1001n','Kavidappaṇanīti','subhead',1);
INSERT INTO tocs VALUES('annya_niti_gantha_sangaho_e1001n','Ratanattayapaṇāma','chapter',1);
INSERT INTO tocs VALUES('annya_niti_gantha_sangaho_e1001n','Paṇḍitakaṇḍa','chapter',1);
INSERT INTO tocs VALUES('annya_niti_gantha_sangaho_e1001n','Sujanakaṇḍa','chapter',105);
INSERT INTO tocs VALUES('annya_niti_gantha_sangaho_e1001n','Bāladujjanakaṇḍa','chapter',122);
INSERT INTO tocs VALUES('annya_niti_gantha_sangaho_e1001n','Rājakaṇḍa','chapter',148);
INSERT INTO tocs VALUES('annya_niti_gantha_sangaho_e1001n','Nāyaka kaṇḍa','chapter',164);
INSERT INTO tocs VALUES('annya_niti_gantha_sangaho_e1001n','Puttakaṇḍa','chapter',167);
INSERT INTO tocs VALUES('annya_niti_gantha_sangaho_e1001n','Vejjācariya kaṇḍa','chapter',171);
INSERT INTO tocs VALUES('annya_niti_gantha_sangaho_e1001n','Dāsaka kaṇḍa','chapter',175);
INSERT INTO tocs VALUES('annya_niti_gantha_sangaho_e1001n','Itthikaṇḍa','chapter',176);
INSERT INTO tocs VALUES('annya_niti_gantha_sangaho_e1001n','Pakiṇṇakakaṇḍa','chapter',189);
INSERT INTO tocs VALUES('annya_niti_gantha_sangaho_e1001n','Kavidappaṇanīti','chapter',203);
INSERT INTO tocs VALUES('annya_niti_gantha_sangaho_e1001n','Paṇāma paṭiññā','chapter',212);
DELETE FROM paragraphs where book_id='annya_niti_gantha_sangaho_e1001n';
INSERT INTO paragraphs VALUES('annya_niti_gantha_sangaho_e1001n',1,1);
INSERT INTO paragraphs VALUES('annya_niti_gantha_sangaho_e1001n',2,1);
INSERT INTO paragraphs VALUES('annya_niti_gantha_sangaho_e1001n',3,1);
INSERT INTO paragraphs VALUES('annya_niti_gantha_sangaho_e1001n',4,1);
INSERT INTO paragraphs VALUES('annya_niti_gantha_sangaho_e1001n',5,1);
INSERT INTO paragraphs VALUES('annya_niti_gantha_sangaho_e1001n',6,1);
INSERT INTO paragraphs VALUES('annya_niti_gantha_sangaho_e1001n',7,1);
INSERT INTO paragraphs VALUES('annya_niti_gantha_sangaho_e1001n',1,1);
INSERT INTO paragraphs VALUES('annya_niti_gantha_sangaho_e1001n',2,1);
INSERT INTO paragraphs VALUES('annya_niti_gantha_sangaho_e1001n',3,1);
INSERT INTO paragraphs VALUES('annya_niti_gantha_sangaho_e1001n',4,2);
INSERT INTO paragraphs VALUES('annya_niti_gantha_sangaho_e1001n',5,3);
INSERT INTO paragraphs VALUES('annya_niti_gantha_sangaho_e1001n',6,4);
INSERT INTO paragraphs VALUES('annya_niti_gantha_sangaho_e1001n',7,5);
INSERT INTO paragraphs VALUES('annya_niti_gantha_sangaho_e1001n',8,6);
INSERT INTO paragraphs VALUES('annya_niti_gantha_sangaho_e1001n',9,6);
INSERT INTO paragraphs VALUES('annya_niti_gantha_sangaho_e1001n',10,7);
INSERT INTO paragraphs VALUES('annya_niti_gantha_sangaho_e1001n',11,8);
INSERT INTO paragraphs VALUES('annya_niti_gantha_sangaho_e1001n',12,8);
INSERT INTO paragraphs VALUES('annya_niti_gantha_sangaho_e1001n',13,9);
INSERT INTO paragraphs VALUES('annya_niti_gantha_sangaho_e1001n',14,10);
INSERT INTO paragraphs VALUES('annya_niti_gantha_sangaho_e1001n',15,10);
INSERT INTO paragraphs VALUES('annya_niti_gantha_sangaho_e1001n',16,11);
INSERT INTO paragraphs VALUES('annya_niti_gantha_sangaho_e1001n',17,11);
INSERT INTO paragraphs VALUES('annya_niti_gantha_sangaho_e1001n',18,12);
INSERT INTO paragraphs VALUES('annya_niti_gantha_sangaho_e1001n',19,13);
INSERT INTO paragraphs VALUES('annya_niti_gantha_sangaho_e1001n',20,14);
INSERT INTO paragraphs VALUES('annya_niti_gantha_sangaho_e1001n',21,15);
INSERT INTO paragraphs VALUES('annya_niti_gantha_sangaho_e1001n',22,15);
INSERT INTO paragraphs VALUES('annya_niti_gantha_sangaho_e1001n',23,16);
INSERT INTO paragraphs VALUES('annya_niti_gantha_sangaho_e1001n',24,18);
INSERT INTO paragraphs VALUES('annya_niti_gantha_sangaho_e1001n',25,18);
INSERT INTO paragraphs VALUES('annya_niti_gantha_sangaho_e1001n',26,19);
INSERT INTO paragraphs VALUES('annya_niti_gantha_sangaho_e1001n',27,19);
INSERT INTO paragraphs VALUES('annya_niti_gantha_sangaho_e1001n',28,20);
INSERT INTO paragraphs VALUES('annya_niti_gantha_sangaho_e1001n',29,21);
INSERT INTO paragraphs VALUES('annya_niti_gantha_sangaho_e1001n',30,22);
INSERT INTO paragraphs VALUES('annya_niti_gantha_sangaho_e1001n',31,22);
INSERT INTO paragraphs VALUES('annya_niti_gantha_sangaho_e1001n',32,23);
INSERT INTO paragraphs VALUES('annya_niti_gantha_sangaho_e1001n',33,24);
INSERT INTO paragraphs VALUES('annya_niti_gantha_sangaho_e1001n',34,24);
INSERT INTO paragraphs VALUES('annya_niti_gantha_sangaho_e1001n',35,25);
INSERT INTO paragraphs VALUES('annya_niti_gantha_sangaho_e1001n',36,25);
INSERT INTO paragraphs VALUES('annya_niti_gantha_sangaho_e1001n',37,26);
INSERT INTO paragraphs VALUES('annya_niti_gantha_sangaho_e1001n',38,26);
INSERT INTO paragraphs VALUES('annya_niti_gantha_sangaho_e1001n',39,26);
INSERT INTO paragraphs VALUES('annya_niti_gantha_sangaho_e1001n',40,26);
INSERT INTO paragraphs VALUES('annya_niti_gantha_sangaho_e1001n',41,28);
INSERT INTO paragraphs VALUES('annya_niti_gantha_sangaho_e1001n',42,28);
INSERT INTO paragraphs VALUES('annya_niti_gantha_sangaho_e1001n',43,29);
INSERT INTO paragraphs VALUES('annya_niti_gantha_sangaho_e1001n',44,30);
INSERT INTO paragraphs VALUES('annya_niti_gantha_sangaho_e1001n',45,30);
INSERT INTO paragraphs VALUES('annya_niti_gantha_sangaho_e1001n',46,31);
INSERT INTO paragraphs VALUES('annya_niti_gantha_sangaho_e1001n',47,31);
INSERT INTO paragraphs VALUES('annya_niti_gantha_sangaho_e1001n',48,32);
INSERT INTO paragraphs VALUES('annya_niti_gantha_sangaho_e1001n',49,32);
INSERT INTO paragraphs VALUES('annya_niti_gantha_sangaho_e1001n',50,32);
INSERT INTO paragraphs VALUES('annya_niti_gantha_sangaho_e1001n',51,32);
INSERT INTO paragraphs VALUES('annya_niti_gantha_sangaho_e1001n',52,34);
INSERT INTO paragraphs VALUES('annya_niti_gantha_sangaho_e1001n',53,34);
INSERT INTO paragraphs VALUES('annya_niti_gantha_sangaho_e1001n',54,34);
INSERT INTO paragraphs VALUES('annya_niti_gantha_sangaho_e1001n',55,34);
INSERT INTO paragraphs VALUES('annya_niti_gantha_sangaho_e1001n',56,34);
INSERT INTO paragraphs VALUES('annya_niti_gantha_sangaho_e1001n',57,34);
INSERT INTO paragraphs VALUES('annya_niti_gantha_sangaho_e1001n',58,37);
INSERT INTO paragraphs VALUES('annya_niti_gantha_sangaho_e1001n',59,37);
INSERT INTO paragraphs VALUES('annya_niti_gantha_sangaho_e1001n',60,38);
INSERT INTO paragraphs VALUES('annya_niti_gantha_sangaho_e1001n',61,38);
INSERT INTO paragraphs VALUES('annya_niti_gantha_sangaho_e1001n',62,39);
INSERT INTO paragraphs VALUES('annya_niti_gantha_sangaho_e1001n',63,39);
INSERT INTO paragraphs VALUES('annya_niti_gantha_sangaho_e1001n',64,40);
INSERT INTO paragraphs VALUES('annya_niti_gantha_sangaho_e1001n',65,40);
INSERT INTO paragraphs VALUES('annya_niti_gantha_sangaho_e1001n',66,41);
INSERT INTO paragraphs VALUES('annya_niti_gantha_sangaho_e1001n',67,41);
INSERT INTO paragraphs VALUES('annya_niti_gantha_sangaho_e1001n',68,42);
INSERT INTO paragraphs VALUES('annya_niti_gantha_sangaho_e1001n',69,43);
INSERT INTO paragraphs VALUES('annya_niti_gantha_sangaho_e1001n',70,44);
INSERT INTO paragraphs VALUES('annya_niti_gantha_sangaho_e1001n',71,44);
INSERT INTO paragraphs VALUES('annya_niti_gantha_sangaho_e1001n',72,45);
INSERT INTO paragraphs VALUES('annya_niti_gantha_sangaho_e1001n',73,45);
INSERT INTO paragraphs VALUES('annya_niti_gantha_sangaho_e1001n',74,46);
INSERT INTO paragraphs VALUES('annya_niti_gantha_sangaho_e1001n',75,46);
INSERT INTO paragraphs VALUES('annya_niti_gantha_sangaho_e1001n',76,47);
INSERT INTO paragraphs VALUES('annya_niti_gantha_sangaho_e1001n',77,48);
INSERT INTO paragraphs VALUES('annya_niti_gantha_sangaho_e1001n',78,48);
INSERT INTO paragraphs VALUES('annya_niti_gantha_sangaho_e1001n',79,49);
INSERT INTO paragraphs VALUES('annya_niti_gantha_sangaho_e1001n',80,49);
INSERT INTO paragraphs VALUES('annya_niti_gantha_sangaho_e1001n',81,50);
INSERT INTO paragraphs VALUES('annya_niti_gantha_sangaho_e1001n',82,51);
INSERT INTO paragraphs VALUES('annya_niti_gantha_sangaho_e1001n',83,51);
INSERT INTO paragraphs VALUES('annya_niti_gantha_sangaho_e1001n',84,52);
INSERT INTO paragraphs VALUES('annya_niti_gantha_sangaho_e1001n',85,52);
INSERT INTO paragraphs VALUES('annya_niti_gantha_sangaho_e1001n',86,53);
INSERT INTO paragraphs VALUES('annya_niti_gantha_sangaho_e1001n',87,54);
INSERT INTO paragraphs VALUES('annya_niti_gantha_sangaho_e1001n',88,54);
INSERT INTO paragraphs VALUES('annya_niti_gantha_sangaho_e1001n',89,55);
INSERT INTO paragraphs VALUES('annya_niti_gantha_sangaho_e1001n',90,56);
INSERT INTO paragraphs VALUES('annya_niti_gantha_sangaho_e1001n',91,56);
INSERT INTO paragraphs VALUES('annya_niti_gantha_sangaho_e1001n',92,57);
INSERT INTO paragraphs VALUES('annya_niti_gantha_sangaho_e1001n',93,57);
INSERT INTO paragraphs VALUES('annya_niti_gantha_sangaho_e1001n',94,58);
INSERT INTO paragraphs VALUES('annya_niti_gantha_sangaho_e1001n',95,58);
INSERT INTO paragraphs VALUES('annya_niti_gantha_sangaho_e1001n',96,59);
INSERT INTO paragraphs VALUES('annya_niti_gantha_sangaho_e1001n',97,59);
INSERT INTO paragraphs VALUES('annya_niti_gantha_sangaho_e1001n',98,60);
INSERT INTO paragraphs VALUES('annya_niti_gantha_sangaho_e1001n',99,61);
INSERT INTO paragraphs VALUES('annya_niti_gantha_sangaho_e1001n',100,61);
INSERT INTO paragraphs VALUES('annya_niti_gantha_sangaho_e1001n',101,62);
INSERT INTO paragraphs VALUES('annya_niti_gantha_sangaho_e1001n',102,62);
INSERT INTO paragraphs VALUES('annya_niti_gantha_sangaho_e1001n',103,63);
INSERT INTO paragraphs VALUES('annya_niti_gantha_sangaho_e1001n',104,63);
INSERT INTO paragraphs VALUES('annya_niti_gantha_sangaho_e1001n',105,64);
INSERT INTO paragraphs VALUES('annya_niti_gantha_sangaho_e1001n',106,65);
INSERT INTO paragraphs VALUES('annya_niti_gantha_sangaho_e1001n',107,66);
INSERT INTO paragraphs VALUES('annya_niti_gantha_sangaho_e1001n',108,66);
INSERT INTO paragraphs VALUES('annya_niti_gantha_sangaho_e1001n',109,67);
INSERT INTO paragraphs VALUES('annya_niti_gantha_sangaho_e1001n',110,68);
INSERT INTO paragraphs VALUES('annya_niti_gantha_sangaho_e1001n',111,68);
INSERT INTO paragraphs VALUES('annya_niti_gantha_sangaho_e1001n',112,69);
INSERT INTO paragraphs VALUES('annya_niti_gantha_sangaho_e1001n',113,69);
INSERT INTO paragraphs VALUES('annya_niti_gantha_sangaho_e1001n',114,70);
INSERT INTO paragraphs VALUES('annya_niti_gantha_sangaho_e1001n',115,71);
INSERT INTO paragraphs VALUES('annya_niti_gantha_sangaho_e1001n',116,71);
INSERT INTO paragraphs VALUES('annya_niti_gantha_sangaho_e1001n',117,72);
INSERT INTO paragraphs VALUES('annya_niti_gantha_sangaho_e1001n',118,73);
INSERT INTO paragraphs VALUES('annya_niti_gantha_sangaho_e1001n',119,73);
INSERT INTO paragraphs VALUES('annya_niti_gantha_sangaho_e1001n',120,74);
INSERT INTO paragraphs VALUES('annya_niti_gantha_sangaho_e1001n',121,74);
INSERT INTO paragraphs VALUES('annya_niti_gantha_sangaho_e1001n',122,75);
INSERT INTO paragraphs VALUES('annya_niti_gantha_sangaho_e1001n',123,75);
INSERT INTO paragraphs VALUES('annya_niti_gantha_sangaho_e1001n',124,76);
INSERT INTO paragraphs VALUES('annya_niti_gantha_sangaho_e1001n',125,76);
INSERT INTO paragraphs VALUES('annya_niti_gantha_sangaho_e1001n',126,77);
INSERT INTO paragraphs VALUES('annya_niti_gantha_sangaho_e1001n',127,78);
INSERT INTO paragraphs VALUES('annya_niti_gantha_sangaho_e1001n',128,78);
INSERT INTO paragraphs VALUES('annya_niti_gantha_sangaho_e1001n',129,79);
INSERT INTO paragraphs VALUES('annya_niti_gantha_sangaho_e1001n',130,79);
INSERT INTO paragraphs VALUES('annya_niti_gantha_sangaho_e1001n',131,80);
INSERT INTO paragraphs VALUES('annya_niti_gantha_sangaho_e1001n',132,80);
INSERT INTO paragraphs VALUES('annya_niti_gantha_sangaho_e1001n',133,81);
INSERT INTO paragraphs VALUES('annya_niti_gantha_sangaho_e1001n',134,81);
INSERT INTO paragraphs VALUES('annya_niti_gantha_sangaho_e1001n',135,82);
INSERT INTO paragraphs VALUES('annya_niti_gantha_sangaho_e1001n',136,82);
INSERT INTO paragraphs VALUES('annya_niti_gantha_sangaho_e1001n',137,82);
INSERT INTO paragraphs VALUES('annya_niti_gantha_sangaho_e1001n',138,83);
INSERT INTO paragraphs VALUES('annya_niti_gantha_sangaho_e1001n',139,84);
INSERT INTO paragraphs VALUES('annya_niti_gantha_sangaho_e1001n',140,84);
INSERT INTO paragraphs VALUES('annya_niti_gantha_sangaho_e1001n',141,85);
INSERT INTO paragraphs VALUES('annya_niti_gantha_sangaho_e1001n',142,85);
INSERT INTO paragraphs VALUES('annya_niti_gantha_sangaho_e1001n',143,85);
INSERT INTO paragraphs VALUES('annya_niti_gantha_sangaho_e1001n',144,86);
INSERT INTO paragraphs VALUES('annya_niti_gantha_sangaho_e1001n',145,87);
INSERT INTO paragraphs VALUES('annya_niti_gantha_sangaho_e1001n',146,87);
INSERT INTO paragraphs VALUES('annya_niti_gantha_sangaho_e1001n',147,88);
INSERT INTO paragraphs VALUES('annya_niti_gantha_sangaho_e1001n',148,89);
INSERT INTO paragraphs VALUES('annya_niti_gantha_sangaho_e1001n',149,89);
INSERT INTO paragraphs VALUES('annya_niti_gantha_sangaho_e1001n',150,90);
INSERT INTO paragraphs VALUES('annya_niti_gantha_sangaho_e1001n',151,91);
INSERT INTO paragraphs VALUES('annya_niti_gantha_sangaho_e1001n',152,91);
INSERT INTO paragraphs VALUES('annya_niti_gantha_sangaho_e1001n',153,92);
INSERT INTO paragraphs VALUES('annya_niti_gantha_sangaho_e1001n',154,93);
INSERT INTO paragraphs VALUES('annya_niti_gantha_sangaho_e1001n',155,93);
INSERT INTO paragraphs VALUES('annya_niti_gantha_sangaho_e1001n',156,94);
INSERT INTO paragraphs VALUES('annya_niti_gantha_sangaho_e1001n',157,94);
INSERT INTO paragraphs VALUES('annya_niti_gantha_sangaho_e1001n',158,95);
INSERT INTO paragraphs VALUES('annya_niti_gantha_sangaho_e1001n',159,96);
INSERT INTO paragraphs VALUES('annya_niti_gantha_sangaho_e1001n',160,96);
INSERT INTO paragraphs VALUES('annya_niti_gantha_sangaho_e1001n',161,97);
INSERT INTO paragraphs VALUES('annya_niti_gantha_sangaho_e1001n',162,97);
INSERT INTO paragraphs VALUES('annya_niti_gantha_sangaho_e1001n',163,98);
INSERT INTO paragraphs VALUES('annya_niti_gantha_sangaho_e1001n',164,98);
INSERT INTO paragraphs VALUES('annya_niti_gantha_sangaho_e1001n',165,98);
INSERT INTO paragraphs VALUES('annya_niti_gantha_sangaho_e1001n',166,100);
INSERT INTO paragraphs VALUES('annya_niti_gantha_sangaho_e1001n',167,100);
INSERT INTO paragraphs VALUES('annya_niti_gantha_sangaho_e1001n',168,101);
INSERT INTO paragraphs VALUES('annya_niti_gantha_sangaho_e1001n',169,101);
INSERT INTO paragraphs VALUES('annya_niti_gantha_sangaho_e1001n',170,102);
INSERT INTO paragraphs VALUES('annya_niti_gantha_sangaho_e1001n',171,103);
INSERT INTO paragraphs VALUES('annya_niti_gantha_sangaho_e1001n',172,103);
INSERT INTO paragraphs VALUES('annya_niti_gantha_sangaho_e1001n',173,103);
INSERT INTO paragraphs VALUES('annya_niti_gantha_sangaho_e1001n',174,104);
INSERT INTO paragraphs VALUES('annya_niti_gantha_sangaho_e1001n',175,104);
INSERT INTO paragraphs VALUES('annya_niti_gantha_sangaho_e1001n',176,105);
INSERT INTO paragraphs VALUES('annya_niti_gantha_sangaho_e1001n',177,106);
INSERT INTO paragraphs VALUES('annya_niti_gantha_sangaho_e1001n',178,107);
INSERT INTO paragraphs VALUES('annya_niti_gantha_sangaho_e1001n',179,107);
INSERT INTO paragraphs VALUES('annya_niti_gantha_sangaho_e1001n',180,108);
INSERT INTO paragraphs VALUES('annya_niti_gantha_sangaho_e1001n',181,109);
INSERT INTO paragraphs VALUES('annya_niti_gantha_sangaho_e1001n',182,109);
INSERT INTO paragraphs VALUES('annya_niti_gantha_sangaho_e1001n',183,109);
INSERT INTO paragraphs VALUES('annya_niti_gantha_sangaho_e1001n',184,110);
INSERT INTO paragraphs VALUES('annya_niti_gantha_sangaho_e1001n',185,110);
INSERT INTO paragraphs VALUES('annya_niti_gantha_sangaho_e1001n',186,111);
INSERT INTO paragraphs VALUES('annya_niti_gantha_sangaho_e1001n',187,112);
INSERT INTO paragraphs VALUES('annya_niti_gantha_sangaho_e1001n',188,112);
INSERT INTO paragraphs VALUES('annya_niti_gantha_sangaho_e1001n',189,113);
INSERT INTO paragraphs VALUES('annya_niti_gantha_sangaho_e1001n',190,113);
INSERT INTO paragraphs VALUES('annya_niti_gantha_sangaho_e1001n',191,114);
INSERT INTO paragraphs VALUES('annya_niti_gantha_sangaho_e1001n',192,114);
INSERT INTO paragraphs VALUES('annya_niti_gantha_sangaho_e1001n',193,115);
INSERT INTO paragraphs VALUES('annya_niti_gantha_sangaho_e1001n',194,115);
INSERT INTO paragraphs VALUES('annya_niti_gantha_sangaho_e1001n',195,116);
INSERT INTO paragraphs VALUES('annya_niti_gantha_sangaho_e1001n',196,117);
INSERT INTO paragraphs VALUES('annya_niti_gantha_sangaho_e1001n',197,117);
INSERT INTO paragraphs VALUES('annya_niti_gantha_sangaho_e1001n',198,118);
INSERT INTO paragraphs VALUES('annya_niti_gantha_sangaho_e1001n',199,118);
INSERT INTO paragraphs VALUES('annya_niti_gantha_sangaho_e1001n',200,119);
INSERT INTO paragraphs VALUES('annya_niti_gantha_sangaho_e1001n',201,119);
INSERT INTO paragraphs VALUES('annya_niti_gantha_sangaho_e1001n',202,119);
INSERT INTO paragraphs VALUES('annya_niti_gantha_sangaho_e1001n',203,121);
INSERT INTO paragraphs VALUES('annya_niti_gantha_sangaho_e1001n',204,122);
INSERT INTO paragraphs VALUES('annya_niti_gantha_sangaho_e1001n',205,122);
INSERT INTO paragraphs VALUES('annya_niti_gantha_sangaho_e1001n',206,122);
INSERT INTO paragraphs VALUES('annya_niti_gantha_sangaho_e1001n',207,124);
INSERT INTO paragraphs VALUES('annya_niti_gantha_sangaho_e1001n',208,124);
INSERT INTO paragraphs VALUES('annya_niti_gantha_sangaho_e1001n',209,125);
INSERT INTO paragraphs VALUES('annya_niti_gantha_sangaho_e1001n',210,125);
INSERT INTO paragraphs VALUES('annya_niti_gantha_sangaho_e1001n',211,126);
INSERT INTO paragraphs VALUES('annya_niti_gantha_sangaho_e1001n',212,126);
INSERT INTO paragraphs VALUES('annya_niti_gantha_sangaho_e1001n',213,127);
INSERT INTO paragraphs VALUES('annya_niti_gantha_sangaho_e1001n',214,128);
INSERT INTO paragraphs VALUES('annya_niti_gantha_sangaho_e1001n',215,128);
INSERT INTO paragraphs VALUES('annya_niti_gantha_sangaho_e1001n',216,129);
INSERT INTO paragraphs VALUES('annya_niti_gantha_sangaho_e1001n',217,129);
INSERT INTO paragraphs VALUES('annya_niti_gantha_sangaho_e1001n',218,130);
INSERT INTO paragraphs VALUES('annya_niti_gantha_sangaho_e1001n',219,130);
INSERT INTO paragraphs VALUES('annya_niti_gantha_sangaho_e1001n',220,131);
INSERT INTO paragraphs VALUES('annya_niti_gantha_sangaho_e1001n',221,131);
INSERT INTO paragraphs VALUES('annya_niti_gantha_sangaho_e1001n',222,132);
INSERT INTO paragraphs VALUES('annya_niti_gantha_sangaho_e1001n',223,133);
INSERT INTO paragraphs VALUES('annya_niti_gantha_sangaho_e1001n',224,133);
INSERT INTO paragraphs VALUES('annya_niti_gantha_sangaho_e1001n',225,134);
INSERT INTO paragraphs VALUES('annya_niti_gantha_sangaho_e1001n',226,135);
INSERT INTO paragraphs VALUES('annya_niti_gantha_sangaho_e1001n',227,135);
INSERT INTO paragraphs VALUES('annya_niti_gantha_sangaho_e1001n',228,135);
INSERT INTO paragraphs VALUES('annya_niti_gantha_sangaho_e1001n',229,136);
INSERT INTO paragraphs VALUES('annya_niti_gantha_sangaho_e1001n',230,136);
INSERT INTO paragraphs VALUES('annya_niti_gantha_sangaho_e1001n',231,137);
INSERT INTO paragraphs VALUES('annya_niti_gantha_sangaho_e1001n',232,138);
INSERT INTO paragraphs VALUES('annya_niti_gantha_sangaho_e1001n',333,138);
INSERT INTO paragraphs VALUES('annya_niti_gantha_sangaho_e1001n',234,139);
INSERT INTO paragraphs VALUES('annya_niti_gantha_sangaho_e1001n',135,140);
INSERT INTO paragraphs VALUES('annya_niti_gantha_sangaho_e1001n',236,140);
INSERT INTO paragraphs VALUES('annya_niti_gantha_sangaho_e1001n',237,141);
INSERT INTO paragraphs VALUES('annya_niti_gantha_sangaho_e1001n',238,141);
INSERT INTO paragraphs VALUES('annya_niti_gantha_sangaho_e1001n',239,142);
INSERT INTO paragraphs VALUES('annya_niti_gantha_sangaho_e1001n',240,142);
INSERT INTO paragraphs VALUES('annya_niti_gantha_sangaho_e1001n',241,143);
INSERT INTO paragraphs VALUES('annya_niti_gantha_sangaho_e1001n',242,143);
INSERT INTO paragraphs VALUES('annya_niti_gantha_sangaho_e1001n',243,144);
INSERT INTO paragraphs VALUES('annya_niti_gantha_sangaho_e1001n',244,144);
INSERT INTO paragraphs VALUES('annya_niti_gantha_sangaho_e1001n',245,145);
INSERT INTO paragraphs VALUES('annya_niti_gantha_sangaho_e1001n',246,146);
INSERT INTO paragraphs VALUES('annya_niti_gantha_sangaho_e1001n',247,146);
INSERT INTO paragraphs VALUES('annya_niti_gantha_sangaho_e1001n',248,146);
INSERT INTO paragraphs VALUES('annya_niti_gantha_sangaho_e1001n',249,148);
INSERT INTO paragraphs VALUES('annya_niti_gantha_sangaho_e1001n',250,148);
INSERT INTO paragraphs VALUES('annya_niti_gantha_sangaho_e1001n',251,148);
INSERT INTO paragraphs VALUES('annya_niti_gantha_sangaho_e1001n',252,150);
INSERT INTO paragraphs VALUES('annya_niti_gantha_sangaho_e1001n',253,151);
INSERT INTO paragraphs VALUES('annya_niti_gantha_sangaho_e1001n',254,151);
INSERT INTO paragraphs VALUES('annya_niti_gantha_sangaho_e1001n',255,152);
INSERT INTO paragraphs VALUES('annya_niti_gantha_sangaho_e1001n',256,152);
INSERT INTO paragraphs VALUES('annya_niti_gantha_sangaho_e1001n',257,153);
INSERT INTO paragraphs VALUES('annya_niti_gantha_sangaho_e1001n',258,153);
INSERT INTO paragraphs VALUES('annya_niti_gantha_sangaho_e1001n',259,154);
INSERT INTO paragraphs VALUES('annya_niti_gantha_sangaho_e1001n',260,154);
INSERT INTO paragraphs VALUES('annya_niti_gantha_sangaho_e1001n',261,154);
INSERT INTO paragraphs VALUES('annya_niti_gantha_sangaho_e1001n',262,154);
INSERT INTO paragraphs VALUES('annya_niti_gantha_sangaho_e1001n',263,156);
INSERT INTO paragraphs VALUES('annya_niti_gantha_sangaho_e1001n',264,156);
INSERT INTO paragraphs VALUES('annya_niti_gantha_sangaho_e1001n',265,158);
INSERT INTO paragraphs VALUES('annya_niti_gantha_sangaho_e1001n',266,158);
INSERT INTO paragraphs VALUES('annya_niti_gantha_sangaho_e1001n',267,158);
INSERT INTO paragraphs VALUES('annya_niti_gantha_sangaho_e1001n',268,159);
INSERT INTO paragraphs VALUES('annya_niti_gantha_sangaho_e1001n',269,160);
INSERT INTO paragraphs VALUES('annya_niti_gantha_sangaho_e1001n',270,160);
INSERT INTO paragraphs VALUES('annya_niti_gantha_sangaho_e1001n',271,161);
INSERT INTO paragraphs VALUES('annya_niti_gantha_sangaho_e1001n',272,162);
INSERT INTO paragraphs VALUES('annya_niti_gantha_sangaho_e1001n',273,163);
INSERT INTO paragraphs VALUES('annya_niti_gantha_sangaho_e1001n',274,163);
INSERT INTO paragraphs VALUES('annya_niti_gantha_sangaho_e1001n',275,163);
INSERT INTO paragraphs VALUES('annya_niti_gantha_sangaho_e1001n',276,164);
INSERT INTO paragraphs VALUES('annya_niti_gantha_sangaho_e1001n',277,165);
INSERT INTO paragraphs VALUES('annya_niti_gantha_sangaho_e1001n',278,166);
INSERT INTO paragraphs VALUES('annya_niti_gantha_sangaho_e1001n',279,167);
INSERT INTO paragraphs VALUES('annya_niti_gantha_sangaho_e1001n',280,167);
INSERT INTO paragraphs VALUES('annya_niti_gantha_sangaho_e1001n',281,167);
INSERT INTO paragraphs VALUES('annya_niti_gantha_sangaho_e1001n',282,168);
INSERT INTO paragraphs VALUES('annya_niti_gantha_sangaho_e1001n',283,170);
INSERT INTO paragraphs VALUES('annya_niti_gantha_sangaho_e1001n',284,170);
INSERT INTO paragraphs VALUES('annya_niti_gantha_sangaho_e1001n',285,171);
INSERT INTO paragraphs VALUES('annya_niti_gantha_sangaho_e1001n',286,171);
INSERT INTO paragraphs VALUES('annya_niti_gantha_sangaho_e1001n',287,173);
INSERT INTO paragraphs VALUES('annya_niti_gantha_sangaho_e1001n',288,173);
INSERT INTO paragraphs VALUES('annya_niti_gantha_sangaho_e1001n',289,173);
INSERT INTO paragraphs VALUES('annya_niti_gantha_sangaho_e1001n',290,174);
INSERT INTO paragraphs VALUES('annya_niti_gantha_sangaho_e1001n',291,175);
INSERT INTO paragraphs VALUES('annya_niti_gantha_sangaho_e1001n',292,175);
INSERT INTO paragraphs VALUES('annya_niti_gantha_sangaho_e1001n',293,176);
INSERT INTO paragraphs VALUES('annya_niti_gantha_sangaho_e1001n',294,176);
INSERT INTO paragraphs VALUES('annya_niti_gantha_sangaho_e1001n',295,176);
INSERT INTO paragraphs VALUES('annya_niti_gantha_sangaho_e1001n',296,179);
INSERT INTO paragraphs VALUES('annya_niti_gantha_sangaho_e1001n',297,179);
INSERT INTO paragraphs VALUES('annya_niti_gantha_sangaho_e1001n',298,179);
INSERT INTO paragraphs VALUES('annya_niti_gantha_sangaho_e1001n',299,180);
INSERT INTO paragraphs VALUES('annya_niti_gantha_sangaho_e1001n',300,181);
INSERT INTO paragraphs VALUES('annya_niti_gantha_sangaho_e1001n',301,181);
INSERT INTO paragraphs VALUES('annya_niti_gantha_sangaho_e1001n',302,182);
INSERT INTO paragraphs VALUES('annya_niti_gantha_sangaho_e1001n',303,182);
INSERT INTO paragraphs VALUES('annya_niti_gantha_sangaho_e1001n',304,183);
INSERT INTO paragraphs VALUES('annya_niti_gantha_sangaho_e1001n',305,183);
INSERT INTO paragraphs VALUES('annya_niti_gantha_sangaho_e1001n',306,184);
INSERT INTO paragraphs VALUES('annya_niti_gantha_sangaho_e1001n',307,184);
INSERT INTO paragraphs VALUES('annya_niti_gantha_sangaho_e1001n',308,185);
INSERT INTO paragraphs VALUES('annya_niti_gantha_sangaho_e1001n',309,185);
INSERT INTO paragraphs VALUES('annya_niti_gantha_sangaho_e1001n',310,186);
INSERT INTO paragraphs VALUES('annya_niti_gantha_sangaho_e1001n',311,186);
INSERT INTO paragraphs VALUES('annya_niti_gantha_sangaho_e1001n',312,187);
INSERT INTO paragraphs VALUES('annya_niti_gantha_sangaho_e1001n',313,188);
INSERT INTO paragraphs VALUES('annya_niti_gantha_sangaho_e1001n',314,188);
INSERT INTO paragraphs VALUES('annya_niti_gantha_sangaho_e1001n',315,189);
INSERT INTO paragraphs VALUES('annya_niti_gantha_sangaho_e1001n',316,189);
INSERT INTO paragraphs VALUES('annya_niti_gantha_sangaho_e1001n',317,191);
INSERT INTO paragraphs VALUES('annya_niti_gantha_sangaho_e1001n',318,192);
INSERT INTO paragraphs VALUES('annya_niti_gantha_sangaho_e1001n',319,192);
INSERT INTO paragraphs VALUES('annya_niti_gantha_sangaho_e1001n',320,193);
INSERT INTO paragraphs VALUES('annya_niti_gantha_sangaho_e1001n',321,193);
INSERT INTO paragraphs VALUES('annya_niti_gantha_sangaho_e1001n',322,193);
INSERT INTO paragraphs VALUES('annya_niti_gantha_sangaho_e1001n',323,193);
INSERT INTO paragraphs VALUES('annya_niti_gantha_sangaho_e1001n',324,193);
INSERT INTO paragraphs VALUES('annya_niti_gantha_sangaho_e1001n',325,193);
INSERT INTO paragraphs VALUES('annya_niti_gantha_sangaho_e1001n',326,196);
INSERT INTO paragraphs VALUES('annya_niti_gantha_sangaho_e1001n',327,197);
INSERT INTO paragraphs VALUES('annya_niti_gantha_sangaho_e1001n',328,197);
INSERT INTO paragraphs VALUES('annya_niti_gantha_sangaho_e1001n',329,198);
INSERT INTO paragraphs VALUES('annya_niti_gantha_sangaho_e1001n',330,199);
INSERT INTO paragraphs VALUES('annya_niti_gantha_sangaho_e1001n',331,199);
INSERT INTO paragraphs VALUES('annya_niti_gantha_sangaho_e1001n',332,200);
INSERT INTO paragraphs VALUES('annya_niti_gantha_sangaho_e1001n',333,201);
INSERT INTO paragraphs VALUES('annya_niti_gantha_sangaho_e1001n',334,201);
INSERT INTO paragraphs VALUES('annya_niti_gantha_sangaho_e1001n',335,202);
INSERT INTO paragraphs VALUES('annya_niti_gantha_sangaho_e1001n',336,202);
INSERT INTO paragraphs VALUES('annya_niti_gantha_sangaho_e1001n',1,203);
INSERT INTO paragraphs VALUES('annya_niti_gantha_sangaho_e1001n',2,204);
INSERT INTO paragraphs VALUES('annya_niti_gantha_sangaho_e1001n',3,205);
INSERT INTO paragraphs VALUES('annya_niti_gantha_sangaho_e1001n',4,205);
INSERT INTO paragraphs VALUES('annya_niti_gantha_sangaho_e1001n',5,205);
INSERT INTO paragraphs VALUES('annya_niti_gantha_sangaho_e1001n',6,206);
INSERT INTO paragraphs VALUES('annya_niti_gantha_sangaho_e1001n',7,206);
INSERT INTO paragraphs VALUES('annya_niti_gantha_sangaho_e1001n',8,207);
INSERT INTO paragraphs VALUES('annya_niti_gantha_sangaho_e1001n',1,212);
INSERT INTO paragraphs VALUES('annya_niti_gantha_sangaho_e1001n',2,213);
INSERT INTO paragraphs VALUES('annya_niti_gantha_sangaho_e1001n',3,213);
INSERT INTO paragraphs VALUES('annya_niti_gantha_sangaho_e1001n',4,214);
INSERT INTO paragraphs VALUES('annya_niti_gantha_sangaho_e1001n',5,214);
INSERT INTO paragraphs VALUES('annya_niti_gantha_sangaho_e1001n',6,215);
INSERT INTO paragraphs VALUES('annya_niti_gantha_sangaho_e1001n',7,216);
INSERT INTO paragraphs VALUES('annya_niti_gantha_sangaho_e1001n',8,216);
INSERT INTO paragraphs VALUES('annya_niti_gantha_sangaho_e1001n',9,216);
INSERT INTO paragraphs VALUES('annya_niti_gantha_sangaho_e1001n',10,216);
INSERT INTO paragraphs VALUES('annya_niti_gantha_sangaho_e1001n',11,216);
INSERT INTO paragraphs VALUES('annya_niti_gantha_sangaho_e1001n',12,216);
INSERT INTO paragraphs VALUES('annya_niti_gantha_sangaho_e1001n',13,216);
INSERT INTO paragraphs VALUES('annya_niti_gantha_sangaho_e1001n',14,219);
INSERT INTO paragraphs VALUES('annya_niti_gantha_sangaho_e1001n',15,219);
INSERT INTO paragraphs VALUES('annya_niti_gantha_sangaho_e1001n',16,219);
INSERT INTO paragraphs VALUES('annya_niti_gantha_sangaho_e1001n',17,221);
INSERT INTO paragraphs VALUES('annya_niti_gantha_sangaho_e1001n',18,221);
INSERT INTO paragraphs VALUES('annya_niti_gantha_sangaho_e1001n',19,221);
INSERT INTO paragraphs VALUES('annya_niti_gantha_sangaho_e1001n',20,222);
INSERT INTO paragraphs VALUES('annya_niti_gantha_sangaho_e1001n',21,222);
INSERT INTO paragraphs VALUES('annya_niti_gantha_sangaho_e1001n',22,222);
INSERT INTO paragraphs VALUES('annya_niti_gantha_sangaho_e1001n',23,223);
INSERT INTO paragraphs VALUES('annya_niti_gantha_sangaho_e1001n',24,223);
INSERT INTO paragraphs VALUES('annya_niti_gantha_sangaho_e1001n',25,223);
INSERT INTO paragraphs VALUES('annya_niti_gantha_sangaho_e1001n',26,224);
INSERT INTO paragraphs VALUES('annya_niti_gantha_sangaho_e1001n',27,224);
INSERT INTO paragraphs VALUES('annya_niti_gantha_sangaho_e1001n',28,224);
INSERT INTO paragraphs VALUES('annya_niti_gantha_sangaho_e1001n',29,225);
INSERT INTO paragraphs VALUES('annya_niti_gantha_sangaho_e1001n',30,226);
INSERT INTO paragraphs VALUES('annya_niti_gantha_sangaho_e1001n',31,226);
INSERT INTO paragraphs VALUES('annya_niti_gantha_sangaho_e1001n',32,227);
INSERT INTO paragraphs VALUES('annya_niti_gantha_sangaho_e1001n',33,227);
INSERT INTO paragraphs VALUES('annya_niti_gantha_sangaho_e1001n',34,227);
INSERT INTO paragraphs VALUES('annya_niti_gantha_sangaho_e1001n',35,228);
INSERT INTO paragraphs VALUES('annya_niti_gantha_sangaho_e1001n',36,228);
DELETE FROM pages where bookid='annya_niti_gantha_sangaho_e1001n';
INSERT INTO pages (bookid, page, content, paranum) VALUES('annya_niti_gantha_sangaho_e1001n',1,replace(replace('<p class="centered"> Namo tassa bhagavato arahato sammāsambuddhassa</p>\r\n<p class="book">Kavidappaṇanīti</p>\r\n<p class="chapter">Mātikā</p>\r\n<p class="gatha1">Yathādhammikarājūnaṃ, amaccā ca purohitā;</p>\r\n<p class="gathalast">Nītisatthaṃ sunissāya, nicchayanti vinicchayaṃ.</p>\r\n<p class="gatha1">Aṅgāni vedā cattāro, mīmaṃsānyāya vitthāro;</p>\r\n<p class="gathalast">Dhammasatthaṃ purāṇañca, vijjā hetā catuddasa.</p>\r\n<p class="gatha1">Āyubbedo manubbedo, gandhabbo ceti te tayo;</p>\r\n<p class="gathalast">Atthasatthaṃ catutthañca, vijjāhyāṭṭharasa matā.</p>\r\n<p class="gatha1">Sutisamutisaṅkhyā ca, rogānīti visesakā;</p>\r\n<p class="gathalast">Gandhabbā gaṇikā ceva, dhanubbedā ca pūraṇā.</p>\r\n<p class="gatha1">Tikicchā itihāso ca, jotimāyā ca chandati;</p>\r\n<p class="gathalast">Ketumantā ca saddā ca, sippāṭṭhārasakā ime.</p>\r\n<p class="gatha1">Damo daṇḍo itikhyāto, taṭṭhādaṇḍo mahīpati;</p>\r\n<p class="gathalast">Tassa nīti daṇḍanīti, nayanānīti vuccati.</p>\r\n<p class="gatha1">Daṇḍena nīyate cedaṃ, daṇḍaṃ nayati vā puna;</p>\r\n<p class="gathalast">Daṇḍanīti itikhyāto, tilokā nati vattate.</p>\r\n<p class="gatha1">Nānāsatthoddhataṃ vakkhe, rājanīti samuccayaṃ;</p>\r\n<p class="gathalast">Sabbabījamiduṃ satthaṃ, cāṇakya sārasaṅgahaṃ.</p>\r\n<p class="gatha1">Mūlasuttaṃ pavakkhāmi, cāṇakyena yathoditaṃ;</p>\r\n<p class="gathalast">Yassaṃ viññātamattena, mūḷho bhavati paṇḍito.</p>\r\n<p class="gatha1">Mittalābho suhadabhedo, viggaho sandhireva ca;</p>\r\n<p class="gathalast">Pañcatandrā tathāññasmā, ganthā kassiyalikhyate.</p>\r\n<p class="bodytext">Lokanītimhā –</p>\r\n<p class="bodytext">(1) Paṇḍitakaṇḍa. (2) Sujanakaṇḍa. (3) Bāladujjana kaṇḍa. (4) Mittakaṇḍa. (5) Itthikaṇḍa. (6) Rājakaṇḍa. (7) Pakiṇṇaka kaṇḍa-</p>\r\n<p class="bodytext">Lokanīti –</p>\r\n<p class="gatha1">Paṇḍito sujano kaṇḍo, dujjano mittaitthī ca;</p>\r\n<p class="gathalast">Rājapakiṇṇako cāti, sattakaṇḍe vibhūsino.</p>\r\n<p class="gatha1">Cakkindābhisirināyaṃ, sodhito kāsike sāke;</p>\r\n<p class="gathalast">Chanotyaṃ dutiyāsaḷhe, kāḷasattama ādihe.</p>\r\n<p class="gatha1">Lokanītiṃ pavakkhāmi, nānāsatthasamuddhaṭaṃ;</p>\r\n<p class="gathalast">Māgadheneva saṅkhepaṃ, vanditvā ratanattayaṃ.</p>\r\n<p class="gatha1">Nīti loke purisassa sāro,</p>\r\n<p class="gatha2">Mātā pitā ācariyo mitto;</p>\r\n<p class="gatha3">Tasmā hi nītiṃ puriso vijaññā,</p>\r\n<p class="gathalast">Ñāṇīmahā hoti bahussuto.</p>\r\n<p class="bodytext">Mahārahanīti –</p>\r\n<p class="bodytext">(1) Paṇḍitakathā. (2) Sambhedakathā. (3) Mittakathā. (4) Nāyaka kathā. (5) Itthikathā</p>\r\n<p class="gatha1">Mahāraha rahaṃsakya-muniṃ nīvaraṇā taṇhā;</p>\r\n<p class="gathalast">Muttaṃ muttaṃ sudassanaṃ, vande bodhivaraṃ varaṃ.</p>\r\n<p class="gatha1">Nītidha jantūnaṃ sāro, mittācariyā ca pitaro;</p>\r\n<p class="gathalast">Nītimā subuddhibyatto, sutavā atthadassimā.</p>\r\n<p class="bodytext">Dhammanīti –</p>\r\n<p class="bodytext">(1) Ācariyakathā (2) sippakathā (3) paññākathā (4) sutakathā (5) kathānakathā (6) dhanakathā (7) desakathā (8) nissayakathā (9) mittakathā (10) dujjanakathā (11) sujanakathā (12) balakathā (13) itthikathā (14) yuttakathā (15) dāsakathā (16) gharāvāsakathā (17) kātabbakathā (18) akātabbakathā (19) ñātabbakathā (20) alaṅkārakathā (21) rājadhammakathā (22) upasevakakathā (23) dukkhādimissakakathā (24) pakiṇṇakakathā</p>\r\n<p class="gatha1">Cakkāticakkacakkindo, devātidevādevindo,</p>\r\n<p class="gathalast">Brahmāti brahmabrahmindo, jino pūretu me bhāvaṃ.</p>\r\n<p class="gatha1">Ciraṃ tiṭṭhatu lokamhi, dhaṃsakaṃ sabbapāṇinaṃ;</p>\r\n<p class="gathalast">Mahāmohatamaṃ jayaṃ, jotantaṃ jinasāsanaṃ.</p>\r\n<p class="gatha1">Vanditvā ratanaṃ seṭṭhaṃ, nissāya pubbake garu;</p>\r\n<p class="gathalast">Nītidhammaṃ pavakkhāmi, sabbaloka sukhāvahaṃ.</p>\r\n<p class="gatha1">Ācariyo ca sippañca, paññāsutakathādhanaṃ;</p>\r\n<p class="gathalast">Desañca nissayo mittaṃ, dujjano sujano balaṃ.</p>\r\n<p class="gatha1">Itthī putto ca dāso ca, gharāvāso katākato;</p>\r\n<p class="gatha2">Ñātabbo ca alaṅkāro, rājadhammā pasevako;</p>\r\n<p class="gathalast">Dukkhādimissako ceva, pakiṇṇakāti mātikā.</p>\r\n<p class="bodytext">Rājanīti –</p>\r\n<p class="gatha1">Sīhā ekaṃ bakā ekaṃ, sikkhe cattāri kukkuṭā;</p>\r\n<p class="gathalast">Pañca kākā rājā nāma, cha sunakkhā tīṇi gadrabhā.</p>\r\n<p class="hangnum"><a name="para1"></a><span class="paranum">1</span>.</p>\r\n<p class="gatha1"> Mahākammaṃ khuddakaṃ vā, yaṃ kammaṃ kātumicchati;</p>\r\n<p class="gathalast">Sabbārambhena kātabbaṃ, sīhā ekaṃ tadā bhave.</p>\r\n<p class="hangnum"><a name="para2"></a><span class="paranum">2</span>.</p>\r\n<p class="gatha1"> Indriyāni susaṃyama, bakova paṇḍito bhave;</p>\r\n<p class="gathalast">Desaka lomapannāni, sabbakammāni sādhaye.</p>\r\n<p class="hangnum"><a name="para3"></a><span class="paranum">3</span>.</p>\r\n<p class="gatha1"> Pubbaṭṭhānañca yuddhañca, saṃvibhāgañca bandhu hi;</p>\r\n<p class="gathalast">Thiyā akkamma bhuttañca, sikkhe cattāri kukkuṭo.</p>\r\n<p class="hangnum"><a name="para4"></a><span class="paranum">4</span>.</p>\r\n<p class="gatha1"> Guyhe methunaṃ pekkhitvā, bhojanaṃ ñātisaṅgaho;</p>\r\n<p class="gathalast">Vilokā pekkhanālasyaṃ, pañca sikkheyya vāyasā.</p>\r\n<p class="hangnum"><a name="para5"></a><span class="paranum">5</span>.</p>\r\n<p class="gatha1"> Anālassaṃtisavantāso, suniddhā suppabodhanā;</p>\r\n<p class="gathalast">Daḷhabhatti ca sūrañca, cha etesvānato guṇo.</p>\r\n<p class="hangnum"><a name="para6"></a><span class="paranum">6</span>.</p>\r\n<p class="gatha1"> Khinnova vahate bhāraṃ, sītuṇhañca na cintayī;</p>\r\n<p class="gathalast">Santuṭṭho ca bhave niccaṃ, tīṇi sikkheyya gadrabhā.</p>\r\n<p class="hangnum"><a name="para7"></a><span class="paranum">7</span>.</p>\r\n<p class="gatha1"> Vīsati tāni guṇāni, careyya iha paṇḍito;</p>\r\n<p class="gathalast">Vijeyya ripū sabbepi, tejassī so bhavissati.</p>\r\n<p class="bodytext">(1) Paṇḍitakaṇḍa (2) sujanakaṇḍa (3) bāladujjanakaṇḍa (4) mittakaṇḍa (5) rājakaṇḍa (6) nāyakakaṇḍa (7) puttakaṇḍa (8) vejjācariyakaṇḍa (9) dāsakakaṇḍa (10) itthikaṇḍa (11) pakiṇṇakakaṇḍa</p>\r\n<p class="gatha1">Kavidappaṇanītiṃyo, vācuggataṃ karoti ce;</p>\r\n<p class="gathalast">Bhuvanamajjhe eso hi, viññū paṇḍitajātiko.</p>\r\n<p class="subhead">Kavidappaṇanīti</p>\r\n<p class="centered"> Namo tassa bhagavato arahato sammāsambuddhassa</p>\r\n<p class="chapter">Ratanattayapaṇāma</p>\r\n<p class="hangnum"><a name="para1"></a><span class="paranum">1</span>.</p>\r\n<p class="gatha1"> </p>','\r',char(13)),'\n',char(10)),'-1-2-3-4-5-6-7-1-');
INSERT INTO pages (bookid, page, content, paranum) VALUES('annya_niti_gantha_sangaho_e1001n',1,replace(replace('<p class="gatha1">Mahākavivaraṃ <a name="M0.0001"></a> buddhaṃ, dhammañca tena sevitaṃ;</p>\r\n<p class="gathalast">Saṅghaṃ niraṅgaṇañcāpi, vandāmi sirasā daraṃ.</p>\r\n<p class="hangnum"><a name="para2"></a><span class="paranum">2</span>.</p>\r\n<p class="gatha1"> Karissāmi samāsena, nānāsattha samuddhaṭaṃ;</p>\r\n<p class="gathalast">Hitāya kavinaṃ nītiṃ, kavidappaṇanāmakaṃ.</p>\r\n<p class="chapter">Paṇḍitakaṇḍa</p>\r\n<p class="hangnum"><a name="para3"></a><span class="paranum">3</span>.</p>\r\n<p class="gatha1"> </p>','\r',char(13)),'\n',char(10)),'-2-3-');
INSERT INTO pages (bookid, page, content, paranum) VALUES('annya_niti_gantha_sangaho_e1001n',2,replace(replace('<p class="gatha1">Nīti <a name="M0.0002"></a> sāro manussānaṃ, mitto ācariyopi ca;</p>\r\n<p class="gathalast">Mātā pitā ca nītimā, sutavā ganthakārako.</p>\r\n<p class="hangnum"><a name="para4"></a><span class="paranum">4</span>.</p>\r\n<p class="gatha1"> </p>','\r',char(13)),'\n',char(10)),'-4-');
INSERT INTO pages (bookid, page, content, paranum) VALUES('annya_niti_gantha_sangaho_e1001n',3,replace(replace('<p class="gatha1">Alasassa <a name="M0.0003"></a> kuto sippaṃ, asippassa kuto dhanaṃ;</p>\r\n<p class="gatha2">Adhanassa kuto mittaṃ, amittassa kuto sukhaṃ;</p>\r\n<p class="gathalast">Asukhassa kuto puññaṃ, apuññassa kuto varaṃ.</p>\r\n<p class="hangnum"><a name="para5"></a><span class="paranum">5</span>.</p>\r\n<p class="gatha1"> </p>','\r',char(13)),'\n',char(10)),'-5-');
INSERT INTO pages (bookid, page, content, paranum) VALUES('annya_niti_gantha_sangaho_e1001n',4,replace(replace('<p class="gatha1">Sucintitacintī <a name="M0.0004"></a> ceva, subhāsitabhāsīpi ca;</p>\r\n<p class="gathalast">Sukatakammakārī ca, paṇḍito sādhumānuso.</p>\r\n<p class="hangnum"><a name="para6"></a><span class="paranum">6</span>.</p>\r\n<p class="gatha1"> </p>','\r',char(13)),'\n',char(10)),'-6-');
INSERT INTO pages (bookid, page, content, paranum) VALUES('annya_niti_gantha_sangaho_e1001n',5,replace(replace('<p class="gatha1">Kaviheraññakā <a name="M0.0005"></a> katvā, uttattaṃ satthakañcanaṃ;</p>\r\n<p class="gathalast">Bhūsanaṃ gajjapajjādiṃ, karonti ca manoharaṃ.</p>\r\n<p class="hangnum"><a name="para7"></a><span class="paranum">7</span>.</p>\r\n<p class="gatha1"> </p>','\r',char(13)),'\n',char(10)),'-7-');
INSERT INTO pages (bookid, page, content, paranum) VALUES('annya_niti_gantha_sangaho_e1001n',6,replace(replace('<p class="gatha1">Bahuṃ <a name="M0.0006"></a> lahuñca gahaṇaṃ, sammūpadhāraṇampi ca;</p>\r\n<p class="gathalast">Gahita asammussanaṃ, etaṃ suviññulakkhaṇaṃ.</p>\r\n<p class="hangnum"><a name="para8"></a><span class="paranum">8</span>.</p>\r\n<p class="gatha1"> Ajarāmaraṃva pañño, vijjamatthañca cintaye;</p>\r\n<p class="gathalast">Gahito iva kesesu, maccunā dhammamācare.</p>\r\n<p class="hangnum"><a name="para9"></a><span class="paranum">9</span>.</p>\r\n<p class="gatha1"> </p>','\r',char(13)),'\n',char(10)),'-8-9-');
INSERT INTO pages (bookid, page, content, paranum) VALUES('annya_niti_gantha_sangaho_e1001n',7,replace(replace('<p class="gatha1">Sippasamaṃ <a name="M0.0007"></a> dhanaṃ natthi, sippaṃ corā na gaṇhare;</p>\r\n<p class="gathalast">Idha loke sippaṃ mittaṃ, paraloke sukhāvahaṃ.</p>\r\n<p class="hangnum"><a name="para10"></a><span class="paranum">10</span>.</p>\r\n<p class="gatha1"> </p>','\r',char(13)),'\n',char(10)),'-10-');
INSERT INTO pages (bookid, page, content, paranum) VALUES('annya_niti_gantha_sangaho_e1001n',8,replace(replace('<p class="gatha1">Bhuñjanatthaṃ <a name="M0.0008"></a> kathanatthaṃ, mukhaṃ hotīti no vade;</p>\r\n<p class="gathalast">Yaṃ vātaṃ vā mukhāruḷhaṃ, vacanaṃ paṇḍito naro.</p>\r\n<p class="hangnum"><a name="para11"></a><span class="paranum">11</span>.</p>\r\n<p class="gatha1"> Dummedhehi pasaṃsā ca, viññūhi garahā ca yā;</p>\r\n<p class="gathalast">Garahāva seyyo viññūhi, yañce bālappasaṃsanā.</p>\r\n<p class="hangnum"><a name="para12"></a><span class="paranum">12</span>.</p>\r\n<p class="gatha1"> </p>','\r',char(13)),'\n',char(10)),'-11-12-');
INSERT INTO pages (bookid, page, content, paranum) VALUES('annya_niti_gantha_sangaho_e1001n',9,replace(replace('<p class="gatha1">Acintiye <a name="M0.0009"></a> sāṭṭhakathe, paṇḍito jinabhāsite;</p>\r\n<p class="gathalast">Upadesaṃ sadā gaṇhe, garuṃ sammā upaṭṭhahaṃ.</p>\r\n<p class="gatha1">Tasmā sāṭṭhakathe dhīro, gambhīre jinabhāsite;</p>\r\n<p class="gathalast">Upadesaṃ sadā gaṇhe, garuṃ sammā upaṭṭhahaṃ.</p>\r\n<p class="hangnum"><a name="para13"></a><span class="paranum">13</span>.</p>\r\n<p class="gatha1"> </p>','\r',char(13)),'\n',char(10)),'-13-');
INSERT INTO pages (bookid, page, content, paranum) VALUES('annya_niti_gantha_sangaho_e1001n',10,replace(replace('<p class="gatha1">Garūpadesahīno <a name="M0.0010"></a> hi, atthasāraṃ na vindati;</p>\r\n<p class="gathalast">Atthasāravihīno so, saddhammā parihāyati.</p>\r\n<p class="hangnum"><a name="para14"></a><span class="paranum">14</span>.</p>\r\n<p class="gatha1"> Garūpadesalābhī ca, atthasārasamāyuto;</p>\r\n<p class="gathalast">Saddhammaṃ paripālento, saddhammasmā na hāyati.</p>\r\n<p class="hangnum"><a name="para15"></a><span class="paranum">15</span>.</p>\r\n<p class="gatha1"> </p>','\r',char(13)),'\n',char(10)),'-14-15-');
INSERT INTO pages (bookid, page, content, paranum) VALUES('annya_niti_gantha_sangaho_e1001n',11,replace(replace('<p class="gatha1">Sabbadabbesu <a name="M0.0011"></a> vijjeva, dabbamāhu anuttaraṃ;</p>\r\n<p class="gathalast">Ahārattā anagghattā, akkhayattā ca sabbadā.</p>\r\n<p class="hangnum"><a name="para16"></a><span class="paranum">16</span>.</p>\r\n<p class="gatha1"> Appakenapi medhāvī, pābhatena vicakkhaṇo;</p>\r\n<p class="gathalast">Samuṭṭhāpeti attānaṃ, aṇuṃ aggiṃva sandhamaṃ.</p>\r\n<p class="hangnum"><a name="para17"></a><span class="paranum">17</span>.</p>\r\n<p class="gatha1"> </p>','\r',char(13)),'\n',char(10)),'-16-17-');
INSERT INTO pages (bookid, page, content, paranum) VALUES('annya_niti_gantha_sangaho_e1001n',12,replace(replace('<p class="gatha1">Paṇḍite <a name="M0.0012"></a> ca guṇā sabbe, mūḷhe dosā hi kevalaṃ;</p>\r\n<p class="gathalast">Tasmā mūḷhasahassesu, pañño eko visesiyate.</p>\r\n<p class="hangnum"><a name="para18"></a><span class="paranum">18</span>.</p>\r\n<p class="gatha1"> </p>','\r',char(13)),'\n',char(10)),'-18-');
INSERT INTO pages (bookid, page, content, paranum) VALUES('annya_niti_gantha_sangaho_e1001n',13,replace(replace('<p class="gatha1">Bālā <a name="M0.0013"></a> issanti dummedhā, guṇī niddosakārino;</p>\r\n<p class="gathalast">Garuko paṇḍito etasa-missaṃ tehyavidvā samo.</p>\r\n<p class="hangnum"><a name="para19"></a><span class="paranum">19</span>.</p>\r\n<p class="gatha1"> </p>','\r',char(13)),'\n',char(10)),'-19-');
INSERT INTO pages (bookid, page, content, paranum) VALUES('annya_niti_gantha_sangaho_e1001n',14,replace(replace('<p class="gatha1">Manuññameva <a name="M0.0014"></a> bhāseyya, nāmanuññaṃ kudācanaṃ;</p>\r\n<p class="gatha2">Manuññaṃ bhāsamānassa, garuṃ bhāraṃ udaddhari;</p>\r\n<p class="gathalast">Dhanañca naṃ alābhesi, tena cattamano ahu.</p>\r\n<p class="hangnum"><a name="para20"></a><span class="paranum">20</span>.</p>\r\n<p class="gatha1"> </p>','\r',char(13)),'\n',char(10)),'-20-');
INSERT INTO pages (bookid, page, content, paranum) VALUES('annya_niti_gantha_sangaho_e1001n',15,replace(replace('<p class="gatha1">Vijjā <a name="M0.0015"></a> dadāti vinayaṃ, vinayā yāti pattataṃ;</p>\r\n<p class="gathalast">Pattattā dhanaṃ pappoti, dhanā dhammaṃ tato sukhaṃ.</p>\r\n<p class="hangnum"><a name="para21"></a><span class="paranum">21</span>.</p>\r\n<p class="gatha1"> Ye vuḍḍhamapacayanti, narā dhammassa kovidā;</p>\r\n<p class="gathalast">Diṭṭheva dhamme pāsaṃsā, samparāye ca suggatiṃ.</p>\r\n<p class="hangnum"><a name="para22"></a><span class="paranum">22</span>.</p>\r\n<p class="gatha1"> </p>','\r',char(13)),'\n',char(10)),'-21-22-');
INSERT INTO pages (bookid, page, content, paranum) VALUES('annya_niti_gantha_sangaho_e1001n',16,replace(replace('<p class="gatha1">Mātariva <a name="M0.0016"></a> paradāresu, paradabbesu ledduṃva;</p>\r\n<p class="gathalast">Attanīva sabbabhūtesu, yo passati so paṇḍito.</p>\r\n<p class="hangnum"><a name="para23"></a><span class="paranum">23</span>.</p>\r\n<p class="gatha1"> </p>','\r',char(13)),'\n',char(10)),'-23-');
INSERT INTO pages (bookid, page, content, paranum) VALUES('annya_niti_gantha_sangaho_e1001n',17,replace(replace('<p class="gatha1">Āsīsetheva <a name="M0.0017"></a> puriso, na nibbindeyya paṇḍito;</p>\r\n<p class="gathalast">Anavajjesu kammesu, pasaṃsitesu sādhubhi.</p>','\r',char(13)),'\n',char(10)),'');
INSERT INTO pages (bookid, page, content, paranum) VALUES('annya_niti_gantha_sangaho_e1001n',18,replace(replace('<p class="gatha1">Āsīsetheva <a name="M0.0018"></a> puriso, na nibbindeyya paṇḍito;</p>\r\n<p class="gathalast">Passāmi vohaṃ attānaṃ, yathā icchiṃ tathā ahu.</p>\r\n<p class="hangnum"><a name="para24"></a><span class="paranum">24</span>.</p>\r\n<p class="gatha1"> Vāyametheva puriso, na nibbindeyya paṇḍito;</p>\r\n<p class="gathalast">Puññakriyavatthūsu, pasaṃsitesu viññubhi.</p>\r\n<p class="hangnum"><a name="para25"></a><span class="paranum">25</span>.</p>\r\n<p class="gatha1"> </p>','\r',char(13)),'\n',char(10)),'-24-25-');
INSERT INTO pages (bookid, page, content, paranum) VALUES('annya_niti_gantha_sangaho_e1001n',19,replace(replace('<p class="gatha1">Loke <a name="M0.0019"></a> ussāhavantānaṃ, janānaṃ kimasādhiyaṃ;</p>\r\n<p class="gathalast">Sāgarepi mahāsetuṃ, kapiyūthehi bandhati.</p>\r\n<p class="hangnum"><a name="para26"></a><span class="paranum">26</span>.</p>\r\n<p class="gatha1"> Kiṃ kulena visālena, guṇahīno tu yo naro;</p>\r\n<p class="gathalast">Akulinopi satthañño, devatāhipi pujjate.</p>\r\n<p class="hangnum"><a name="para27"></a><span class="paranum">27</span>.</p>\r\n<p class="gatha1"> </p>','\r',char(13)),'\n',char(10)),'-26-27-');
INSERT INTO pages (bookid, page, content, paranum) VALUES('annya_niti_gantha_sangaho_e1001n',20,replace(replace('<p class="gatha1">Ukkaṭṭhe <a name="M0.0020"></a> sūramicchanti, mantīsu akutūhalaṃ;</p>\r\n<p class="gathalast">Piyañca annapānamhi, atthe jāte ca paṇḍitaṃ.</p>\r\n<p class="hangnum"><a name="para28"></a><span class="paranum">28</span>.</p>\r\n<p class="gatha1"> </p>','\r',char(13)),'\n',char(10)),'-28-');
INSERT INTO pages (bookid, page, content, paranum) VALUES('annya_niti_gantha_sangaho_e1001n',21,replace(replace('<p class="gatha1">Rūpayobbannasampannā<a name="M0.0021"></a>, visālakulasambhavā;</p>\r\n<p class="gathalast">Vijjāhīnā na sobhante, niggandhā iva kiṃ sukā.</p>\r\n<p class="hangnum"><a name="para29"></a><span class="paranum">29</span>.</p>\r\n<p class="gatha1"> </p>','\r',char(13)),'\n',char(10)),'-29-');
INSERT INTO pages (bookid, page, content, paranum) VALUES('annya_niti_gantha_sangaho_e1001n',22,replace(replace('<p class="gatha1">Vutyaṃ <a name="M0.0022"></a> visadañāṇassa, ñāto attho tarassana;</p>\r\n<p class="gathalast">Sūrappabhāya ādāso, chāyaṃ disse na mākare.</p>\r\n<p class="hangnum"><a name="para30"></a><span class="paranum">30</span>.</p>\r\n<p class="gatha1"> Aveyyākaraṇo tvandho, badhiro kosavajjito;</p>\r\n<p class="gathalast">Sāhiccarahito paṅgu, mūgo takkavivajjito.</p>\r\n<p class="hangnum"><a name="para31"></a><span class="paranum">31</span>.</p>\r\n<p class="gatha1"> </p>','\r',char(13)),'\n',char(10)),'-30-31-');
INSERT INTO pages (bookid, page, content, paranum) VALUES('annya_niti_gantha_sangaho_e1001n',23,replace(replace('<p class="gatha1">Dhīro <a name="M0.0023"></a> ca vividhānaññū, paresaṃ vivarānugū;</p>\r\n<p class="gathalast">Sabbāmitte vasīkatvā, kosiyova sukhī siyā.</p>\r\n<p class="hangnum"><a name="para32"></a><span class="paranum">32</span>.</p>\r\n<p class="gatha1"> </p>','\r',char(13)),'\n',char(10)),'-32-');
INSERT INTO pages (bookid, page, content, paranum) VALUES('annya_niti_gantha_sangaho_e1001n',24,replace(replace('<p class="gatha1">Mahātejopi <a name="M0.0024"></a> tejoyaṃ, mattikaṃ na muduṃ kare;</p>\r\n<p class="gathalast">Āpo āpesi mudukaṃ, sādhuvācāva kakkhaḷaṃ.</p>\r\n<p class="hangnum"><a name="para33"></a><span class="paranum">33</span>.</p>\r\n<p class="gatha1"> Kottho puttena jātena, yo na vidū na dhammiko;</p>\r\n<p class="gathalast">Kāṇena cakkhunā kiṃ vā, cakkhu pīḷeva kevalaṃ.</p>\r\n<p class="hangnum"><a name="para34"></a><span class="paranum">34</span>.</p>\r\n<p class="gatha1"> </p>','\r',char(13)),'\n',char(10)),'-33-34-');
INSERT INTO pages (bookid, page, content, paranum) VALUES('annya_niti_gantha_sangaho_e1001n',25,replace(replace('<p class="gatha1">Mudunāva <a name="M0.0025"></a> ripuṃ jeti, mudunā jeti dāruṇaṃ;</p>\r\n<p class="gathalast">No na siddhaṃ mudu kiñci, tato ca mudunā jaye.</p>\r\n<p class="hangnum"><a name="para35"></a><span class="paranum">35</span>.</p>\r\n<p class="gatha1"> Sajāto yena jātena, yāti vaṃso samunnatiṃ;</p>\r\n<p class="gathalast">Parivattinisaṃsāre, mato ko vā na jāyate.</p>\r\n<p class="hangnum"><a name="para36"></a><span class="paranum">36</span>.</p>\r\n<p class="gatha1"> </p>','\r',char(13)),'\n',char(10)),'-35-36-');
INSERT INTO pages (bookid, page, content, paranum) VALUES('annya_niti_gantha_sangaho_e1001n',26,replace(replace('<p class="gatha1">Dāne <a name="M0.0026"></a> tapasi sūre ca, yassa na patthito yaso;</p>\r\n<p class="gathalast">Vijjāya matthalābhe ca, kevalaṃ adhikovaso.</p>\r\n<p class="hangnum"><a name="para37"></a><span class="paranum">37</span>.</p>\r\n<p class="gatha1"> Varo eko guṇī putto, na ca mūḷhasatānyapi;</p>\r\n<p class="gathalast">Eko cando tamo hanati, na ca tārāgaṇo tathā.</p>\r\n<p class="hangnum"><a name="para38"></a><span class="paranum">38</span>.</p>\r\n<p class="gatha1"> Puññatitthakato yena, tapo kvāpi sudukkaro;</p>\r\n<p class="gathalast">Tassa putto bhave vasso, samiddho dhammiko suddhe.</p>\r\n<p class="hangnum"><a name="para39"></a><span class="paranum">39</span>.</p>\r\n<p class="gatha1"> Lālaye pañcavassāni, dasavassāni tālaye;</p>\r\n<p class="gathalast">Pattetu soḷase vasse, puttaṃ mittaṃva ācare.</p>\r\n<p class="hangnum"><a name="para40"></a><span class="paranum">40</span>.</p>\r\n<p class="gatha1"> </p>','\r',char(13)),'\n',char(10)),'-37-38-39-40-');
INSERT INTO pages (bookid, page, content, paranum) VALUES('annya_niti_gantha_sangaho_e1001n',28,replace(replace('<p class="gatha1">Lālane <a name="M0.0028"></a> bahavo dosā, tālane bahavo guṇā;</p>\r\n<p class="gathalast">Tasmā puttañca sissañca, tālaye na tu lālaye.</p>\r\n<p class="hangnum"><a name="para41"></a><span class="paranum">41</span>.</p>\r\n<p class="gatha1"> Māgadhā pākatā ceva, sakkatavohāropi ca;</p>\r\n<p class="gathalast">Etesu kovido pañño, dhīro pāḷiṃ visodhaye.</p>\r\n<p class="hangnum"><a name="para42"></a><span class="paranum">42</span>.</p>\r\n<p class="gatha1"> </p>','\r',char(13)),'\n',char(10)),'-41-42-');
INSERT INTO pages (bookid, page, content, paranum) VALUES('annya_niti_gantha_sangaho_e1001n',29,replace(replace('<p class="gatha1">Sakkataṃ <a name="M0.0029"></a> pākatañceva-pabhaṃso ca pisācikī;</p>\r\n<p class="gathalast">Māgadhī sorasenīva, cha bhāsā parikittitā.</p>\r\n<p class="hangnum"><a name="para43"></a><span class="paranum">43</span>.</p>\r\n<p class="gatha1"> </p>','\r',char(13)),'\n',char(10)),'-43-');
INSERT INTO pages (bookid, page, content, paranum) VALUES('annya_niti_gantha_sangaho_e1001n',30,replace(replace('<p class="gatha1">Candanaṃ <a name="M0.0030"></a> sītalaṃ loke, candikā sītalā tato;</p>\r\n<p class="gathalast">Candana candikātopi, vākyaṃ sādhu subhāsitaṃ.</p>\r\n<p class="hangnum"><a name="para44"></a><span class="paranum">44</span>.</p>\r\n<p class="gatha1"> Pattakāloditaṃ appaṃ, vākyaṃ subhāsitaṃ bhave;</p>\r\n<p class="gathalast">Khuditassa kadannampi, bhuttaṃ sādurasaṃ siyā.</p>\r\n<p class="hangnum"><a name="para45"></a><span class="paranum">45</span>.</p>\r\n<p class="gatha1"> </p>','\r',char(13)),'\n',char(10)),'-44-45-');
INSERT INTO pages (bookid, page, content, paranum) VALUES('annya_niti_gantha_sangaho_e1001n',31,replace(replace('<p class="gatha1">Satthakāpi <a name="M0.0031"></a> bahūvācā, nādarā bahubhāṇino;</p>\r\n<p class="gathalast">Sopakāramudāsinā, nanu diṭṭhaṃ nadījalaṃ.</p>\r\n<p class="hangnum"><a name="para46"></a><span class="paranum">46</span>.</p>\r\n<p class="gatha1"> Pāsāṇachattaṃ garukaṃ, tato devānācikkhanā;</p>\r\n<p class="gathalast">Tato vuḍḍhānamovādo, tato buddhassa sāsanaṃ.</p>\r\n<p class="hangnum"><a name="para47"></a><span class="paranum">47</span>.</p>\r\n<p class="gatha1"> </p>','\r',char(13)),'\n',char(10)),'-46-47-');
INSERT INTO pages (bookid, page, content, paranum) VALUES('annya_niti_gantha_sangaho_e1001n',32,replace(replace('<p class="gatha1">Tūlaṃ <a name="M0.0032"></a> sallahukaṃ loke, tato capalajātiko;</p>\r\n<p class="gathalast">Tatonosāvako tato, yati dhammapamādako.</p>\r\n<p class="hangnum"><a name="para48"></a><span class="paranum">48</span>.</p>\r\n<p class="gatha1"> Paṇḍitassa pasaṃsāya, daṇḍo bālena dīyate;</p>\r\n<p class="gathalast">Paṇḍito paṇḍiteneva, vaṇṇitova suvaṇṇito.</p>\r\n<p class="hangnum"><a name="para49"></a><span class="paranum">49</span>.</p>\r\n<p class="gatha1"> Satesu jāyate sūro, sahassesu ca paṇḍito;</p>\r\n<p class="gathalast">Vuttā satasahassesu, dātā bhavati vā na vā.</p>\r\n<p class="hangnum"><a name="para50"></a><span class="paranum">50</span>.</p>\r\n<p class="gatha1"> Vidvattañca rājattañca, neva tulyaṃ kadācipi;</p>\r\n<p class="gathalast">Sadese pūjito rājā, vidvā sabbattha pūjito.</p>\r\n<p class="hangnum"><a name="para51"></a><span class="paranum">51</span>.</p>\r\n<p class="gatha1"> </p>','\r',char(13)),'\n',char(10)),'-48-49-50-51-');
INSERT INTO pages (bookid, page, content, paranum) VALUES('annya_niti_gantha_sangaho_e1001n',34,replace(replace('<p class="gatha1">Sataṃ <a name="M0.0034"></a> dīghāyukaṃ sabba-sattānaṃ sukhakāraṇaṃ;</p>\r\n<p class="gathalast">Asataṃ pana sabbesaṃ, dukkhahetu na saṃsayo.</p>\r\n<p class="hangnum"><a name="para52"></a><span class="paranum">52</span>.</p>\r\n<p class="gatha1"> Paṇḍite sujane sante, sabbepi sujanā janā;</p>\r\n<p class="gathalast">Jātekasmiṃ sāragandhe, sabbe gandhamayā dumā.</p>\r\n<p class="hangnum"><a name="para53"></a><span class="paranum">53</span>.</p>\r\n<p class="gatha1"> Attāva yadi vinīto, nijassitā mahājanā;</p>\r\n<p class="gathalast">Vinītaṃ yanti sabbepi, ko taṃ nāseyya paṇḍito.</p>\r\n<p class="hangnum"><a name="para54"></a><span class="paranum">54</span>.</p>\r\n<p class="gatha1"> Sarīrassa guṇānañca, dūramaccantamantaraṃ;</p>\r\n<p class="gathalast">Sarīraṃ khaṇaviddhaṃsī, kappantaṭṭhāyino guṇā.</p>\r\n<p class="hangnum"><a name="para55"></a><span class="paranum">55</span>.</p>\r\n<p class="gatha1"> Ambuṃ pivanti no najjo, rukkho khādati no phalaṃ;</p>\r\n<p class="gathalast">Megho kvacipi no sassaṃ, paratthāya sataṃ dhanaṃ.</p>\r\n<p class="hangnum"><a name="para56"></a><span class="paranum">56</span>.</p>\r\n<p class="gatha1"> Saccaṃ punapi saccanti, bhujamukkhippa muccate;</p>\r\n<p class="gathalast">Sakattho natthi nattheva, parassattha makubbato.</p>\r\n<p class="hangnum"><a name="para57"></a><span class="paranum">57</span>.</p>\r\n<p class="gatha1"> </p>','\r',char(13)),'\n',char(10)),'-52-53-54-55-56-57-');
INSERT INTO pages (bookid, page, content, paranum) VALUES('annya_niti_gantha_sangaho_e1001n',37,replace(replace('<p class="gatha1">Sataṃ <a name="M0.0037"></a> pharusavācāhi, na yāti vikatiṃ mano;</p>\r\n<p class="gathalast">Tiṇukkāhi na sakkāva, tāpetuṃ sāgare jalaṃ.</p>\r\n<p class="hangnum"><a name="para58"></a><span class="paranum">58</span>.</p>\r\n<p class="gatha1"> Selo yathā ekaghano, vātena na samīrati;</p>\r\n<p class="gathalast">Evaṃ nindāpasaṃsāsu, na samiñjanti paṇḍitā.</p>\r\n<p class="hangnum"><a name="para59"></a><span class="paranum">59</span>.</p>\r\n<p class="gatha1"> </p>','\r',char(13)),'\n',char(10)),'-58-59-');
INSERT INTO pages (bookid, page, content, paranum) VALUES('annya_niti_gantha_sangaho_e1001n',38,replace(replace('<p class="gatha1">Dhammatthakāmamokkhānaṃ<a name="M0.0038"></a>, yassekopi na vijjati;</p>\r\n<p class="gathalast">Ajagalathanasseva, tassa jāti niratthakā.</p>\r\n<p class="hangnum"><a name="para60"></a><span class="paranum">60</span>.</p>\r\n<p class="gatha1"> Na kammamapi cintetvā, caje uyyogamattano;</p>\r\n<p class="gathalast">Anuyyogena telāni, tilehi na sakkā laddhuṃ.</p>\r\n<p class="hangnum"><a name="para61"></a><span class="paranum">61</span>.</p>\r\n<p class="gatha1"> </p>','\r',char(13)),'\n',char(10)),'-60-61-');
INSERT INTO pages (bookid, page, content, paranum) VALUES('annya_niti_gantha_sangaho_e1001n',39,replace(replace('<p class="gatha1">Yathā <a name="M0.0039"></a> hyekena cakkena, na rathassa pati bhave;</p>\r\n<p class="gathalast">Evaṃ purisakārena, vinā kammaṃ na sijjhati.</p>\r\n<p class="hangnum"><a name="para62"></a><span class="paranum">62</span>.</p>\r\n<p class="gatha1"> Uyyāmena hi sijjhanti, kāriyāni na manorathaṃ;</p>\r\n<p class="gathalast">Na hi suttassa sīhassa, pavisanti migāmukhe.</p>\r\n<p class="hangnum"><a name="para63"></a><span class="paranum">63</span>.</p>\r\n<p class="gatha1"> </p>','\r',char(13)),'\n',char(10)),'-62-63-');
INSERT INTO pages (bookid, page, content, paranum) VALUES('annya_niti_gantha_sangaho_e1001n',40,replace(replace('<p class="gatha1">Mātāpitu <a name="M0.0040"></a> katābhyāso, guṇitameti bālako;</p>\r\n<p class="gathalast">Na gabbhajātimattena, putto bhavati paṇḍito.</p>\r\n<p class="hangnum"><a name="para64"></a><span class="paranum">64</span>.</p>\r\n<p class="gatha1"> Mātā sattu pitā verī, yena bālo na pāṭhito;</p>\r\n<p class="gathalast">Na sobhate sabhāmajjhe, haṃsamajjhe bako yathā.</p>\r\n<p class="hangnum"><a name="para65"></a><span class="paranum">65</span>.</p>\r\n<p class="gatha1"> </p>','\r',char(13)),'\n',char(10)),'-64-65-');
INSERT INTO pages (bookid, page, content, paranum) VALUES('annya_niti_gantha_sangaho_e1001n',41,replace(replace('<p class="gatha1">Kāco <a name="M0.0041"></a> kañcanasaṃsaggo, dhatte marakatiṃ jutiṃ;</p>\r\n<p class="gathalast">Tathā sabbhisannidhānā, mūḷho yāti pavīṇataṃ.</p>\r\n<p class="hangnum"><a name="para66"></a><span class="paranum">66</span>.</p>\r\n<p class="gatha1"> Tasmā akkharakosallaṃ, sammādeyya hitatthiko;</p>\r\n<p class="gathalast">Upaṭṭhahaṃ garuṃ sammā, uṭṭhānādīhi pañcahi.</p>\r\n<p class="hangnum"><a name="para67"></a><span class="paranum">67</span>.</p>\r\n<p class="gatha1"> </p>','\r',char(13)),'\n',char(10)),'-66-67-');
INSERT INTO pages (bookid, page, content, paranum) VALUES('annya_niti_gantha_sangaho_e1001n',42,replace(replace('<p class="gatha1">Uṭṭhānā <a name="M0.0042"></a> upaṭṭhānā, ca, sussūsā pāricarīyā;</p>\r\n<p class="gathalast">Sakkaccaṃ sippuggahaṇā, garuṃ ārādhaye budho.</p>\r\n<p class="hangnum"><a name="para68"></a><span class="paranum">68</span>.</p>\r\n<p class="gatha1"> </p>','\r',char(13)),'\n',char(10)),'-68-');
INSERT INTO pages (bookid, page, content, paranum) VALUES('annya_niti_gantha_sangaho_e1001n',43,replace(replace('<p class="gatha1">Kābyasattha <a name="M0.0043"></a> vinodena, kālo gacchati dhīmataṃ;</p>\r\n<p class="gathalast">Byasanena ca mūḷhānaṃ, nidāya kalahena vā.</p>\r\n<p class="hangnum"><a name="para69"></a><span class="paranum">69</span>.</p>\r\n<p class="gatha1"> Cha dosā puriseneha, hātabbā bhūtimicchatā;</p>\r\n<p class="gathalast">Niddātandī bhayaṃ kodho, ālasyaṃ dīghasuttatā.</p>','\r',char(13)),'\n',char(10)),'-69-');
INSERT INTO pages (bookid, page, content, paranum) VALUES('annya_niti_gantha_sangaho_e1001n',44,replace(replace('<p class="gatha1">Niddāsīlī <a name="M0.0044"></a> sabhāsīlī, anuṭṭhātā ca yo naro;</p>\r\n<p class="gathalast">Alaso kodhapaññāṇo, taṃ parābhavato mukhaṃ.</p>\r\n<p class="hangnum"><a name="para70"></a><span class="paranum">70</span>.</p>\r\n<p class="gatha1"> Nigguṇesupi sattesu, dayā kubbanti sādhavo;</p>\r\n<p class="gathalast">Na hi saṃharate jutiṃ, cando caṇḍālavesme.</p>\r\n<p class="hangnum"><a name="para71"></a><span class="paranum">71</span>.</p>\r\n<p class="gatha1"> </p>','\r',char(13)),'\n',char(10)),'-70-71-');
INSERT INTO pages (bookid, page, content, paranum) VALUES('annya_niti_gantha_sangaho_e1001n',45,replace(replace('<p class="gatha1">Yatra <a name="M0.0045"></a> vidvajjano natthi, sīlāghyo tatra appadhipi;</p>\r\n<p class="gathalast">Niratthapādame dese, eraṇḍopi dumāyate.</p>\r\n<p class="hangnum"><a name="para72"></a><span class="paranum">72</span>.</p>\r\n<p class="gatha1"> Ṭhānabhaṭṭhā na sobhante, dantā kesā nakhā narā;</p>\r\n<p class="gathalast">Itiviññāya matimā, saṭṭhānaṃ na pariccaje.</p>\r\n<p class="hangnum"><a name="para73"></a><span class="paranum">73</span>.</p>\r\n<p class="gatha1"> </p>','\r',char(13)),'\n',char(10)),'-72-73-');
INSERT INTO pages (bookid, page, content, paranum) VALUES('annya_niti_gantha_sangaho_e1001n',46,replace(replace('<p class="gatha1">Paropadese <a name="M0.0046"></a> paṇḍiccaṃ, sabbesaṃ sukarañhi kho;</p>\r\n<p class="gathalast">Dhamme sayamanuṭṭhānaṃ, kassacisumahattano.</p>\r\n<p class="hangnum"><a name="para74"></a><span class="paranum">74</span>.</p>\r\n<p class="gatha1"> Appamādaṃ pasaṃsanti, puññakiriyāsu paṇḍitā;</p>\r\n<p class="gathalast">Appamatto ubho atthe, adhiggaṇhāti paṇḍito.</p>\r\n<p class="hangnum"><a name="para75"></a><span class="paranum">75</span>.</p>\r\n<p class="gatha1"> </p>','\r',char(13)),'\n',char(10)),'-74-75-');
INSERT INTO pages (bookid, page, content, paranum) VALUES('annya_niti_gantha_sangaho_e1001n',47,replace(replace('<p class="gatha1">Nidhīnaṃva <a name="M0.0047"></a> pavattāraṃ, yaṃ passe vajjadassinaṃ;</p>\r\n<p class="gatha2">Niggayhavādiṃ medhāviṃ, tādisaṃ paṇḍitaṃ bhaje;</p>\r\n<p class="gathalast">Tādisaṃ bhajamānassa, seyyo hoti na pāpiyo.</p>\r\n<p class="hangnum"><a name="para76"></a><span class="paranum">76</span>.</p>\r\n<p class="gatha1"> </p>','\r',char(13)),'\n',char(10)),'-76-');
INSERT INTO pages (bookid, page, content, paranum) VALUES('annya_niti_gantha_sangaho_e1001n',48,replace(replace('<p class="gatha1">Muhuttamapi <a name="M0.0048"></a> ce viññū, paṇḍitaṃ payirupāsati;</p>\r\n<p class="gathalast">Khippaṃ dhammaṃ vijānāti, jivhā sūparasaṃ yathā.</p>\r\n<p class="hangnum"><a name="para77"></a><span class="paranum">77</span>.</p>\r\n<p class="gatha1"> Dullabho purisājañño, na so sabbattha jāyati;</p>\r\n<p class="gathalast">Yattha so jāyatī dhīro, taṃ kulaṃ sukha medhati.</p>\r\n<p class="hangnum"><a name="para78"></a><span class="paranum">78</span>.</p>\r\n<p class="gatha1"> </p>','\r',char(13)),'\n',char(10)),'-77-78-');
INSERT INTO pages (bookid, page, content, paranum) VALUES('annya_niti_gantha_sangaho_e1001n',49,replace(replace('<p class="gatha1">Tagarañca <a name="M0.0049"></a> palāsena, yo naro upanayhati;</p>\r\n<p class="gathalast">Pattāpi surati vāyanti, evaṃ dhīrūpasevanā.</p>\r\n<p class="hangnum"><a name="para79"></a><span class="paranum">79</span>.</p>\r\n<p class="gatha1"> Nipuṇe sutameseyya, vicinitvā sutatthiko;</p>\r\n<p class="gathalast">Bhattaṃ ukkhaliyaṃ pakkaṃ, bhājanepi tathā bhave.</p>\r\n<p class="hangnum"><a name="para80"></a><span class="paranum">80</span>.</p>\r\n<p class="gatha1"> </p>','\r',char(13)),'\n',char(10)),'-79-80-');
INSERT INTO pages (bookid, page, content, paranum) VALUES('annya_niti_gantha_sangaho_e1001n',50,replace(replace('<p class="gatha1">Appakaṃ <a name="M0.0050"></a> nātimaññeyya, citte sutaṃ nidhāpaye;</p>\r\n<p class="gathalast">Vammikodakabindūva, cirena paripūrati.</p>\r\n<p class="hangnum"><a name="para81"></a><span class="paranum">81</span>.</p>\r\n<p class="gatha1"> </p>','\r',char(13)),'\n',char(10)),'-81-');
INSERT INTO pages (bookid, page, content, paranum) VALUES('annya_niti_gantha_sangaho_e1001n',51,replace(replace('<p class="gatha1">Gacchaṃ <a name="M0.0051"></a> kipilliko yāti, yojanānaṃ satānipi;</p>\r\n<p class="gathalast">Agacchaṃ venayyoapi, padamekaṃ na gacchati.</p>\r\n<p class="hangnum"><a name="para82"></a><span class="paranum">82</span>.</p>\r\n<p class="gatha1"> Sele sele na maṇikaṃ, gaje gaje na muttikaṃ;</p>\r\n<p class="gathalast">Vane vane na candanaṃ, ṭhāne ṭhāne na paṇḍito.</p>\r\n<p class="hangnum"><a name="para83"></a><span class="paranum">83</span>.</p>\r\n<p class="gatha1"> </p>','\r',char(13)),'\n',char(10)),'-82-83-');
INSERT INTO pages (bookid, page, content, paranum) VALUES('annya_niti_gantha_sangaho_e1001n',52,replace(replace('<p class="gatha1">Paṇḍito <a name="M0.0052"></a> sutasampanno, yattha atthīti ce suto;</p>\r\n<p class="gathalast">Mahussāhena taṃ ṭhānaṃ, gantabbaṃva sutesinā.</p>\r\n<p class="hangnum"><a name="para84"></a><span class="paranum">84</span>.</p>\r\n<p class="gatha1"> Potthakesu ca yaṃ sippaṃ, parahatthesu yaṃ dhanaṃ;</p>\r\n<p class="gathalast">Yathākicce samuppanne, na taṃ sippaṃ na taṃ dhanaṃ.</p>\r\n<p class="hangnum"><a name="para85"></a><span class="paranum">85</span>.</p>\r\n<p class="gatha1"> </p>','\r',char(13)),'\n',char(10)),'-84-85-');
INSERT INTO pages (bookid, page, content, paranum) VALUES('annya_niti_gantha_sangaho_e1001n',53,replace(replace('<p class="gatha1">Uppalena <a name="M0.0053"></a> jalaṃ jaññā, kiriyāya kulaṃ naro;</p>\r\n<p class="gathalast">Byattippamāṇa vācāya, jaññā tiṇena medaniṃ.</p>\r\n<p class="gatha1">Jalappamāṇaṃ kumudamālaṃ,</p>\r\n<p class="gatha2">Kulappamāṇaṃ vinayopamāṇaṃ;</p>\r\n<p class="gatha3">Byattippamāṇaṃ kathitavākyaṃ,</p>\r\n<p class="gathalast">Pathaviyā pamāṇaṃ tiṇamilātaṃ –</p>\r\n<p class="hangnum"><a name="para86"></a><span class="paranum">86</span>.</p>\r\n<p class="gatha1"> </p>','\r',char(13)),'\n',char(10)),'-86-');
INSERT INTO pages (bookid, page, content, paranum) VALUES('annya_niti_gantha_sangaho_e1001n',54,replace(replace('<p class="gatha1">Appassuto <a name="M0.0054"></a> sutaṃ appaṃ, bahuṃ maññati mānavā;</p>\r\n<p class="gathalast">Sindhudakamapassanto, kūpe toyaṃva maṇḍuko.</p>\r\n<p class="hangnum"><a name="para87"></a><span class="paranum">87</span>.</p>\r\n<p class="gatha1"> Paṭhame sippaṃ gaṇheyya, eseyya dutiye dhanaṃ;</p>\r\n<p class="gathalast">Careyya tatiye dhammaṃ, esā janāna dhammatā.</p>\r\n<p class="hangnum"><a name="para88"></a><span class="paranum">88</span>.</p>\r\n<p class="gatha1"> </p>','\r',char(13)),'\n',char(10)),'-87-88-');
INSERT INTO pages (bookid, page, content, paranum) VALUES('annya_niti_gantha_sangaho_e1001n',55,replace(replace('<p class="gatha1">Sussūsā <a name="M0.0055"></a> suttavaddhanī, sutaṃ paññāya vaddhanaṃ;</p>\r\n<p class="gathalast">Paññāya atthaṃ jānāti, attho ñāto sukhāvaho.</p>\r\n<p class="hangnum"><a name="para89"></a><span class="paranum">89</span>.</p>\r\n<p class="gatha1"> </p>','\r',char(13)),'\n',char(10)),'-89-');
INSERT INTO pages (bookid, page, content, paranum) VALUES('annya_niti_gantha_sangaho_e1001n',56,replace(replace('<p class="gatha1">Natthi <a name="M0.0056"></a> vijjāsamaṃ mittaṃ, na ca byādhisamo ripu;</p>\r\n<p class="gathalast">Na ca atthasamaṃ pemaṃ, na ca kammasamaṃ balaṃ.</p>\r\n<p class="hangnum"><a name="para90"></a><span class="paranum">90</span>.</p>\r\n<p class="gatha1"> Vinā satthaṃ na gaccheyya, sūro saṅgāmabhūmiyaṃ;</p>\r\n<p class="gathalast">Paṇḍitvaddhagū vāṇijo, videsagamano tathā.</p>\r\n<p class="hangnum"><a name="para91"></a><span class="paranum">91</span>.</p>\r\n<p class="gatha1"> </p>','\r',char(13)),'\n',char(10)),'-90-91-');
INSERT INTO pages (bookid, page, content, paranum) VALUES('annya_niti_gantha_sangaho_e1001n',57,replace(replace('<p class="gatha1">Dhananāsaṃ <a name="M0.0057"></a> manotāpaṃ, ghare duccaritāni ca;</p>\r\n<p class="gathalast">Vañcanañca avamānaṃ, paṇḍito na pakāsaye.</p>\r\n<p class="hangnum"><a name="para92"></a><span class="paranum">92</span>.</p>\r\n<p class="gatha1"> Anavhāyaṃ gamayanto, apucchā bahubhāsako;</p>\r\n<p class="gathalast">Attaguṇaṃ pakāsanto, tividho hīnapuggalo.</p>\r\n<p class="hangnum"><a name="para93"></a><span class="paranum">93</span>.</p>\r\n<p class="gatha1"> </p>','\r',char(13)),'\n',char(10)),'-92-93-');
INSERT INTO pages (bookid, page, content, paranum) VALUES('annya_niti_gantha_sangaho_e1001n',58,replace(replace('<p class="gatha1">Haṃso <a name="M0.0058"></a> majjhe na kākānaṃ, sīho gunnaṃ na sobhate;</p>\r\n<p class="gathalast">Gadrabhamajjhe turaṅgo, bālamajjheva paṇḍito.</p>\r\n<p class="hangnum"><a name="para94"></a><span class="paranum">94</span>.</p>\r\n<p class="gatha1"> Pattānurūpakaṃ vākyaṃ, sabhāvānurūpaṃ piyaṃ;</p>\r\n<p class="gathalast">Attānurūpakaṃ kodhaṃ, yo jānāti sa paṇḍito.</p>\r\n<p class="hangnum"><a name="para95"></a><span class="paranum">95</span>.</p>\r\n<p class="gatha1"> </p>','\r',char(13)),'\n',char(10)),'-94-95-');
INSERT INTO pages (bookid, page, content, paranum) VALUES('annya_niti_gantha_sangaho_e1001n',59,replace(replace('<p class="gatha1">Apparūpo <a name="M0.0059"></a> bahuṃbhāso, appapañño pakāsako;</p>\r\n<p class="gathalast">Appapūro ghaṭo khobhe, appakhīrā gāvī cale.</p>\r\n<p class="hangnum"><a name="para96"></a><span class="paranum">96</span>.</p>\r\n<p class="gatha1"> Na titti rājā dhanamhi, paṇḍitopi subhāsite;</p>\r\n<p class="gathalast">Cakkhupi piyadassane, na titti sāgaro jale.</p>\r\n<p class="hangnum"><a name="para97"></a><span class="paranum">97</span>.</p>\r\n<p class="gatha1"> </p>','\r',char(13)),'\n',char(10)),'-96-97-');
INSERT INTO pages (bookid, page, content, paranum) VALUES('annya_niti_gantha_sangaho_e1001n',60,replace(replace('<p class="gatha1">Hīnaputto <a name="M0.0060"></a> rājamacco, bālaputto ca paṇḍito;</p>\r\n<p class="gathalast">Adhanassa dhanaṃbahu, purisānaṃ na maññatha.</p>\r\n<p class="hangnum"><a name="para98"></a><span class="paranum">98</span>.</p>\r\n<p class="gatha1"> </p>','\r',char(13)),'\n',char(10)),'-98-');
INSERT INTO pages (bookid, page, content, paranum) VALUES('annya_niti_gantha_sangaho_e1001n',61,replace(replace('<p class="gatha1">Yo <a name="M0.0061"></a> sisso sippalobhena, bahuṃ gaṇhāti taṃ sippaṃ;</p>\r\n<p class="gathalast">Mūgova supinaṃ passaṃ, kathetumpi na ussahe.</p>\r\n<p class="hangnum"><a name="para99"></a><span class="paranum">99</span>.</p>\r\n<p class="gatha1"> Na bhijjetuṃ kumbhakāro, sobhetuṃ kumbha ghaṭati;</p>\r\n<p class="gathalast">Na khipituṃ apāyesu, sissānaṃ vuḍḍhikāraṇā.</p>\r\n<p class="hangnum"><a name="para100"></a><span class="paranum">100</span>.</p>\r\n<p class="gatha1"> </p>','\r',char(13)),'\n',char(10)),'-99-100-');
INSERT INTO pages (bookid, page, content, paranum) VALUES('annya_niti_gantha_sangaho_e1001n',62,replace(replace('<p class="gatha1">Adhanassa <a name="M0.0062"></a> rasaṃkhādo, abalassa hato naro;</p>\r\n<p class="gathalast">Appaññassa vākyakaro, ummattaka samāhikho.</p>\r\n<p class="hangnum"><a name="para101"></a><span class="paranum">101</span>.</p>\r\n<p class="gatha1"> Ekenāpi surukkhena, pupphitena sugandhinā;</p>\r\n<p class="gathalast">Vāsitaṃ kānanaṃ sabbaṃ, suputtena kulaṃ yathā.</p>\r\n<p class="hangnum"><a name="para102"></a><span class="paranum">102</span>.</p>\r\n<p class="gatha1"> </p>','\r',char(13)),'\n',char(10)),'-101-102-');
INSERT INTO pages (bookid, page, content, paranum) VALUES('annya_niti_gantha_sangaho_e1001n',63,replace(replace('<p class="gatha1">Iṇakattā <a name="M0.0063"></a> pitā sattu, mātā ca byabhicārinī;</p>\r\n<p class="gathalast">Bhariyā rūpavatī sattu, putto sattu apaṇḍito.</p>\r\n<p class="hangnum"><a name="para103"></a><span class="paranum">103</span>.</p>\r\n<p class="gatha1"> Guṇadosamasatthaññū, jano vibhajate kathaṃ;</p>\r\n<p class="gathalast">Adhikāro kimandhassa, rūpabhedopaladdhiyaṃ.</p>\r\n<p class="hangnum"><a name="para104"></a><span class="paranum">104</span>.</p>\r\n<p class="gatha1"> </p>','\r',char(13)),'\n',char(10)),'-103-104-');
INSERT INTO pages (bookid, page, content, paranum) VALUES('annya_niti_gantha_sangaho_e1001n',64,replace(replace('<p class="gatha1">Sabbattha <a name="M0.0064"></a> satthatoyeva, guṇadosavicecanaṃ;</p>\r\n<p class="gathalast">Yaṃ karoti vināsatthaṃ, sāhasaṃ kimatodhikaṃ.</p>\r\n<p class="hangnum"><a name="para105"></a><span class="paranum">105</span>.</p>\r\n<p class="gatha1"> </p>','\r',char(13)),'\n',char(10)),'-105-');
INSERT INTO pages (bookid, page, content, paranum) VALUES('annya_niti_gantha_sangaho_e1001n',65,replace(replace('<p class="gatha1">Nihīyati <a name="M0.0065"></a> puriso nihīnasevī,</p>\r\n<p class="gatha2">Na ca hāyetha kadāci tulyasevī;</p>\r\n<p class="gatha3">Seṭṭhamupanamaṃ udeti khippaṃ,</p>\r\n<p class="gathalast">Tasmā attano uttariṃ bhaje.</p>\r\n<p class="hangnum"><a name="para106"></a><span class="paranum">106</span>.</p>\r\n<p class="gatha1"> </p>','\r',char(13)),'\n',char(10)),'-106-');
INSERT INTO pages (bookid, page, content, paranum) VALUES('annya_niti_gantha_sangaho_e1001n',66,replace(replace('<p class="gatha1">Paccuppannañca <a name="M0.0066"></a> yo dhammaṃ, tattha tattha vipassati;</p>\r\n<p class="gathalast">Asaṃhīraṃ asaṃkuppaṃ, taṃ vidvā manubrūhaye.</p>\r\n<p class="hangnum"><a name="para107"></a><span class="paranum">107</span>.</p>\r\n<p class="gatha1"> Chandā dosā bhayā mohā, yo dhammaṃ nātivattati;</p>\r\n<p class="gathalast">Āpūrati tassa yaso, sukkapakkheva candimā.</p>\r\n<p class="hangnum"><a name="para108"></a><span class="paranum">108</span>.</p>\r\n<p class="gatha1"> </p>','\r',char(13)),'\n',char(10)),'-107-108-');
INSERT INTO pages (bookid, page, content, paranum) VALUES('annya_niti_gantha_sangaho_e1001n',67,replace(replace('<p class="gatha1">Paṇḍito <a name="M0.0067"></a> sīlasampanno, saṇho ca paṭibhānavā;</p>\r\n<p class="gathalast">Nivātavutti athaddho, tādiso labhate yasaṃ.</p>\r\n<p class="hangnum"><a name="para109"></a><span class="paranum">109</span>.</p>\r\n<p class="gatha1"> </p>','\r',char(13)),'\n',char(10)),'-109-');
INSERT INTO pages (bookid, page, content, paranum) VALUES('annya_niti_gantha_sangaho_e1001n',68,replace(replace('<p class="gatha1">Dullabhaṃ <a name="M0.0068"></a> pākatikaṃ vākyaṃ, dullabho khemakaro suto;</p>\r\n<p class="gathalast">Dullabhā sadisī jāyā, dullabho sajano piyo.</p>\r\n<p class="hangnum"><a name="para110"></a><span class="paranum">110</span>.</p>\r\n<p class="gatha1"> Atthaṃ mahantamāpajja, vijjaṃ sampattimeva ca;</p>\r\n<p class="gathalast">Careyyāmānathaddho yo, paṇḍito so pavuccati.</p>\r\n<p class="hangnum"><a name="para111"></a><span class="paranum">111</span>.</p>\r\n<p class="gatha1"> </p>','\r',char(13)),'\n',char(10)),'-110-111-');
INSERT INTO pages (bookid, page, content, paranum) VALUES('annya_niti_gantha_sangaho_e1001n',69,replace(replace('<p class="gatha1">Sutasanniccayā <a name="M0.0069"></a> dhīrā, tuṇhībhūtā apucchitā;</p>\r\n<p class="gathalast">Puṇṇāsubhāsitenāpi, ghaṇṭādī ghaṭṭitā yathā.</p>\r\n<p class="hangnum"><a name="para112"></a><span class="paranum">112</span>.</p>\r\n<p class="gatha1"> Apuṭṭho paṇḍito bherī, pajjunno hoti pucchito;</p>\r\n<p class="gathalast">Bālo puṭṭho apuṭṭho ca, bahuṃ vikatthate sadā.</p>\r\n<p class="hangnum"><a name="para113"></a><span class="paranum">113</span>.</p>\r\n<p class="gatha1"> </p>','\r',char(13)),'\n',char(10)),'-112-113-');
INSERT INTO pages (bookid, page, content, paranum) VALUES('annya_niti_gantha_sangaho_e1001n',70,replace(replace('<p class="gatha1">Parūpavāde <a name="M0.0070"></a> badhiro, paravajje alocano;</p>\r\n<p class="gathalast">Paṅgulo aññanārīsu, dussatakke acetano.</p>\r\n<p class="gatha1">Cakkhumāssa yathā andho, sotavā badhiro yathā;</p>\r\n<p class="gatha2">Paññavāssa yathāmūgo, balavā dubbaloriva;</p>\r\n<p class="gathalast">Atha atthe samuppanne, sayetha matasāyitaṃ.</p>\r\n<p class="hangnum"><a name="para114"></a><span class="paranum">114</span>.</p>\r\n<p class="gatha1"> </p>','\r',char(13)),'\n',char(10)),'-114-');
INSERT INTO pages (bookid, page, content, paranum) VALUES('annya_niti_gantha_sangaho_e1001n',71,replace(replace('<p class="gatha1">Pāpamitte <a name="M0.0071"></a> vivajjetvā, bhajeyyuttamapuggalaṃ;</p>\r\n<p class="gathalast">Ovāde cassa tiṭṭheyya, patthento acalaṃ sukhaṃ.</p>\r\n<p class="hangnum"><a name="para115"></a><span class="paranum">115</span>.</p>\r\n<p class="gatha1"> Atisītaṃ atiuṇhaṃ, atisāyamidaṃ ahu;</p>\r\n<p class="gathalast">Iti vissaṭṭhakammante, atthā accenti māṇave.</p>\r\n<p class="hangnum"><a name="para116"></a><span class="paranum">116</span>.</p>\r\n<p class="gatha1"> </p>','\r',char(13)),'\n',char(10)),'-115-116-');
INSERT INTO pages (bookid, page, content, paranum) VALUES('annya_niti_gantha_sangaho_e1001n',72,replace(replace('<p class="gatha1">Yo <a name="M0.0072"></a> ca sītañca uṇhañca, tiṇābhiyyo na maññati;</p>\r\n<p class="gathalast">Karaṃ purisakiccāni, so sukhaṃ na vihāyati.</p>\r\n<p class="hangnum"><a name="para117"></a><span class="paranum">117</span>.</p>\r\n<p class="gatha1"> </p>','\r',char(13)),'\n',char(10)),'-117-');
INSERT INTO pages (bookid, page, content, paranum) VALUES('annya_niti_gantha_sangaho_e1001n',73,replace(replace('<p class="gatha1">Yasmiṃdese <a name="M0.0073"></a> na sammāno, na piyo na ca bandhavo;</p>\r\n<p class="gathalast">Na ca vijjāgamo koci, na tattha divasaṃ vase.</p>\r\n<p class="hangnum"><a name="para118"></a><span class="paranum">118</span>.</p>\r\n<p class="gatha1"> Dhanavā sutavā rājā, nadī vajjo ime pañca;</p>\r\n<p class="gathalast">Yattha dese na vijjanti, na tattha divasaṃ vase.</p>\r\n<p class="hangnum"><a name="para119"></a><span class="paranum">119</span>.</p>\r\n<p class="gatha1"> </p>','\r',char(13)),'\n',char(10)),'-118-119-');
INSERT INTO pages (bookid, page, content, paranum) VALUES('annya_niti_gantha_sangaho_e1001n',74,replace(replace('<p class="gatha1">Nabhassa <a name="M0.0074"></a> bhūsanaṃ cando, nārīnaṃ bhūsanaṃ pati;</p>\r\n<p class="gathalast">Chamāya bhūsanaṃ rājā, vijjā sabbassa bhūsanaṃ.</p>\r\n<p class="hangnum"><a name="para120"></a><span class="paranum">120</span>.</p>\r\n<p class="gatha1"> Sukhatthiko sace vijjaṃ, vijjatthiko caje sukhaṃ;</p>\r\n<p class="gathalast">Sukhatthino kuto vijjā, kuto vijjatthino sukhaṃ.</p>\r\n<p class="hangnum"><a name="para121"></a><span class="paranum">121</span>.</p>\r\n<p class="gatha1"> </p>','\r',char(13)),'\n',char(10)),'-120-121-');
INSERT INTO pages (bookid, page, content, paranum) VALUES('annya_niti_gantha_sangaho_e1001n',75,replace(replace('<p class="gatha1">Khaṇena <a name="M0.0075"></a> kaṇena ceva, vijjāmatthañca sādhaye;</p>\r\n<p class="gathalast">Khaṇacāge kuto vijjā, kaṇacāge kato dhanaṃ.</p>\r\n<p class="hangnum"><a name="para122"></a><span class="paranum">122</span>.</p>\r\n<p class="gatha1"> Ācariyā pādamādatte, pādaṃ sisso sajānanā;</p>\r\n<p class="gathalast">Pādaṃ sabrahmacārīhi, pādaṃ kālakkamena ca.</p>\r\n<p class="hangnum"><a name="para123"></a><span class="paranum">123</span>.</p>\r\n<p class="gatha1"> </p>','\r',char(13)),'\n',char(10)),'-122-123-');
INSERT INTO pages (bookid, page, content, paranum) VALUES('annya_niti_gantha_sangaho_e1001n',76,replace(replace('<p class="gatha1">Dhammo <a name="M0.0076"></a> jaye no adhammo, saccaṃ jayati nāsaccaṃ;</p>\r\n<p class="gathalast">Khamā jayati no kodho, devo jayati nāsūro.</p>\r\n<p class="hangnum"><a name="para124"></a><span class="paranum">124</span>.</p>\r\n<p class="gatha1"> Hatthassa bhūsanaṃ dānaṃ, saccaṃ kaṇṭhassa bhūsanaṃ;</p>\r\n<p class="gathalast">Sotassa bhūsanaṃ satthaṃ, bhūsane kiṃ payojanaṃ.</p>\r\n<p class="hangnum"><a name="para125"></a><span class="paranum">125</span>.</p>\r\n<p class="gatha1"> </p>','\r',char(13)),'\n',char(10)),'-124-125-');
INSERT INTO pages (bookid, page, content, paranum) VALUES('annya_niti_gantha_sangaho_e1001n',77,replace(replace('<p class="gatha1">Videsetu <a name="M0.0077"></a> dhanaṃ vijjā, byasanesu dhanaṃ mati;</p>\r\n<p class="gathalast">Paraloke dhanaṃ dhammo, sīlaṃ sabbattha ve dhanaṃ.</p>\r\n<p class="hangnum"><a name="para126"></a><span class="paranum">126</span>.</p>\r\n<p class="gatha1"> </p>','\r',char(13)),'\n',char(10)),'-126-');
INSERT INTO pages (bookid, page, content, paranum) VALUES('annya_niti_gantha_sangaho_e1001n',78,replace(replace('<p class="gatha1">Padose <a name="M0.0078"></a> dīpako cando, pabhāte dīpako ravi;</p>\r\n<p class="gathalast">Tiloke dīpako dhammo, suputto kuladīpako.</p>\r\n<p class="hangnum"><a name="para127"></a><span class="paranum">127</span>.</p>\r\n<p class="gatha1"> Vidvā eva vijānāti, vidvajjanaparissamaṃ;</p>\r\n<p class="gathalast">Na hi vañjhā vijānāti, guruṃ pasavavedanaṃ.</p>\r\n<p class="hangnum"><a name="para128"></a><span class="paranum">128</span>.</p>\r\n<p class="gatha1"> </p>','\r',char(13)),'\n',char(10)),'-127-128-');
INSERT INTO pages (bookid, page, content, paranum) VALUES('annya_niti_gantha_sangaho_e1001n',79,replace(replace('<p class="gatha1">Yassa <a name="M0.0079"></a> natthi sayaṃ paññā, satthaṃ tassa karoti kiṃ;</p>\r\n<p class="gathalast">Locanehi vihīnassa, dappaṇo kiṃ karissati.</p>\r\n<p class="hangnum"><a name="para129"></a><span class="paranum">129</span>.</p>\r\n<p class="gatha1"> Kiṃ karissanti vattāro, sotaṃ yattha na vijjate;</p>\r\n<p class="gathalast">Naggakapaṇake dese, rajako kiṃ karissati.</p>\r\n<p class="hangnum"><a name="para130"></a><span class="paranum">130</span>.</p>\r\n<p class="gatha1"> </p>','\r',char(13)),'\n',char(10)),'-129-130-');
INSERT INTO pages (bookid, page, content, paranum) VALUES('annya_niti_gantha_sangaho_e1001n',80,replace(replace('<p class="gatha1">Mūḷhasidhassāpadesena, <a name="M0.0080"></a> kunārībharaṇena ca;</p>\r\n<p class="gathalast">Khalasattūhi saṃyogā, paṇḍitopyāvasīdati.</p>\r\n<p class="hangnum"><a name="para131"></a><span class="paranum">131</span>.</p>\r\n<p class="gatha1"> Natthi attasamaṃ pemaṃ, natthi dhaññasamaṃ dhanaṃ;</p>\r\n<p class="gathalast">Natthi paññāsamā ābhā, vuṭṭhi ve paramā sarā.</p>\r\n<p class="hangnum"><a name="para132"></a><span class="paranum">132</span>.</p>\r\n<p class="gatha1"> </p>','\r',char(13)),'\n',char(10)),'-131-132-');
INSERT INTO pages (bookid, page, content, paranum) VALUES('annya_niti_gantha_sangaho_e1001n',81,replace(replace('<p class="gatha1">Bhujaṅgamaṃ <a name="M0.0081"></a> pāvakañca khattiyañca yasassinaṃ;</p>\r\n<p class="gathalast">Bhikkhuñca sīlasampannaṃ, sammadeva samācare.</p>\r\n<p class="hangnum"><a name="para133"></a><span class="paranum">133</span>.</p>\r\n<p class="gatha1"> Tasmā hi paṇḍito poso, sampassaṃ atthamattano;</p>\r\n<p class="gathalast">Buddhe dhamme ca saṅghe ca, dhīro saddhaṃ nivesaye.</p>\r\n<p class="hangnum"><a name="para134"></a><span class="paranum">134</span>.</p>\r\n<p class="gatha1"> </p>','\r',char(13)),'\n',char(10)),'-133-134-');
INSERT INTO pages (bookid, page, content, paranum) VALUES('annya_niti_gantha_sangaho_e1001n',82,replace(replace('<p class="gatha1">Guṇo <a name="M0.0082"></a> seṭṭhaṅgataṃ yāti, na ucce sayane vase;</p>\r\n<p class="gathalast">Pāsādasikhare vāso, kāko kiṃ garuḷo siyā.</p>\r\n<p class="hangnum"><a name="para135"></a><span class="paranum">135</span>.</p>\r\n<p class="gatha1"> Anāgataṃ bhayaṃ disvā, dūrato parivajjaye;</p>\r\n<p class="gathalast">Āgatañca bhayaṃ disvā, abhīto hoti paṇḍito.</p>\r\n<p class="hangnum"><a name="para136"></a><span class="paranum">136</span>.</p>\r\n<p class="gatha1"> Asajjāya malāmantā, anuṭṭhānamalā gharā;</p>\r\n<p class="gathalast">Malaṃ vaṇṇassa kosajjaṃ, pamādo rakkhato malaṃ.</p>\r\n<p class="hangnum"><a name="para137"></a><span class="paranum">137</span>.</p>\r\n<p class="gatha1"> </p>','\r',char(13)),'\n',char(10)),'-135-136-137-');
INSERT INTO pages (bookid, page, content, paranum) VALUES('annya_niti_gantha_sangaho_e1001n',83,replace(replace('<p class="gatha1">Anupubbena <a name="M0.0083"></a> medhāvī, thokaṃ thokaṃ khaṇe khaṇe;</p>\r\n<p class="gathalast">Kammāro rajatasseva, niddhame malamattano.</p>\r\n<p class="hangnum"><a name="para138"></a><span class="paranum">138</span>.</p>\r\n<p class="gatha1"> </p>','\r',char(13)),'\n',char(10)),'-138-');
INSERT INTO pages (bookid, page, content, paranum) VALUES('annya_niti_gantha_sangaho_e1001n',84,replace(replace('<p class="gatha1">Yañhi <a name="M0.0084"></a> kayirā tañhi vade, yaṃ na kayirā na taṃ vade;</p>\r\n<p class="gathalast">Akarontaṃ bhāsamānaṃ, parijānanti paṇḍitā.</p>\r\n<p class="hangnum"><a name="para139"></a><span class="paranum">139</span>.</p>\r\n<p class="gatha1"> Visamaṃ sabhayaṃ ativāto, paṭicchannaṃ devanissitaṃ;</p>\r\n<p class="gathalast">Pantho ca saṅgāmo titthaṃ, aṭṭhete parivajjiyā.</p>\r\n<p class="hangnum"><a name="para140"></a><span class="paranum">140</span>.</p>\r\n<p class="gatha1"> </p>','\r',char(13)),'\n',char(10)),'-139-140-');
INSERT INTO pages (bookid, page, content, paranum) VALUES('annya_niti_gantha_sangaho_e1001n',85,replace(replace('<p class="gatha1">Rattoduṭṭho <a name="M0.0085"></a> ca muḷho ca, mānī luddho tathālaso;</p>\r\n<p class="gathalast">Ekacintī ca bālo ca, ete atthavināsakā.</p>\r\n<p class="hangnum"><a name="para141"></a><span class="paranum">141</span>.</p>\r\n<p class="gatha1"> Ratto duṭṭho ca mūḷho ca, bhīru āmisagaruko;</p>\r\n<p class="gathalast">Itthī soṇḍo paṇḍako ca, navamo dārakopi ca.</p>\r\n<p class="hangnum"><a name="para142"></a><span class="paranum">142</span>.</p>\r\n<p class="gatha1"> Navate puggalā loke, ittarā calitā calā;</p>\r\n<p class="gathalast">Etehi mantitaṃ guyhaṃ, khippaṃ bhavati pākaṭaṃ.</p>\r\n<p class="hangnum"><a name="para143"></a><span class="paranum">143</span>.</p>\r\n<p class="gatha1"> </p>','\r',char(13)),'\n',char(10)),'-141-142-143-');
INSERT INTO pages (bookid, page, content, paranum) VALUES('annya_niti_gantha_sangaho_e1001n',86,replace(replace('<p class="gatha1">Yo <a name="M0.0086"></a> niruttiṃ na sikkheyya, sikkhanto piṭakattayaṃ;</p>\r\n<p class="gathalast">Pade pade vikaṅkheyya, vane andhagajo yathā.</p>\r\n<p class="hangnum"><a name="para144"></a><span class="paranum">144</span>.</p>\r\n<p class="gatha1"> </p>','\r',char(13)),'\n',char(10)),'-144-');
INSERT INTO pages (bookid, page, content, paranum) VALUES('annya_niti_gantha_sangaho_e1001n',87,replace(replace('<p class="gatha1">Suttaṃ <a name="M0.0087"></a> dhātu gaṇoṇvādi, nāmaliṅgānusāsanaṃ;</p>\r\n<p class="gathalast">Yassa tiṭṭhati jivhagge, sabyākaraṇakesarī.</p>\r\n<p class="hangnum"><a name="para145"></a><span class="paranum">145</span>.</p>\r\n<p class="gatha1"> Saddatthalakkhaṇe bhedī, yo yo nicchitalakkhaṇe;</p>\r\n<p class="gathalast">So so ñātumakicchena, pahoti piṭakattaye.</p>\r\n<p class="hangnum"><a name="para146"></a><span class="paranum">146</span>.</p>\r\n<p class="gatha1"> </p>','\r',char(13)),'\n',char(10)),'-145-146-');
INSERT INTO pages (bookid, page, content, paranum) VALUES('annya_niti_gantha_sangaho_e1001n',88,replace(replace('<p class="gatha1">Yo <a name="M0.0088"></a> saddasatthakusalo kusalo nighaṇḍu,</p>\r\n<p class="gatha2">Chando alaṅkatisu niccakatābhiyogo;</p>\r\n<p class="gatha3">So yaṃ kavittavikalopi kavīsu saṅkhyaṃ,</p>\r\n<p class="gathalast">Moggayha vindati hi kitti’ mamandarūpaṃ.</p>\r\n<p class="hangnum"><a name="para147"></a><span class="paranum">147</span>.</p>\r\n<p class="gatha1"> </p>','\r',char(13)),'\n',char(10)),'-147-');
INSERT INTO pages (bookid, page, content, paranum) VALUES('annya_niti_gantha_sangaho_e1001n',89,replace(replace('<p class="gatha1">Sukkhopi <a name="M0.0089"></a> candanataru na jahāti gandhaṃ,</p>\r\n<p class="gatha2">Nāgo gato naramukhe na jahāti līḷaṃ;</p>\r\n<p class="gatha3">Yantagato madhurasaṃ na jahāti ucchu,</p>\r\n<p class="gathalast">Dukkhopi paṇḍitajano na jahāti dhammaṃ.</p>\r\n<p class="hangnum"><a name="para148"></a><span class="paranum">148</span>.</p>\r\n<p class="gatha1"> Dhanadhaññappayogesu, tathā vijjāgamesu ca;</p>\r\n<p class="gathalast">Āhāre byavahāre ca, cattalajjo sadā bhave.</p>\r\n<p class="hangnum"><a name="para149"></a><span class="paranum">149</span>.</p>\r\n<p class="gatha1"> </p>','\r',char(13)),'\n',char(10)),'-148-149-');
INSERT INTO pages (bookid, page, content, paranum) VALUES('annya_niti_gantha_sangaho_e1001n',90,replace(replace('<p class="gatha1">Sābhāvikī <a name="M0.0090"></a> ca paṭibhā, sutañca bahunimmalaṃ;</p>\r\n<p class="gathalast">Amando cābhiyogoyaṃ, hetu hotiha bandhane.</p>\r\n<p class="hangnum"><a name="para150"></a><span class="paranum">150</span>.</p>\r\n<p class="gatha1"> </p>','\r',char(13)),'\n',char(10)),'-150-');
INSERT INTO pages (bookid, page, content, paranum) VALUES('annya_niti_gantha_sangaho_e1001n',91,replace(replace('<p class="gatha1">Jaheyya <a name="M0.0091"></a> pāpake mitte, bhajeyya paṇḍite jane;</p>\r\n<p class="gathalast">Sādhavo abhiseveyya, suṇeyya dhammamuttamaṃ.</p>\r\n<p class="hangnum"><a name="para151"></a><span class="paranum">151</span>.</p>\r\n<p class="gatha1"> Kalyāṇakārī kalyāṇaṃ, pāpakārī ca pāpakaṃ;</p>\r\n<p class="gathalast">Yādisaṃ vappate bījaṃ, tādisaṃ harate phalaṃ.</p>\r\n<p class="hangnum"><a name="para152"></a><span class="paranum">152</span>.</p>\r\n<p class="gatha1"> </p>','\r',char(13)),'\n',char(10)),'-151-152-');
INSERT INTO pages (bookid, page, content, paranum) VALUES('annya_niti_gantha_sangaho_e1001n',92,replace(replace('<p class="gatha1">Chando <a name="M0.0092"></a> nidānaṃ gāthānaṃ, akkharā tāsaṃ viyañjanaṃ;</p>\r\n<p class="gathalast">Nāmasannissitā gāthā, kavi gāthānamāsayo.</p>\r\n<p class="hangnum"><a name="para153"></a><span class="paranum">153</span>.</p>\r\n<p class="gatha1"> </p>','\r',char(13)),'\n',char(10)),'-153-');
INSERT INTO pages (bookid, page, content, paranum) VALUES('annya_niti_gantha_sangaho_e1001n',93,replace(replace('<p class="gatha1">Tasmā <a name="M0.0093"></a> hi paṇḍito poso, sampassaṃ hitamattano;</p>\r\n<p class="gathalast">Paññavantaṃbhipūjeyya, cetiyaṃ viya sādaro.</p>\r\n<p class="hangnum"><a name="para154"></a><span class="paranum">154</span>.</p>\r\n<p class="gatha1"> Dhīraṃ passe suṇe dhīraṃ, dhīrena sahasaṃvase;</p>\r\n<p class="gathalast">Dhīrenallāpasallāpaṃ, taṃ kare tañca rocaye.</p>\r\n<p class="hangnum"><a name="para155"></a><span class="paranum">155</span>.</p>\r\n<p class="gatha1"> </p>','\r',char(13)),'\n',char(10)),'-154-155-');
INSERT INTO pages (bookid, page, content, paranum) VALUES('annya_niti_gantha_sangaho_e1001n',94,replace(replace('<p class="gatha1">Nayaṃ <a name="M0.0094"></a> nayati medhāvī, adhurāyaṃ na yuñjati;</p>\r\n<p class="gatha2">Sunayo seyyaso hoti, sammā vutto na kuppati;</p>\r\n<p class="gathalast">Vinayaṃ so pajānāti, sādhu tena samāgamo.</p>\r\n<p class="hangnum"><a name="para156"></a><span class="paranum">156</span>.</p>\r\n<p class="gatha1"> Sace labhetha nipakaṃ sahāyaṃ,</p>\r\n<p class="gatha2">Saddhiṃ caraṃ sādhuvihāri dhīraṃ;</p>\r\n<p class="gatha3">Abhibhuyya sabbāni parissayāni,</p>\r\n<p class="gathalast">Careyya tenattamano satimā.</p>\r\n<p class="hangnum"><a name="para157"></a><span class="paranum">157</span>.</p>\r\n<p class="gatha1"> </p>','\r',char(13)),'\n',char(10)),'-156-157-');
INSERT INTO pages (bookid, page, content, paranum) VALUES('annya_niti_gantha_sangaho_e1001n',95,replace(replace('<p class="gatha1">No <a name="M0.0095"></a> ce labhetha nipakaṃ sahāyaṃ,</p>\r\n<p class="gatha2">Saddhiṃ caraṃ sādhuvihāri dhīraṃ;</p>\r\n<p class="gatha3">Rājāva raṭṭhaṃ vijitaṃ pahāya,</p>\r\n<p class="gathalast">Eko care mātaṅgaraññeva nāgo.</p>\r\n<p class="hangnum"><a name="para158"></a><span class="paranum">158</span>.</p>\r\n<p class="gatha1"> </p>','\r',char(13)),'\n',char(10)),'-158-');
INSERT INTO pages (bookid, page, content, paranum) VALUES('annya_niti_gantha_sangaho_e1001n',96,replace(replace('<p class="gatha1">Sokaṭṭhānasahassāni<a name="M0.0096"></a>, bhayaṭṭhānasatāni ca;</p>\r\n<p class="gathalast">Divase divase mūḷha-māvisanti na paṇḍitaṃ.</p>\r\n<p class="hangnum"><a name="para159"></a><span class="paranum">159</span>.</p>\r\n<p class="gatha1"> Jalabindunipātena, cirena pūrate ghaṭo;</p>\r\n<p class="gathalast">Tathā sakalavijjānaṃ, dhammassa ca dhanassa ca.</p>\r\n<p class="hangnum"><a name="para160"></a><span class="paranum">160</span>.</p>\r\n<p class="gatha1"> </p>','\r',char(13)),'\n',char(10)),'-159-160-');
INSERT INTO pages (bookid, page, content, paranum) VALUES('annya_niti_gantha_sangaho_e1001n',97,replace(replace('<p class="gatha1">Paṇḍitā <a name="M0.0097"></a> dukkhaṃ patvāna, na bhavanti visādino;</p>\r\n<p class="gathalast">Pavissa rāhuno mukhaṃ, kiṃ no deti puna sasī.</p>\r\n<p class="hangnum"><a name="para161"></a><span class="paranum">161</span>.</p>\r\n<p class="gatha1"> Javena assaṃ jānanti, vāhena ca balibaddhaṃ;</p>\r\n<p class="gathalast">Duhena dhenuṃ jānanti, bhāsamānena paṇḍitaṃ.</p>\r\n<p class="hangnum"><a name="para162"></a><span class="paranum">162</span>.</p>\r\n<p class="gatha1"> </p>','\r',char(13)),'\n',char(10)),'-161-162-');
INSERT INTO pages (bookid, page, content, paranum) VALUES('annya_niti_gantha_sangaho_e1001n',98,replace(replace('<p class="gatha1">Manasā <a name="M0.0098"></a> cintitaṃ kammaṃ, vacasā na pakāsaye;</p>\r\n<p class="gathalast">Aññalakkhitakāriyassa, yato siddhi na jāyate.</p>\r\n<p class="hangnum"><a name="para163"></a><span class="paranum">163</span>.</p>\r\n<p class="gatha1"> Anabhyāse visaṃ vijjā, ajiṇṇe bhojanaṃ visaṃ;</p>\r\n<p class="gathalast">Visaṃ sabhā daliddassa, vuddhassa taruṇī visaṃ.</p>\r\n<p class="gatha1">Cattāro pañca ālope, ābhutvā udakaṃ pive;</p>\r\n<p class="gathalast">Alaṃ phāsuvihārāya, pahitattassa bhikkhuno.</p>\r\n<p class="hangnum"><a name="para164"></a><span class="paranum">164</span>.</p>\r\n<p class="gatha1"> Yassa eso pasutopi, guṇavā pujjate naro;</p>\r\n<p class="gathalast">Dhanu vaṃsavisuddhopi, nigguṇo kiṃ karissati.</p>\r\n<p class="hangnum"><a name="para165"></a><span class="paranum">165</span>.</p>\r\n<p class="gatha1"> </p>','\r',char(13)),'\n',char(10)),'-163-164-165-');
INSERT INTO pages (bookid, page, content, paranum) VALUES('annya_niti_gantha_sangaho_e1001n',100,replace(replace('<p class="gatha1">Issī <a name="M0.0100"></a> dayī asaṃtuṭṭho, kodhano niccasaṅkīto;</p>\r\n<p class="gathalast">Parabhāgyopajīvī ca, chaḷete dukkhabhāgino.</p>\r\n<p class="hangnum"><a name="para166"></a><span class="paranum">166</span>.</p>\r\n<p class="gatha1"> Sumahantāni sattānī, dhārayantā bahussutā;</p>\r\n<p class="gathalast">Chettāro saṃsayānañca, kaliṃ yanti lobhamohitā.</p>\r\n<p class="hangnum"><a name="para167"></a><span class="paranum">167</span>.</p>\r\n<p class="gatha1"> </p>','\r',char(13)),'\n',char(10)),'-166-167-');
INSERT INTO pages (bookid, page, content, paranum) VALUES('annya_niti_gantha_sangaho_e1001n',101,replace(replace('<p class="gatha1">Nadītīre <a name="M0.0101"></a> khate kūpe, araṇītālavaṇṭake;</p>\r\n<p class="gathalast">Na vade dakādī natthīti, mukhe ca vacanaṃ tathā.</p>\r\n<p class="hangnum"><a name="para168"></a><span class="paranum">168</span>.</p>\r\n<p class="gatha1"> Sabbaṃ suṇāti sotena, sabbaṃ passati cakkhunā;</p>\r\n<p class="gathalast">Na ca diṭṭhaṃ sutaṃ dhīro, sabbaṃ uccitu marahati.</p>\r\n<p class="hangnum"><a name="para169"></a><span class="paranum">169</span>.</p>\r\n<p class="gatha1"> </p>','\r',char(13)),'\n',char(10)),'-168-169-');
INSERT INTO pages (bookid, page, content, paranum) VALUES('annya_niti_gantha_sangaho_e1001n',102,replace(replace('<p class="gatha1">Bālādapi <a name="M0.0102"></a> gahetabbaṃ, yuttamuttamanīsibhi;</p>\r\n<p class="gathalast">Ravissāvisaye kiṃ na, padīpassa pakāsanaṃ.</p>\r\n<p class="hangnum"><a name="para170"></a><span class="paranum">170</span>.</p>\r\n<p class="gatha1"> </p>','\r',char(13)),'\n',char(10)),'-170-');
INSERT INTO pages (bookid, page, content, paranum) VALUES('annya_niti_gantha_sangaho_e1001n',103,replace(replace('<p class="gatha1">Tasmā <a name="M0.0103"></a> hi paṇḍito poso, sampassaṃ attamattano;</p>\r\n<p class="gathalast">Yoniso vicine dhammaṃ, evaṃ tattha visujjhati.</p>\r\n<p class="hangnum"><a name="para171"></a><span class="paranum">171</span>.</p>\r\n<p class="gatha1"> Kiṃ tena jātujātena, mātuyobbannahārinā;</p>\r\n<p class="gathalast">Ārohati na yo saka-vaṃsaagge dhajo yathā.</p>\r\n<p class="hangnum"><a name="para172"></a><span class="paranum">172</span>.</p>\r\n<p class="gatha1"> Sammā upaparikkhitvā, akkharesu padesu ca;</p>\r\n<p class="gathalast">Coraghāto siyā sisso, guru coraṭṭakārako.</p>\r\n<p class="hangnum"><a name="para173"></a><span class="paranum">173</span>.</p>\r\n<p class="gatha1"> </p>','\r',char(13)),'\n',char(10)),'-171-172-173-');
INSERT INTO pages (bookid, page, content, paranum) VALUES('annya_niti_gantha_sangaho_e1001n',104,replace(replace('<p class="gatha1">Adantadamanaṃ <a name="M0.0104"></a> satthaṃ, khalānaṃ kurute madaṃ;</p>\r\n<p class="gathalast">Cakkhusaṅkhārakaṃ tejaṃ, ulūkānaṃmivandhakaṃ.</p>\r\n<p class="hangnum"><a name="para174"></a><span class="paranum">174</span>.</p>\r\n<p class="gatha1"> Narattaṃ dullabhaṃ loke, vijjā tatra sudullabhā;</p>\r\n<p class="gathalast">Kavittaṃ dullabhaṃ tatra, satti tatra sudullabhā.</p>\r\n<p class="hangnum"><a name="para175"></a><span class="paranum">175</span>.</p>\r\n<p class="gatha1"> </p>','\r',char(13)),'\n',char(10)),'-174-175-');
INSERT INTO pages (bookid, page, content, paranum) VALUES('annya_niti_gantha_sangaho_e1001n',105,replace(replace('<p class="gatha1">Yebhuyyena <a name="M0.0105"></a> hi sattānaṃ, vināse paccupaṭṭhite;</p>\r\n<p class="gathalast">Anayo nayarūpena, buddhimāgamma tiṭṭhati.</p>\r\n<p class="chapter">Sujanakaṇḍa</p>\r\n<p class="hangnum"><a name="para176"></a><span class="paranum">176</span>.</p>\r\n<p class="gatha1"> </p>','\r',char(13)),'\n',char(10)),'-176-');
INSERT INTO pages (bookid, page, content, paranum) VALUES('annya_niti_gantha_sangaho_e1001n',106,replace(replace('<p class="gatha1">Saddhāsīlādidhammehi, <a name="M0.0106"></a> sappanno seṭṭhamānuso;</p>\r\n<p class="gathalast">Vutto buddhādisantehi, sādhusappuriso iti.</p>\r\n<p class="gatha1">Saddādhanaṃ sīladhanaṃ, hirīottappiyaṃ dhanaṃ;</p>\r\n<p class="gathalast">Sutadhanañca cāgo ca, paññā ve sattamaṃ dhanaṃ.</p>\r\n<p class="gatha1">Yassa ete dhanā atthi, itthiyā purisassa vā;</p>\r\n<p class="gathalast">Adaliddoti taṃ āhu, amoghaṃ tassa jīvitaṃ.</p>\r\n<p class="gatha1">Tasmā saddhañca sīlañca, pasādaṃ dhammadassanaṃ;</p>\r\n<p class="gathalast">Anuyuñjetha medhāvī, saraṃ buddhānasāsanaṃ.</p>\r\n<p class="hangnum"><a name="para177"></a><span class="paranum">177</span>.</p>\r\n<p class="gatha1"> </p>','\r',char(13)),'\n',char(10)),'-177-');
INSERT INTO pages (bookid, page, content, paranum) VALUES('annya_niti_gantha_sangaho_e1001n',107,replace(replace('<p class="gatha1">Sabbhireva <a name="M0.0107"></a> samāsetha, sabbhi kubbetha santhavaṃ;</p>\r\n<p class="gathalast">Sataṃ saddhammamaññāya, seyyo hoti na pāpiyo.</p>\r\n<p class="hangnum"><a name="para178"></a><span class="paranum">178</span>.</p>\r\n<p class="gatha1"> Caja dujjanasaṃsaggaṃ, bhaja sādhusamāgamaṃ;</p>\r\n<p class="gathalast">Kara puññamahorattaṃ, sara niccamaniccataṃ.</p>\r\n<p class="hangnum"><a name="para179"></a><span class="paranum">179</span>.</p>\r\n<p class="gatha1"> </p>','\r',char(13)),'\n',char(10)),'-178-179-');
INSERT INTO pages (bookid, page, content, paranum) VALUES('annya_niti_gantha_sangaho_e1001n',108,replace(replace('<p class="gatha1">Yo <a name="M0.0108"></a> ve kataññū katavedī dhīro,</p>\r\n<p class="gatha2">Kalyāṇamitto daḷhabhatti ca hoti;</p>\r\n<p class="gatha3">Dukkhitassa sakkacca karoti kiccaṃ,</p>\r\n<p class="gathalast">Tathāvidhaṃ sappurisaṃ vadanti.</p>\r\n<p class="hangnum"><a name="para180"></a><span class="paranum">180</span>.</p>\r\n<p class="gatha1"> </p>','\r',char(13)),'\n',char(10)),'-180-');
INSERT INTO pages (bookid, page, content, paranum) VALUES('annya_niti_gantha_sangaho_e1001n',109,replace(replace('<p class="gatha1">Mātāpettibharaṃ <a name="M0.0109"></a> jantuṃ, kule jeṭṭhāpacāyinaṃ;</p>\r\n<p class="gathalast">Saṇhaṃ sakhilasambhāsaṃ, pesuṇeyyappahāyinaṃ.</p>\r\n<p class="hangnum"><a name="para181"></a><span class="paranum">181</span>.</p>\r\n<p class="gatha1"> Maccheravinaye yuttaṃ, saccaṃ kodhābhibhuṃ naraṃ;</p>\r\n<p class="gathalast">Taṃ ve devā tāvatiṃsā, āhu ‘‘sappuriso’’iti.</p>\r\n<p class="hangnum"><a name="para182"></a><span class="paranum">182</span>.</p>\r\n<p class="gatha1"> Kulajāto kulaputto, kulavaṃsasurakkhato;</p>\r\n<p class="gathalast">Attanā dukkhappattopi, hīnakammaṃ na kāraye.</p>\r\n<p class="hangnum"><a name="para183"></a><span class="paranum">183</span>.</p>\r\n<p class="gatha1"> </p>','\r',char(13)),'\n',char(10)),'-181-182-183-');
INSERT INTO pages (bookid, page, content, paranum) VALUES('annya_niti_gantha_sangaho_e1001n',110,replace(replace('<p class="gatha1">Udeyya <a name="M0.0110"></a> bhāṇu pacchime, nameyya meruaddipi;</p>\r\n<p class="gatha2">Sītalaṃ yadi naraggi, pabbatagge ca uppalaṃ;</p>\r\n<p class="gathalast">Vikase na viparitā, sādhuvācā kudācanaṃ.</p>\r\n<p class="hangnum"><a name="para184"></a><span class="paranum">184</span>.</p>\r\n<p class="gatha1"> Sukhā rukkhassa chāyāva, tato ñātimātāpitu;</p>\r\n<p class="gathalast">Tato ācerassa rañño, tato buddhassanekadhā.</p>\r\n<p class="hangnum"><a name="para185"></a><span class="paranum">185</span>.</p>\r\n<p class="gatha1"> </p>','\r',char(13)),'\n',char(10)),'-184-185-');
INSERT INTO pages (bookid, page, content, paranum) VALUES('annya_niti_gantha_sangaho_e1001n',111,replace(replace('<p class="gatha1">Bhamarā <a name="M0.0111"></a> pupphamicchanti, guṇamicchanti sajjanā;</p>\r\n<p class="gathalast">Makkhikā pūtimicchanti, dosamicchanti dujjanā.</p>\r\n<p class="hangnum"><a name="para186"></a><span class="paranum">186</span>.</p>\r\n<p class="gatha1"> </p>','\r',char(13)),'\n',char(10)),'-186-');
INSERT INTO pages (bookid, page, content, paranum) VALUES('annya_niti_gantha_sangaho_e1001n',112,replace(replace('<p class="gatha1">Mātuhīno <a name="M0.0112"></a> dubbhāso hi, pituhīno dukkiriyo;</p>\r\n<p class="gathalast">Ubho mātupituhīnā, dubbhāsā ca dukkiriyā.</p>\r\n<p class="hangnum"><a name="para187"></a><span class="paranum">187</span>.</p>\r\n<p class="gatha1"> Mātuseṭṭho subhāso hi, pituseṭṭho sukiriyo;</p>\r\n<p class="gathalast">Ubhomātu pituseṭṭhā, subhāsā ca sukiriyā.</p>\r\n<p class="hangnum"><a name="para188"></a><span class="paranum">188</span>.</p>\r\n<p class="gatha1"> </p>','\r',char(13)),'\n',char(10)),'-187-188-');
INSERT INTO pages (bookid, page, content, paranum) VALUES('annya_niti_gantha_sangaho_e1001n',113,replace(replace('<p class="gatha1">Sunakho <a name="M0.0113"></a> sunakhaṃ disvā, dantaṃ dasseti hiṃsituṃ;</p>\r\n<p class="gathalast">Dujjano sujanaṃ disvā, rosayaṃ hiṃsamicchati.</p>\r\n<p class="hangnum"><a name="para189"></a><span class="paranum">189</span>.</p>\r\n<p class="gatha1"> Na ca vegena kiccāni, kattabbāni kudācanaṃ;</p>\r\n<p class="gathalast">Sahasā kāritaṃ kammaṃ, bālo pacchānutappati.</p>\r\n<p class="hangnum"><a name="para190"></a><span class="paranum">190</span>.</p>\r\n<p class="gatha1"> </p>','\r',char(13)),'\n',char(10)),'-189-190-');
INSERT INTO pages (bookid, page, content, paranum) VALUES('annya_niti_gantha_sangaho_e1001n',114,replace(replace('<p class="gatha1">Kodhaṃ <a name="M0.0114"></a> vadhitvā na kadāci socati,</p>\r\n<p class="gatha2">Makkhappahānaṃ isayo vaṇṇayanti;</p>\r\n<p class="gatha3">Sabbesaṃ vuttaṃ pharusaṃ khametha,</p>\r\n<p class="gathalast">Etaṃ khantiṃ uttamamāhu santo.</p>\r\n<p class="hangnum"><a name="para191"></a><span class="paranum">191</span>.</p>\r\n<p class="gatha1"> Dukkho nivāso sambādhe, ṭhāne asucīsaṅkate;</p>\r\n<p class="gathalast">Tato arimhi appiye, tatopi akataññunā.</p>\r\n<p class="hangnum"><a name="para192"></a><span class="paranum">192</span>.</p>\r\n<p class="gatha1"> </p>','\r',char(13)),'\n',char(10)),'-191-192-');
INSERT INTO pages (bookid, page, content, paranum) VALUES('annya_niti_gantha_sangaho_e1001n',115,replace(replace('<p class="gatha1">Ovadeyyā’nusāseyya<a name="M0.0115"></a>, asabbhā ca nivāraye;</p>\r\n<p class="gathalast">Satañhi so piyo hoti, asataṃ hotiappiyo.</p>\r\n<p class="hangnum"><a name="para193"></a><span class="paranum">193</span>.</p>\r\n<p class="gatha1"> Uttamattanivātena, kakkhaḷaṃ mudunā jaye;</p>\r\n<p class="gathalast">Nīcaṃ appakadānena, vāyāmena samaṃ jaye.</p>\r\n<p class="hangnum"><a name="para194"></a><span class="paranum">194</span>.</p>\r\n<p class="gatha1"> </p>','\r',char(13)),'\n',char(10)),'-193-194-');
INSERT INTO pages (bookid, page, content, paranum) VALUES('annya_niti_gantha_sangaho_e1001n',116,replace(replace('<p class="gatha1">Na <a name="M0.0116"></a> visaṃ visamiccāha, dhanaṃ saṅghassa uccate;</p>\r\n<p class="gathalast">Visaṃ ekaṃva hanati, hanati saṅghassa sabbaṃ.</p>\r\n<p class="hangnum"><a name="para195"></a><span class="paranum">195</span>.</p>\r\n<p class="gatha1"> </p>','\r',char(13)),'\n',char(10)),'-195-');
INSERT INTO pages (bookid, page, content, paranum) VALUES('annya_niti_gantha_sangaho_e1001n',117,replace(replace('<p class="gatha1">Dhanamappampi <a name="M0.0117"></a> sādhūnaṃ, kūpe vāriva nissayo;</p>\r\n<p class="gathalast">Bahuṃapi asādhūnaṃ, na ca vāriva aṇṇave.</p>\r\n<p class="hangnum"><a name="para196"></a><span class="paranum">196</span>.</p>\r\n<p class="gatha1"> Apattheyyaṃ na pattheyya, acinteyyaṃ na cintaye;</p>\r\n<p class="gathalast">Dhammameva sucinteyya, kālaṃ moghaṃ na icchaye.</p>\r\n<p class="hangnum"><a name="para197"></a><span class="paranum">197</span>.</p>\r\n<p class="gatha1"> </p>','\r',char(13)),'\n',char(10)),'-196-197-');
INSERT INTO pages (bookid, page, content, paranum) VALUES('annya_niti_gantha_sangaho_e1001n',118,replace(replace('<p class="gatha1">Acintitampi <a name="M0.0118"></a> bhavati, cintitampi vinassati;</p>\r\n<p class="gathalast">Na hi cintāmayā bhogā, itthiyā purisassa vā.</p>\r\n<p class="hangnum"><a name="para198"></a><span class="paranum">198</span>.</p>\r\n<p class="gatha1"> Asantassa piyo hoti, sante na kurute piyaṃ;</p>\r\n<p class="gathalast">Asataṃ dhammaṃ roceti, taṃ parābhavato mukhaṃ.</p>\r\n<p class="hangnum"><a name="para199"></a><span class="paranum">199</span>.</p>\r\n<p class="gatha1"> </p>','\r',char(13)),'\n',char(10)),'-198-199-');
INSERT INTO pages (bookid, page, content, paranum) VALUES('annya_niti_gantha_sangaho_e1001n',119,replace(replace('<p class="gatha1">Guṇā <a name="M0.0119"></a> kubbanti dūtattaṃ, dūrepi vasataṃ sataṃ;</p>\r\n<p class="gathalast">Ketake gandhaṃ ghāyitvā, gacchanti bhamarā sayaṃ.</p>\r\n<p class="hangnum"><a name="para200"></a><span class="paranum">200</span>.</p>\r\n<p class="gatha1"> Pubbajātikataṃ kammaṃ, taṃ kammamīti kathyate;</p>\r\n<p class="gathalast">Tasmā purisākārenaṃ, yataṃ kare atandito.</p>\r\n<p class="hangnum"><a name="para201"></a><span class="paranum">201</span>.</p>\r\n<p class="gatha1"> Mattikapiṇḍato kattā, kurute yaṃ yadicchati;</p>\r\n<p class="gathalast">Evamattakataṃ kammaṃ, māṇavo paṭipajjate.</p>\r\n<p class="hangnum"><a name="para202"></a><span class="paranum">202</span>.</p>\r\n<p class="gatha1"> </p>','\r',char(13)),'\n',char(10)),'-200-201-202-');
INSERT INTO pages (bookid, page, content, paranum) VALUES('annya_niti_gantha_sangaho_e1001n',121,replace(replace('<p class="gatha1">Uṭṭhāyoṭṭhāya <a name="M0.0121"></a> bodheyyaṃ, mahabbhaya mupaṭṭhitaṃ;</p>\r\n<p class="gathalast">Maraṇabyādhisokānaṃ, kimajja nipatissati.</p>\r\n<p class="hangnum"><a name="para203"></a><span class="paranum">203</span>.</p>\r\n<p class="gatha1"> Pāṇā yathāttanobhiṭṭhā, bhūtānamapi te tathā;</p>\r\n<p class="gathalast">Attopamena bhūtesu, dayaṃ kubbanti sādhavo.</p>','\r',char(13)),'\n',char(10)),'-203-');
INSERT INTO pages (bookid, page, content, paranum) VALUES('annya_niti_gantha_sangaho_e1001n',122,replace(replace('<p class="gatha1">Sabbe <a name="M0.0122"></a> tasanti daṇḍassa, sabbe bhāyanti maccuno;</p>\r\n<p class="gathalast">Attānaṃ upamaṃ katvā, na haneyya na ghātaye.</p>\r\n<p class="hangnum"><a name="para204"></a><span class="paranum">204</span>.</p>\r\n<p class="gatha1"> Bālo vā yadi vā vuddho, yuvā vā gehamāgato;</p>\r\n<p class="gathalast">Tassa pūjā vidhātabbā, sabbassābhyāgato garu.</p>\r\n<p class="hangnum"><a name="para205"></a><span class="paranum">205</span>.</p>\r\n<p class="gatha1"> Ākiṇṇopi asantehi, asaṃsaṭṭhova bhaddako;</p>\r\n<p class="gathalast">Bahunā sannajātena, gacchena ubbattenidha.</p>\r\n<p class="chapter">Bāladujjanakaṇḍa</p>\r\n<p class="hangnum"><a name="para206"></a><span class="paranum">206</span>.</p>\r\n<p class="gatha1"> </p>','\r',char(13)),'\n',char(10)),'-204-205-206-');
INSERT INTO pages (bookid, page, content, paranum) VALUES('annya_niti_gantha_sangaho_e1001n',124,replace(replace('<p class="gatha1">Kāyaduccaritādīhi<a name="M0.0124"></a>, sampanno pāpamānujo;</p>\r\n<p class="gathalast">Bāloti lokanāthena, kittito dhammasāminā.</p>\r\n<p class="hangnum"><a name="para207"></a><span class="paranum">207</span>.</p>\r\n<p class="gatha1"> Ducintitacintī ceva, dubbhāsitabhāsīpi ca;</p>\r\n<p class="gathalast">Dukkaṭakammakārī ca, pāpako bālamānujo.</p>\r\n<p class="hangnum"><a name="para208"></a><span class="paranum">208</span>.</p>\r\n<p class="gatha1"> </p>','\r',char(13)),'\n',char(10)),'-207-208-');
INSERT INTO pages (bookid, page, content, paranum) VALUES('annya_niti_gantha_sangaho_e1001n',125,replace(replace('<p class="gatha1">Atipiyo <a name="M0.0125"></a> na kātabbo, khalo kotuhalaṃ karo;</p>\r\n<p class="gathalast">Sirasā vahamānopi, aḍḍhapūro ghaṭo yathā.</p>\r\n<p class="hangnum"><a name="para209"></a><span class="paranum">209</span>.</p>\r\n<p class="gatha1"> Sappo duṭṭho khalo duṭṭho, sappā duṭṭhataro khalo;</p>\r\n<p class="gathalast">Mantosadhehi taṃ sappaṃ, khalaṃ kenupasammati.</p>\r\n<p class="hangnum"><a name="para210"></a><span class="paranum">210</span>.</p>\r\n<p class="gatha1"> </p>','\r',char(13)),'\n',char(10)),'-209-210-');
INSERT INTO pages (bookid, page, content, paranum) VALUES('annya_niti_gantha_sangaho_e1001n',126,replace(replace('<p class="gatha1">Yo <a name="M0.0126"></a> bālo maññati bālyaṃ, paṇḍito vāpi tenaso;</p>\r\n<p class="gathalast">Bālo ca paṇḍitamānī, sa ve bāloti vuccati.</p>\r\n<p class="hangnum"><a name="para211"></a><span class="paranum">211</span>.</p>\r\n<p class="gatha1"> Madhūva maññati bālo, yāva pāpaṃ na paccati;</p>\r\n<p class="gathalast">Yadā ca paccati pāpaṃ, atha dukkhaṃ nigacchati.</p>\r\n<p class="hangnum"><a name="para212"></a><span class="paranum">212</span>.</p>\r\n<p class="gatha1"> </p>','\r',char(13)),'\n',char(10)),'-211-212-');
INSERT INTO pages (bookid, page, content, paranum) VALUES('annya_niti_gantha_sangaho_e1001n',127,replace(replace('<p class="gatha1">Na <a name="M0.0127"></a> sādhu balavā bālo, sāhasā vindate dhanaṃ;</p>\r\n<p class="gathalast">Kāyassa bhedā duppañño, nirayaṃ sopapajjati.</p>\r\n<p class="hangnum"><a name="para213"></a><span class="paranum">213</span>.</p>\r\n<p class="gatha1"> </p>','\r',char(13)),'\n',char(10)),'-213-');
INSERT INTO pages (bookid, page, content, paranum) VALUES('annya_niti_gantha_sangaho_e1001n',128,replace(replace('<p class="gatha1">Ghare <a name="M0.0128"></a> duṭṭho mūsiko ca, vane duṭṭho ca vānaro;</p>\r\n<p class="gathalast">Sakuṇe ca duṭṭho kāko, nareduṭṭho ca brāhmaṇo.</p>\r\n<p class="hangnum"><a name="para214"></a><span class="paranum">214</span>.</p>\r\n<p class="gatha1"> Dīghā jāgarato ratti, dīghaṃ santassa yojanaṃ;</p>\r\n<p class="gathalast">Dīgho bālānasaṃsāro, saddhammaṃ avijānataṃ.</p>\r\n<p class="hangnum"><a name="para215"></a><span class="paranum">215</span>.</p>\r\n<p class="gatha1"> </p>','\r',char(13)),'\n',char(10)),'-214-215-');
INSERT INTO pages (bookid, page, content, paranum) VALUES('annya_niti_gantha_sangaho_e1001n',129,replace(replace('<p class="gatha1">Tilamattaṃ <a name="M0.0129"></a> paresañca, appadosañca passati;</p>\r\n<p class="gathalast">Nāḷikerampi sadosaṃ, khalajāto na passati.</p>\r\n<p class="hangnum"><a name="para216"></a><span class="paranum">216</span>.</p>\r\n<p class="gatha1"> Nattadosaṃ pare jaññā, jaññā dosaṃ parassatu;</p>\r\n<p class="gathalast">Guyho kummāva aṅgāni, paradosañca lakkhaye.</p>\r\n<p class="hangnum"><a name="para217"></a><span class="paranum">217</span>.</p>\r\n<p class="gatha1"> </p>','\r',char(13)),'\n',char(10)),'-216-217-');
INSERT INTO pages (bookid, page, content, paranum) VALUES('annya_niti_gantha_sangaho_e1001n',130,replace(replace('<p class="gatha1">Luddhaṃ <a name="M0.0130"></a> atthena gaṇheyya, thaddhaṃ añjalikammunā;</p>\r\n<p class="gathalast">Chandānuvattiyā mūḷhaṃ, yathābhūtena paṇḍitaṃ.</p>\r\n<p class="hangnum"><a name="para218"></a><span class="paranum">218</span>.</p>\r\n<p class="gatha1"> Yathā udumbarapakkā, bahi rattakā eva ca;</p>\r\n<p class="gathalast">Antokimila sampuṇṇā, evaṃ dujjanahadayā.</p>\r\n<p class="hangnum"><a name="para219"></a><span class="paranum">219</span>.</p>\r\n<p class="gatha1"> </p>','\r',char(13)),'\n',char(10)),'-218-219-');
INSERT INTO pages (bookid, page, content, paranum) VALUES('annya_niti_gantha_sangaho_e1001n',131,replace(replace('<p class="gatha1">Yāvajīvampi <a name="M0.0131"></a> ce bālo, paṇḍitaṃ payirupāsati;</p>\r\n<p class="gathalast">Na so dhammaṃ vijānāti, dabbī sūparasaṃ yathā.</p>\r\n<p class="hangnum"><a name="para220"></a><span class="paranum">220</span>.</p>\r\n<p class="gatha1"> Carañce nādhigaccheyya, seyyaṃ sadisamattano;</p>\r\n<p class="gathalast">Ekacariyaṃ daḷhaṃ kayirā, natthi bāle sahāyatā.</p>\r\n<p class="hangnum"><a name="para221"></a><span class="paranum">221</span>.</p>\r\n<p class="gatha1"> </p>','\r',char(13)),'\n',char(10)),'-220-221-');
INSERT INTO pages (bookid, page, content, paranum) VALUES('annya_niti_gantha_sangaho_e1001n',132,replace(replace('<p class="gatha1">Ajātamatamūḷhānaṃ<a name="M0.0132"></a>, varamādayo na cantimo;</p>\r\n<p class="gathalast">Sakiṃ dukkhakarāvāda-yontimo tu pade pade.</p>\r\n<p class="hangnum"><a name="para222"></a><span class="paranum">222</span>.</p>\r\n<p class="gatha1"> </p>','\r',char(13)),'\n',char(10)),'-222-');
INSERT INTO pages (bookid, page, content, paranum) VALUES('annya_niti_gantha_sangaho_e1001n',133,replace(replace('<p class="gatha1">Dujjanena <a name="M0.0133"></a> samaṃ veraṃ, sakhyañcāpi na kāraye;</p>\r\n<p class="gathalast">Uṇho dahati caṅgāro, sīto kaṇhāyate karaṃ.</p>\r\n<p class="hangnum"><a name="para223"></a><span class="paranum">223</span>.</p>\r\n<p class="gatha1"> Dujjano piyavādī ca, netaṃ vissāsakāraṇaṃ;</p>\r\n<p class="gathalast">Madhu tiṭṭhati jivhagge, hadaye halāhalaṃ visaṃ.</p>\r\n<p class="hangnum"><a name="para224"></a><span class="paranum">224</span>.</p>\r\n<p class="gatha1"> </p>','\r',char(13)),'\n',char(10)),'-223-224-');
INSERT INTO pages (bookid, page, content, paranum) VALUES('annya_niti_gantha_sangaho_e1001n',134,replace(replace('<p class="gatha1">Dujjano <a name="M0.0134"></a> parihātabbo, vijjāyālaṅkatopi ca;</p>\r\n<p class="gathalast">Maṇinā bhūsito sappo, kimeso na bhayaṅkaro.</p>\r\n<p class="hangnum"><a name="para225"></a><span class="paranum">225</span>.</p>\r\n<p class="gatha1"> Nāḷikerasamākārā, dissantepi hi sajjanā;</p>\r\n<p class="gathalast">Aññe badarikākārā, bahireva manoharā.</p>\r\n<p class="hangnum">  </p>\r\n<p class="gatha1"> </p>','\r',char(13)),'\n',char(10)),'-225-');
INSERT INTO pages (bookid, page, content, paranum) VALUES('annya_niti_gantha_sangaho_e1001n',135,replace(replace('<p class="gatha1">Yathāpi <a name="M0.0135"></a> pana sapakkā, bahi kaṇṭakameva ca;</p>\r\n<p class="gathalast">Anto amatasampuṇṇā, evaṃ sujanahadayā.</p>\r\n<p class="gatha1">Yathā udumbarapakkā, bahi rattakameva ca;</p>\r\n<p class="gathalast">Evaṃ kimilasampuṇā, evaṃ dujjanahadayā.</p>\r\n<p class="hangnum"><a name="para226"></a><span class="paranum">226</span>.</p>\r\n<p class="gatha1"> Dosabhīto anārambho, taṃ kā purisalakkhaṇaṃ;</p>\r\n<p class="gathalast">Kohyajiṇṇabhayā nanu, bhojanaṃ parihīyate.</p>\r\n<p class="hangnum"><a name="para227"></a><span class="paranum">227</span>.</p>\r\n<p class="gatha1"> Payopānaṃ bhujaṅgānaṃ, kevalaṃ visavaḍḍhanaṃ;</p>\r\n<p class="gathalast">Upadeso hi mūḷhānaṃ, pakopāya na santiyā.</p>\r\n<p class="hangnum"><a name="para228"></a><span class="paranum">228</span>.</p>\r\n<p class="gatha1"> </p>','\r',char(13)),'\n',char(10)),'-226-227-228-');
INSERT INTO pages (bookid, page, content, paranum) VALUES('annya_niti_gantha_sangaho_e1001n',136,replace(replace('<p class="gatha1">Na <a name="M0.0136"></a> ṭhātabbaṃ na gantabbaṃ, dujjanena samaṃ kvaci;</p>\r\n<p class="gathalast">Dujjano hi dukkhaṃ deti, na so sukhaṃ kadācipi.</p>\r\n<p class="hangnum"><a name="para229"></a><span class="paranum">229</span>.</p>\r\n<p class="gatha1"> Abaddhā tattha bajjhanti, yattha bālā pabhāsare;</p>\r\n<p class="gathalast">Baddhāpi tattha muccanti, yattha dhīrā pabhāsare.</p>\r\n<p class="hangnum"><a name="para230"></a><span class="paranum">230</span>.</p>\r\n<p class="gatha1"> </p>','\r',char(13)),'\n',char(10)),'-229-230-');
INSERT INTO pages (bookid, page, content, paranum) VALUES('annya_niti_gantha_sangaho_e1001n',137,replace(replace('<p class="gatha1">Parittaṃ <a name="M0.0137"></a> dārumāruyha, yathā sīde mahaṇṇave;</p>\r\n<p class="gatha2">Evaṃ kusitamāgamma, sādhu jīvipi sīdati;</p>\r\n<p class="gathalast">Tasmā taṃ parivajjeyya, kusītaṃ hīnavīriyaṃ.</p>\r\n<p class="hangnum"><a name="para231"></a><span class="paranum">231</span>.</p>\r\n<p class="gatha1"> </p>','\r',char(13)),'\n',char(10)),'-231-');
INSERT INTO pages (bookid, page, content, paranum) VALUES('annya_niti_gantha_sangaho_e1001n',138,replace(replace('<p class="gatha1">Saddhāsīlādisampanno<a name="M0.0138"></a>, sumitto sādhumānuso;</p>\r\n<p class="gathalast">Tādisaṃ mittaṃ seveyya, vuddhikāmo vicakkhaṇo.</p>\r\n<p class="hangnum"><a name="para232"></a><span class="paranum">232</span>.</p>\r\n<p class="gatha1"> Dānādiguṇaseṭṭhehi, miditabbo mitto hi kho;</p>\r\n<p class="gathalast">Tādisaṃ avaṅkeneva, manasā bhajeyya sudhī.</p>\r\n<p class="hangnum"><a name="para333"></a><span class="paranum">333</span>.</p>\r\n<p class="gatha1"> </p>','\r',char(13)),'\n',char(10)),'-232-333-');
INSERT INTO pages (bookid, page, content, paranum) VALUES('annya_niti_gantha_sangaho_e1001n',139,replace(replace('<p class="gatha1">Hitakkaro <a name="M0.0139"></a> paro bandhu, bandhupi ahito paro;</p>\r\n<p class="gathalast">Ahito dehajo byādhi, hitaṃ araññamosadhaṃ.</p>\r\n<p class="hangnum"><a name="para234"></a><span class="paranum">234</span>.</p>\r\n<p class="gatha1"> </p>','\r',char(13)),'\n',char(10)),'-234-');
INSERT INTO pages (bookid, page, content, paranum) VALUES('annya_niti_gantha_sangaho_e1001n',140,replace(replace('<p class="gatha1">Parokkhe <a name="M0.0140"></a> kiccahantāraṃ, paccakkhe piyavādinaṃ;</p>\r\n<p class="gathalast">Vajjaye tādisaṃ mittaṃ, visakumbhaṃ payomukhaṃ.</p>\r\n<p class="hangnum"><a name="para135"></a><span class="paranum">135</span>.</p>\r\n<p class="gatha1"> Dhanahīne caje mitto, puttadārā sahodarā;</p>\r\n<p class="gathalast">Dhanavanteva sevanti, dhanaṃ loke mahāsakhā.</p>\r\n<p class="hangnum"><a name="para236"></a><span class="paranum">236</span>.</p>\r\n<p class="gatha1"> </p>','\r',char(13)),'\n',char(10)),'-135-236-');
INSERT INTO pages (bookid, page, content, paranum) VALUES('annya_niti_gantha_sangaho_e1001n',141,replace(replace('<p class="gatha1">Jāniyā <a name="M0.0141"></a> pesane bhacce, bandhave byasanāgame;</p>\r\n<p class="gathalast">Mittañca āpadikāle, bhariyañca vibhavakkhaye.</p>\r\n<p class="hangnum"><a name="para237"></a><span class="paranum">237</span>.</p>\r\n<p class="gatha1"> Ussave byasane ceva, dubbhikkhe sattuviggahe;</p>\r\n<p class="gathalast">Rājadvāre susāne ca, yo tiṭṭhati so bandhavā.</p>\r\n<p class="hangnum"><a name="para238"></a><span class="paranum">238</span>.</p>\r\n<p class="gatha1"> </p>','\r',char(13)),'\n',char(10)),'-237-238-');
INSERT INTO pages (bookid, page, content, paranum) VALUES('annya_niti_gantha_sangaho_e1001n',142,replace(replace('<p class="gatha1">Na <a name="M0.0142"></a>2 vissase amittassa, mittañcāpi na vissase;</p>\r\n<p class="gathalast">Kadāci kupite mitte, sabbadosaṃ pakāsati.</p>\r\n<p class="hangnum"><a name="para239"></a><span class="paranum">239</span>.</p>\r\n<p class="gatha1"> Mātā mittaṃ pitā ceti, sabhāvā taṃ tayaṃ hitaṃ;</p>\r\n<p class="gathalast">Kammakaraṇato caññe, bhavanti hitabuddhiyo.</p>\r\n<p class="hangnum"><a name="para240"></a><span class="paranum">240</span>.</p>\r\n<p class="gatha1"> </p>','\r',char(13)),'\n',char(10)),'-239-240-');
INSERT INTO pages (bookid, page, content, paranum) VALUES('annya_niti_gantha_sangaho_e1001n',143,replace(replace('<p class="gatha1">Āpadāsu <a name="M0.0143"></a> mittaṃ jaññā, yuddhe sūraṃ iṇe suciṃ;</p>\r\n<p class="gathalast">Bhariyaṃ khīṇesu vittesu, byasanesu ca bandhavaṃ.</p>\r\n<p class="hangnum"><a name="para241"></a><span class="paranum">241</span>.</p>\r\n<p class="gatha1"> Sakiṃ duṭṭhañca yo mittaṃ, puna sandhātumicchati;</p>\r\n<p class="gathalast">Sa maccumupagaṇhāti, gabbhaṃ assatarī yathā.</p>\r\n<p class="hangnum"><a name="para242"></a><span class="paranum">242</span>.</p>\r\n<p class="gatha1"> </p>','\r',char(13)),'\n',char(10)),'-241-242-');
INSERT INTO pages (bookid, page, content, paranum) VALUES('annya_niti_gantha_sangaho_e1001n',144,replace(replace('<p class="gatha1">Iṇaseso <a name="M0.0144"></a> aggiseso, rogaseso tatheva ca;</p>\r\n<p class="gathalast">Punappunaṃ vivaḍḍhanti, tasmā sesaṃ na kāraye.</p>\r\n<p class="hangnum"><a name="para243"></a><span class="paranum">243</span>.</p>\r\n<p class="gatha1"> Padumaṃva mukhaṃ yassa, vācā candanasītalā;</p>\r\n<p class="gathalast">Tādisaṃ no paseveyya, hadaye tu halāhalaṃ.</p>\r\n<p class="hangnum"><a name="para244"></a><span class="paranum">244</span>.</p>\r\n<p class="gatha1"> </p>','\r',char(13)),'\n',char(10)),'-243-244-');
INSERT INTO pages (bookid, page, content, paranum) VALUES('annya_niti_gantha_sangaho_e1001n',145,replace(replace('<p class="gatha1">Na <a name="M0.0145"></a> seve pharusaṃ sāmiṃ, na ca seveyya macchariṃ;</p>\r\n<p class="gathalast">Tato apaggaṇha sāmiṃ, neva niggahitaṃ tato.</p>\r\n<p class="hangnum"><a name="para245"></a><span class="paranum">245</span>.</p>\r\n<p class="gatha1"> </p>','\r',char(13)),'\n',char(10)),'-245-');
INSERT INTO pages (bookid, page, content, paranum) VALUES('annya_niti_gantha_sangaho_e1001n',146,replace(replace('<p class="gatha1">Kudesañca <a name="M0.0146"></a> kumittañca, kukulañca kubandhavaṃ;</p>\r\n<p class="gathalast">Kudārañca kudāsañca, dūrato parivajjaye.</p>\r\n<p class="hangnum"><a name="para246"></a><span class="paranum">246</span>.</p>\r\n<p class="gatha1"> Sītavāco bahumitto, pharuso appamittako;</p>\r\n<p class="gathalast">Upamā ettha ñātabbā, sūriyacandarājūnaṃ.</p>\r\n<p class="hangnum"><a name="para247"></a><span class="paranum">247</span>.</p>\r\n<p class="gatha1"> Ahitā paṭisedho ca, hitesu ca payojanaṃ;</p>\r\n<p class="gathalast">Byasane apariccāgo, itidaṃ mittalakkhaṇaṃ.</p>\r\n<p class="hangnum"><a name="para248"></a><span class="paranum">248</span>.</p>\r\n<p class="gatha1"> </p>','\r',char(13)),'\n',char(10)),'-246-247-248-');
INSERT INTO pages (bookid, page, content, paranum) VALUES('annya_niti_gantha_sangaho_e1001n',147,replace(replace('<p class="gatha1">Piyo <a name="M0.0147"></a> garu bhāvanīyo, vattā ca vacanakkhamo;</p>\r\n<p class="gatha2">Gambhīrañca kathaṃ kattā, no caṭṭhāne niyojako;</p>\r\n<p class="gathalast">Tādisaṃ mittaṃ seveyya, bhūtikāmo vicakkhaṇo.</p>','\r',char(13)),'\n',char(10)),'');
INSERT INTO pages (bookid, page, content, paranum) VALUES('annya_niti_gantha_sangaho_e1001n',148,replace(replace('<p class="gatha1">Piyo <a name="M0.0148"></a> garu bhāva nīyo, vattā ca vacanakkhamo;</p>\r\n<p class="gathalast">Gambhirañca kathaṃ kattā, no caṭṭhāne niyojako.</p>\r\n<p class="gatha1">Yamhi etāni ṭhānāni, saṃvijjantidha puggale;</p>\r\n<p class="gatha2">So mitto mittakāmena, atthakāmānukampato;</p>\r\n<p class="gathalast">Api nāsiyamānena, bhajitabbo tathāvidho.</p>\r\n<p class="hangnum"><a name="para249"></a><span class="paranum">249</span>.</p>\r\n<p class="gatha1"> Orasaṃ katasambandhaṃ, tathā vaṃsakkamāgataṃ;</p>\r\n<p class="gathalast">Rakkhako byasanehi, mittaṃ ñeyyaṃ catubbidhaṃ.</p>\r\n<p class="hangnum"><a name="para250"></a><span class="paranum">250</span>.</p>\r\n<p class="gatha1"> Piyo garu bhāvaniyo, vattā ca vacanakkhamo;</p>\r\n<p class="gatha2">Gambhirañca kathaṃ kattā, na caṭṭhāne niyojako;</p>\r\n<p class="gathalast">Taṃ mittaṃ mittakāmena, yāvajīvampi seviyaṃ.</p>\r\n<p class="gatha1">Piyo garu bhāvanīyo, vattā ca vacanakkhamo;</p>\r\n<p class="gatha2">Gambhirañca kathaṃ kattā, no caṭṭhāne niyojako;</p>\r\n<p class="gathalast">Tādisaṃ mittaṃ seveyya, bhūtikāmo vicakkhaṇo.</p>\r\n<p class="chapter">Rājakaṇḍa</p>\r\n<p class="hangnum"><a name="para251"></a><span class="paranum">251</span>.</p>\r\n<p class="gatha1"> </p>','\r',char(13)),'\n',char(10)),'-249-250-251-');
INSERT INTO pages (bookid, page, content, paranum) VALUES('annya_niti_gantha_sangaho_e1001n',150,replace(replace('<p class="gatha1">Mahājanaṃ <a name="M0.0150"></a> yo rañjeti, catūhipi vatthūhi vā;</p>\r\n<p class="gathalast">Rājāti vuccate loke, iti sallakkhaye vidvā.</p>\r\n<p class="hangnum"><a name="para252"></a><span class="paranum">252</span>.</p>\r\n<p class="gatha1"> Dānañca atthacariyā, piyavācā attasamaṃ;</p>\r\n<p class="gathalast">Saṅgahā caturo ime, munindena pakāsitā.</p>','\r',char(13)),'\n',char(10)),'-252-');
INSERT INTO pages (bookid, page, content, paranum) VALUES('annya_niti_gantha_sangaho_e1001n',151,replace(replace('<p class="gatha1">Dānampi <a name="M0.0151"></a> atthacariyatañca, piyavāditañca samānattatañca;</p>\r\n<p class="gathalast">Kariyacariyasusaṅgahaṃ bahūnaṃ, anavamatena guṇena yāti saggaṃ;</p>\r\n<p class="gatha1">Dānañca peyyavajjañca, atthacariyā ca yā idha;</p>\r\n<p class="gatha2">Samānattatā ca dhammesu, tattha tattha yathārahaṃ;</p>\r\n<p class="gathalast">Ete kho saṅgahā loke, rathassāṇīva yāyato.</p>\r\n<p class="hangnum"><a name="para253"></a><span class="paranum">253</span>.</p>\r\n<p class="gatha1"> Dānaṃ sīlaṃ pariccāgaṃ, ajjavaṃ maddavaṃ tapaṃ;</p>\r\n<p class="gatha2">Akkodhaṃ avihiṃsañca, khantī ca avirodhanaṃ;</p>\r\n<p class="gathalast">Dasete dhamme rājāno, appamattena dhārayyuṃ.</p>\r\n<p class="hangnum"><a name="para254"></a><span class="paranum">254</span>.</p>\r\n<p class="gatha1"> </p>','\r',char(13)),'\n',char(10)),'-253-254-');
INSERT INTO pages (bookid, page, content, paranum) VALUES('annya_niti_gantha_sangaho_e1001n',152,replace(replace('<p class="gatha1">Ekayāmaṃ <a name="M0.0152"></a> saye rājā, dviyā maññeva paṇḍito;</p>\r\n<p class="gathalast">Gharāvāso tiyāmova, catuyāmo tu yācako.</p>\r\n<p class="hangnum"><a name="para255"></a><span class="paranum">255</span>.</p>\r\n<p class="gatha1"> Aputtakaṃ gharaṃ suññaṃ, raṭṭhaṃ suññaṃ arājakaṃ;</p>\r\n<p class="gathalast">Asippassa mukhaṃ suññaṃ, sabbasuññaṃ daliddattaṃ.</p>\r\n<p class="hangnum"><a name="para256"></a><span class="paranum">256</span>.</p>\r\n<p class="gatha1"> </p>','\r',char(13)),'\n',char(10)),'-255-256-');
INSERT INTO pages (bookid, page, content, paranum) VALUES('annya_niti_gantha_sangaho_e1001n',153,replace(replace('<p class="gatha1">Dhanamicche <a name="M0.0153"></a> vāṇijeyya, vijjamicche bhaje sutaṃ;</p>\r\n<p class="gathalast">Puttamicche taruṇitthiṃ, rājāmaccaṃ icchāgate.</p>\r\n<p class="hangnum"><a name="para257"></a><span class="paranum">257</span>.</p>\r\n<p class="gatha1"> Pakkhīnaṃ balamākāso, macchānamudakaṃ balaṃ;</p>\r\n<p class="gathalast">Dubbalassa balaṃ rājā, kumārānaṃ rudaṃ balaṃ.</p>\r\n<p class="hangnum"><a name="para258"></a><span class="paranum">258</span>.</p>\r\n<p class="gatha1"> </p>','\r',char(13)),'\n',char(10)),'-257-258-');
INSERT INTO pages (bookid, page, content, paranum) VALUES('annya_niti_gantha_sangaho_e1001n',154,replace(replace('<p class="gatha1">Khamā <a name="M0.0154"></a> jāgariyuṭṭhānaṃ, saṃvibhāgo dayikkhaṇā;</p>\r\n<p class="gathalast">Nāyakassa guṇā ete, icchitabbā sataṃ sadā.</p>\r\n<p class="hangnum"><a name="para259"></a><span class="paranum">259</span>.</p>\r\n<p class="gatha1"> Sakiṃ vadanti rājāno, sakiṃ samaṇabrāhmaṇā;</p>\r\n<p class="gathalast">Sakiṃ sappurisā loke, esa dhammo sanantano.</p>\r\n<p class="hangnum"><a name="para260"></a><span class="paranum">260</span>.</p>\r\n<p class="gatha1"> Alaso gīhi kāmabhogī na sādhu,</p>\r\n<p class="gatha2">Asaññato pabbajito na sādhu;</p>\r\n<p class="gatha3">Rājā na sādhu anisammakārī,</p>\r\n<p class="gathalast">Yo paṇḍito kodhano taṃ na sādhu.</p>\r\n<p class="hangnum"><a name="para261"></a><span class="paranum">261</span>.</p>\r\n<p class="gatha1"> Āyaṃ khayaṃ sayaṃ jaññā, katākataṃ sayaṃ jaññā;</p>\r\n<p class="gathalast">Niggahe niggahārahaṃ, paggahe paggahārahaṃ.</p>\r\n<p class="hangnum"><a name="para262"></a><span class="paranum">262</span>.</p>\r\n<p class="gatha1"> </p>','\r',char(13)),'\n',char(10)),'-259-260-261-262-');
INSERT INTO pages (bookid, page, content, paranum) VALUES('annya_niti_gantha_sangaho_e1001n',156,replace(replace('<p class="gatha1">Mātā <a name="M0.0156"></a> puttakataṃ pāpaṃ, sissakataṃ guru tathā;</p>\r\n<p class="gathalast">Rājā raṭṭhakataṃ pāpaṃ, rājakataṃ purohito.</p>\r\n<p class="hangnum"><a name="para263"></a><span class="paranum">263</span>.</p>\r\n<p class="gatha1"> Akkodhena jine kodhaṃ, asādhuṃ sādhunā jine;</p>\r\n<p class="gathalast">Jine kadariyaṃ dānena, saccenālikavādinaṃ.</p>\r\n<p class="hangnum"><a name="para264"></a><span class="paranum">264</span>.</p>\r\n<p class="gatha1"> </p>','\r',char(13)),'\n',char(10)),'-263-264-');
INSERT INTO pages (bookid, page, content, paranum) VALUES('annya_niti_gantha_sangaho_e1001n',157,replace(replace('<p class="gatha1">Adantadamanaṃ <a name="M0.0157"></a> dānaṃ, dānaṃ sabbatthasādhakaṃ;</p>\r\n<p class="gathalast">Dānena piyavācāya, unnamanti namanti ca.</p>','\r',char(13)),'\n',char(10)),'');
INSERT INTO pages (bookid, page, content, paranum) VALUES('annya_niti_gantha_sangaho_e1001n',158,replace(replace('<p class="gatha1">Adantadamanaṃ <a name="M0.0158"></a> dānaṃ, adānaṃ dantadūsakaṃ;</p>\r\n<p class="gathalast">Dānena piyavācāya, unnamanti namanti ca.</p>\r\n<p class="hangnum"><a name="para265"></a><span class="paranum">265</span>.</p>\r\n<p class="gatha1"> Dānaṃ sinehabhesajjaṃ, maccheraṃ dosanosadhaṃ;</p>\r\n<p class="gathalast">Dānaṃ yasassībhesajjaṃ, maccheraṃ kapaṇosadhaṃ.</p>\r\n<p class="hangnum"><a name="para266"></a><span class="paranum">266</span>.</p>\r\n<p class="gatha1"> Na raññā samakaṃ bhuñje, kāmabhogaṃ kudācanaṃ;</p>\r\n<p class="gatha2">Ākappaṃ rasabhuttaṃ vā, mālāgandhavilepanaṃ;</p>\r\n<p class="gathalast">Vatthasabbamalaṅkāraṃ, na raññā sadisaṃ kare.</p>\r\n<p class="hangnum"><a name="para267"></a><span class="paranum">267</span>.</p>\r\n<p class="gatha1"> </p>','\r',char(13)),'\n',char(10)),'-265-266-267-');
INSERT INTO pages (bookid, page, content, paranum) VALUES('annya_niti_gantha_sangaho_e1001n',159,replace(replace('<p class="gatha1">Na <a name="M0.0159"></a> me rājā sakhā hoti, na rājā hoti samako;</p>\r\n<p class="gathalast">Eso sāmiko mayhanti, citte niṭṭhaṃ saṇṭhāpaye.</p>\r\n<p class="hangnum"><a name="para268"></a><span class="paranum">268</span>.</p>\r\n<p class="gatha1"> Nātidūre bhaje rañño, naccāsanne pavātake;</p>\r\n<p class="gatha2">Ujuke nātininne ca, na bhaje uccamāsane;</p>\r\n<p class="gathalast">Cha dose vajje sevako, aggīva saṃyato tiṭṭhe.</p>','\r',char(13)),'\n',char(10)),'-268-');
INSERT INTO pages (bookid, page, content, paranum) VALUES('annya_niti_gantha_sangaho_e1001n',160,replace(replace('<p class="gatha1">Na <a name="M0.0160"></a> pacchato na purato, nāpi āsannadūrato;</p>\r\n<p class="gatha2">Na kacche nopi paṭivāte, na cāpi oṇatuṇṇate;</p>\r\n<p class="gathalast">Ime dose vivajjetvā, ekamantaṃ ṭhitā ahu –</p>\r\n<p class="hangnum"><a name="para269"></a><span class="paranum">269</span>.</p>\r\n<p class="gatha1"> Jappena mantena subhāsitena,</p>\r\n<p class="gatha2">Anuppadānena paveṇiyā vā;</p>\r\n<p class="gatha3">Yathā yathā yattha labhetha atthaṃ,</p>\r\n<p class="gathalast">Tathā tathā tattha parakkameyya.</p>\r\n<p class="hangnum"><a name="para270"></a><span class="paranum">270</span>.</p>\r\n<p class="gatha1"> </p>','\r',char(13)),'\n',char(10)),'-269-270-');
INSERT INTO pages (bookid, page, content, paranum) VALUES('annya_niti_gantha_sangaho_e1001n',161,replace(replace('<p class="gatha1">Kassako <a name="M0.0161"></a> vāṇijo macco, samaṇo sutasīla vā;</p>\r\n<p class="gathalast">Tesu vipulajātesu, raṭṭhampi vipulaṃ siyā.</p>\r\n<p class="hangnum"><a name="para271"></a><span class="paranum">271</span>.</p>\r\n<p class="gatha1"> </p>','\r',char(13)),'\n',char(10)),'-271-');
INSERT INTO pages (bookid, page, content, paranum) VALUES('annya_niti_gantha_sangaho_e1001n',162,replace(replace('<p class="gatha1">Tesu <a name="M0.0162"></a> dubbalajātesu, raṭṭhampi dubbalaṃ siyā;</p>\r\n<p class="gathalast">Tasmā saraṭṭhaṃ vipulaṃ, dhāraye raṭṭhabhāravā.</p>\r\n<p class="hangnum"><a name="para272"></a><span class="paranum">272</span>.</p>\r\n<p class="gatha1"> </p>','\r',char(13)),'\n',char(10)),'-272-');
INSERT INTO pages (bookid, page, content, paranum) VALUES('annya_niti_gantha_sangaho_e1001n',163,replace(replace('<p class="gatha1">Mahārukkhassa <a name="M0.0163"></a> phalino, āmaṃ chindati yo phalaṃ;</p>\r\n<p class="gathalast">Rasañcassa na jānāti, bījañcassa vinassati.</p>\r\n<p class="hangnum"><a name="para273"></a><span class="paranum">273</span>.</p>\r\n<p class="gatha1"> Mahārukkhūpamaṃ raṭṭhaṃ, adhammena pasāsati;</p>\r\n<p class="gathalast">Rasañcassa na jānāti, raṭṭhañcassa vinassati.</p>\r\n<p class="hangnum"><a name="para274"></a><span class="paranum">274</span>.</p>\r\n<p class="gatha1"> Mahārukkhassa phalino, pakkaṃ chindati yo phalaṃ;</p>\r\n<p class="gathalast">Rasañcassa vijānāti, bījañjassa na nassati.</p>\r\n<p class="hangnum"><a name="para275"></a><span class="paranum">275</span>.</p>\r\n<p class="gatha1"> </p>','\r',char(13)),'\n',char(10)),'-273-274-275-');
INSERT INTO pages (bookid, page, content, paranum) VALUES('annya_niti_gantha_sangaho_e1001n',164,replace(replace('<p class="gatha1">Mahārukkhūpamaṃ <a name="M0.0164"></a> raṭṭhaṃ, dhammena yo pasāsati;</p>\r\n<p class="gathalast">Rasañcassa vijānāti, raṭṭhañcassa na nassati.</p>\r\n<p class="chapter">Nāyaka kaṇḍa</p>\r\n<p class="hangnum"><a name="para276"></a><span class="paranum">276</span>.</p>\r\n<p class="gatha1"> </p>','\r',char(13)),'\n',char(10)),'-276-');
INSERT INTO pages (bookid, page, content, paranum) VALUES('annya_niti_gantha_sangaho_e1001n',165,replace(replace('<p class="gatha1">Anāyakā <a name="M0.0165"></a> vinassanti, nassanti bahunāyakā;</p>\r\n<p class="gathalast">Thīnāyakā vinassanti, nassanti susunāyakā.</p>\r\n<p class="hangnum"><a name="para277"></a><span class="paranum">277</span>.</p>\r\n<p class="gatha1"> </p>','\r',char(13)),'\n',char(10)),'-277-');
INSERT INTO pages (bookid, page, content, paranum) VALUES('annya_niti_gantha_sangaho_e1001n',166,replace(replace('<p class="gatha1">Gavaṃ <a name="M0.0166"></a> ce taramānānaṃ, ujuṃ gacchati puṅgavo;</p>\r\n<p class="gathalast">Sabbā gāvī ujuṃ yanti, nette ujuṃ gate sati.</p>\r\n<p class="hangnum"><a name="para278"></a><span class="paranum">278</span>.</p>\r\n<p class="gatha1"> Evameva manussesu, yo hoti seṭṭhasammato;</p>\r\n<p class="gatha2">So sace dhammaṃ carati, pageva itarā pajā.</p>\r\n<p class="gatha1">Gavaṃ ce taramānānaṃ, ujuṃ gacchati puṅgavo;</p>\r\n<p class="gathalast">Sabbā gāvī ujuṃyanti, nette ujuṃ gate sati.</p>','\r',char(13)),'\n',char(10)),'-278-');
INSERT INTO pages (bookid, page, content, paranum) VALUES('annya_niti_gantha_sangaho_e1001n',167,replace(replace('<p class="gatha1">Evameva <a name="M0.0167"></a> manussesu, yo hoti seṭṭhasammato;</p>\r\n<p class="gatha2">So sace dhammaṃ carati, pageva itarā pajā;</p>\r\n<p class="gathalast">Sabbaṃ raṭṭhaṃ sukhaṃ seti, rājā ce hoti dhammiko.</p>\r\n<p class="hangnum"><a name="para279"></a><span class="paranum">279</span>.</p>\r\n<p class="gatha1"> Nodayāha vināsāya, bahunāyakatā bhusaṃ;</p>\r\n<p class="gathalast">Milāyanti vinassanti, padmānyakkehi sattahi.</p>\r\n<p class="hangnum"><a name="para280"></a><span class="paranum">280</span>.</p>\r\n<p class="gatha1"> Sutārakkho abhiyogo, kulārakkho vattaṃ bhave;</p>\r\n<p class="gathalast">Vijjā hi kulaputtassa, nāyakassāpamādako.</p>\r\n<p class="chapter">Puttakaṇḍa</p>\r\n<p class="hangnum"><a name="para281"></a><span class="paranum">281</span>.</p>\r\n<p class="gatha1"> </p>','\r',char(13)),'\n',char(10)),'-279-280-281-');
INSERT INTO pages (bookid, page, content, paranum) VALUES('annya_niti_gantha_sangaho_e1001n',168,replace(replace('<p class="gatha1">Abhijātaṃ <a name="M0.0168"></a> anujātaṃ, puttamicchanti paṇḍitā;</p>\r\n<p class="gathalast">Avajātaṃ na icchanti, yo hoti kulagandhano.</p>\r\n<p class="hangnum"><a name="para282"></a><span class="paranum">282</span>.</p>\r\n<p class="gatha1"> </p>','\r',char(13)),'\n',char(10)),'-282-');
INSERT INTO pages (bookid, page, content, paranum) VALUES('annya_niti_gantha_sangaho_e1001n',170,replace(replace('<p class="gatha1">Pañcaṭṭhānāni <a name="M0.0170"></a> sampassaṃ, puttamicchanti paṇḍitā;</p>\r\n<p class="gathalast">Bhato vā no bharissati, kiccaṃ vā no karissati.</p>\r\n<p class="hangnum"><a name="para283"></a><span class="paranum">283</span>.</p>\r\n<p class="gatha1"> Kulavaṃso ciraṃ tiṭṭhe, dāyajjaṃ paṭipajjati;</p>\r\n<p class="gathalast">Atha vā pana petānaṃ, dakkhinaṃ anupadassati.</p>\r\n<p class="hangnum"><a name="para284"></a><span class="paranum">284</span>.</p>\r\n<p class="gatha1"> </p>','\r',char(13)),'\n',char(10)),'-283-284-');
INSERT INTO pages (bookid, page, content, paranum) VALUES('annya_niti_gantha_sangaho_e1001n',171,replace(replace('<p class="gatha1">Bahuputte <a name="M0.0171"></a> pitā eko, avassaṃ poseti sadā;</p>\r\n<p class="gathalast">Bahuputtā na sakkonti, posetuṃ pitarekakaṃ.</p>\r\n<p class="hangnum"><a name="para285"></a><span class="paranum">285</span>.</p>\r\n<p class="gatha1"> Puttaṃ vā bhātaraṃ duṭṭhu, anusāseyya no jahe;</p>\r\n<p class="gathalast">Kinnu chejjaṃ karaṃ pādaṃ, littaṃ asucinā siyā.</p>\r\n<p class="chapter">Vejjācariya kaṇḍa</p>\r\n<p class="hangnum"><a name="para286"></a><span class="paranum">286</span>.</p>\r\n<p class="gatha1"> </p>','\r',char(13)),'\n',char(10)),'-285-286-');
INSERT INTO pages (bookid, page, content, paranum) VALUES('annya_niti_gantha_sangaho_e1001n',173,replace(replace('<p class="gatha1">Āyubedakatābhyāso<a name="M0.0173"></a>, sabbesaṃ piyadassano;</p>\r\n<p class="gathalast">Ariyasīlaguṇopeto, esa vejjo vidhīyate.</p>\r\n<p class="hangnum"><a name="para287"></a><span class="paranum">287</span>.</p>\r\n<p class="gatha1"> Nānāganthajānanañca, sudiṭṭhakammasampadā;</p>\r\n<p class="gathalast">Dakkhatā hatthasīghatā, pasādasūrasattitā.</p>\r\n<p class="hangnum"><a name="para288"></a><span class="paranum">288</span>.</p>\r\n<p class="gatha1"> Sābhāvikataṅkhaṇika-ñāṇasubhāsitāpi ca;</p>\r\n<p class="gathalast">Ussāho dabbo sabbatā, vejjācerassa lakkhaṇaṃ;</p>\r\n<p class="hangnum"><a name="para289"></a><span class="paranum">289</span>.</p>\r\n<p class="gatha1"> </p>','\r',char(13)),'\n',char(10)),'-287-288-289-');
INSERT INTO pages (bookid, page, content, paranum) VALUES('annya_niti_gantha_sangaho_e1001n',174,replace(replace('<p class="gatha1">Kiliṭṭhavatthaṃ <a name="M0.0174"></a> kodho ca, atimānañca gammatā;</p>\r\n<p class="gathalast">Animantitagamanaṃ, ete pañca vivajjiyā.</p>\r\n<p class="hangnum"><a name="para290"></a><span class="paranum">290</span>.</p>\r\n<p class="gatha1"> </p>','\r',char(13)),'\n',char(10)),'-290-');
INSERT INTO pages (bookid, page, content, paranum) VALUES('annya_niti_gantha_sangaho_e1001n',175,replace(replace('<p class="gatha1">Diṭṭhakammatā <a name="M0.0175"></a> socañca, dakkhatā viditāgamo;</p>\r\n<p class="gathalast">Cattāro subhisakkassa, suguṇā viññunā matā.</p>\r\n<p class="hangnum"><a name="para291"></a><span class="paranum">291</span>.</p>\r\n<p class="gatha1"> Rujāya jayalakkhaṇaṃ, raso ca bhesajjampi ca;</p>\r\n<p class="gathalast">Tilakkhaṇabhedo ceva, viññeyyo bhisakkena ve.</p>\r\n<p class="chapter">Dāsaka kaṇḍa</p>\r\n<p class="hangnum"><a name="para292"></a><span class="paranum">292</span>.</p>\r\n<p class="gatha1"> </p>','\r',char(13)),'\n',char(10)),'-291-292-');
INSERT INTO pages (bookid, page, content, paranum) VALUES('annya_niti_gantha_sangaho_e1001n',176,replace(replace('<p class="gatha1">Antojāto <a name="M0.0176"></a> dhanakkīto, dāsabyopagato sayaṃ;</p>\r\n<p class="gathalast">Dāsākaramarānīto-ccevaṃ te catudhā siyuṃ.</p>\r\n<p class="hangnum"><a name="para293"></a><span class="paranum">293</span>.</p>\r\n<p class="gatha1"> Pubbuṭṭhā pacchānipātī, dinnassa ādāyīpi ca;</p>\r\n<p class="gathalast">Sukatakammakaro ca, kittivaṇṇaharopi ca.</p>\r\n<p class="hangnum"><a name="para294"></a><span class="paranum">294</span>.</p>\r\n<p class="gatha1"> Dāsā 0.0177 pañceva corayya-sakhāñātyattasādisā;</p>\r\n<p class="gathalast">Tathā viññūhi viññeyyā, mittadārā ca bandhavā.</p>\r\n<p class="chapter">Itthikaṇḍa</p>\r\n<p class="hangnum"><a name="para295"></a><span class="paranum">295</span>.</p>\r\n<p class="gatha1"> </p>','\r',char(13)),'\n',char(10)),'-293-294-295-');
INSERT INTO pages (bookid, page, content, paranum) VALUES('annya_niti_gantha_sangaho_e1001n',178,replace(replace('<p class="gatha1">Āsā <a name="M0.0178"></a> lokitthiyo nāma, velā tāsaṃ na vijjati;</p>\r\n<p class="gatha2">Sārattā ca pagabbhā ca, sikhī sabbaghaso yathā;</p>\r\n<p class="gathalast">Tasmā tāyo hitvāna, brūheyya vivekaṃ sudhī.</p>','\r',char(13)),'\n',char(10)),'');
INSERT INTO pages (bookid, page, content, paranum) VALUES('annya_niti_gantha_sangaho_e1001n',179,replace(replace('<p class="gatha1">Āsā <a name="M0.0179"></a> lokitthiyo nāma, velā tāsaṃ na vijjati;</p>\r\n<p class="gatha2">Sāratthā ca pagabbhā ca, sikhī sabbaghaso yathā;</p>\r\n<p class="gathalast">Tā hitvā pabbajissāmi, vivekamanubrūhayaṃ.</p>\r\n<p class="hangnum"><a name="para296"></a><span class="paranum">296</span>.</p>\r\n<p class="gatha1"> Loke hi aṅganā nāma, kodhanā mittabhedikā;</p>\r\n<p class="gathalast">Pisukā akataññū ca dūrato parivajjaye.</p>\r\n<p class="hangnum"><a name="para297"></a><span class="paranum">297</span>.</p>\r\n<p class="gatha1"> Yathā nadī ca pantho ca, pānāgāraṃ sabhā papā;</p>\r\n<p class="gathalast">Evaṃ lokitthiyo nāma, nāsaṃ kujjhanti paṇḍitā.</p>\r\n<p class="hangnum"><a name="para298"></a><span class="paranum">298</span>.</p>\r\n<p class="gatha1"> </p>','\r',char(13)),'\n',char(10)),'-296-297-298-');
INSERT INTO pages (bookid, page, content, paranum) VALUES('annya_niti_gantha_sangaho_e1001n',180,replace(replace('<p class="gatha1">Sabbā <a name="M0.0180"></a> nadī vaṅkagatī, sabbe kaṭṭhamayā vanā;</p>\r\n<p class="gathalast">Sabbitthiyo kare pāpaṃ, labhamāne nivātake.</p>\r\n<p class="hangnum"><a name="para299"></a><span class="paranum">299</span>.</p>\r\n<p class="gatha1"> </p>','\r',char(13)),'\n',char(10)),'-299-');
INSERT INTO pages (bookid, page, content, paranum) VALUES('annya_niti_gantha_sangaho_e1001n',181,replace(replace('<p class="gatha1">Ghaṭakumbhasamā <a name="M0.0181"></a> nārī, tatthaṅgārasamo pumā;</p>\r\n<p class="gathalast">Tasmā ghatañca aggiñca, nekatra ṭhapaye budho.</p>\r\n<p class="hangnum"><a name="para300"></a><span class="paranum">300</span>.</p>\r\n<p class="gatha1"> Itthīnañca dhanaṃ rūpaṃ, purisānaṃ vijjā dhanaṃ;</p>\r\n<p class="gathalast">Bhikkhūnañca dhanaṃ sīlaṃ, rājānañca dhanaṃ balaṃ.</p>\r\n<p class="hangnum"><a name="para301"></a><span class="paranum">301</span>.</p>\r\n<p class="gatha1"> </p>','\r',char(13)),'\n',char(10)),'-300-301-');
INSERT INTO pages (bookid, page, content, paranum) VALUES('annya_niti_gantha_sangaho_e1001n',182,replace(replace('<p class="gatha1">Pañcāratyā <a name="M0.0182"></a> sugandhabbā, sattāratyā dhanuggahā;</p>\r\n<p class="gathalast">Ekamāsā subhariyā, aḍḍhamāsā sissā malā.</p>\r\n<p class="hangnum"><a name="para302"></a><span class="paranum">302</span>.</p>\r\n<p class="gatha1"> Jiṇṇe annaṃ pasaṃseyya, dārañca gatayobbane;</p>\r\n<p class="gathalast">Raṇapunāgate sūraṃ, sassañca gehamāgate.</p>\r\n<p class="hangnum"><a name="para303"></a><span class="paranum">303</span>.</p>\r\n<p class="gatha1"> </p>','\r',char(13)),'\n',char(10)),'-302-303-');
INSERT INTO pages (bookid, page, content, paranum) VALUES('annya_niti_gantha_sangaho_e1001n',183,replace(replace('<p class="gatha1">Dvitipati <a name="M0.0183"></a> nārī ceva, vihāradviti bhikkhu ca;</p>\r\n<p class="gathalast">Sakuṇo dvitipāto ca, katamāyābahutarā.</p>\r\n<p class="hangnum"><a name="para304"></a><span class="paranum">304</span>.</p>\r\n<p class="gatha1"> Ratti vinā na candimā, vīcivinā ca sāgaro;</p>\r\n<p class="gathalast">Haṃsavinā pokkharaṇī, pativinā kaññā sobhe.</p>\r\n<p class="hangnum"><a name="para305"></a><span class="paranum">305</span>.</p>\r\n<p class="gatha1"> </p>','\r',char(13)),'\n',char(10)),'-304-305-');
INSERT INTO pages (bookid, page, content, paranum) VALUES('annya_niti_gantha_sangaho_e1001n',184,replace(replace('<p class="gatha1">Asantuṭṭhā <a name="M0.0184"></a> yatī naṭṭhā, santuṭṭhāpi ca patthi vā;</p>\r\n<p class="gathalast">Salajjā gaṇikā naṭṭhā, nillajjā ca kulitthiyo.</p>\r\n<p class="hangnum"><a name="para306"></a><span class="paranum">306</span>.</p>\r\n<p class="gatha1"> Corīnaṃ bahubuddhīnaṃ, yāsu saccaṃ sudullabhaṃ;</p>\r\n<p class="gathalast">Thīnaṃ bhāvo durājāno, macchassevo’dake gataṃ.</p>\r\n<p class="hangnum"><a name="para307"></a><span class="paranum">307</span>.</p>\r\n<p class="gatha1"> </p>','\r',char(13)),'\n',char(10)),'-306-307-');
INSERT INTO pages (bookid, page, content, paranum) VALUES('annya_niti_gantha_sangaho_e1001n',185,replace(replace('<p class="gatha1">Analā <a name="M0.0185"></a> mudusambhāsā, duppūrā tā nadīsamā;</p>\r\n<p class="gathalast">Sīdanti naṃ viditvāna, ārakā parivajjaye.</p>\r\n<p class="hangnum"><a name="para308"></a><span class="paranum">308</span>.</p>\r\n<p class="gatha1"> Āvaṭṭanī mahāmāyā, brahmacariyavikopanā;</p>\r\n<p class="gathalast">Sīdanti naṃ viditvāna, ārakā parivajjaye.</p>\r\n<p class="hangnum"><a name="para309"></a><span class="paranum">309</span>.</p>\r\n<p class="gatha1"> </p>','\r',char(13)),'\n',char(10)),'-308-309-');
INSERT INTO pages (bookid, page, content, paranum) VALUES('annya_niti_gantha_sangaho_e1001n',186,replace(replace('<p class="gatha1">Itthīpi <a name="M0.0186"></a> hi ekacciyā, seyyā posa janādhipa;</p>\r\n<p class="gathalast">Medhāvinī sīlavatī, sassudevā patibbatā;</p>\r\n<p class="hangnum"><a name="para310"></a><span class="paranum">310</span>.</p>\r\n<p class="gatha1"> Tassā yo jāyati poso,</p>\r\n<p class="gatha2">Sūro hosa disampati;</p>\r\n<p class="gatha3">Tādisā subhagiyā putto,</p>\r\n<p class="gathalast">Rajjampi anusāsati.</p>\r\n<p class="hangnum"><a name="para311"></a><span class="paranum">311</span>.</p>\r\n<p class="gatha1"> </p>','\r',char(13)),'\n',char(10)),'-310-311-');
INSERT INTO pages (bookid, page, content, paranum) VALUES('annya_niti_gantha_sangaho_e1001n',187,replace(replace('<p class="gatha1">Sallape <a name="M0.0187"></a> asihatthena, pisācenāpi sallape;</p>\r\n<p class="gatha2">Āsīvisampi āsīde, yena daṭṭho na jīvati;</p>\r\n<p class="gathalast">Na tveva eko ekāya, mātugāmena sallape.</p>\r\n<p class="hangnum"><a name="para312"></a><span class="paranum">312</span>.</p>\r\n<p class="gatha1"> </p>','\r',char(13)),'\n',char(10)),'-312-');
INSERT INTO pages (bookid, page, content, paranum) VALUES('annya_niti_gantha_sangaho_e1001n',188,replace(replace('<p class="gatha1">Na <a name="M0.0188"></a> hi sabbesu ṭhānesu, puriso hoti paṇḍito;</p>\r\n<p class="gathalast">Itthīpi paṇḍitā hoti, tattha tattha vicakkhaṇā.</p>\r\n<p class="hangnum"><a name="para313"></a><span class="paranum">313</span>.</p>\r\n<p class="gatha1"> Na hi sabbesu ṭhānesu, puriso hoti paṇḍito;</p>\r\n<p class="gathalast">Itthīpi paṇḍitā hoti, lahuṃ atthavicintikā.</p>\r\n<p class="hangnum"><a name="para314"></a><span class="paranum">314</span>.</p>\r\n<p class="gatha1"> </p>','\r',char(13)),'\n',char(10)),'-313-314-');
INSERT INTO pages (bookid, page, content, paranum) VALUES('annya_niti_gantha_sangaho_e1001n',189,replace(replace('<p class="gatha1">Kūpodakaṃ <a name="M0.0189"></a> vaṭacchāyā, sāmāthī iṭṭhakālayaṃ;</p>\r\n<p class="gathalast">Sītakāle bhave uṇhaṃ, uṇhakāle ca sītalaṃ.</p>\r\n<p class="hangnum"><a name="para315"></a><span class="paranum">315</span>.</p>\r\n<p class="gatha1"> Itthiyo ekacciyāpi, seyyā vuttāva muninā;</p>\r\n<p class="gathalast">Bhaṇḍānaṃ uttamā itthī, aggūpaṭṭhāyikā iti.</p>\r\n<p class="chapter">Pakiṇṇakakaṇḍa</p>\r\n<p class="hangnum"><a name="para316"></a><span class="paranum">316</span>.</p>\r\n<p class="gatha1"> </p>','\r',char(13)),'\n',char(10)),'-315-316-');
INSERT INTO pages (bookid, page, content, paranum) VALUES('annya_niti_gantha_sangaho_e1001n',191,replace(replace('<p class="gatha1">Kulasīlaguṇopeto<a name="M0.0191"></a>, sabbadhammaparāyaṇo;</p>\r\n<p class="gathalast">Pavīṇo pesanājjhakkho, dhammajjhakkho vidhīyate.</p>\r\n<p class="hangnum"><a name="para317"></a><span class="paranum">317</span>.</p>\r\n<p class="gatha1"> Vedavedaṅgatatvañño, jappahomaparāyaṇo;</p>\r\n<p class="gathalast">Āsīvādavacoyutto, esa rājapurohito.</p>','\r',char(13)),'\n',char(10)),'-317-');
INSERT INTO pages (bookid, page, content, paranum) VALUES('annya_niti_gantha_sangaho_e1001n',192,replace(replace('<p class="gatha1">Kappo <a name="M0.0192"></a> byākaraṇaṃ joti – satthaṃ sikkhā nirutti ca;</p>\r\n<p class="gathalast">Chandoviciti cetāni, vedaṅgāni vadanti cha.</p>\r\n<p class="hangnum"><a name="para318"></a><span class="paranum">318</span>.</p>\r\n<p class="gatha1"> Sakiṃ vuttagahitatto, lahuhattho jitakkharo;</p>\r\n<p class="gathalast">Sabbasatthasamālokī, pakaṭṭho nāma lekhako.</p>\r\n<p class="hangnum"><a name="para319"></a><span class="paranum">319</span>.</p>\r\n<p class="gatha1"> </p>','\r',char(13)),'\n',char(10)),'-318-319-');
INSERT INTO pages (bookid, page, content, paranum) VALUES('annya_niti_gantha_sangaho_e1001n',193,replace(replace('<p class="gatha1">Samattanītisatthañño<a name="M0.0193"></a>, vāhane pūritassamo;</p>\r\n<p class="gathalast">Sūravīraguṇopeto, senājhakkho vidhīyate.</p>\r\n<p class="hangnum"><a name="para320"></a><span class="paranum">320</span>.</p>\r\n<p class="gatha1"> Sudhī vākyapaṭu, pañño, paracittopalakkhaṇo;</p>\r\n<p class="gathalast">Dhīro yathātthavādī ca, esa dūto vidhīyate.</p>\r\n<p class="hangnum"><a name="para321"></a><span class="paranum">321</span>.</p>\r\n<p class="gatha1"> Puttanattaguṇopeto, satthañño rasapācako;</p>\r\n<p class="gathalast">Sūro ca kathino ceva, sūpakāro sa vuccate.</p>\r\n<p class="hangnum"><a name="para322"></a><span class="paranum">322</span>.</p>\r\n<p class="gatha1"> Iṅgitākāratattañño, balavāpiyadassano;</p>\r\n<p class="gathalast">Appamādī sadā dakkho, patīhāro sa uccate.</p>\r\n<p class="hangnum"><a name="para323"></a><span class="paranum">323</span>.</p>\r\n<p class="gatha1"> Itthimisse kuto sīlaṃ, maṃsabhakkhe kuto dayā;</p>\r\n<p class="gatha2">Surāpāne kuto saccaṃ, mahālobhe kuto lajjā;</p>\r\n<p class="gathalast">Mahātande kuto sippaṃ, mahākodhe kuto dhanaṃ.</p>\r\n<p class="hangnum"><a name="para324"></a><span class="paranum">324</span>.</p>\r\n<p class="gatha1"> Surāyogo velālo ca, samajjacaraṇaṅgato;</p>\r\n<p class="gathalast">Khiḍḍā dhutto pāpamitto, alaso bhoganāsakā.</p>\r\n<p class="hangnum"><a name="para325"></a><span class="paranum">325</span>.</p>\r\n<p class="gatha1"> </p>','\r',char(13)),'\n',char(10)),'-320-321-322-323-324-325-');
INSERT INTO pages (bookid, page, content, paranum) VALUES('annya_niti_gantha_sangaho_e1001n',196,replace(replace('<p class="gatha1">Jīvantāpi <a name="M0.0196"></a> matā pañca, byāsena parikittitā;</p>\r\n<p class="gathalast">Dukkhito byādhiti mūḷho, iṇavā niccasevako.</p>\r\n<p class="hangnum"><a name="para326"></a><span class="paranum">326</span>.</p>\r\n<p class="gatha1"> </p>','\r',char(13)),'\n',char(10)),'-326-');
INSERT INTO pages (bookid, page, content, paranum) VALUES('annya_niti_gantha_sangaho_e1001n',197,replace(replace('<p class="gatha1">Niddāluko <a name="M0.0197"></a> pamādo ca, sukhito rogavālaso;</p>\r\n<p class="gathalast">Kāmuko kammārāmo ca, sattete satthavajjitā.</p>\r\n<p class="hangnum"><a name="para327"></a><span class="paranum">327</span>.</p>\r\n<p class="gatha1"> Goṇāhi sabbagihīnaṃ, posakā bhogadāyako;</p>\r\n<p class="gathalast">Tasmā hi mātāpitūva, mānaye sakkareyya ca.</p>\r\n<p class="hangnum"><a name="para328"></a><span class="paranum">328</span>.</p>\r\n<p class="gatha1"> </p>','\r',char(13)),'\n',char(10)),'-327-328-');
INSERT INTO pages (bookid, page, content, paranum) VALUES('annya_niti_gantha_sangaho_e1001n',198,replace(replace('<p class="gatha1">Yathā <a name="M0.0198"></a> mātā pitā bhātā, aññevāpi ca ñātakā;</p>\r\n<p class="gathalast">Gāvo no paramā mittā, yāsu jāyanti osadhā.</p>\r\n<p class="hangnum"><a name="para329"></a><span class="paranum">329</span>.</p>\r\n<p class="gatha1"> </p>','\r',char(13)),'\n',char(10)),'-329-');
INSERT INTO pages (bookid, page, content, paranum) VALUES('annya_niti_gantha_sangaho_e1001n',199,replace(replace('<p class="gatha1">Annadā <a name="M0.0199"></a> baladā cetā, vaṇṇadā sukhadā tathā;</p>\r\n<p class="gathalast">Etamatthavasaṃ ñatvā, nāsu gāvo haniṃsu te.</p>\r\n<p class="hangnum"><a name="para330"></a><span class="paranum">330</span>.</p>\r\n<p class="gatha1"> Ye ca khādanti gomaṃsaṃ, mātumaṃsaṃva khādare;</p>\r\n<p class="gathalast">Matesu tesu gijjhānaṃ, dade sote ca vāhaye.</p>\r\n<p class="hangnum"><a name="para331"></a><span class="paranum">331</span>.</p>\r\n<p class="gatha1"> </p>','\r',char(13)),'\n',char(10)),'-330-331-');
INSERT INTO pages (bookid, page, content, paranum) VALUES('annya_niti_gantha_sangaho_e1001n',200,replace(replace('<p class="gatha1">Dviguṇo <a name="M0.0200"></a> thīnamāhāro, buddhicāpi catugguṇo;</p>\r\n<p class="gathalast">Chagguṇo hoti vāyāmo, kāmotvaṭṭhaguṇo bhave.</p>\r\n<p class="hangnum"><a name="para332"></a><span class="paranum">332</span>.</p>\r\n<p class="gatha1"> </p>','\r',char(13)),'\n',char(10)),'-332-');
INSERT INTO pages (bookid, page, content, paranum) VALUES('annya_niti_gantha_sangaho_e1001n',201,replace(replace('<p class="gatha1">Na <a name="M0.0201"></a> loke sobhate mūḷho, kevalattapasaṃsako;</p>\r\n<p class="gathalast">Api sampihite kūpe, katavijjo pakāsate.</p>\r\n<p class="hangnum"><a name="para333"></a><span class="paranum">333</span>.</p>\r\n<p class="gatha1"> Kosajjaṃ bhayato disvā, vīriyārambhañca khemato;</p>\r\n<p class="gathalast">Āraddhavīriyā hotha, esā buddhānusāsanī.</p>\r\n<p class="hangnum"><a name="para334"></a><span class="paranum">334</span>.</p>\r\n<p class="gatha1"> </p>','\r',char(13)),'\n',char(10)),'-333-334-');
INSERT INTO pages (bookid, page, content, paranum) VALUES('annya_niti_gantha_sangaho_e1001n',202,replace(replace('<p class="gatha1">Vivādaṃ <a name="M0.0202"></a> bhayato disvā, avivādañca khemato;</p>\r\n<p class="gathalast">Samaggā sakhilā hotha, esā buddhānusāsanī.</p>\r\n<p class="hangnum"><a name="para335"></a><span class="paranum">335</span>.</p>\r\n<p class="gatha1"> Pamādaṃ bhayato disvā, appamādañca khemato;</p>\r\n<p class="gathalast">Bhāvethaṭṭhaṅgikaṃ maggaṃ, esā buddhānusāsanī.</p>\r\n<p class="hangnum"><a name="para336"></a><span class="paranum">336</span>.</p>\r\n<p class="gatha1"> </p>','\r',char(13)),'\n',char(10)),'-335-336-');
INSERT INTO pages (bookid, page, content, paranum) VALUES('annya_niti_gantha_sangaho_e1001n',203,replace(replace('<p class="gatha1">Garahā <a name="M0.0203"></a> ca pasaṃsā ca, aniccā tāvakālikā;</p>\r\n<p class="gatha2">Appakācekadesāva, na tā ikkheyya paṇḍito;</p>\r\n<p class="gathalast">Dhammādhammaṃva ikkheyya, atthānatthaṃ hitāhitaṃ.</p>\r\n<p class="chapter">Kavidappaṇanīti</p>\r\n<p class="hangnum"><a name="para1"></a><span class="paranum">1</span>.</p>\r\n<p class="gatha1"> </p>','\r',char(13)),'\n',char(10)),'-1-');
INSERT INTO pages (bookid, page, content, paranum) VALUES('annya_niti_gantha_sangaho_e1001n',204,replace(replace('<p class="gatha1">Pakhukkūpuraseṭṭhassa<a name="M0.0204"></a>, pacchime āsi vissuto;</p>\r\n<p class="gathalast">Catugāvutadesamhī, kanarayagāmo susobhano.</p>\r\n<p class="hangnum"><a name="para2"></a><span class="paranum">2</span>.</p>\r\n<p class="gatha1"> </p>','\r',char(13)),'\n',char(10)),'-2-');
INSERT INTO pages (bookid, page, content, paranum) VALUES('annya_niti_gantha_sangaho_e1001n',205,replace(replace('<p class="gatha1">Dvino <a name="M0.0205"></a> dviveka sākamhi, tamhi jātena jātiyā;</p>\r\n<p class="gathalast">Laṅkābhārataādīsu, vuṭṭhapubba sutesinā.</p>\r\n<p class="hangnum"><a name="para3"></a><span class="paranum">3</span>.</p>\r\n<p class="gatha1"> Visutārāma sīhānaṃ, sikkhitena tipeṭakaṃ;</p>\r\n<p class="gathalast">Santike navavassāni, saṃgītikiccakārinā.</p>\r\n<p class="hangnum"><a name="para4"></a><span class="paranum">4</span>.</p>\r\n<p class="gatha1"> Dakkhiṇārāma vāsīnaṃ, santikepi suviññunaṃ;</p>\r\n<p class="gathalast">Sikkhitena sattavīsa-vassitvāna yasassinā.</p>\r\n<p class="hangnum"><a name="para5"></a><span class="paranum">5</span>.</p>\r\n<p class="gatha1"> </p>','\r',char(13)),'\n',char(10)),'-3-4-5-');
INSERT INTO pages (bookid, page, content, paranum) VALUES('annya_niti_gantha_sangaho_e1001n',206,replace(replace('<p class="gatha1">Sundare <a name="M0.0206"></a> puraseṭṭhamhi, sundare visute subhe;</p>\r\n<p class="gathalast">Sundare jotipālamhi, vasatā gaṇavācinā.</p>\r\n<p class="hangnum"><a name="para6"></a><span class="paranum">6</span>.</p>\r\n<p class="gatha1"> Nissāya peṭake ceva, anekanīti potthake;</p>\r\n<p class="gathalast">Bahule ganthaseṭṭhepi, katoyaṃ vidhumānito.</p>\r\n<p class="hangnum"><a name="para7"></a><span class="paranum">7</span>.</p>\r\n<p class="gatha1"> </p>','\r',char(13)),'\n',char(10)),'-6-7-');
INSERT INTO pages (bookid, page, content, paranum) VALUES('annya_niti_gantha_sangaho_e1001n',207,replace(replace('<p class="gatha1">Tiṭṭhataṃ <a name="M0.0207"></a> ayaṃ me gantho, susāro yāva sāsanaṃ;</p>\r\n<p class="gathalast">Tiṭṭhateva sutesīnaṃ, susāraṃ supakāsayaṃ.</p>\r\n<p class="hangnum"><a name="para8"></a><span class="paranum">8</span>.</p>\r\n<p class="gatha1"> Anena suvisiṭṭhena, puññenaññena kammunā;</p>\r\n<p class="gathalast">Manisibhigurūheva, gaccheyyaṃ amataṃ sivaṃ.</p>','\r',char(13)),'\n',char(10)),'-8-');
INSERT INTO pages (bookid, page, content, paranum) VALUES('annya_niti_gantha_sangaho_e1001n',210,replace(replace('<p class="bodytext">‘‘Aṅgārino <a name="M0.0210"></a> dāni dumā bhadante’’</p>\r\n<p class="gatha1">‘‘Yathāpi rammako māso, gimhānaṃ hoti brāhmaṇa;</p>\r\n<p class="gathalast">Ate‘va’ññehi māsehi, dumapumphehi sobhati’’.</p>','\r',char(13)),'\n',char(10)),'');
INSERT INTO pages (bookid, page, content, paranum) VALUES('annya_niti_gantha_sangaho_e1001n',211,replace(replace('<p class="gatha1">‘‘Vanappagumbe <a name="M0.0211"></a> yathaphussitagge,</p>\r\n<p class="gathalast">Gimhāna māse paṭhamasmiṃ gimhe’’ –</p>\r\n<p class="centered"> Namo tassa bhagavato arahato sambāsambuddhassa</p>','\r',char(13)),'\n',char(10)),'');
INSERT INTO pages (bookid, page, content, paranum) VALUES('annya_niti_gantha_sangaho_e1001n',212,replace(replace('<p class="chapter">Paṇāma paṭiññā</p>\r\n<p class="gatha1">Vatthuttayaṃ <a name="M0.0212"></a> namasitvā, ācere kavipuṅgave;</p>\r\n<p class="gathalast">Kassaṃ dvādasamāsānaṃ, bandhaṃ tammāsavasikaṃ.</p>\r\n<p class="hangnum"><a name="para1"></a><span class="paranum">1</span>.</p>\r\n<p class="gatha1"> </p>','\r',char(13)),'\n',char(10)),'-1-');
INSERT INTO pages (bookid, page, content, paranum) VALUES('annya_niti_gantha_sangaho_e1001n',213,replace(replace('<p class="gatha1">Cittasammatamāso <a name="M0.0213"></a> hi, atevaññehi sobhati;</p>\r\n<p class="gathalast">Rammakamāso rammamāso, teneva vohāro bhavi.</p>\r\n<p class="hangnum"><a name="para2"></a><span class="paranum">2</span>.</p>\r\n<p class="gatha1"> Tasmiṃ sucittamāsamhi, nāgadumā supupphare;</p>\r\n<p class="gathalast">Pupphanti asanadumā, vāyanti kānane hi ve.</p>\r\n<p class="hangnum"><a name="para3"></a><span class="paranum">3</span>.</p>\r\n<p class="gatha1"> Saṅkanta mahussavopi, tamhi māsamhi vattate;</p>\r\n<p class="gathalast">Gandhodakehi aññoññaṃ, siñcamānā sumodare.</p>','\r',char(13)),'\n',char(10)),'-2-3-');
INSERT INTO pages (bookid, page, content, paranum) VALUES('annya_niti_gantha_sangaho_e1001n',214,replace(replace('<p class="gatha1">Yathāpi <a name="M0.0214"></a> rammako māso, gimhānaṃ hoti brāhmaṇa;</p>\r\n<p class="gathalast">Ate‘va’ññehi māsehi, dumapupphehi sobhati.</p>\r\n<p class="gatha1">Sambuddho cittamāsassa, kāḷapakkhe uposathe;</p>\r\n<p class="gatha2">Pātoyeva samādāya, pavaraṃ pattacīvaraṃ;</p>\r\n<p class="gathalast">Anukampāya nāgānaṃ, nāgadīpamupāgami.</p>\r\n<p class="hangnum"><a name="para4"></a><span class="paranum">4</span>.</p>\r\n<p class="gatha1"> Vesākhavhayamāso tu, suvisiṭṭho supākaṭo;</p>\r\n<p class="gathalast">Lokagganāthaṃ paṭicca, santehi abhilakkhito.</p>\r\n<p class="hangnum"><a name="para5"></a><span class="paranum">5</span>.</p>\r\n<p class="gatha1"> </p>','\r',char(13)),'\n',char(10)),'-4-5-');
INSERT INTO pages (bookid, page, content, paranum) VALUES('annya_niti_gantha_sangaho_e1001n',215,replace(replace('<p class="gatha1">Tamhi <a name="M0.0215"></a> vesākhamāsamhi, campakāpi supupphare;</p>\r\n<p class="gathalast">Bodhiṃ dakehi siñcitvā, sajjanā sampamodare.</p>\r\n<p class="hangnum"><a name="para6"></a><span class="paranum">6</span>.</p>\r\n<p class="gatha1"> Vanesuva potakāpi, pakkhandanti disodisaṃ;</p>\r\n<p class="gathalast">Vikūjantā sabhāsāya, janasotarasāyanaṃ.</p>','\r',char(13)),'\n',char(10)),'-6-');
INSERT INTO pages (bookid, page, content, paranum) VALUES('annya_niti_gantha_sangaho_e1001n',216,replace(replace('<p class="gatha1">Dutiye <a name="M0.0216"></a> divase bhatta-kāle ārocite jino;</p>\r\n<p class="gathalast">Ramme vesākhamāsamhi, puṇṇāmāyaṃ munissaro.</p>\r\n<p class="hangnum"><a name="para7"></a><span class="paranum">7</span>.</p>\r\n<p class="gatha1"> Jeṭṭhasammatamāsopi, sogatajanabbhantare;</p>\r\n<p class="gathalast">Vikhyāto lakkhañño ceva, jeṭṭhena saṃyuto hi ve.</p>\r\n<p class="hangnum"><a name="para8"></a><span class="paranum">8</span>.</p>\r\n<p class="gatha1"> Tasmiṃhi jeṭṭhamāsamhi, sumanā vanamallikā;</p>\r\n<p class="gathalast">Pupphanti ca pavāyanti, sabbajanamanoharā.</p>\r\n<p class="hangnum"><a name="para9"></a><span class="paranum">9</span>.</p>\r\n<p class="gatha1"> Parikkhaṇāsusabhāpi, abhavi mranamāmaṇḍale;</p>\r\n<p class="gathalast">Khetale jeṭṭhajotipi, pajjali tasmiñhi ve.</p>\r\n<p class="hangnum"><a name="para10"></a><span class="paranum">10</span>.</p>\r\n<p class="gatha1"> Āsāḷho nāma māsopi, atīva visiṭṭho bhavi;</p>\r\n<p class="gathalast">Paṭisandhiṃ gaṇhi buddho, tasmiñhi muni sudhī.</p>\r\n<p class="hangnum"><a name="para11"></a><span class="paranum">11</span>.</p>\r\n<p class="gatha1"> Nikkhamipi ca sambuddho, dhammacakkaṃ pavattayi;</p>\r\n<p class="gathalast">Upasampadakammampi, karonti tasmiṃpi hi.</p>\r\n<p class="hangnum"><a name="para12"></a><span class="paranum">12</span>.</p>\r\n<p class="gatha1"> Punnāgadumā pupphanti, pavāyanti disodisaṃ;</p>\r\n<p class="gathalast">Ādicco tiṭṭhati tamhi, uttarāyānakoṭiyaṃ.</p>\r\n<p class="hangnum"><a name="para13"></a><span class="paranum">13</span>.</p>\r\n<p class="gatha1"> </p>','\r',char(13)),'\n',char(10)),'-7-8-9-10-11-12-13-');
INSERT INTO pages (bookid, page, content, paranum) VALUES('annya_niti_gantha_sangaho_e1001n',219,replace(replace('<p class="gatha1">Sīhe <a name="M0.0219"></a> sāvaṇamāsamhi, salākadānamuttamaṃ;</p>\r\n<p class="gathalast">Denti sādhavo mānusā, saddahantā vatthuttayaṃ.</p>\r\n<p class="hangnum"><a name="para14"></a><span class="paranum">14</span>.</p>\r\n<p class="gatha1"> Pupphanti kaṭeruhāpi, tamhi sāvaṇamāsake;</p>\r\n<p class="gathalast">Khe savaṇanakkhattampi, atīva jotayī hi ve.</p>\r\n<p class="hangnum"><a name="para15"></a><span class="paranum">15</span>.</p>\r\n<p class="gatha1"> Vassabbhantarabhūte ca, samaṇā sugatorasā;</p>\r\n<p class="gathalast">Māse vācanauggaṇha-kammaṃkaṃsu sukhāsayā.</p>\r\n<p class="hangnum"><a name="para16"></a><span class="paranum">16</span>.</p>\r\n<p class="gatha1"> </p>','\r',char(13)),'\n',char(10)),'-14-15-16-');
INSERT INTO pages (bookid, page, content, paranum) VALUES('annya_niti_gantha_sangaho_e1001n',221,replace(replace('<p class="gatha1">Kaññārāsisammatehi<a name="M0.0221"></a>, poṭṭhapādasumāsake;</p>\r\n<p class="gathalast">Nadīsu dakapūritā, kaṭapatthatasādisā.</p>\r\n<p class="hangnum"><a name="para17"></a><span class="paranum">17</span>.</p>\r\n<p class="gatha1"> Nāvāmahāussavampi, karonti mānujā tadā;</p>\r\n<p class="gathalast">Kīḷanti sampamodanti, vijite nara nāriyo.</p>\r\n<p class="hangnum"><a name="para18"></a><span class="paranum">18</span>.</p>\r\n<p class="gatha1"> Kañcanayamadumāpi, vikasanti tadā hi ve;</p>\r\n<p class="gathalast">Megho thokaṃ thokaṃ himaṃ, vassati patatipi ca.</p>\r\n<p class="hangnum"><a name="para19"></a><span class="paranum">19</span>.</p>\r\n<p class="gatha1"> </p>','\r',char(13)),'\n',char(10)),'-17-18-19-');
INSERT INTO pages (bookid, page, content, paranum) VALUES('annya_niti_gantha_sangaho_e1001n',222,replace(replace('<p class="gatha1">Vassike <a name="M0.0222"></a> assayujimhi, vikasanti anekadhā;</p>\r\n<p class="gathalast">Padumādidakajāni, pupphāni manuññāni ve.</p>\r\n<p class="hangnum"><a name="para20"></a><span class="paranum">20</span>.</p>\r\n<p class="gatha1"> Mahāpadīpapantīhi, sakalamranamābhūtale;</p>\r\n<p class="gathalast">Pūjenti lokagganāthaṃ, sādhavo sogatājanā.</p>\r\n<p class="hangnum"><a name="para21"></a><span class="paranum">21</span>.</p>\r\n<p class="gatha1"> Tapodhanā vicaranti, vassaṃvuṭṭhā disodisaṃ;</p>\r\n<p class="gathalast">Sādhavo dānasoṇḍāva, sītāyanti sukhanti ca.</p>\r\n<p class="hangnum"><a name="para22"></a><span class="paranum">22</span>.</p>\r\n<p class="gatha1"> </p>','\r',char(13)),'\n',char(10)),'-20-21-22-');
INSERT INTO pages (bookid, page, content, paranum) VALUES('annya_niti_gantha_sangaho_e1001n',223,replace(replace('<p class="gatha1">Kattikamāsaseṭṭhepi<a name="M0.0223"></a>, sampamodanti mānujā;</p>\r\n<p class="gathalast">Kosītakīpupphāni ca, vikasanti vāyanti ca.</p>\r\n<p class="hangnum"><a name="para23"></a><span class="paranum">23</span>.</p>\r\n<p class="gatha1"> Kathinamahādānampi, dadanti sādhavo janā;</p>\r\n<p class="gathalast">Tadā candakiraṇopi, atīva pajjoto ahu.</p>\r\n<p class="hangnum"><a name="para24"></a><span class="paranum">24</span>.</p>\r\n<p class="gatha1"> Ahosi himapāto ca, uttaravāto pavāyati;</p>\r\n<p class="gathalast">Kattikajotichaṇopi, ahosi tasmiñhi ve.</p>\r\n<p class="hangnum"><a name="para25"></a><span class="paranum">25</span>.</p>\r\n<p class="gatha1"> </p>','\r',char(13)),'\n',char(10)),'-23-24-25-');
INSERT INTO pages (bookid, page, content, paranum) VALUES('annya_niti_gantha_sangaho_e1001n',224,replace(replace('<p class="gatha1">Dhanurāsīmāgasira<a name="M0.0224"></a>, māse hemantasammate;</p>\r\n<p class="gathalast">Sattidharasupūjāvha, sabhāpi sampavattitā.</p>\r\n<p class="hangnum"><a name="para26"></a><span class="paranum">26</span>.</p>\r\n<p class="gatha1"> Devasammatapupphāni, manuññarucirānipi;</p>\r\n<p class="gathalast">Pupphanti tamhi māsamhi, himapāto ahosi ca.</p>\r\n<p class="hangnum"><a name="para27"></a><span class="paranum">27</span>.</p>\r\n<p class="gatha1"> Vīhayo honti pakkā ca, khettesu mranamābhūtale;</p>\r\n<p class="gathalast">Migasiranakkhattampi, joteti ākāsaṅgaṇe.</p>\r\n<p class="hangnum"><a name="para28"></a><span class="paranum">28</span>.</p>\r\n<p class="gatha1"> </p>','\r',char(13)),'\n',char(10)),'-26-27-28-');
INSERT INTO pages (bookid, page, content, paranum) VALUES('annya_niti_gantha_sangaho_e1001n',225,replace(replace('<p class="gatha1">Makāre <a name="M0.0225"></a> phussamāsepi, pupphanti pavāyanti ca;</p>\r\n<p class="gathalast">Sunīlavallipupphāni, janamanoharānipi.</p>\r\n<p class="hangnum"><a name="para29"></a><span class="paranum">29</span>.</p>\r\n<p class="gatha1"> </p>','\r',char(13)),'\n',char(10)),'-29-');
INSERT INTO pages (bookid, page, content, paranum) VALUES('annya_niti_gantha_sangaho_e1001n',226,replace(replace('<p class="gatha1">Senābyūhampi <a name="M0.0226"></a> karonti, bhūpālā mranamāraṭṭhikā;</p>\r\n<p class="gathalast">Saparisā udikkhanti, hatthiassādiādayo.</p>\r\n<p class="hangnum"><a name="para30"></a><span class="paranum">30</span>.</p>\r\n<p class="gatha1"> Tamhisī atisītalampi, dakkhiṇāyanakoṭiyaṃ;</p>\r\n<p class="gathalast">Aṭṭhāpuṇṇamadinamhi, sūriyo lokamānito.</p>\r\n<p class="gatha1">Bodhito navame māse, phussapuṇṇamiyaṃ jino;</p>\r\n<p class="gathalast">Laṃkādīpaṃ visodhetuṃ, laṅkādīpamupāgami.</p>\r\n<p class="hangnum"><a name="para31"></a><span class="paranum">31</span>.</p>\r\n<p class="gatha1"> </p>','\r',char(13)),'\n',char(10)),'-30-31-');
INSERT INTO pages (bookid, page, content, paranum) VALUES('annya_niti_gantha_sangaho_e1001n',227,replace(replace('<p class="gatha1">Kumbhesu <a name="M0.0227"></a> māghamāsehi, tūladumā supupphare;</p>\r\n<p class="gathalast">Pumtālā madhurarasaṃ, mānujānaṃ dadanti ca.</p>\r\n<p class="hangnum"><a name="para32"></a><span class="paranum">32</span>.</p>\r\n<p class="gatha1"> Yāgumahāussavopi, pākaṭo mranamābhūtale;</p>\r\n<p class="gathalast">Avasesasu meghopi, thanayaṃ abhivassati.</p>\r\n<p class="hangnum"><a name="para33"></a><span class="paranum">33</span>.</p>\r\n<p class="gatha1"> Naranārī manuññāni, padarāni paṇḍāni ca;</p>\r\n<p class="gathalast">Pucimandadumā nava-pattāni dhārentipi ca.</p>\r\n<p class="hangnum"><a name="para34"></a><span class="paranum">34</span>.</p>\r\n<p class="gatha1"> </p>','\r',char(13)),'\n',char(10)),'-32-33-34-');
INSERT INTO pages (bookid, page, content, paranum) VALUES('annya_niti_gantha_sangaho_e1001n',228,replace(replace('<p class="gatha1">Mine <a name="M0.0228"></a> phagguṇamāsamhi, surabhigandhikā subhā;</p>\r\n<p class="gathalast">Pupphanti vanamhi dumā, navapattehi sobhare.</p>\r\n<p class="hangnum"><a name="para35"></a><span class="paranum">35</span>.</p>\r\n<p class="gatha1"> Dakkhiṇadesato tamhi, vāto pavāyati hi ve;</p>\r\n<p class="gathalast">Vāḷukapiṭṭhe vāluka-thūpe katvāna pūjayyuṃ.</p>\r\n<p class="hangnum"><a name="para36"></a><span class="paranum">36</span>.</p>\r\n<p class="gatha1"> Pathamagimha māsamhi, nānādumāti pupphare;</p>\r\n<p class="gathalast">Tena sabbampi vipinaṃ, vicittaṃ dassaniyañhi ve.</p>\r\n<p class="gatha1">Visute jotipālamhi, visutamhi niketane;</p>\r\n<p class="gathalast">Vasatā nekaganthānaṃ, lekhakena kato ayaṃ.</p>','\r',char(13)),'\n',char(10)),'-35-36-');
DELETE FROM books where id='annya_niti_gantha_sangaho_e1002n';
INSERT INTO books VALUES('annya_niti_gantha_sangaho_e1002n','annya','annya_niti_gantha_sangaho','Nītimañjarī',1,208,51);
DELETE FROM tocs where book_id='annya_niti_gantha_sangaho_e1002n';
INSERT INTO tocs VALUES('annya_niti_gantha_sangaho_e1002n','Nītimañjarī','chapter',1);
DELETE FROM paragraphs where book_id='annya_niti_gantha_sangaho_e1002n';
INSERT INTO paragraphs VALUES('annya_niti_gantha_sangaho_e1002n',1,1);
INSERT INTO paragraphs VALUES('annya_niti_gantha_sangaho_e1002n',2,1);
INSERT INTO paragraphs VALUES('annya_niti_gantha_sangaho_e1002n',3,1);
INSERT INTO paragraphs VALUES('annya_niti_gantha_sangaho_e1002n',4,11);
INSERT INTO paragraphs VALUES('annya_niti_gantha_sangaho_e1002n',5,26);
INSERT INTO paragraphs VALUES('annya_niti_gantha_sangaho_e1002n',6,34);
INSERT INTO paragraphs VALUES('annya_niti_gantha_sangaho_e1002n',7,41);
INSERT INTO paragraphs VALUES('annya_niti_gantha_sangaho_e1002n',8,48);
INSERT INTO paragraphs VALUES('annya_niti_gantha_sangaho_e1002n',9,53);
INSERT INTO paragraphs VALUES('annya_niti_gantha_sangaho_e1002n',10,64);
INSERT INTO paragraphs VALUES('annya_niti_gantha_sangaho_e1002n',11,77);
INSERT INTO paragraphs VALUES('annya_niti_gantha_sangaho_e1002n',12,87);
INSERT INTO paragraphs VALUES('annya_niti_gantha_sangaho_e1002n',13,87);
INSERT INTO paragraphs VALUES('annya_niti_gantha_sangaho_e1002n',14,105);
INSERT INTO paragraphs VALUES('annya_niti_gantha_sangaho_e1002n',15,105);
INSERT INTO paragraphs VALUES('annya_niti_gantha_sangaho_e1002n',16,123);
INSERT INTO paragraphs VALUES('annya_niti_gantha_sangaho_e1002n',17,139);
INSERT INTO paragraphs VALUES('annya_niti_gantha_sangaho_e1002n',18,150);
INSERT INTO paragraphs VALUES('annya_niti_gantha_sangaho_e1002n',19,189);
INSERT INTO paragraphs VALUES('annya_niti_gantha_sangaho_e1002n',20,189);
INSERT INTO paragraphs VALUES('annya_niti_gantha_sangaho_e1002n',21,189);
DELETE FROM pages where bookid='annya_niti_gantha_sangaho_e1002n';
INSERT INTO pages (bookid, page, content, paranum) VALUES('annya_niti_gantha_sangaho_e1002n',1,replace(replace('<p class="centered"> Namo tassa bhagavato arahato sammāsambuddhassa</p>\r\n<p class="chapter">Nītimañjarī</p>\r\n<p class="hangnum"><a name="para1"></a><span class="paranum">1</span>.</p>\r\n<p class="gatha1"> </p>','\r',char(13)),'\n',char(10)),'-1-');
INSERT INTO pages (bookid, page, content, paranum) VALUES('annya_niti_gantha_sangaho_e1002n',1,replace(replace('<p class="gatha1">Kulakkhaye <a name="M0.0001"></a> vinassanti,</p>\r\n<p class="gatha2">Kuladhammā sanantanā;</p>\r\n<p class="gatha3">Dhamme naṭṭhe kulaṃ sabbaṃ,</p>\r\n<p class="gathalast">Adhammo abhibhū khalaṃ.</p>\r\n<p class="hangnum"><a name="para2"></a><span class="paranum">2</span>.</p>\r\n<p class="gatha1"> Adhammābhibhavā dantā,</p>\r\n<p class="gatha2">Padussanti kulitthiyo;</p>\r\n<p class="gatha3">Thīsu duṭṭhā sva dhammena,</p>\r\n<p class="gathalast">Jāyate vaṇṇasaṅkaro.</p>\r\n<p class="hangnum"><a name="para3"></a><span class="paranum">3</span>.</p>\r\n<p class="gatha1"> </p>','\r',char(13)),'\n',char(10)),'-2-3-');
INSERT INTO pages (bookid, page, content, paranum) VALUES('annya_niti_gantha_sangaho_e1002n',11,replace(replace('<p class="gatha1">Piyaṃ <a name="M0.0011"></a> bhāse guṇaggāho,</p>\r\n<p class="gatha2">Sūro siyā vikantano;</p>\r\n<p class="gatha3">Dātā candasamā nārī,</p>\r\n<p class="gathalast">Diṭṭhaṃ diṭṭhaṃ nahāsaye.</p>\r\n<p class="hangnum"><a name="para4"></a><span class="paranum">4</span>.</p>\r\n<p class="gatha1"> </p>','\r',char(13)),'\n',char(10)),'-4-');
INSERT INTO pages (bookid, page, content, paranum) VALUES('annya_niti_gantha_sangaho_e1002n',16,replace(replace('<p class="gatha1">Kutotthi <a name="M0.0016"></a> kumitte saccaṃ,</p>\r\n<p class="gatha2">Kudāre rativaḍḍhanaṃ;</p>\r\n<p class="gatha3">Kudesamhi mano rammaṃ,</p>\r\n<p class="gathalast">Kurāje bhogasampadaṃ.</p>','\r',char(13)),'\n',char(10)),'');
INSERT INTO pages (bookid, page, content, paranum) VALUES('annya_niti_gantha_sangaho_e1002n',17,replace(replace('<p class="gatha1">Saṅketeva <a name="M0.0017"></a> amittasmiṃ,</p>\r\n<p class="gatha2">Mittasmiṃ pi navissase;</p>\r\n<p class="gatha3">Abhayā bhaya muppannaṃ,</p>\r\n<p class="gathalast">Api mūlāni kantati.</p>','\r',char(13)),'\n',char(10)),'');
INSERT INTO pages (bookid, page, content, paranum) VALUES('annya_niti_gantha_sangaho_e1002n',18,replace(replace('<p class="gatha1">Adiṭṭhova <a name="M0.0018"></a> paro seyyo,</p>\r\n<p class="gathalast">Dummitto no vissāsiko.</p>','\r',char(13)),'\n',char(10)),'');
INSERT INTO pages (bookid, page, content, paranum) VALUES('annya_niti_gantha_sangaho_e1002n',23,replace(replace('<p class="gatha1">Aggihomaphalaṃ <a name="M0.0023"></a> vedo,</p>\r\n<p class="gatha2">Satthaṃsīlaphalaṃ mataṃ;</p>\r\n<p class="gatha3">Ratiputtaphalaṃ nārī,</p>\r\n<p class="gathalast">Dānabhuttiphalaṃ dhanaṃ.</p>','\r',char(13)),'\n',char(10)),'');
INSERT INTO pages (bookid, page, content, paranum) VALUES('annya_niti_gantha_sangaho_e1002n',24,replace(replace('<p class="gatha1">Asaccaṃ <a name="M0.0024"></a> sāhasaṃ māyā,</p>\r\n<p class="gatha2">Mūḷhatta ma tilobhatā;</p>\r\n<p class="gatha3">Asocaṃ niddayattañca,</p>\r\n<p class="gathalast">Thīnaṃ dosā sabhāvajā.</p>','\r',char(13)),'\n',char(10)),'');
INSERT INTO pages (bookid, page, content, paranum) VALUES('annya_niti_gantha_sangaho_e1002n',26,replace(replace('<p class="gatha1">Jāyāya <a name="M0.0026"></a> bhattuno bhāro,</p>\r\n<p class="gatha2">Sissena guruno kato;</p>\r\n<p class="gatha3">Amaccakehi rājassa,</p>\r\n<p class="gathalast">Pitarānaṃ nijenaca.</p>\r\n<p class="hangnum"><a name="para5"></a><span class="paranum">5</span>.</p>\r\n<p class="gatha1"> </p>','\r',char(13)),'\n',char(10)),'-5-');
INSERT INTO pages (bookid, page, content, paranum) VALUES('annya_niti_gantha_sangaho_e1002n',27,replace(replace('<p class="gatha1">Uyyamena <a name="M0.0027"></a> hi sijjhanti,</p>\r\n<p class="gatha2">Kammāni na manorathā;</p>\r\n<p class="gatha3">Na hi suttassa sīhassa,</p>\r\n<p class="gathalast">Pavīsanti mukhe migā.</p>','\r',char(13)),'\n',char(10)),'');
INSERT INTO pages (bookid, page, content, paranum) VALUES('annya_niti_gantha_sangaho_e1002n',31,replace(replace('<p class="gatha1">Atisītaṃ <a name="M0.0031"></a> atiuṇhaṃ,</p>\r\n<p class="gatha2">Atisāyamidaṃ ahu;</p>\r\n<p class="gatha3">Iti visaṭṭhakammante,</p>\r\n<p class="gathalast">Khaṇā accenti māṇave.</p>\r\n<p class="gatha1">Ādānassa padānassa,</p>\r\n<p class="gatha2">Kattabbassa ca kammuno;</p>\r\n<p class="gatha3">Khippaṃ akayyamānassa,</p>\r\n<p class="gathalast">Kāle pivati sampadaṃ.</p>','\r',char(13)),'\n',char(10)),'');
INSERT INTO pages (bookid, page, content, paranum) VALUES('annya_niti_gantha_sangaho_e1002n',32,replace(replace('<p class="gatha1">Nādabbe <a name="M0.0032"></a> nihitā kāci,</p>\r\n<p class="gatha2">Kriyā phalavatī bhave;</p>\r\n<p class="gatha3">Nabyāpārasatenāpi,</p>\r\n<p class="gathalast">Sukova pāṭhate bako.</p>','\r',char(13)),'\n',char(10)),'');
INSERT INTO pages (bookid, page, content, paranum) VALUES('annya_niti_gantha_sangaho_e1002n',34,replace(replace('<p class="gatha1">Yo <a name="M0.0034"></a> dandhakāle tarati,</p>\r\n<p class="gatha2">Taraṇīye ca dandhaye;</p>\r\n<p class="gatha3">Sukkhapaṇṇaṃ va akkamma,</p>\r\n<p class="gathalast">Atthaṃ bhañjati attano.</p>\r\n<p class="hangnum"><a name="para6"></a><span class="paranum">6</span>.</p>\r\n<p class="gatha1"> </p>','\r',char(13)),'\n',char(10)),'-6-');
INSERT INTO pages (bookid, page, content, paranum) VALUES('annya_niti_gantha_sangaho_e1002n',35,replace(replace('<p class="gatha1">Yaṃ <a name="M0.0035"></a> dadāti yaṃ bhuñjati,</p>\r\n<p class="gatha2">Tadeva dhanino dhanaṃ;</p>\r\n<p class="gatha3">Aññe matassa kīḷanti,</p>\r\n<p class="gathalast">Dārehipi dhanehipi.</p>','\r',char(13)),'\n',char(10)),'');
INSERT INTO pages (bookid, page, content, paranum) VALUES('annya_niti_gantha_sangaho_e1002n',39,replace(replace('<p class="gatha1">Dānopabhogahīnena<a name="M0.0039"></a>,</p>\r\n<p class="gatha2">Dhanena dhanino sukhaṃ;</p>\r\n<p class="gatha3">Ko viseso daliddassa,</p>\r\n<p class="gathalast">Adhikaṃ dhanarakkhaṇaṃ.</p>','\r',char(13)),'\n',char(10)),'');
INSERT INTO pages (bookid, page, content, paranum) VALUES('annya_niti_gantha_sangaho_e1002n',40,replace(replace('<p class="gatha1">Nijasokhyaṃ <a name="M0.0040"></a> nirundhanto,</p>\r\n<p class="gatha2">Nīcabhogo mitampaco;</p>\r\n<p class="gatha3">Dhanaṃ sañcayate yo so,</p>\r\n<p class="gathalast">Parabhāravaho pasu.</p>','\r',char(13)),'\n',char(10)),'');
INSERT INTO pages (bookid, page, content, paranum) VALUES('annya_niti_gantha_sangaho_e1002n',41,replace(replace('<p class="gatha1">Yaṃ <a name="M0.0041"></a> ussukā saṅkharonti,</p>\r\n<p class="gatha2">Alakkhikā bahuṃ dhanaṃ;</p>\r\n<p class="gatha3">Sippavanto asippāvā,</p>\r\n<p class="gathalast">Lakkhi vā tāni bhuñjati.</p>\r\n<p class="hangnum"><a name="para7"></a><span class="paranum">7</span>.</p>\r\n<p class="gatha1"> </p>','\r',char(13)),'\n',char(10)),'-7-');
INSERT INTO pages (bookid, page, content, paranum) VALUES('annya_niti_gantha_sangaho_e1002n',48,replace(replace('<p class="gatha1">Sampatyaṃ <a name="M0.0048"></a> mahataṃ cittaṃ,</p>\r\n<p class="gatha2">Bhave uppale komalaṃ;</p>\r\n<p class="gatha3">Vipatyaṃca mahāsela,</p>\r\n<p class="gathalast">Silāsaṅghātakakkasaṃ.</p>\r\n<p class="hangnum"><a name="para8"></a><span class="paranum">8</span>.</p>\r\n<p class="gatha1"> </p>','\r',char(13)),'\n',char(10)),'-8-');
INSERT INTO pages (bookid, page, content, paranum) VALUES('annya_niti_gantha_sangaho_e1002n',53,replace(replace('<p class="gatha1">Asambhabyaguṇaṃ <a name="M0.0053"></a> thutvā,</p>\r\n<p class="gatha2">Khedo mudhāva jāyate;</p>\r\n<p class="gatha3">Avhāyaṃ canda mu llokya,</p>\r\n<p class="gathalast">Nacandota mu pāgamī.</p>\r\n<p class="hangnum"><a name="para9"></a><span class="paranum">9</span>.</p>\r\n<p class="gatha1"> </p>','\r',char(13)),'\n',char(10)),'-9-');
INSERT INTO pages (bookid, page, content, paranum) VALUES('annya_niti_gantha_sangaho_e1002n',59,replace(replace('<p class="gatha1">Saccaṃ <a name="M0.0059"></a> mukhamhi dhāreyya,</p>\r\n<p class="gatha2">Kaṇṇe sutaṃ bhuje jayaṃ;</p>\r\n<p class="gatha3">Hadayamhi khamaṃ vīraṃ,</p>\r\n<p class="gathalast">Lokādāsaṃca locane.</p>','\r',char(13)),'\n',char(10)),'');
INSERT INTO pages (bookid, page, content, paranum) VALUES('annya_niti_gantha_sangaho_e1002n',63,replace(replace('<p class="gatha1">Saddamattaṃ <a name="M0.0063"></a> naphandeyya,</p>\r\n<p class="gatha2">Aññatvā saddakāraṇaṃ;</p>\r\n<p class="gatha3">Saddahetuṃ pariññāya,</p>\r\n<p class="gathalast">Pamodo vā bhayo tathā.</p>','\r',char(13)),'\n',char(10)),'');
INSERT INTO pages (bookid, page, content, paranum) VALUES('annya_niti_gantha_sangaho_e1002n',64,replace(replace('<p class="gatha1">Sabbasuta <a name="M0.0064"></a> ma dhīyeyya,</p>\r\n<p class="gathalast">Hīnamukkaṭṭhamajjhimaṃ.</p>\r\n<p class="hangnum"><a name="para10"></a><span class="paranum">10</span>.</p>\r\n<p class="gatha1"> </p>','\r',char(13)),'\n',char(10)),'-10-');
INSERT INTO pages (bookid, page, content, paranum) VALUES('annya_niti_gantha_sangaho_e1002n',68,replace(replace('<p class="gatha1">Dunnāriyā <a name="M0.0068"></a> kulaṃ suddhaṃ,</p>\r\n<p class="gatha2">Putto nassati lālanā;</p>\r\n<p class="gatha3">Samiddhi anayā bandhu,</p>\r\n<p class="gathalast">Pavāsā madanā hirī.</p>','\r',char(13)),'\n',char(10)),'');
INSERT INTO pages (bookid, page, content, paranum) VALUES('annya_niti_gantha_sangaho_e1002n',75,replace(replace('<p class="gatha1">Lālaye <a name="M0.0075"></a> pañcavassāni,</p>\r\n<p class="gatha2">Dasavassāni tālaye;</p>\r\n<p class="gatha3">Pattetu soḷasevasse,</p>\r\n<p class="gathalast">Puttaṃ mittaṃva ācare.</p>\r\n<p class="gatha1">Lālane bahavo dosā,</p>\r\n<p class="gathalast">Lālane bahavo guṇā.</p>','\r',char(13)),'\n',char(10)),'');
INSERT INTO pages (bookid, page, content, paranum) VALUES('annya_niti_gantha_sangaho_e1002n',77,replace(replace('<p class="gatha1">Pāpā <a name="M0.0077"></a> nivārayati yojayate hitāya,</p>\r\n<p class="gatha2">Guyhāni gūhati guṇaṃ pakaṭīkaroti;</p>\r\n<p class="gatha3">Āpattikañca najahāti dadāti kāle,</p>\r\n<p class="gathalast">Sammitta lakkhaṇamidaṃ pavadanti santo.</p>\r\n<p class="hangnum"><a name="para11"></a><span class="paranum">11</span>.</p>\r\n<p class="gatha1"> </p>','\r',char(13)),'\n',char(10)),'-11-');
INSERT INTO pages (bookid, page, content, paranum) VALUES('annya_niti_gantha_sangaho_e1002n',80,replace(replace('<p class="gatha1">Dujjano <a name="M0.0080"></a> jīyate yutyā,</p>\r\n<p class="gatha2">Niggahena nadhīmatā;</p>\r\n<p class="gatha3">Nipātyate mahārukkho,</p>\r\n<p class="gathalast">Tassamīpa khatikkhayā.</p>','\r',char(13)),'\n',char(10)),'');
INSERT INTO pages (bookid, page, content, paranum) VALUES('annya_niti_gantha_sangaho_e1002n',83,replace(replace('<p class="gatha1">Vane <a name="M0.0083"></a> migāca luddhānaṃ,</p>\r\n<p class="gatha2">Dujjanānañca sajjanā;</p>\r\n<p class="gatha3">Akāraṇaverī honti,</p>\r\n<p class="gathalast">Tiṇabhakkhā supesalā.</p>','\r',char(13)),'\n',char(10)),'');
INSERT INTO pages (bookid, page, content, paranum) VALUES('annya_niti_gantha_sangaho_e1002n',86,replace(replace('<p class="gatha1">Pādalaggaṃ <a name="M0.0086"></a> karaṭṭhena,</p>\r\n<p class="gathalast">Kaṇḍakeneva kaṇḍakaṃ.</p>','\r',char(13)),'\n',char(10)),'');
INSERT INTO pages (bookid, page, content, paranum) VALUES('annya_niti_gantha_sangaho_e1002n',87,replace(replace('<p class="gatha1">Bālaṃ <a name="M0.0087"></a> napasse nasuṇe,</p>\r\n<p class="gatha2">Nacabālena saṃvase;</p>\r\n<p class="gatha3">Bālenāllāpasallāpaṃ,</p>\r\n<p class="gathalast">Nakare nacarocaye.</p>\r\n<p class="hangnum"><a name="para12"></a><span class="paranum">12</span>.</p>\r\n<p class="gatha1"> Upa kattuṃ yathā khuddo,</p>\r\n<p class="gatha2">Samattho natathāmahā;</p>\r\n<p class="gatha3">Kūpo hi hanti pipāsaṃ,</p>\r\n<p class="gathalast">Natu pāyo mahambudhi.</p>\r\n<p class="hangnum"><a name="para13"></a><span class="paranum">13</span>.</p>\r\n<p class="gatha1"> </p>','\r',char(13)),'\n',char(10)),'-12-13-');
INSERT INTO pages (bookid, page, content, paranum) VALUES('annya_niti_gantha_sangaho_e1002n',95,replace(replace('<p class="gatha1">Ādānassa <a name="M0.0095"></a> padānassa,</p>\r\n<p class="gatha2">Kattabbassaca kammuno;</p>\r\n<p class="gatha3">Khippaṃ akaramānassa,</p>\r\n<p class="gathalast">Kālo bhakkhati taṃ rasaṃ.</p>','\r',char(13)),'\n',char(10)),'');
INSERT INTO pages (bookid, page, content, paranum) VALUES('annya_niti_gantha_sangaho_e1002n',103,replace(replace('<p class="gatha1">Nakkhattaṃ <a name="M0.0103"></a> paṭimānentaṃ,</p>\r\n<p class="gatha2">Attho bālaṃ upajjhagā;</p>\r\n<p class="gatha3">Attho atthassa nakkhattaṃ,</p>\r\n<p class="gathalast">Kiṃ karissanti tārakā.</p>','\r',char(13)),'\n',char(10)),'');
INSERT INTO pages (bookid, page, content, paranum) VALUES('annya_niti_gantha_sangaho_e1002n',105,replace(replace('<p class="gatha1">Ajarāmarova <a name="M0.0105"></a> pañño,</p>\r\n<p class="gatha2">Vijjamatthañca cintaye;</p>\r\n<p class="gatha3">Gahitoviya kesesu,</p>\r\n<p class="gathalast">Maccunā dhammamācare.</p>\r\n<p class="hangnum"><a name="para14"></a><span class="paranum">14</span>.</p>\r\n<p class="gatha1"> Vajjā gurūca mantīca,</p>\r\n<p class="gatha2">Tayo raṭṭhābhisaṅkhatā;</p>\r\n<p class="gatha3">Jīvīta dakkha kosānaṃ,</p>\r\n<p class="gathalast">Vaḍḍhanā nāsanāca te.</p>\r\n<p class="hangnum"><a name="para15"></a><span class="paranum">15</span>.</p>\r\n<p class="gatha1"> </p>','\r',char(13)),'\n',char(10)),'-14-15-');
INSERT INTO pages (bookid, page, content, paranum) VALUES('annya_niti_gantha_sangaho_e1002n',117,replace(replace('<p class="gatha1">Thirena <a name="M0.0117"></a> kammaṃ vaḍḍhati,</p>\r\n<p class="gatha2">Athirena turena no;</p>\r\n<p class="gatha3">Phalanti samaye rukkhā,</p>\r\n<p class="gathalast">Sittāpi bahuvārinā.</p>','\r',char(13)),'\n',char(10)),'');
INSERT INTO pages (bookid, page, content, paranum) VALUES('annya_niti_gantha_sangaho_e1002n',120,replace(replace('<p class="gatha1">Vāyāmetheva <a name="M0.0120"></a> puriso,</p>\r\n<p class="gathalast">Nanibbindeyya paṇḍito.</p>','\r',char(13)),'\n',char(10)),'');
INSERT INTO pages (bookid, page, content, paranum) VALUES('annya_niti_gantha_sangaho_e1002n',122,replace(replace('<p class="gatha1">Payatano <a name="M0.0122"></a> tādiso neva,</p>\r\n<p class="gatha2">Kayyo yena phalaṃ nahi;</p>\r\n<p class="gatha3">Selagge kūpakhaṇanā,</p>\r\n<p class="gathalast">Kathaṃ toyasamāgamo.</p>','\r',char(13)),'\n',char(10)),'');
INSERT INTO pages (bookid, page, content, paranum) VALUES('annya_niti_gantha_sangaho_e1002n',123,replace(replace('<p class="gatha1">Ñāṇaṅkusena <a name="M0.0123"></a> sammaggaṃ,</p>\r\n<p class="gathalast">Niyyatyussāhakuñjaro.</p>\r\n<p class="gatha1">Asamekkhitakammantaṃ,</p>\r\n<p class="gatha2">Turitābhi nipātinaṃ;</p>\r\n<p class="gatha3">Tānikammāni tappenti,</p>\r\n<p class="gathalast">Uṇhaṃ va jjhohitaṃ mukhe.</p>\r\n<p class="hangnum"><a name="para16"></a><span class="paranum">16</span>.</p>\r\n<p class="gatha1"> </p>','\r',char(13)),'\n',char(10)),'-16-');
INSERT INTO pages (bookid, page, content, paranum) VALUES('annya_niti_gantha_sangaho_e1002n',126,replace(replace('<p class="gatha1">Chaddosā <a name="M0.0126"></a> puriseneha,</p>\r\n<p class="gatha2">Hātabbā bhūtimicchantā;</p>\r\n<p class="gatha3">Niddā majjaṃ bhayaṃ kodho,</p>\r\n<p class="gathalast">Ālasyaṃ dīghasuttatā.</p>','\r',char(13)),'\n',char(10)),'');
INSERT INTO pages (bookid, page, content, paranum) VALUES('annya_niti_gantha_sangaho_e1002n',130,replace(replace('<p class="gatha1">Na <a name="M0.0130"></a> divā suppasīlena,</p>\r\n<p class="gatha2">Rattimuṭṭhānadessinā;</p>\r\n<p class="gatha3">Niccasoṇḍena mattena,</p>\r\n<p class="gathalast">Sakkā āvasituṃ gharaṃ.</p>','\r',char(13)),'\n',char(10)),'');
INSERT INTO pages (bookid, page, content, paranum) VALUES('annya_niti_gantha_sangaho_e1002n',137,replace(replace('<p class="gatha1">Abhetabbamhi <a name="M0.0137"></a> bhāyanti,</p>\r\n<p class="gatha2">Bhāyitabbe nabhāyare;</p>\r\n<p class="gatha3">Bhayābhaya vimuḷhā te,</p>\r\n<p class="gathalast">Jimhānugā ujuñjahā.</p>','\r',char(13)),'\n',char(10)),'');
INSERT INTO pages (bookid, page, content, paranum) VALUES('annya_niti_gantha_sangaho_e1002n',139,replace(replace('<p class="gatha1">Yassa <a name="M0.0139"></a> manussabhūtassa,</p>\r\n<p class="gatha2">Natthi bhogāca sippakaṃ;</p>\r\n<p class="gatha3">Kiṃ phalaṃ tassa mānussaṃ,</p>\r\n<p class="gathalast">Dvipādaṭṭho hi so migo.</p>\r\n<p class="hangnum"><a name="para17"></a><span class="paranum">17</span>.</p>\r\n<p class="gatha1"> </p>','\r',char(13)),'\n',char(10)),'-17-');
INSERT INTO pages (bookid, page, content, paranum) VALUES('annya_niti_gantha_sangaho_e1002n',142,replace(replace('<p class="gatha1">Nānopāyova <a name="M0.0142"></a> kattabbo,</p>\r\n<p class="gatha2">Sace bhaveyya attano;</p>\r\n<p class="gatha3">Atthasiddhi yathākāmaṃ,</p>\r\n<p class="gathalast">Upāyo hi hitañjaso.</p>','\r',char(13)),'\n',char(10)),'');
INSERT INTO pages (bookid, page, content, paranum) VALUES('annya_niti_gantha_sangaho_e1002n',150,replace(replace('<p class="gatha1">Lañjadānabālisena<a name="M0.0150"></a>,</p>\r\n<p class="gatha2">Kūṭaḍḍakāradhīvarā;</p>\r\n<p class="gatha3">Vinicchayamahāmacchaṃ,</p>\r\n<p class="gathalast">Oṭṭenti lobhasāgare.</p>\r\n<p class="gatha1">Yassete caturo dhammā,</p>\r\n<p class="gatha2">Vānarinda yathātava;</p>\r\n<p class="gatha3">Saccaṃ dhammo dhīti cāgo,</p>\r\n<p class="gathalast">Diṭṭhaṃ so ativattati.</p>\r\n<p class="hangnum"><a name="para18"></a><span class="paranum">18</span>.</p>\r\n<p class="gatha1"> </p>','\r',char(13)),'\n',char(10)),'-18-');
INSERT INTO pages (bookid, page, content, paranum) VALUES('annya_niti_gantha_sangaho_e1002n',162,replace(replace('<p class="gatha1">Vidvāca <a name="M0.0162"></a> ratanaṃ nārī,</p>\r\n<p class="gatha2">Vīṇā sātthaṃ giraṃmahī;</p>\r\n<p class="gatha3">Guṇavisesa māgamma,</p>\r\n<p class="gathalast">Guṇāni aguṇānica.</p>','\r',char(13)),'\n',char(10)),'');
INSERT INTO pages (bookid, page, content, paranum) VALUES('annya_niti_gantha_sangaho_e1002n',164,replace(replace('<p class="gatha1">Dhanavā <a name="M0.0164"></a> balavā loke,</p>\r\n<p class="gathalast">Dhanā bhavati paṇḍito.</p>','\r',char(13)),'\n',char(10)),'');
INSERT INTO pages (bookid, page, content, paranum) VALUES('annya_niti_gantha_sangaho_e1002n',165,replace(replace('<p class="gatha1">Sumane <a name="M0.0165"></a> nissito kīṭo,</p>\r\n<p class="gatha2">Nigguṇo hīnako sayaṃ;</p>\r\n<p class="gatha3">Taṃ pupphehi maṇḍentānaṃ,</p>\r\n<p class="gathalast">Raññaṃ siropi rohati.</p>','\r',char(13)),'\n',char(10)),'');
INSERT INTO pages (bookid, page, content, paranum) VALUES('annya_niti_gantha_sangaho_e1002n',168,replace(replace('<p class="gatha1">Alakkhikehi <a name="M0.0168"></a> sañcītā,</p>\r\n<p class="gatha2">Dhanabhogāca cintitā;</p>\r\n<p class="gatha3">Lakkhikassa bhavantete,</p>\r\n<p class="gathalast">Lakkhivā suṭṭhubhuñjati.</p>','\r',char(13)),'\n',char(10)),'');
INSERT INTO pages (bookid, page, content, paranum) VALUES('annya_niti_gantha_sangaho_e1002n',171,replace(replace('<p class="gatha1">Khattiyo <a name="M0.0171"></a> seṭṭho jane tasmiṃ,</p>\r\n<p class="gatha2">Yo gottapaṭisārino;</p>\r\n<p class="gatha3">Vijjācaraṇasampanno,</p>\r\n<p class="gathalast">So seṭṭho devamānuse.</p>','\r',char(13)),'\n',char(10)),'');
INSERT INTO pages (bookid, page, content, paranum) VALUES('annya_niti_gantha_sangaho_e1002n',182,replace(replace('<p class="gatha1">Visāpi <a name="M0.0182"></a> amataṃ gaṇhe,</p>\r\n<p class="gatha2">Gūthato maṇimuttamaṃ;</p>\r\n<p class="gatha3">Kaṇṭakapādapā pupphaṃ,</p>\r\n<p class="gathalast">Thirataṃ dukkulā varaṃ.</p>','\r',char(13)),'\n',char(10)),'');
INSERT INTO pages (bookid, page, content, paranum) VALUES('annya_niti_gantha_sangaho_e1002n',189,replace(replace('<p class="gatha1">Dhanissarādiguṇommi <a name="M0.0189"></a>-</p>\r\n<p class="gathalast">Vegena vāhitā pajā.</p>\r\n<p class="hangnum"><a name="para19"></a><span class="paranum">19</span>.</p>\r\n<p class="gatha1"> Yassa tthi satataṃ mettā,</p>\r\n<p class="gatha2">Sabbalokasuvallabhā;</p>\r\n<p class="gatha3">Kūpāyate samuddopi,</p>\r\n<p class="gathalast">Aggi tassa jalāyate.</p>\r\n<p class="hangnum"><a name="para20"></a><span class="paranum">20</span>.</p>\r\n<p class="gatha1"> Sakkharāyati merūpi,</p>\r\n<p class="gatha2">Visabhakkho sudhāyate;</p>\r\n<p class="gatha3">Sasāyate migarāja,</p>\r\n<p class="gatha2">Byālo mālāguṇāyate;</p>\r\n<p class="gatha3">Dolāyate chamācālo,</p>\r\n<p class="gathalast">Nānāvudhā tiṇāyare.</p>\r\n<p class="hangnum"><a name="para21"></a><span class="paranum">21</span>.</p>\r\n<p class="gatha1"> </p>','\r',char(13)),'\n',char(10)),'-19-20-21-');
INSERT INTO pages (bookid, page, content, paranum) VALUES('annya_niti_gantha_sangaho_e1002n',202,replace(replace('<p class="gatha1">Sameva <a name="M0.0202"></a> sati ussāhe,</p>\r\n<p class="gatha2">Sukhavāho hitaṅkaro;</p>\r\n<p class="gatha3">Ūne-dhike tathā nohi,</p>\r\n<p class="gathalast">Majjhago sādhu sabbadā.</p>','\r',char(13)),'\n',char(10)),'');
INSERT INTO pages (bookid, page, content, paranum) VALUES('annya_niti_gantha_sangaho_e1002n',208,replace(replace('<p class="gatha1">Sādhu <a name="M0.0208"></a> kho paṇḍitonāma,</p>\r\n<p class="gathalast">Natveva atipaṇḍito.</p>','\r',char(13)),'\n',char(10)),'');
DELETE FROM books where id='annya_niti_gantha_sangaho_e1009n';
INSERT INTO books VALUES('annya_niti_gantha_sangaho_e1009n','annya','annya_niti_gantha_sangaho','Naradakkhadīpanī',1,598,354);
DELETE FROM tocs where book_id='annya_niti_gantha_sangaho_e1009n';
INSERT INTO tocs VALUES('annya_niti_gantha_sangaho_e1009n','Naradakkhadīpanī','title',35);
INSERT INTO tocs VALUES('annya_niti_gantha_sangaho_e1009n','Paṇāma','chapter',35);
INSERT INTO tocs VALUES('annya_niti_gantha_sangaho_e1009n','Naradakkhadīpakassa,','chapter',35);
INSERT INTO tocs VALUES('annya_niti_gantha_sangaho_e1009n','Matthanā','chapter',35);
INSERT INTO tocs VALUES('annya_niti_gantha_sangaho_e1009n','Āsīsa','chapter',36);
INSERT INTO tocs VALUES('annya_niti_gantha_sangaho_e1009n','Abhiyācaka','chapter',37);
INSERT INTO tocs VALUES('annya_niti_gantha_sangaho_e1009n','Paññā-niddesa','chapter',143);
INSERT INTO tocs VALUES('annya_niti_gantha_sangaho_e1009n','Cāritta-niddesa','chapter',210);
INSERT INTO tocs VALUES('annya_niti_gantha_sangaho_e1009n','Gharāvāsa-niddesa','chapter',316);
INSERT INTO tocs VALUES('annya_niti_gantha_sangaho_e1009n','Sādhujana-niddesa','chapter',384);
INSERT INTO tocs VALUES('annya_niti_gantha_sangaho_e1009n','Tatīya sādhunara','subhead',412);
INSERT INTO tocs VALUES('annya_niti_gantha_sangaho_e1009n','Catuttha sādhunara','subhead',414);
INSERT INTO tocs VALUES('annya_niti_gantha_sangaho_e1009n','Kāyakhamanīya-niddesa','chapter',417);
INSERT INTO tocs VALUES('annya_niti_gantha_sangaho_e1009n','Pakiṇṇaka-niddesa','chapter',449);
INSERT INTO tocs VALUES('annya_niti_gantha_sangaho_e1009n','Sīla-niddesa','chapter',525);
INSERT INTO tocs VALUES('annya_niti_gantha_sangaho_e1009n','Naradakkha thomanā āsīsa','chapter',590);
INSERT INTO tocs VALUES('annya_niti_gantha_sangaho_e1009n','3. Gāthā','subhead',590);
INSERT INTO tocs VALUES('annya_niti_gantha_sangaho_e1009n','Naradakkha thomanā āsīsa','title',595);
INSERT INTO tocs VALUES('annya_niti_gantha_sangaho_e1009n','2. Gāthā','subhead',595);
DELETE FROM paragraphs where book_id='annya_niti_gantha_sangaho_e1009n';
INSERT INTO paragraphs VALUES('annya_niti_gantha_sangaho_e1009n',2,35);
INSERT INTO paragraphs VALUES('annya_niti_gantha_sangaho_e1009n',3,36);
INSERT INTO paragraphs VALUES('annya_niti_gantha_sangaho_e1009n',4,37);
INSERT INTO paragraphs VALUES('annya_niti_gantha_sangaho_e1009n',5,38);
INSERT INTO paragraphs VALUES('annya_niti_gantha_sangaho_e1009n',6,38);
INSERT INTO paragraphs VALUES('annya_niti_gantha_sangaho_e1009n',7,41);
INSERT INTO paragraphs VALUES('annya_niti_gantha_sangaho_e1009n',8,44);
INSERT INTO paragraphs VALUES('annya_niti_gantha_sangaho_e1009n',9,46);
INSERT INTO paragraphs VALUES('annya_niti_gantha_sangaho_e1009n',10,48);
INSERT INTO paragraphs VALUES('annya_niti_gantha_sangaho_e1009n',11,49);
INSERT INTO paragraphs VALUES('annya_niti_gantha_sangaho_e1009n',12,51);
INSERT INTO paragraphs VALUES('annya_niti_gantha_sangaho_e1009n',13,52);
INSERT INTO paragraphs VALUES('annya_niti_gantha_sangaho_e1009n',14,53);
INSERT INTO paragraphs VALUES('annya_niti_gantha_sangaho_e1009n',15,55);
INSERT INTO paragraphs VALUES('annya_niti_gantha_sangaho_e1009n',16,56);
INSERT INTO paragraphs VALUES('annya_niti_gantha_sangaho_e1009n',17,58);
INSERT INTO paragraphs VALUES('annya_niti_gantha_sangaho_e1009n',18,59);
INSERT INTO paragraphs VALUES('annya_niti_gantha_sangaho_e1009n',19,60);
INSERT INTO paragraphs VALUES('annya_niti_gantha_sangaho_e1009n',20,62);
INSERT INTO paragraphs VALUES('annya_niti_gantha_sangaho_e1009n',21,64);
INSERT INTO paragraphs VALUES('annya_niti_gantha_sangaho_e1009n',22,65);
INSERT INTO paragraphs VALUES('annya_niti_gantha_sangaho_e1009n',23,67);
INSERT INTO paragraphs VALUES('annya_niti_gantha_sangaho_e1009n',24,68);
INSERT INTO paragraphs VALUES('annya_niti_gantha_sangaho_e1009n',25,75);
INSERT INTO paragraphs VALUES('annya_niti_gantha_sangaho_e1009n',26,76);
INSERT INTO paragraphs VALUES('annya_niti_gantha_sangaho_e1009n',27,77);
INSERT INTO paragraphs VALUES('annya_niti_gantha_sangaho_e1009n',28,79);
INSERT INTO paragraphs VALUES('annya_niti_gantha_sangaho_e1009n',29,81);
INSERT INTO paragraphs VALUES('annya_niti_gantha_sangaho_e1009n',30,83);
INSERT INTO paragraphs VALUES('annya_niti_gantha_sangaho_e1009n',31,84);
INSERT INTO paragraphs VALUES('annya_niti_gantha_sangaho_e1009n',32,87);
INSERT INTO paragraphs VALUES('annya_niti_gantha_sangaho_e1009n',33,88);
INSERT INTO paragraphs VALUES('annya_niti_gantha_sangaho_e1009n',34,90);
INSERT INTO paragraphs VALUES('annya_niti_gantha_sangaho_e1009n',35,91);
INSERT INTO paragraphs VALUES('annya_niti_gantha_sangaho_e1009n',36,95);
INSERT INTO paragraphs VALUES('annya_niti_gantha_sangaho_e1009n',37,96);
INSERT INTO paragraphs VALUES('annya_niti_gantha_sangaho_e1009n',38,98);
INSERT INTO paragraphs VALUES('annya_niti_gantha_sangaho_e1009n',39,99);
INSERT INTO paragraphs VALUES('annya_niti_gantha_sangaho_e1009n',40,101);
INSERT INTO paragraphs VALUES('annya_niti_gantha_sangaho_e1009n',41,102);
INSERT INTO paragraphs VALUES('annya_niti_gantha_sangaho_e1009n',42,104);
INSERT INTO paragraphs VALUES('annya_niti_gantha_sangaho_e1009n',43,105);
INSERT INTO paragraphs VALUES('annya_niti_gantha_sangaho_e1009n',44,107);
INSERT INTO paragraphs VALUES('annya_niti_gantha_sangaho_e1009n',45,108);
INSERT INTO paragraphs VALUES('annya_niti_gantha_sangaho_e1009n',46,109);
INSERT INTO paragraphs VALUES('annya_niti_gantha_sangaho_e1009n',47,111);
INSERT INTO paragraphs VALUES('annya_niti_gantha_sangaho_e1009n',48,112);
INSERT INTO paragraphs VALUES('annya_niti_gantha_sangaho_e1009n',49,126);
INSERT INTO paragraphs VALUES('annya_niti_gantha_sangaho_e1009n',50,127);
INSERT INTO paragraphs VALUES('annya_niti_gantha_sangaho_e1009n',51,132);
INSERT INTO paragraphs VALUES('annya_niti_gantha_sangaho_e1009n',52,138);
INSERT INTO paragraphs VALUES('annya_niti_gantha_sangaho_e1009n',53,140);
INSERT INTO paragraphs VALUES('annya_niti_gantha_sangaho_e1009n',54,142);
INSERT INTO paragraphs VALUES('annya_niti_gantha_sangaho_e1009n',55,143);
INSERT INTO paragraphs VALUES('annya_niti_gantha_sangaho_e1009n',56,144);
INSERT INTO paragraphs VALUES('annya_niti_gantha_sangaho_e1009n',57,146);
INSERT INTO paragraphs VALUES('annya_niti_gantha_sangaho_e1009n',58,148);
INSERT INTO paragraphs VALUES('annya_niti_gantha_sangaho_e1009n',59,149);
INSERT INTO paragraphs VALUES('annya_niti_gantha_sangaho_e1009n',60,150);
INSERT INTO paragraphs VALUES('annya_niti_gantha_sangaho_e1009n',61,152);
INSERT INTO paragraphs VALUES('annya_niti_gantha_sangaho_e1009n',62,154);
INSERT INTO paragraphs VALUES('annya_niti_gantha_sangaho_e1009n',63,156);
INSERT INTO paragraphs VALUES('annya_niti_gantha_sangaho_e1009n',64,158);
INSERT INTO paragraphs VALUES('annya_niti_gantha_sangaho_e1009n',65,158);
INSERT INTO paragraphs VALUES('annya_niti_gantha_sangaho_e1009n',66,160);
INSERT INTO paragraphs VALUES('annya_niti_gantha_sangaho_e1009n',67,161);
INSERT INTO paragraphs VALUES('annya_niti_gantha_sangaho_e1009n',68,162);
INSERT INTO paragraphs VALUES('annya_niti_gantha_sangaho_e1009n',69,164);
INSERT INTO paragraphs VALUES('annya_niti_gantha_sangaho_e1009n',70,165);
INSERT INTO paragraphs VALUES('annya_niti_gantha_sangaho_e1009n',71,166);
INSERT INTO paragraphs VALUES('annya_niti_gantha_sangaho_e1009n',72,168);
INSERT INTO paragraphs VALUES('annya_niti_gantha_sangaho_e1009n',73,170);
INSERT INTO paragraphs VALUES('annya_niti_gantha_sangaho_e1009n',74,171);
INSERT INTO paragraphs VALUES('annya_niti_gantha_sangaho_e1009n',75,173);
INSERT INTO paragraphs VALUES('annya_niti_gantha_sangaho_e1009n',76,174);
INSERT INTO paragraphs VALUES('annya_niti_gantha_sangaho_e1009n',77,176);
INSERT INTO paragraphs VALUES('annya_niti_gantha_sangaho_e1009n',78,178);
INSERT INTO paragraphs VALUES('annya_niti_gantha_sangaho_e1009n',79,180);
INSERT INTO paragraphs VALUES('annya_niti_gantha_sangaho_e1009n',80,181);
INSERT INTO paragraphs VALUES('annya_niti_gantha_sangaho_e1009n',81,183);
INSERT INTO paragraphs VALUES('annya_niti_gantha_sangaho_e1009n',82,185);
INSERT INTO paragraphs VALUES('annya_niti_gantha_sangaho_e1009n',83,186);
INSERT INTO paragraphs VALUES('annya_niti_gantha_sangaho_e1009n',84,189);
INSERT INTO paragraphs VALUES('annya_niti_gantha_sangaho_e1009n',85,189);
INSERT INTO paragraphs VALUES('annya_niti_gantha_sangaho_e1009n',86,191);
INSERT INTO paragraphs VALUES('annya_niti_gantha_sangaho_e1009n',87,192);
INSERT INTO paragraphs VALUES('annya_niti_gantha_sangaho_e1009n',88,193);
INSERT INTO paragraphs VALUES('annya_niti_gantha_sangaho_e1009n',89,194);
INSERT INTO paragraphs VALUES('annya_niti_gantha_sangaho_e1009n',90,196);
INSERT INTO paragraphs VALUES('annya_niti_gantha_sangaho_e1009n',91,197);
INSERT INTO paragraphs VALUES('annya_niti_gantha_sangaho_e1009n',92,198);
INSERT INTO paragraphs VALUES('annya_niti_gantha_sangaho_e1009n',93,199);
INSERT INTO paragraphs VALUES('annya_niti_gantha_sangaho_e1009n',94,200);
INSERT INTO paragraphs VALUES('annya_niti_gantha_sangaho_e1009n',95,201);
INSERT INTO paragraphs VALUES('annya_niti_gantha_sangaho_e1009n',96,203);
INSERT INTO paragraphs VALUES('annya_niti_gantha_sangaho_e1009n',97,204);
INSERT INTO paragraphs VALUES('annya_niti_gantha_sangaho_e1009n',98,207);
INSERT INTO paragraphs VALUES('annya_niti_gantha_sangaho_e1009n',99,208);
INSERT INTO paragraphs VALUES('annya_niti_gantha_sangaho_e1009n',100,210);
INSERT INTO paragraphs VALUES('annya_niti_gantha_sangaho_e1009n',101,213);
INSERT INTO paragraphs VALUES('annya_niti_gantha_sangaho_e1009n',102,214);
INSERT INTO paragraphs VALUES('annya_niti_gantha_sangaho_e1009n',103,216);
INSERT INTO paragraphs VALUES('annya_niti_gantha_sangaho_e1009n',104,218);
INSERT INTO paragraphs VALUES('annya_niti_gantha_sangaho_e1009n',105,219);
INSERT INTO paragraphs VALUES('annya_niti_gantha_sangaho_e1009n',106,221);
INSERT INTO paragraphs VALUES('annya_niti_gantha_sangaho_e1009n',107,222);
INSERT INTO paragraphs VALUES('annya_niti_gantha_sangaho_e1009n',108,224);
INSERT INTO paragraphs VALUES('annya_niti_gantha_sangaho_e1009n',109,226);
INSERT INTO paragraphs VALUES('annya_niti_gantha_sangaho_e1009n',110,228);
INSERT INTO paragraphs VALUES('annya_niti_gantha_sangaho_e1009n',111,230);
INSERT INTO paragraphs VALUES('annya_niti_gantha_sangaho_e1009n',112,232);
INSERT INTO paragraphs VALUES('annya_niti_gantha_sangaho_e1009n',113,233);
INSERT INTO paragraphs VALUES('annya_niti_gantha_sangaho_e1009n',114,234);
INSERT INTO paragraphs VALUES('annya_niti_gantha_sangaho_e1009n',115,237);
INSERT INTO paragraphs VALUES('annya_niti_gantha_sangaho_e1009n',116,238);
INSERT INTO paragraphs VALUES('annya_niti_gantha_sangaho_e1009n',117,240);
INSERT INTO paragraphs VALUES('annya_niti_gantha_sangaho_e1009n',118,241);
INSERT INTO paragraphs VALUES('annya_niti_gantha_sangaho_e1009n',119,243);
INSERT INTO paragraphs VALUES('annya_niti_gantha_sangaho_e1009n',120,245);
INSERT INTO paragraphs VALUES('annya_niti_gantha_sangaho_e1009n',121,246);
INSERT INTO paragraphs VALUES('annya_niti_gantha_sangaho_e1009n',122,247);
INSERT INTO paragraphs VALUES('annya_niti_gantha_sangaho_e1009n',123,249);
INSERT INTO paragraphs VALUES('annya_niti_gantha_sangaho_e1009n',124,250);
INSERT INTO paragraphs VALUES('annya_niti_gantha_sangaho_e1009n',125,251);
INSERT INTO paragraphs VALUES('annya_niti_gantha_sangaho_e1009n',126,253);
INSERT INTO paragraphs VALUES('annya_niti_gantha_sangaho_e1009n',127,254);
INSERT INTO paragraphs VALUES('annya_niti_gantha_sangaho_e1009n',128,256);
INSERT INTO paragraphs VALUES('annya_niti_gantha_sangaho_e1009n',129,257);
INSERT INTO paragraphs VALUES('annya_niti_gantha_sangaho_e1009n',130,257);
INSERT INTO paragraphs VALUES('annya_niti_gantha_sangaho_e1009n',131,260);
INSERT INTO paragraphs VALUES('annya_niti_gantha_sangaho_e1009n',132,261);
INSERT INTO paragraphs VALUES('annya_niti_gantha_sangaho_e1009n',133,262);
INSERT INTO paragraphs VALUES('annya_niti_gantha_sangaho_e1009n',134,264);
INSERT INTO paragraphs VALUES('annya_niti_gantha_sangaho_e1009n',135,265);
INSERT INTO paragraphs VALUES('annya_niti_gantha_sangaho_e1009n',136,266);
INSERT INTO paragraphs VALUES('annya_niti_gantha_sangaho_e1009n',137,268);
INSERT INTO paragraphs VALUES('annya_niti_gantha_sangaho_e1009n',138,269);
INSERT INTO paragraphs VALUES('annya_niti_gantha_sangaho_e1009n',139,270);
INSERT INTO paragraphs VALUES('annya_niti_gantha_sangaho_e1009n',140,272);
INSERT INTO paragraphs VALUES('annya_niti_gantha_sangaho_e1009n',141,274);
INSERT INTO paragraphs VALUES('annya_niti_gantha_sangaho_e1009n',142,275);
INSERT INTO paragraphs VALUES('annya_niti_gantha_sangaho_e1009n',143,277);
INSERT INTO paragraphs VALUES('annya_niti_gantha_sangaho_e1009n',144,278);
INSERT INTO paragraphs VALUES('annya_niti_gantha_sangaho_e1009n',145,279);
INSERT INTO paragraphs VALUES('annya_niti_gantha_sangaho_e1009n',146,282);
INSERT INTO paragraphs VALUES('annya_niti_gantha_sangaho_e1009n',147,283);
INSERT INTO paragraphs VALUES('annya_niti_gantha_sangaho_e1009n',148,284);
INSERT INTO paragraphs VALUES('annya_niti_gantha_sangaho_e1009n',149,285);
INSERT INTO paragraphs VALUES('annya_niti_gantha_sangaho_e1009n',150,286);
INSERT INTO paragraphs VALUES('annya_niti_gantha_sangaho_e1009n',151,288);
INSERT INTO paragraphs VALUES('annya_niti_gantha_sangaho_e1009n',152,289);
INSERT INTO paragraphs VALUES('annya_niti_gantha_sangaho_e1009n',153,291);
INSERT INTO paragraphs VALUES('annya_niti_gantha_sangaho_e1009n',154,293);
INSERT INTO paragraphs VALUES('annya_niti_gantha_sangaho_e1009n',155,294);
INSERT INTO paragraphs VALUES('annya_niti_gantha_sangaho_e1009n',156,296);
INSERT INTO paragraphs VALUES('annya_niti_gantha_sangaho_e1009n',157,297);
INSERT INTO paragraphs VALUES('annya_niti_gantha_sangaho_e1009n',158,299);
INSERT INTO paragraphs VALUES('annya_niti_gantha_sangaho_e1009n',159,300);
INSERT INTO paragraphs VALUES('annya_niti_gantha_sangaho_e1009n',160,301);
INSERT INTO paragraphs VALUES('annya_niti_gantha_sangaho_e1009n',161,303);
INSERT INTO paragraphs VALUES('annya_niti_gantha_sangaho_e1009n',162,304);
INSERT INTO paragraphs VALUES('annya_niti_gantha_sangaho_e1009n',163,306);
INSERT INTO paragraphs VALUES('annya_niti_gantha_sangaho_e1009n',164,307);
INSERT INTO paragraphs VALUES('annya_niti_gantha_sangaho_e1009n',165,309);
INSERT INTO paragraphs VALUES('annya_niti_gantha_sangaho_e1009n',166,310);
INSERT INTO paragraphs VALUES('annya_niti_gantha_sangaho_e1009n',167,312);
INSERT INTO paragraphs VALUES('annya_niti_gantha_sangaho_e1009n',168,313);
INSERT INTO paragraphs VALUES('annya_niti_gantha_sangaho_e1009n',169,315);
INSERT INTO paragraphs VALUES('annya_niti_gantha_sangaho_e1009n',170,316);
INSERT INTO paragraphs VALUES('annya_niti_gantha_sangaho_e1009n',171,316);
INSERT INTO paragraphs VALUES('annya_niti_gantha_sangaho_e1009n',172,319);
INSERT INTO paragraphs VALUES('annya_niti_gantha_sangaho_e1009n',173,321);
INSERT INTO paragraphs VALUES('annya_niti_gantha_sangaho_e1009n',174,322);
INSERT INTO paragraphs VALUES('annya_niti_gantha_sangaho_e1009n',175,324);
INSERT INTO paragraphs VALUES('annya_niti_gantha_sangaho_e1009n',176,325);
INSERT INTO paragraphs VALUES('annya_niti_gantha_sangaho_e1009n',177,327);
INSERT INTO paragraphs VALUES('annya_niti_gantha_sangaho_e1009n',178,329);
INSERT INTO paragraphs VALUES('annya_niti_gantha_sangaho_e1009n',179,330);
INSERT INTO paragraphs VALUES('annya_niti_gantha_sangaho_e1009n',180,332);
INSERT INTO paragraphs VALUES('annya_niti_gantha_sangaho_e1009n',181,335);
INSERT INTO paragraphs VALUES('annya_niti_gantha_sangaho_e1009n',182,337);
INSERT INTO paragraphs VALUES('annya_niti_gantha_sangaho_e1009n',183,339);
INSERT INTO paragraphs VALUES('annya_niti_gantha_sangaho_e1009n',184,342);
INSERT INTO paragraphs VALUES('annya_niti_gantha_sangaho_e1009n',185,343);
INSERT INTO paragraphs VALUES('annya_niti_gantha_sangaho_e1009n',186,345);
INSERT INTO paragraphs VALUES('annya_niti_gantha_sangaho_e1009n',187,346);
INSERT INTO paragraphs VALUES('annya_niti_gantha_sangaho_e1009n',188,348);
INSERT INTO paragraphs VALUES('annya_niti_gantha_sangaho_e1009n',189,349);
INSERT INTO paragraphs VALUES('annya_niti_gantha_sangaho_e1009n',190,350);
INSERT INTO paragraphs VALUES('annya_niti_gantha_sangaho_e1009n',191,351);
INSERT INTO paragraphs VALUES('annya_niti_gantha_sangaho_e1009n',192,352);
INSERT INTO paragraphs VALUES('annya_niti_gantha_sangaho_e1009n',193,354);
INSERT INTO paragraphs VALUES('annya_niti_gantha_sangaho_e1009n',194,356);
INSERT INTO paragraphs VALUES('annya_niti_gantha_sangaho_e1009n',195,357);
INSERT INTO paragraphs VALUES('annya_niti_gantha_sangaho_e1009n',196,359);
INSERT INTO paragraphs VALUES('annya_niti_gantha_sangaho_e1009n',197,360);
INSERT INTO paragraphs VALUES('annya_niti_gantha_sangaho_e1009n',198,362);
INSERT INTO paragraphs VALUES('annya_niti_gantha_sangaho_e1009n',199,363);
INSERT INTO paragraphs VALUES('annya_niti_gantha_sangaho_e1009n',200,365);
INSERT INTO paragraphs VALUES('annya_niti_gantha_sangaho_e1009n',201,366);
INSERT INTO paragraphs VALUES('annya_niti_gantha_sangaho_e1009n',202,368);
INSERT INTO paragraphs VALUES('annya_niti_gantha_sangaho_e1009n',203,370);
INSERT INTO paragraphs VALUES('annya_niti_gantha_sangaho_e1009n',204,372);
INSERT INTO paragraphs VALUES('annya_niti_gantha_sangaho_e1009n',205,374);
INSERT INTO paragraphs VALUES('annya_niti_gantha_sangaho_e1009n',206,376);
INSERT INTO paragraphs VALUES('annya_niti_gantha_sangaho_e1009n',207,377);
INSERT INTO paragraphs VALUES('annya_niti_gantha_sangaho_e1009n',208,378);
INSERT INTO paragraphs VALUES('annya_niti_gantha_sangaho_e1009n',209,379);
INSERT INTO paragraphs VALUES('annya_niti_gantha_sangaho_e1009n',210,381);
INSERT INTO paragraphs VALUES('annya_niti_gantha_sangaho_e1009n',211,382);
INSERT INTO paragraphs VALUES('annya_niti_gantha_sangaho_e1009n',212,384);
INSERT INTO paragraphs VALUES('annya_niti_gantha_sangaho_e1009n',213,386);
INSERT INTO paragraphs VALUES('annya_niti_gantha_sangaho_e1009n',214,387);
INSERT INTO paragraphs VALUES('annya_niti_gantha_sangaho_e1009n',215,389);
INSERT INTO paragraphs VALUES('annya_niti_gantha_sangaho_e1009n',216,390);
INSERT INTO paragraphs VALUES('annya_niti_gantha_sangaho_e1009n',217,392);
INSERT INTO paragraphs VALUES('annya_niti_gantha_sangaho_e1009n',218,393);
INSERT INTO paragraphs VALUES('annya_niti_gantha_sangaho_e1009n',219,395);
INSERT INTO paragraphs VALUES('annya_niti_gantha_sangaho_e1009n',220,395);
INSERT INTO paragraphs VALUES('annya_niti_gantha_sangaho_e1009n',221,398);
INSERT INTO paragraphs VALUES('annya_niti_gantha_sangaho_e1009n',222,399);
INSERT INTO paragraphs VALUES('annya_niti_gantha_sangaho_e1009n',223,399);
INSERT INTO paragraphs VALUES('annya_niti_gantha_sangaho_e1009n',224,402);
INSERT INTO paragraphs VALUES('annya_niti_gantha_sangaho_e1009n',225,403);
INSERT INTO paragraphs VALUES('annya_niti_gantha_sangaho_e1009n',226,405);
INSERT INTO paragraphs VALUES('annya_niti_gantha_sangaho_e1009n',227,406);
INSERT INTO paragraphs VALUES('annya_niti_gantha_sangaho_e1009n',228,407);
INSERT INTO paragraphs VALUES('annya_niti_gantha_sangaho_e1009n',229,408);
INSERT INTO paragraphs VALUES('annya_niti_gantha_sangaho_e1009n',230,411);
INSERT INTO paragraphs VALUES('annya_niti_gantha_sangaho_e1009n',231,412);
INSERT INTO paragraphs VALUES('annya_niti_gantha_sangaho_e1009n',232,414);
INSERT INTO paragraphs VALUES('annya_niti_gantha_sangaho_e1009n',233,415);
INSERT INTO paragraphs VALUES('annya_niti_gantha_sangaho_e1009n',234,417);
INSERT INTO paragraphs VALUES('annya_niti_gantha_sangaho_e1009n',235,421);
INSERT INTO paragraphs VALUES('annya_niti_gantha_sangaho_e1009n',236,424);
INSERT INTO paragraphs VALUES('annya_niti_gantha_sangaho_e1009n',237,424);
INSERT INTO paragraphs VALUES('annya_niti_gantha_sangaho_e1009n',238,428);
INSERT INTO paragraphs VALUES('annya_niti_gantha_sangaho_e1009n',239,428);
INSERT INTO paragraphs VALUES('annya_niti_gantha_sangaho_e1009n',240,431);
INSERT INTO paragraphs VALUES('annya_niti_gantha_sangaho_e1009n',241,432);
INSERT INTO paragraphs VALUES('annya_niti_gantha_sangaho_e1009n',242,434);
INSERT INTO paragraphs VALUES('annya_niti_gantha_sangaho_e1009n',243,435);
INSERT INTO paragraphs VALUES('annya_niti_gantha_sangaho_e1009n',244,437);
INSERT INTO paragraphs VALUES('annya_niti_gantha_sangaho_e1009n',245,438);
INSERT INTO paragraphs VALUES('annya_niti_gantha_sangaho_e1009n',246,440);
INSERT INTO paragraphs VALUES('annya_niti_gantha_sangaho_e1009n',247,441);
INSERT INTO paragraphs VALUES('annya_niti_gantha_sangaho_e1009n',248,442);
INSERT INTO paragraphs VALUES('annya_niti_gantha_sangaho_e1009n',249,444);
INSERT INTO paragraphs VALUES('annya_niti_gantha_sangaho_e1009n',250,445);
INSERT INTO paragraphs VALUES('annya_niti_gantha_sangaho_e1009n',250,447);
INSERT INTO paragraphs VALUES('annya_niti_gantha_sangaho_e1009n',252,448);
INSERT INTO paragraphs VALUES('annya_niti_gantha_sangaho_e1009n',253,449);
INSERT INTO paragraphs VALUES('annya_niti_gantha_sangaho_e1009n',254,460);
INSERT INTO paragraphs VALUES('annya_niti_gantha_sangaho_e1009n',255,462);
INSERT INTO paragraphs VALUES('annya_niti_gantha_sangaho_e1009n',256,464);
INSERT INTO paragraphs VALUES('annya_niti_gantha_sangaho_e1009n',257,465);
INSERT INTO paragraphs VALUES('annya_niti_gantha_sangaho_e1009n',258,467);
INSERT INTO paragraphs VALUES('annya_niti_gantha_sangaho_e1009n',259,468);
INSERT INTO paragraphs VALUES('annya_niti_gantha_sangaho_e1009n',260,470);
INSERT INTO paragraphs VALUES('annya_niti_gantha_sangaho_e1009n',261,471);
INSERT INTO paragraphs VALUES('annya_niti_gantha_sangaho_e1009n',262,473);
INSERT INTO paragraphs VALUES('annya_niti_gantha_sangaho_e1009n',263,476);
INSERT INTO paragraphs VALUES('annya_niti_gantha_sangaho_e1009n',264,479);
INSERT INTO paragraphs VALUES('annya_niti_gantha_sangaho_e1009n',265,481);
INSERT INTO paragraphs VALUES('annya_niti_gantha_sangaho_e1009n',266,482);
INSERT INTO paragraphs VALUES('annya_niti_gantha_sangaho_e1009n',267,484);
INSERT INTO paragraphs VALUES('annya_niti_gantha_sangaho_e1009n',268,485);
INSERT INTO paragraphs VALUES('annya_niti_gantha_sangaho_e1009n',269,486);
INSERT INTO paragraphs VALUES('annya_niti_gantha_sangaho_e1009n',270,487);
INSERT INTO paragraphs VALUES('annya_niti_gantha_sangaho_e1009n',271,489);
INSERT INTO paragraphs VALUES('annya_niti_gantha_sangaho_e1009n',272,491);
INSERT INTO paragraphs VALUES('annya_niti_gantha_sangaho_e1009n',273,492);
INSERT INTO paragraphs VALUES('annya_niti_gantha_sangaho_e1009n',274,494);
INSERT INTO paragraphs VALUES('annya_niti_gantha_sangaho_e1009n',275,496);
INSERT INTO paragraphs VALUES('annya_niti_gantha_sangaho_e1009n',276,497);
INSERT INTO paragraphs VALUES('annya_niti_gantha_sangaho_e1009n',277,499);
INSERT INTO paragraphs VALUES('annya_niti_gantha_sangaho_e1009n',278,501);
INSERT INTO paragraphs VALUES('annya_niti_gantha_sangaho_e1009n',279,502);
INSERT INTO paragraphs VALUES('annya_niti_gantha_sangaho_e1009n',280,504);
INSERT INTO paragraphs VALUES('annya_niti_gantha_sangaho_e1009n',281,505);
INSERT INTO paragraphs VALUES('annya_niti_gantha_sangaho_e1009n',282,507);
INSERT INTO paragraphs VALUES('annya_niti_gantha_sangaho_e1009n',283,508);
INSERT INTO paragraphs VALUES('annya_niti_gantha_sangaho_e1009n',284,510);
INSERT INTO paragraphs VALUES('annya_niti_gantha_sangaho_e1009n',285,513);
INSERT INTO paragraphs VALUES('annya_niti_gantha_sangaho_e1009n',286,515);
INSERT INTO paragraphs VALUES('annya_niti_gantha_sangaho_e1009n',287,516);
INSERT INTO paragraphs VALUES('annya_niti_gantha_sangaho_e1009n',288,518);
INSERT INTO paragraphs VALUES('annya_niti_gantha_sangaho_e1009n',289,520);
INSERT INTO paragraphs VALUES('annya_niti_gantha_sangaho_e1009n',290,522);
INSERT INTO paragraphs VALUES('annya_niti_gantha_sangaho_e1009n',291,525);
INSERT INTO paragraphs VALUES('annya_niti_gantha_sangaho_e1009n',292,526);
INSERT INTO paragraphs VALUES('annya_niti_gantha_sangaho_e1009n',293,546);
INSERT INTO paragraphs VALUES('annya_niti_gantha_sangaho_e1009n',294,547);
INSERT INTO paragraphs VALUES('annya_niti_gantha_sangaho_e1009n',1,577);
INSERT INTO paragraphs VALUES('annya_niti_gantha_sangaho_e1009n',2,580);
INSERT INTO paragraphs VALUES('annya_niti_gantha_sangaho_e1009n',3,581);
INSERT INTO paragraphs VALUES('annya_niti_gantha_sangaho_e1009n',4,582);
INSERT INTO paragraphs VALUES('annya_niti_gantha_sangaho_e1009n',5,583);
INSERT INTO paragraphs VALUES('annya_niti_gantha_sangaho_e1009n',6,584);
INSERT INTO paragraphs VALUES('annya_niti_gantha_sangaho_e1009n',7,585);
INSERT INTO paragraphs VALUES('annya_niti_gantha_sangaho_e1009n',8,586);
INSERT INTO paragraphs VALUES('annya_niti_gantha_sangaho_e1009n',9,587);
INSERT INTO paragraphs VALUES('annya_niti_gantha_sangaho_e1009n',10,587);
INSERT INTO paragraphs VALUES('annya_niti_gantha_sangaho_e1009n',11,588);
INSERT INTO paragraphs VALUES('annya_niti_gantha_sangaho_e1009n',12,589);
INSERT INTO paragraphs VALUES('annya_niti_gantha_sangaho_e1009n',1,590);
INSERT INTO paragraphs VALUES('annya_niti_gantha_sangaho_e1009n',2,592);
INSERT INTO paragraphs VALUES('annya_niti_gantha_sangaho_e1009n',3,593);
INSERT INTO paragraphs VALUES('annya_niti_gantha_sangaho_e1009n',1,595);
INSERT INTO paragraphs VALUES('annya_niti_gantha_sangaho_e1009n',2,596);
DELETE FROM pages where bookid='annya_niti_gantha_sangaho_e1009n';
INSERT INTO pages (bookid, page, content, paranum) VALUES('annya_niti_gantha_sangaho_e1009n',1,replace(replace('<p class="centered"> Namo tassa bhagavato arahato sammāsambuddhassa</p>\r\n<p class="book">Naradakkhadīpanī</p>','\r',char(13)),'\n',char(10)),'');
INSERT INTO pages (bookid, page, content, paranum) VALUES('annya_niti_gantha_sangaho_e1009n',8,replace(replace('<p class="gatha1">Pālito <a name="M0.0008"></a> yeva saddhammo,</p>\r\n<p class="gatha2">Pālitena varena ca;</p>\r\n<p class="gatha3">Pālite suṭṭhu yaṃ sīlaṃ,</p>\r\n<p class="gathalast">Pālitaṃ dhamma-sundaraṃ.</p>','\r',char(13)),'\n',char(10)),'');
INSERT INTO pages (bookid, page, content, paranum) VALUES('annya_niti_gantha_sangaho_e1009n',10,replace(replace('<p class="gatha1">Sammā <a name="M0.0010"></a> āraddhaṃ sabba-sampattīnaṃ,</p>\r\n<p class="gathalast">Mūlaṃ hotīti daṭṭhabbaṃ.</p>','\r',char(13)),'\n',char(10)),'');
INSERT INTO pages (bookid, page, content, paranum) VALUES('annya_niti_gantha_sangaho_e1009n',11,replace(replace('<p class="gatha1">Vīriyārabbho <a name="M0.0011"></a> bhikkhave,</p>\r\n<p class="gathalast">Mahato atthāya saṃvattatīti.</p>','\r',char(13)),'\n',char(10)),'');
INSERT INTO pages (bookid, page, content, paranum) VALUES('annya_niti_gantha_sangaho_e1009n',12,replace(replace('<p class="gatha1">Tasmā <a name="M0.0012"></a> vīriyameva kattabbaṃ,</p>\r\n<p class="gathalast">Vīriyavato hi acintitaṃpi hoti.</p>','\r',char(13)),'\n',char(10)),'');
INSERT INTO pages (bookid, page, content, paranum) VALUES('annya_niti_gantha_sangaho_e1009n',21,replace(replace('<p class="gatha1">Yathā <a name="M0.0021"></a> hi tacchakānaṃ suttaṃ,</p>\r\n<p class="gatha2">Pamāṇaṃ hoti;</p>\r\n<p class="gathalast">Eva metampi viññūnaṃ.</p>','\r',char(13)),'\n',char(10)),'');
INSERT INTO pages (bookid, page, content, paranum) VALUES('annya_niti_gantha_sangaho_e1009n',24,replace(replace('<p class="gatha1">Suvijāno <a name="M0.0024"></a> bhavaṃ hoti,</p>\r\n<p class="gatha2">Dubbijāno parābhavo;</p>\r\n<p class="gatha3">Dhammakāmo bhavaṃ hoti,</p>\r\n<p class="gathalast">Dhammadessī parābhavo.</p>','\r',char(13)),'\n',char(10)),'');
INSERT INTO pages (bookid, page, content, paranum) VALUES('annya_niti_gantha_sangaho_e1009n',26,replace(replace('<p class="gatha1">Ayaṃ <a name="M0.0026"></a> dhammatāti ayaṃ sabhāvo,</p>\r\n<p class="gathalast">Ayaṃ niyāmoti vuttaṃ hoti.</p>','\r',char(13)),'\n',char(10)),'');
INSERT INTO pages (bookid, page, content, paranum) VALUES('annya_niti_gantha_sangaho_e1009n',28,replace(replace('<p class="gatha1">Ye <a name="M0.0028"></a> dhammā hetupabhavā,</p>\r\n<p class="gathalast">Tesaṃ hetuṃ tathāgato.</p>','\r',char(13)),'\n',char(10)),'');
INSERT INTO pages (bookid, page, content, paranum) VALUES('annya_niti_gantha_sangaho_e1009n',35,replace(replace('<p class="gatha1">Ratanattayaṃ<a name="M0.0035"></a>, santataṃ, ahaṃ vandāmi;</p>\r\n<p class="gatha2">Ācariyaṃ, so ahaṃ, niccaṃ namāmi;</p>\r\n<p class="gathalast">‘‘Hotu sabbaṃ, maṅgalaṃ, mamaṃ sabbadhi’’.</p>\r\n<p class="title">Naradakkhadīpanī</p>\r\n<p class="centered">Namo tassa bhagavato arahato sammāsambuddhassa</p>\r\n<p class="chapter">Paṇāma</p>\r\n<p class="chapter">Naradakkhadīpakassa,</p>\r\n<p class="gatha1">Namo samantacakkhuno;</p>\r\n<p class="gatha2">Saṃsārā vippamuttassa,</p>\r\n<p class="gatha3">Saṃsārā vippamuttassa,</p>\r\n<p class="gathalast">Sa-saddhammassa saṅghino.</p>\r\n<p class="chapter">Matthanā</p>\r\n<p class="hangnum"><a name="para2"></a><span class="paranum">2</span>.</p>\r\n<p class="gatha1"> </p>','\r',char(13)),'\n',char(10)),'-2-');
INSERT INTO pages (bookid, page, content, paranum) VALUES('annya_niti_gantha_sangaho_e1009n',36,replace(replace('<p class="gatha1">Pālitehi <a name="M0.0036"></a> varuttamaṃ,</p>\r\n<p class="gatha2">Pālitaṃ sīla-pāramiṃ;</p>\r\n<p class="gatha3">Pāletu varasambuddho,</p>\r\n<p class="gathalast">Pālitaṃ gantha-kāraṇaṃ.</p>\r\n<p class="chapter">Āsīsa</p>\r\n<p class="hangnum"><a name="para3"></a><span class="paranum">3</span>.</p>\r\n<p class="gatha1"> </p>','\r',char(13)),'\n',char(10)),'-3-');
INSERT INTO pages (bookid, page, content, paranum) VALUES('annya_niti_gantha_sangaho_e1009n',37,replace(replace('<p class="gatha1">Bahussuto <a name="M0.0037"></a> ca medhāvī,</p>\r\n<p class="gatha2">Sīlesuca samāhito;</p>\r\n<p class="gatha3">Cetosamathānuyutto,</p>\r\n<p class="gathalast">Api muddhani tiṭṭhatu.</p>\r\n<p class="chapter">Abhiyācaka</p>\r\n<p class="hangnum"><a name="para4"></a><span class="paranum">4</span>.</p>\r\n<p class="gatha1"> </p>','\r',char(13)),'\n',char(10)),'-4-');
INSERT INTO pages (bookid, page, content, paranum) VALUES('annya_niti_gantha_sangaho_e1009n',38,replace(replace('<p class="gatha1">Dhamma-saṅghaṃ <a name="M0.0038"></a> vanditvāna,</p>\r\n<p class="gatha2">Sabba-lokassa nāyakaṃ;</p>\r\n<p class="gatha3">Yācito tikakrapa-therena,</p>\r\n<p class="gathalast">Māṇavena ca dhīmatā.</p>\r\n<p class="hangnum"><a name="para5"></a><span class="paranum">5</span>.</p>\r\n<p class="gatha1"> Uttānameva saṅkhepaṃ,</p>\r\n<p class="gatha2">Nānā-sattha-sudhāritaṃ;</p>\r\n<p class="gatha3">Nara-dakkhaṃ likhissami,</p>\r\n<p class="gathalast">Passantu dhīra-māmakā.</p>\r\n<p class="hangnum"><a name="para6"></a><span class="paranum">6</span>.</p>\r\n<p class="gatha1"> </p>','\r',char(13)),'\n',char(10)),'-5-6-');
INSERT INTO pages (bookid, page, content, paranum) VALUES('annya_niti_gantha_sangaho_e1009n',41,replace(replace('<p class="gatha1">Kosajjaṃ <a name="M0.0041"></a> bhayato disvā,</p>\r\n<p class="gatha2">Vīriyañjāpi khemato;</p>\r\n<p class="gatha3">Āraddhavīriyā hotha;</p>\r\n<p class="gathalast">Esā buddhānusāsanī.</p>\r\n<p class="hangnum"><a name="para7"></a><span class="paranum">7</span>.</p>\r\n<p class="gatha1"> </p>','\r',char(13)),'\n',char(10)),'-7-');
INSERT INTO pages (bookid, page, content, paranum) VALUES('annya_niti_gantha_sangaho_e1009n',42,replace(replace('<p class="gatha1">Vīriyavā <a name="M0.0042"></a> kho bhikkhave ariyasāvako,</p>\r\n<p class="gatha2">Akusalaṃ pajahati, kusalaṃ bhāveti;</p>\r\n<p class="gatha3">Sāvajjaṃ pajahati, anavajjaṃ bhāveti,</p>\r\n<p class="gathalast">Suddhamattānaṃ pariharatīti.</p>','\r',char(13)),'\n',char(10)),'');
INSERT INTO pages (bookid, page, content, paranum) VALUES('annya_niti_gantha_sangaho_e1009n',43,replace(replace('<p class="gatha1">Vīriyavato <a name="M0.0043"></a> kiṃ nāma kammaṃ na sijjhati;</p>','\r',char(13)),'\n',char(10)),'');
INSERT INTO pages (bookid, page, content, paranum) VALUES('annya_niti_gantha_sangaho_e1009n',44,replace(replace('<p class="gatha2">Purisakāro <a name="M0.0044"></a> nāma na nassati,</p>\r\n<p class="gathalast">Sukhe patiṭṭhāpetīti jānāmi.</p>\r\n<p class="hangnum"><a name="para8"></a><span class="paranum">8</span>.</p>\r\n<p class="gatha1"> </p>','\r',char(13)),'\n',char(10)),'-8-');
INSERT INTO pages (bookid, page, content, paranum) VALUES('annya_niti_gantha_sangaho_e1009n',46,replace(replace('<p class="gatha1">Yathā <a name="M0.0046"></a> khittaṃ nabhe leḍḍu,</p>\r\n<p class="gatha2">Dhuvaṃ patati bhūmiyaṃ;</p>\r\n<p class="gatha3">Tatheva buddha-seṭṭhānaṃ,</p>\r\n<p class="gathalast">Vacanaṃ dhuva-sassataṃ.</p>\r\n<p class="hangnum"><a name="para9"></a><span class="paranum">9</span>.</p>\r\n<p class="gatha1"> </p>','\r',char(13)),'\n',char(10)),'-9-');
INSERT INTO pages (bookid, page, content, paranum) VALUES('annya_niti_gantha_sangaho_e1009n',48,replace(replace('<p class="gatha1">A-dvejjhavacanā <a name="M0.0048"></a> buddhā,</p>\r\n<p class="gathalast">A-moghavacanā jinā.</p>\r\n<p class="hangnum"><a name="para10"></a><span class="paranum">10</span>.</p>\r\n<p class="gatha1"> </p>','\r',char(13)),'\n',char(10)),'-10-');
INSERT INTO pages (bookid, page, content, paranum) VALUES('annya_niti_gantha_sangaho_e1009n',49,replace(replace('<p class="gatha1">Sussusā <a name="M0.0049"></a> labhate paññaṃ,</p>\r\n<p class="gatha2">Uṭṭhātā vindate dhanaṃ;</p>\r\n<p class="gatha3">Tasmā pāḷiṃ guruṃ katvā,</p>\r\n<p class="gathalast">Imaṃ passāhi sobhaṇaṃ.</p>\r\n<p class="hangnum"><a name="para11"></a><span class="paranum">11</span>.</p>\r\n<p class="gatha1"> </p>','\r',char(13)),'\n',char(10)),'-11-');
INSERT INTO pages (bookid, page, content, paranum) VALUES('annya_niti_gantha_sangaho_e1009n',51,replace(replace('<p class="gatha1">Sussusā <a name="M0.0051"></a> suta-buddhinī,</p>\r\n<p class="gatha2">Sutaṃ paññāya vaḍḍhanaṃ;</p>\r\n<p class="gatha3">Paññāya atthaṃ jānāti,</p>\r\n<p class="gathalast">Ñāto attho sukhāvaho.</p>\r\n<p class="hangnum"><a name="para12"></a><span class="paranum">12</span>.</p>\r\n<p class="gatha1"> </p>','\r',char(13)),'\n',char(10)),'-12-');
INSERT INTO pages (bookid, page, content, paranum) VALUES('annya_niti_gantha_sangaho_e1009n',52,replace(replace('<p class="gatha1">Satataṃjjhāyanaṃ <a name="M0.0052"></a> vāda,</p>\r\n<p class="gatha2">Para-tantavalokanaṃ;</p>\r\n<p class="gatha3">Sabbijjācera-sevāca,</p>\r\n<p class="gathalast">Buddhi-mati-karo guṇo.</p>\r\n<p class="hangnum"><a name="para13"></a><span class="paranum">13</span>.</p>\r\n<p class="gatha1"> </p>','\r',char(13)),'\n',char(10)),'-13-');
INSERT INTO pages (bookid, page, content, paranum) VALUES('annya_niti_gantha_sangaho_e1009n',53,replace(replace('<p class="gatha1">Ati-dīghova <a name="M0.0053"></a> nīgho hi,</p>\r\n<p class="gatha2">Kusīto hīna-vīriyo;</p>\r\n<p class="gatha3">Tasmā vīriyaṃ katvāna,</p>\r\n<p class="gathalast">Vijjaṃ esantu sādhavo.</p>\r\n<p class="hangnum"><a name="para14"></a><span class="paranum">14</span>.</p>\r\n<p class="gatha1"> </p>','\r',char(13)),'\n',char(10)),'-14-');
INSERT INTO pages (bookid, page, content, paranum) VALUES('annya_niti_gantha_sangaho_e1009n',55,replace(replace('<p class="gatha1">Suporiso <a name="M0.0055"></a> tāva sippaṃ,</p>\r\n<p class="gatha2">Uggaṇheyya paraṃ dhanaṃ;</p>\r\n<p class="gatha3">Gaveseyya tato mantaṃ,</p>\r\n<p class="gathalast">Katheyya sacca-bhāsitaṃ.</p>\r\n<p class="hangnum"><a name="para15"></a><span class="paranum">15</span>.</p>\r\n<p class="gatha1"> </p>','\r',char(13)),'\n',char(10)),'-15-');
INSERT INTO pages (bookid, page, content, paranum) VALUES('annya_niti_gantha_sangaho_e1009n',56,replace(replace('<p class="gatha1">Pathamaṃ <a name="M0.0056"></a> na parājaye sippaṃ,</p>\r\n<p class="gatha2">Dutīyaṃ na parājaye dhanaṃ;</p>\r\n<p class="gatha3">Tatīyaṃ na parājaye dhanaṃ,</p>\r\n<p class="gathalast">Catutthamatthaṃ kiṃ karissati.</p>\r\n<p class="hangnum"><a name="para16"></a><span class="paranum">16</span>.</p>\r\n<p class="gatha1"> </p>','\r',char(13)),'\n',char(10)),'-16-');
INSERT INTO pages (bookid, page, content, paranum) VALUES('annya_niti_gantha_sangaho_e1009n',58,replace(replace('<p class="gatha1">Sobhanti <a name="M0.0058"></a> a-milātāni,</p>\r\n<p class="gatha2">Pupphāniva pilandhituṃ;</p>\r\n<p class="gatha3">Tathā sobhanti dārakā,</p>\r\n<p class="gathalast">Yobbaneyeva sikkhituṃ.</p>\r\n<p class="hangnum"><a name="para17"></a><span class="paranum">17</span>.</p>\r\n<p class="gatha1"> </p>','\r',char(13)),'\n',char(10)),'-17-');
INSERT INTO pages (bookid, page, content, paranum) VALUES('annya_niti_gantha_sangaho_e1009n',59,replace(replace('<p class="gatha1">Tasmā <a name="M0.0059"></a> have guṇādhāraṃ,</p>\r\n<p class="gatha2">Paññā-vaḍḍhanamuttamaṃ;</p>\r\n<p class="gatha3">Sikkheyya matimā poso,</p>\r\n<p class="gathalast">Patthento hitamattano.</p>\r\n<p class="hangnum"><a name="para18"></a><span class="paranum">18</span>.</p>\r\n<p class="gatha1"> </p>','\r',char(13)),'\n',char(10)),'-18-');
INSERT INTO pages (bookid, page, content, paranum) VALUES('annya_niti_gantha_sangaho_e1009n',60,replace(replace('<p class="gatha1">Alaṃ <a name="M0.0060"></a> vāyamituṃ sippe,</p>\r\n<p class="gatha2">Attha-kāmena jantunā;</p>\r\n<p class="gatha3">Kataṃ vijaññā vijjādi,</p>\r\n<p class="gathalast">Vayo te mā upajjhagā.</p>\r\n<p class="hangnum"><a name="para19"></a><span class="paranum">19</span>.</p>\r\n<p class="gatha1"> </p>','\r',char(13)),'\n',char(10)),'-19-');
INSERT INTO pages (bookid, page, content, paranum) VALUES('annya_niti_gantha_sangaho_e1009n',62,replace(replace('<p class="gatha1">Vijjaṃ <a name="M0.0062"></a> sikkhe, care sīlaṃ,</p>\r\n<p class="gatha2">Dhīrena saha saṃvase;</p>\r\n<p class="gatha3">Dhanācaye, kare kammaṃ,</p>\r\n<p class="gathalast">Piyaṃ vācañca saṃvade.</p>\r\n<p class="hangnum"><a name="para20"></a><span class="paranum">20</span>.</p>\r\n<p class="gatha1"> </p>','\r',char(13)),'\n',char(10)),'-20-');
INSERT INTO pages (bookid, page, content, paranum) VALUES('annya_niti_gantha_sangaho_e1009n',64,replace(replace('<p class="gatha1">Na <a name="M0.0064"></a> tveva supituṃ hoti,</p>\r\n<p class="gatha2">Ratti nakkhatta-mālinī;</p>\r\n<p class="gatha3">Paṭijaggitumevesā,</p>\r\n<p class="gathalast">Ratti hoti vijānataṃ.</p>\r\n<p class="hangnum"><a name="para21"></a><span class="paranum">21</span>.</p>\r\n<p class="gatha1"> </p>','\r',char(13)),'\n',char(10)),'-21-');
INSERT INTO pages (bookid, page, content, paranum) VALUES('annya_niti_gantha_sangaho_e1009n',65,replace(replace('<p class="gatha1">Uṭṭhāhatha <a name="M0.0065"></a> nisīdatha,</p>\r\n<p class="gatha2">Ko attho supitena vo;</p>\r\n<p class="gatha3">Sādhu kho sippa-vijjāhvā,</p>\r\n<p class="gathalast">Vijjaṃ sikkhatha santataṃ.</p>\r\n<p class="hangnum"><a name="para22"></a><span class="paranum">22</span>.</p>\r\n<p class="gatha1"> </p>','\r',char(13)),'\n',char(10)),'-22-');
INSERT INTO pages (bookid, page, content, paranum) VALUES('annya_niti_gantha_sangaho_e1009n',67,replace(replace('<p class="gatha1">Ārabbhatha <a name="M0.0067"></a> sadā puttā,</p>\r\n<p class="gatha2">Bahussutaṃ gavesituṃ;</p>\r\n<p class="gatha3">Yasmā loke sippavantā,</p>\r\n<p class="gathalast">Sabbā-disāsu pākaṭā.</p>\r\n<p class="hangnum"><a name="para23"></a><span class="paranum">23</span>.</p>\r\n<p class="gatha1"> </p>','\r',char(13)),'\n',char(10)),'-23-');
INSERT INTO pages (bookid, page, content, paranum) VALUES('annya_niti_gantha_sangaho_e1009n',68,replace(replace('<p class="gatha1">Sakyarūpaṃ <a name="M0.0068"></a> pure santaṃ,</p>\r\n<p class="gatha2">Mayā sippaṃ na sikkhitaṃ;</p>\r\n<p class="gatha3">Kicchā vutti a-sippassa,</p>\r\n<p class="gathalast">Iti pacchā nutappati.</p>\r\n<p class="hangnum"><a name="para24"></a><span class="paranum">24</span>.</p>\r\n<p class="gatha1"> </p>','\r',char(13)),'\n',char(10)),'-24-');
INSERT INTO pages (bookid, page, content, paranum) VALUES('annya_niti_gantha_sangaho_e1009n',75,replace(replace('<p class="gatha1">Lokatthaṃ <a name="M0.0075"></a> loka-kammantaṃ,</p>\r\n<p class="gatha2">Icchanto pariyesituṃ;</p>\r\n<p class="gatha3">Niccameva vīriyañca,</p>\r\n<p class="gathalast">Atthaṃ mantañja cintaye.</p>\r\n<p class="hangnum"><a name="para25"></a><span class="paranum">25</span>.</p>\r\n<p class="gatha1"> </p>','\r',char(13)),'\n',char(10)),'-25-');
INSERT INTO pages (bookid, page, content, paranum) VALUES('annya_niti_gantha_sangaho_e1009n',76,replace(replace('<p class="gatha1">Dhanavā <a name="M0.0076"></a> guṇavā loke,</p>\r\n<p class="gatha2">Sabbā-disāya pākaṭo;</p>\r\n<p class="gatha3">Sīlavā paññavā macco,</p>\r\n<p class="gathalast">Sabba-lokehi pūjito.</p>\r\n<p class="hangnum"><a name="para26"></a><span class="paranum">26</span>.</p>\r\n<p class="gatha1"> </p>','\r',char(13)),'\n',char(10)),'-26-');
INSERT INTO pages (bookid, page, content, paranum) VALUES('annya_niti_gantha_sangaho_e1009n',77,replace(replace('<p class="gatha1">Sajīvati <a name="M0.0077"></a> yaso yassa,</p>\r\n<p class="gatha2">Kitti yassa sajīvati;</p>\r\n<p class="gatha3">Yasa-kitti vihīnassa,</p>\r\n<p class="gathalast">Jīvantopi matopamā.</p>\r\n<p class="hangnum"><a name="para27"></a><span class="paranum">27</span>.</p>\r\n<p class="gatha1"> </p>','\r',char(13)),'\n',char(10)),'-27-');
INSERT INTO pages (bookid, page, content, paranum) VALUES('annya_niti_gantha_sangaho_e1009n',79,replace(replace('<p class="gatha1">Saddhīdha <a name="M0.0079"></a> vittaṃ purisassa seṭṭhaṃ,</p>\r\n<p class="gatha2">Dhammo suciṇṇo sukhamāvahāti;</p>\r\n<p class="gatha3">Saccaṃ have sādutaraṃ rasānaṃ,</p>\r\n<p class="gathalast">Paññājīviṃ jīvitamāhu seṭṭhanti.</p>\r\n<p class="hangnum"><a name="para28"></a><span class="paranum">28</span>.</p>\r\n<p class="gatha1"> </p>','\r',char(13)),'\n',char(10)),'-28-');
INSERT INTO pages (bookid, page, content, paranum) VALUES('annya_niti_gantha_sangaho_e1009n',81,replace(replace('<p class="gatha1">Satimato <a name="M0.0081"></a> sadā bhaddaṃ,</p>\r\n<p class="gatha2">Satimā sukhamedhati;</p>\r\n<p class="gatha3">Satimato suve seyyo,</p>\r\n<p class="gathalast">Verā ca parimuccati.</p>\r\n<p class="hangnum"><a name="para29"></a><span class="paranum">29</span>.</p>\r\n<p class="gatha1"> </p>','\r',char(13)),'\n',char(10)),'-29-');
INSERT INTO pages (bookid, page, content, paranum) VALUES('annya_niti_gantha_sangaho_e1009n',83,replace(replace('<p class="gatha1">Mā <a name="M0.0083"></a> vo khaṇaṃ virādhetha,</p>\r\n<p class="gatha2">Khaṇātītā hi socare;</p>\r\n<p class="gatha3">Sadatthe vāyameyyātha,</p>\r\n<p class="gathalast">Khaṇo vo paṭipādito.</p>\r\n<p class="hangnum"><a name="para30"></a><span class="paranum">30</span>.</p>\r\n<p class="gatha1"> </p>','\r',char(13)),'\n',char(10)),'-30-');
INSERT INTO pages (bookid, page, content, paranum) VALUES('annya_niti_gantha_sangaho_e1009n',84,replace(replace('<p class="gatha1">Yathicchitaṃ <a name="M0.0084"></a> na pappoti,</p>\r\n<p class="gatha2">A-phiyo nāvikoṇṇave;</p>\r\n<p class="gatha3">Tathevāvīriyopettha,</p>\r\n<p class="gathalast">Tasmārabheyya sāsanaṃ.</p>\r\n<p class="hangnum"><a name="para31"></a><span class="paranum">31</span>.</p>\r\n<p class="gatha1"> </p>','\r',char(13)),'\n',char(10)),'-31-');
INSERT INTO pages (bookid, page, content, paranum) VALUES('annya_niti_gantha_sangaho_e1009n',87,replace(replace('<p class="gatha1">Vāyametheva <a name="M0.0087"></a> puriso,</p>\r\n<p class="gatha2">Yāva atthassa nipphadā;</p>\r\n<p class="gatha3">Nipphannasobhaṇo attho,</p>\r\n<p class="gathalast">Khantā bhiyyo na vijjati.</p>\r\n<p class="hangnum"><a name="para32"></a><span class="paranum">32</span>.</p>\r\n<p class="gatha1"> </p>','\r',char(13)),'\n',char(10)),'-32-');
INSERT INTO pages (bookid, page, content, paranum) VALUES('annya_niti_gantha_sangaho_e1009n',88,replace(replace('<p class="gatha1">Sameva <a name="M0.0088"></a> ñāṇa-vāyāme,</p>\r\n<p class="gatha2">Sukhāvaho su-maṅgalo;</p>\r\n<p class="gatha3">Ñunedhike tathā no hi,</p>\r\n<p class="gathalast">Dvayena sādhu sampadā.</p>\r\n<p class="hangnum"><a name="para33"></a><span class="paranum">33</span>.</p>\r\n<p class="gatha1"> </p>','\r',char(13)),'\n',char(10)),'-33-');
INSERT INTO pages (bookid, page, content, paranum) VALUES('annya_niti_gantha_sangaho_e1009n',90,replace(replace('<p class="gatha1">Kāya-kammāni <a name="M0.0090"></a> sijjhanti,</p>\r\n<p class="gatha2">Vacī-kammāni vīriyaṃ;</p>\r\n<p class="gatha3">Na hi kiccāni cintāhi,</p>\r\n<p class="gathalast">Kareyyāthīdha vāyamaṃ.</p>\r\n<p class="hangnum"><a name="para34"></a><span class="paranum">34</span>.</p>\r\n<p class="gatha1"> </p>','\r',char(13)),'\n',char(10)),'-34-');
INSERT INTO pages (bookid, page, content, paranum) VALUES('annya_niti_gantha_sangaho_e1009n',91,replace(replace('<p class="gatha1">Paṭikacceva <a name="M0.0091"></a> kareyya,</p>\r\n<p class="gatha2">Taṃ jaññā hitamattano;</p>\r\n<p class="gatha3">Na sākaṭikacintāya,</p>\r\n<p class="gathalast">Mandā dhīro parakkame.</p>\r\n<p class="hangnum"><a name="para35"></a><span class="paranum">35</span>.</p>\r\n<p class="gatha1"> </p>','\r',char(13)),'\n',char(10)),'-35-');
INSERT INTO pages (bookid, page, content, paranum) VALUES('annya_niti_gantha_sangaho_e1009n',95,replace(replace('<p class="gatha1">Thirena <a name="M0.0095"></a> saka-kammena,</p>\r\n<p class="gatha2">Vaḍḍhatiyeva saṃ phalaṃ;</p>\r\n<p class="gatha3">A-thirena alasena,</p>\r\n<p class="gathalast">Kara-kammaṃ phalañca no.</p>\r\n<p class="hangnum"><a name="para36"></a><span class="paranum">36</span>.</p>\r\n<p class="gatha1"> </p>','\r',char(13)),'\n',char(10)),'-36-');
INSERT INTO pages (bookid, page, content, paranum) VALUES('annya_niti_gantha_sangaho_e1009n',96,replace(replace('<p class="gatha1">Āsīsetheva <a name="M0.0096"></a> puriso,</p>\r\n<p class="gatha2">Na nibbindeyya paṇḍito;</p>\r\n<p class="gatha3">Passāmi vohaṃ attānaṃ,</p>\r\n<p class="gathalast">Yathā icchiṃ tathā ahu.</p>\r\n<p class="hangnum"><a name="para37"></a><span class="paranum">37</span>.</p>\r\n<p class="gatha1"> </p>','\r',char(13)),'\n',char(10)),'-37-');
INSERT INTO pages (bookid, page, content, paranum) VALUES('annya_niti_gantha_sangaho_e1009n',98,replace(replace('<p class="gatha1">Aṇaṇo <a name="M0.0098"></a> ñātīnaṃ hoti,</p>\r\n<p class="gatha2">Devānaṃ pitunañca so;</p>\r\n<p class="gatha3">Karaṃ purisa-kiccāni,</p>\r\n<p class="gathalast">Na ca pacchānutappati.</p>\r\n<p class="hangnum"><a name="para38"></a><span class="paranum">38</span>.</p>\r\n<p class="gatha1"> </p>','\r',char(13)),'\n',char(10)),'-38-');
INSERT INTO pages (bookid, page, content, paranum) VALUES('annya_niti_gantha_sangaho_e1009n',99,replace(replace('<p class="gatha1">Hiyyoti <a name="M0.0099"></a> hiyyati poso,</p>\r\n<p class="gatha2">Karissāmi pareti yo;</p>\r\n<p class="gatha3">Ajja kattabba kammaṃ sve,</p>\r\n<p class="gathalast">So tato parihāyati.</p>\r\n<p class="hangnum"><a name="para39"></a><span class="paranum">39</span>.</p>\r\n<p class="gatha1"> </p>','\r',char(13)),'\n',char(10)),'-39-');
INSERT INTO pages (bookid, page, content, paranum) VALUES('annya_niti_gantha_sangaho_e1009n',101,replace(replace('<p class="gatha1">So <a name="M0.0101"></a> a-ppamatto a-kuddho,</p>\r\n<p class="gatha2">Tāta kiccāni kāraya;</p>\r\n<p class="gatha3">Vāyāmassu sa-kiccesu,</p>\r\n<p class="gathalast">Nālaso vindate sukhaṃ.</p>\r\n<p class="hangnum"><a name="para40"></a><span class="paranum">40</span>.</p>\r\n<p class="gatha1"> </p>','\r',char(13)),'\n',char(10)),'-40-');
INSERT INTO pages (bookid, page, content, paranum) VALUES('annya_niti_gantha_sangaho_e1009n',102,replace(replace('<p class="gatha1">Hīna-jaccopi <a name="M0.0102"></a> ce hoti,</p>\r\n<p class="gatha2">Uṭṭhātā dhitimā naro;</p>\r\n<p class="gatha3">Ācāra-sīla-sampanno,</p>\r\n<p class="gathalast">Nise aggīva bhāsati.</p>\r\n<p class="hangnum"><a name="para41"></a><span class="paranum">41</span>.</p>\r\n<p class="gatha1"> </p>','\r',char(13)),'\n',char(10)),'-41-');
INSERT INTO pages (bookid, page, content, paranum) VALUES('annya_niti_gantha_sangaho_e1009n',104,replace(replace('<p class="gatha1">Yo <a name="M0.0104"></a> pubbe karaṇīyāni,</p>\r\n<p class="gatha2">Pacchā so kātumicchati;</p>\r\n<p class="gatha3">Varuṇakaṭṭhabhañjova,</p>\r\n<p class="gathalast">Sa pacchā anutappati.</p>\r\n<p class="hangnum"><a name="para42"></a><span class="paranum">42</span>.</p>\r\n<p class="gatha1"> </p>','\r',char(13)),'\n',char(10)),'-42-');
INSERT INTO pages (bookid, page, content, paranum) VALUES('annya_niti_gantha_sangaho_e1009n',105,replace(replace('<p class="gatha1">Uṭṭhānakālamhi <a name="M0.0105"></a> anuṭṭhahāno,</p>\r\n<p class="gatha2">Yuvā balī ālasiyaṃ upeto;</p>\r\n<p class="gatha3">A-puṇṇasaṅkappamano kusīto,</p>\r\n<p class="gathalast">Paññāya maggaṃ alaso na vindati.</p>\r\n<p class="hangnum"><a name="para43"></a><span class="paranum">43</span>.</p>\r\n<p class="gatha1"> </p>','\r',char(13)),'\n',char(10)),'-43-');
INSERT INTO pages (bookid, page, content, paranum) VALUES('annya_niti_gantha_sangaho_e1009n',107,replace(replace('<p class="gatha1">Dummedho <a name="M0.0107"></a> puriso loke,</p>\r\n<p class="gatha2">Kusīto hīna-vīriyo;</p>\r\n<p class="gatha3">Appassuto anācāro,</p>\r\n<p class="gathalast">Parihāyati vuḍḍhiyā.</p>\r\n<p class="hangnum"><a name="para44"></a><span class="paranum">44</span>.</p>\r\n<p class="gatha1"> </p>','\r',char(13)),'\n',char(10)),'-44-');
INSERT INTO pages (bookid, page, content, paranum) VALUES('annya_niti_gantha_sangaho_e1009n',108,replace(replace('<p class="gatha1">Appassutāyaṃ <a name="M0.0108"></a> puriso,</p>\r\n<p class="gatha2">Balībaddova jīrati;</p>\r\n<p class="gatha3">Maṃsāni tassa vaḍḍhanti,</p>\r\n<p class="gathalast">Paññā tassa na vaḍḍhati.</p>\r\n<p class="hangnum"><a name="para45"></a><span class="paranum">45</span>.</p>\r\n<p class="gatha1"> </p>','\r',char(13)),'\n',char(10)),'-45-');
INSERT INTO pages (bookid, page, content, paranum) VALUES('annya_niti_gantha_sangaho_e1009n',109,replace(replace('<p class="gatha1">Yassa <a name="M0.0109"></a> manussa-bhūtassa,</p>\r\n<p class="gatha2">Natthi bhogā ca sippakaṃ;</p>\r\n<p class="gatha3">Kiṃphalaṃ tassa mānussaṃ,</p>\r\n<p class="gathalast">Dvipādaṭṭho hi so migo.</p>\r\n<p class="hangnum"><a name="para46"></a><span class="paranum">46</span>.</p>\r\n<p class="gatha1"> </p>','\r',char(13)),'\n',char(10)),'-46-');
INSERT INTO pages (bookid, page, content, paranum) VALUES('annya_niti_gantha_sangaho_e1009n',111,replace(replace('<p class="gatha1">Yo <a name="M0.0111"></a> ca vassasataṃ jīve,</p>\r\n<p class="gatha2">Kusīto hīna-vīriyo;</p>\r\n<p class="gatha3">Ekāhaṃ jīvitaṃ seyyo,</p>\r\n<p class="gathalast">Vīriyārabbhato daḷaṃ.</p>\r\n<p class="hangnum"><a name="para47"></a><span class="paranum">47</span>.</p>\r\n<p class="gatha1"> </p>','\r',char(13)),'\n',char(10)),'-47-');
INSERT INTO pages (bookid, page, content, paranum) VALUES('annya_niti_gantha_sangaho_e1009n',112,replace(replace('<p class="gatha1">Yo <a name="M0.0112"></a> ca dhamma-vibhaṅgaññū,</p>\r\n<p class="gatha2">Kāluṭṭhāyī a-tandito;</p>\r\n<p class="gatha3">Anuṭṭhahati kālena,</p>\r\n<p class="gathalast">Phalaṃ tassa samijjhati.</p>\r\n<p class="hangnum"><a name="para48"></a><span class="paranum">48</span>.</p>\r\n<p class="gatha1"> </p>','\r',char(13)),'\n',char(10)),'-48-');
INSERT INTO pages (bookid, page, content, paranum) VALUES('annya_niti_gantha_sangaho_e1009n',126,replace(replace('<p class="gatha1">A-caritvā <a name="M0.0126"></a> brahmacariyaṃ,</p>\r\n<p class="gatha2">A-laddhā yobbane dhanaṃ;</p>\r\n<p class="gatha3">Jiṇṇakoñcāva jhāyanti,</p>\r\n<p class="gathalast">Khīṇamaccheva pallale.</p>\r\n<p class="hangnum"><a name="para49"></a><span class="paranum">49</span>.</p>\r\n<p class="gatha1"> </p>','\r',char(13)),'\n',char(10)),'-49-');
INSERT INTO pages (bookid, page, content, paranum) VALUES('annya_niti_gantha_sangaho_e1009n',127,replace(replace('<p class="gatha1">A-caritvā <a name="M0.0127"></a> brahmacariyaṃ,</p>\r\n<p class="gatha2">A-laddhā yobbane dhanaṃ;</p>\r\n<p class="gatha3">Sentti cāpātikhīṇāva,</p>\r\n<p class="gathalast">Purāṇāni anutthunaṃ.</p>\r\n<p class="hangnum"><a name="para50"></a><span class="paranum">50</span>.</p>\r\n<p class="gatha1"> </p>','\r',char(13)),'\n',char(10)),'-50-');
INSERT INTO pages (bookid, page, content, paranum) VALUES('annya_niti_gantha_sangaho_e1009n',132,replace(replace('<p class="gatha1">Appakenāpi <a name="M0.0132"></a> medhāvī,</p>\r\n<p class="gatha2">Pābhatena vicakkhaṇo;</p>\r\n<p class="gatha3">Samuṭṭhāpeti attānaṃ,</p>\r\n<p class="gathalast">Aṇuṃ aggiṃva sandhamaṃ.</p>\r\n<p class="hangnum"><a name="para51"></a><span class="paranum">51</span>.</p>\r\n<p class="gatha1"> </p>','\r',char(13)),'\n',char(10)),'-51-');
INSERT INTO pages (bookid, page, content, paranum) VALUES('annya_niti_gantha_sangaho_e1009n',138,replace(replace('<p class="gatha1">Vāyāmetheva <a name="M0.0138"></a> puriso,</p>\r\n<p class="gatha2">Na nibbindeyya paṇḍito;</p>\r\n<p class="gatha3">Vāyāmassa phalaṃ passa,</p>\r\n<p class="gathalast">Bhuttā ambā anītihaṃ.</p>\r\n<p class="hangnum"><a name="para52"></a><span class="paranum">52</span>.</p>\r\n<p class="gatha1"> </p>','\r',char(13)),'\n',char(10)),'-52-');
INSERT INTO pages (bookid, page, content, paranum) VALUES('annya_niti_gantha_sangaho_e1009n',140,replace(replace('<p class="gatha1">Anuṭṭhahaṃ <a name="M0.0140"></a> a-vāyāmaṃ,</p>\r\n<p class="gatha2">Sukhaṃ yatrādhi gacchati;</p>\r\n<p class="gatha3">Suvira tattha gacchāhi,</p>\r\n<p class="gathalast">Mañca tattheva pāpaya.</p>\r\n<p class="hangnum"><a name="para53"></a><span class="paranum">53</span>.</p>\r\n<p class="gatha1"> </p>','\r',char(13)),'\n',char(10)),'-53-');
INSERT INTO pages (bookid, page, content, paranum) VALUES('annya_niti_gantha_sangaho_e1009n',142,replace(replace('<p class="gatha1">Yatthālaso <a name="M0.0142"></a> anuṭṭhātā,</p>\r\n<p class="gatha2">Accantaṃ sukhamedhati;</p>\r\n<p class="gatha3">Suvira tattha gacchāhi,</p>\r\n<p class="gathalast">Mañca ttattheva pāpaya.</p>\r\n<p class="hangnum"><a name="para54"></a><span class="paranum">54</span>.</p>\r\n<p class="gatha1"> </p>','\r',char(13)),'\n',char(10)),'-54-');
INSERT INTO pages (bookid, page, content, paranum) VALUES('annya_niti_gantha_sangaho_e1009n',143,replace(replace('<p class="gatha1">Adhippāya-phalaṃ <a name="M0.0143"></a> loke,</p>\r\n<p class="gatha2">Dhītimanttassa sijjhati;</p>\r\n<p class="gatha3">Vīriyameva kattabbaṃ,</p>\r\n<p class="gathalast">Etaṃ buddhehi vaṇṇitaṃ.</p>\r\n<p class="chapter">Paññā-niddesa</p>\r\n<p class="hangnum"><a name="para55"></a><span class="paranum">55</span>.</p>\r\n<p class="gatha1"> </p>','\r',char(13)),'\n',char(10)),'-55-');
INSERT INTO pages (bookid, page, content, paranum) VALUES('annya_niti_gantha_sangaho_e1009n',144,replace(replace('<p class="gatha1">Paññaṃ <a name="M0.0144"></a> pathamamesehi,</p>\r\n<p class="gatha2">Paññā-balaṃ bahuttamaṃ;</p>\r\n<p class="gatha3">Kula-putta balaṃ paññā,</p>\r\n<p class="gathalast">Kiṃhināma na sādhyati.</p>\r\n<p class="hangnum"><a name="para56"></a><span class="paranum">56</span>.</p>\r\n<p class="gatha1"> </p>','\r',char(13)),'\n',char(10)),'-56-');
INSERT INTO pages (bookid, page, content, paranum) VALUES('annya_niti_gantha_sangaho_e1009n',146,replace(replace('<p class="gatha1">Aneka-saṃsayucchedi<a name="M0.0146"></a>,</p>\r\n<p class="gatha2">Parokkhatthassa dassakaṃ;</p>\r\n<p class="gatha3">Sabbassa locanaṃ satthaṃ,</p>\r\n<p class="gathalast">Yassa natthyandhameva so.</p>\r\n<p class="hangnum"><a name="para57"></a><span class="paranum">57</span>.</p>\r\n<p class="gatha1"> </p>','\r',char(13)),'\n',char(10)),'-57-');
INSERT INTO pages (bookid, page, content, paranum) VALUES('annya_niti_gantha_sangaho_e1009n',148,replace(replace('<p class="gatha1">Paññā <a name="M0.0148"></a> sutaṃ vinicchindi,</p>\r\n<p class="gatha2">Kitti-siloka-vaḍḍhanī;</p>\r\n<p class="gatha3">Paññāsahito naro idha,</p>\r\n<p class="gathalast">Api sukhānivindati.</p>\r\n<p class="hangnum"><a name="para58"></a><span class="paranum">58</span>.</p>\r\n<p class="gatha1"> </p>','\r',char(13)),'\n',char(10)),'-58-');
INSERT INTO pages (bookid, page, content, paranum) VALUES('annya_niti_gantha_sangaho_e1009n',149,replace(replace('<p class="gatha1">Sabbaññubuddha-pacceka<a name="M0.0149"></a>,</p>\r\n<p class="gatha2">Catusacca-sutā iti;</p>\r\n<p class="gatha3">Catu-buddhesu ekova,</p>\r\n<p class="gathalast">Bahussuto naro bhave.</p>\r\n<p class="hangnum"><a name="para59"></a><span class="paranum">59</span>.</p>\r\n<p class="gatha1"> </p>','\r',char(13)),'\n',char(10)),'-59-');
INSERT INTO pages (bookid, page, content, paranum) VALUES('annya_niti_gantha_sangaho_e1009n',150,replace(replace('<p class="gatha1">Lekhacheko <a name="M0.0150"></a> vācacheko,</p>\r\n<p class="gatha2">Ganthacheko suvācako;</p>\r\n<p class="gatha3">Vidhāyakacheko sūro,</p>\r\n<p class="gathalast">Niddukkhova sakammani.</p>\r\n<p class="hangnum"><a name="para60"></a><span class="paranum">60</span>.</p>\r\n<p class="gatha1"> </p>','\r',char(13)),'\n',char(10)),'-60-');
INSERT INTO pages (bookid, page, content, paranum) VALUES('annya_niti_gantha_sangaho_e1009n',152,replace(replace('<p class="gatha1">Paññā <a name="M0.0152"></a> hi seṭṭhā kusalā vadanti,</p>\r\n<p class="gatha2">Nakkhatta-rājāriva tārakānaṃ;</p>\r\n<p class="gatha3">Sīlaṃ sirīcāpi satañca dhammo,</p>\r\n<p class="gathalast">Anvāyikā paññāvato bhavanti.</p>\r\n<p class="hangnum"><a name="para61"></a><span class="paranum">61</span>.</p>\r\n<p class="gatha1"> </p>','\r',char(13)),'\n',char(10)),'-61-');
INSERT INTO pages (bookid, page, content, paranum) VALUES('annya_niti_gantha_sangaho_e1009n',154,replace(replace('<p class="gatha1">Sevetha <a name="M0.0154"></a> buddhe nipuṇe bahussutte,</p>\r\n<p class="gatha2">Uggāhako ca paripucchako;</p>\r\n<p class="gatha3">Suṇeyya sakkaccaṃ subhāsitāni,</p>\r\n<p class="gathalast">Evaṃ karo paññavā hoti macco.</p>\r\n<p class="hangnum"><a name="para62"></a><span class="paranum">62</span>.</p>\r\n<p class="gatha1"> </p>','\r',char(13)),'\n',char(10)),'-62-');
INSERT INTO pages (bookid, page, content, paranum) VALUES('annya_niti_gantha_sangaho_e1009n',156,replace(replace('<p class="gatha1">Vayena <a name="M0.0156"></a> yasa-pucchāhi,</p>\r\n<p class="gatha2">Tiṭṭha-vāsena yoniso;</p>\r\n<p class="gatha3">Sākacchā snehasaṃsevā,</p>\r\n<p class="gathalast">Patirūpa-vāsenaca.</p>\r\n<p class="hangnum"><a name="para63"></a><span class="paranum">63</span>.</p>\r\n<p class="gatha1"> Etāni aṭṭhaṭhānāni,</p>\r\n<p class="gatha2">Buddhi-visada-kāraṇā;</p>\r\n<p class="gatha3">Yesaṃ etāni sambhonti,</p>\r\n<p class="gathalast">Tesaṃ buddhi pabhijjati.</p>','\r',char(13)),'\n',char(10)),'-63-');
INSERT INTO pages (bookid, page, content, paranum) VALUES('annya_niti_gantha_sangaho_e1009n',158,replace(replace('<p class="bodytext"><a name="para64"></a><span class="paranum">64</span>. Cattārome <a name="M0.0158"></a> bhikkhave dhammā paññāvuddhiyā saṃvattanti. Katame cattāro. Sappurisasaṃsevo saddhammasavanaṃ yoniso manasikāro dhammānudhamma-paṭipatti. Ime kho bhikkhave cattāro dhammā paññā-vuddhiyā saṃvattantītti.</p>\r\n<p class="hangnum"><a name="para65"></a><span class="paranum">65</span>.</p>\r\n<p class="gatha1"> </p>','\r',char(13)),'\n',char(10)),'-64-65-');
INSERT INTO pages (bookid, page, content, paranum) VALUES('annya_niti_gantha_sangaho_e1009n',160,replace(replace('<p class="gatha1">Cakkhupasāda-sampanno<a name="M0.0160"></a>,</p>\r\n<p class="gatha2">Acchimantañca passati;</p>\r\n<p class="gatha3">Andhaṃ kāṇaṃ su-passantaṃ,</p>\r\n<p class="gathalast">Andho sabbaṃ na passati.</p>\r\n<p class="hangnum"><a name="para66"></a><span class="paranum">66</span>.</p>\r\n<p class="gatha1"> </p>','\r',char(13)),'\n',char(10)),'-66-');
INSERT INTO pages (bookid, page, content, paranum) VALUES('annya_niti_gantha_sangaho_e1009n',161,replace(replace('<p class="gatha1">Passatti <a name="M0.0161"></a> passo passantaṃ,</p>\r\n<p class="gatha2">A-passantañca passati;</p>\r\n<p class="gatha3">A-passanto a-passantaṃ,</p>\r\n<p class="gathalast">Passantañca na passati.</p>\r\n<p class="hangnum"><a name="para67"></a><span class="paranum">67</span>.</p>\r\n<p class="gatha1"> </p>','\r',char(13)),'\n',char(10)),'-67-');
INSERT INTO pages (bookid, page, content, paranum) VALUES('annya_niti_gantha_sangaho_e1009n',162,replace(replace('<p class="gatha1">Pākaṭaṃ <a name="M0.0162"></a> a-paṭicchannaṃ,</p>\r\n<p class="gatha2">Rūpaṃ pasāda-cakkhunā;</p>\r\n<p class="gatha3">Nāññaṃ passatti sabbaṃpi,</p>\r\n<p class="gathalast">Tathato ñāṇa-cakkhunā.</p>\r\n<p class="hangnum"><a name="para68"></a><span class="paranum">68</span>.</p>\r\n<p class="gatha1"> </p>','\r',char(13)),'\n',char(10)),'-68-');
INSERT INTO pages (bookid, page, content, paranum) VALUES('annya_niti_gantha_sangaho_e1009n',164,replace(replace('<p class="gatha1">Sujanāsujanā <a name="M0.0164"></a> sabbe,</p>\r\n<p class="gatha2">Guṇenāpi vivekino;</p>\r\n<p class="gatha3">Vivekaṃ na samāyanti,</p>\r\n<p class="gathalast">A-vivekījanantike.</p>\r\n<p class="hangnum"><a name="para69"></a><span class="paranum">69</span>.</p>\r\n<p class="gatha1"> </p>','\r',char(13)),'\n',char(10)),'-69-');
INSERT INTO pages (bookid, page, content, paranum) VALUES('annya_niti_gantha_sangaho_e1009n',165,replace(replace('<p class="gatha1">Yo <a name="M0.0165"></a> ca uppatitaṃ atthaṃ,</p>\r\n<p class="gatha2">Na khippamanubujjhati;</p>\r\n<p class="gatha3">A-mittavasamanveti,</p>\r\n<p class="gathalast">Pacchā ca anutappati.</p>\r\n<p class="hangnum"><a name="para70"></a><span class="paranum">70</span>.</p>\r\n<p class="gatha1"> </p>','\r',char(13)),'\n',char(10)),'-70-');
INSERT INTO pages (bookid, page, content, paranum) VALUES('annya_niti_gantha_sangaho_e1009n',166,replace(replace('<p class="gatha1">Evaṃ <a name="M0.0166"></a> mahiddhikā paññā,</p>\r\n<p class="gatha2">Nipuṇā sādhucintinī;</p>\r\n<p class="gatha3">Diṭṭhadhamma-hitatthāya,</p>\r\n<p class="gathalast">Samparāya-sukhāya vā.</p>\r\n<p class="hangnum"><a name="para71"></a><span class="paranum">71</span>.</p>\r\n<p class="gatha1"> </p>','\r',char(13)),'\n',char(10)),'-71-');
INSERT INTO pages (bookid, page, content, paranum) VALUES('annya_niti_gantha_sangaho_e1009n',168,replace(replace('<p class="gatha1">Taṃ <a name="M0.0168"></a> balānaṃ balaṃ seṭṭha,</p>\r\n<p class="gatha2">Agga paññābalaṃ balaṃ;</p>\r\n<p class="gatha3">Paññābalenupatthaddho,</p>\r\n<p class="gathalast">Etthaṃ vindati paṇḍitto.</p>\r\n<p class="hangnum"><a name="para72"></a><span class="paranum">72</span>.</p>\r\n<p class="gatha1"> </p>','\r',char(13)),'\n',char(10)),'-72-');
INSERT INTO pages (bookid, page, content, paranum) VALUES('annya_niti_gantha_sangaho_e1009n',170,replace(replace('<p class="gatha1">Yena <a name="M0.0170"></a> ñāṇena bujjhanti,</p>\r\n<p class="gatha2">Ariyā kata-kiccataṃ;</p>\r\n<p class="gatha3">Taṃ ñāṇa-ratanaṃ laddhaṃ,</p>\r\n<p class="gathalast">Vāyāmetha jinorasā.</p>\r\n<p class="hangnum"><a name="para73"></a><span class="paranum">73</span>.</p>\r\n<p class="gatha1"> </p>','\r',char(13)),'\n',char(10)),'-73-');
INSERT INTO pages (bookid, page, content, paranum) VALUES('annya_niti_gantha_sangaho_e1009n',171,replace(replace('<p class="gatha1">Paññāratanamālassa<a name="M0.0171"></a>,</p>\r\n<p class="gatha2">Na ciraṃ vattate bhavo;</p>\r\n<p class="gatha3">Khippaṃ dasseti amataṃ,</p>\r\n<p class="gathalast">Na ca so rocate bhave.</p>\r\n<p class="hangnum"><a name="para74"></a><span class="paranum">74</span>.</p>\r\n<p class="gatha1"> </p>','\r',char(13)),'\n',char(10)),'-74-');
INSERT INTO pages (bookid, page, content, paranum) VALUES('annya_niti_gantha_sangaho_e1009n',173,replace(replace('<p class="gatha1">Pamādamanuyuñjanti<a name="M0.0173"></a>,</p>\r\n<p class="gatha2">Bālā dummedhino janā;</p>\r\n<p class="gatha3">Appamādañca medhāvī,</p>\r\n<p class="gathalast">Dhanaṃ seṭṭhaṃva rakkhati.</p>\r\n<p class="hangnum"><a name="para75"></a><span class="paranum">75</span>.</p>\r\n<p class="gatha1"> </p>','\r',char(13)),'\n',char(10)),'-75-');
INSERT INTO pages (bookid, page, content, paranum) VALUES('annya_niti_gantha_sangaho_e1009n',174,replace(replace('<p class="gatha1">Dhana-puñña-dhī-lābhena<a name="M0.0174"></a>,</p>\r\n<p class="gatha2">Kālaṃ khiyyati paṇḍito;</p>\r\n<p class="gatha3">Kīḷanena ca dummedho,</p>\r\n<p class="gathalast">Niddāya kalahena vā.</p>\r\n<p class="hangnum"><a name="para76"></a><span class="paranum">76</span>.</p>\r\n<p class="gatha1"> </p>','\r',char(13)),'\n',char(10)),'-76-');
INSERT INTO pages (bookid, page, content, paranum) VALUES('annya_niti_gantha_sangaho_e1009n',176,replace(replace('<p class="gatha1">Pamādaṃ <a name="M0.0176"></a> appamādena,</p>\r\n<p class="gatha2">Yadā nūdati paṇḍito;</p>\r\n<p class="gatha3">Paññāpāsāda-māruyha,</p>\r\n<p class="gatha2">A-soko sokiniṃ pajaṃ,</p>\r\n<p class="gatha3">Pabbataṭṭhova bhūmaṭṭhe,</p>\r\n<p class="gathalast">Dhīro bāle avekkhati.</p>\r\n<p class="hangnum"><a name="para77"></a><span class="paranum">77</span>.</p>\r\n<p class="gatha1"> </p>','\r',char(13)),'\n',char(10)),'-77-');
INSERT INTO pages (bookid, page, content, paranum) VALUES('annya_niti_gantha_sangaho_e1009n',178,replace(replace('<p class="gatha1">Natti <a name="M0.0178"></a> attasamaṃ pemaṃ,</p>\r\n<p class="gatha2">Natthi dhaññasamaṃ dhanaṃ;</p>\r\n<p class="gatha3">Natthi paññāsamā ābhā,</p>\r\n<p class="gathalast">Vuṭṭhi ve paramā sarā.</p>\r\n<p class="hangnum"><a name="para78"></a><span class="paranum">78</span>.</p>\r\n<p class="gatha1"> </p>','\r',char(13)),'\n',char(10)),'-78-');
INSERT INTO pages (bookid, page, content, paranum) VALUES('annya_niti_gantha_sangaho_e1009n',180,replace(replace('<p class="gatha1">Diṭṭhe <a name="M0.0180"></a> dhamme ca yo attho,</p>\r\n<p class="gatha2">Yo cattho samparāyiko;</p>\r\n<p class="gatha3">Atthābhisamayā dhīro,</p>\r\n<p class="gathalast">Paṇḍitoti pavuccati.</p>\r\n<p class="hangnum"><a name="para79"></a><span class="paranum">79</span>.</p>\r\n<p class="gatha1"> </p>','\r',char(13)),'\n',char(10)),'-79-');
INSERT INTO pages (bookid, page, content, paranum) VALUES('annya_niti_gantha_sangaho_e1009n',181,replace(replace('<p class="gatha1">Na <a name="M0.0181"></a> tena paṇḍito hoti,</p>\r\n<p class="gatha2">Yāvatā bahu bhāsati;</p>\r\n<p class="gatha3">Khemī a-verī a-bhayo,</p>\r\n<p class="gathalast">Paṇḍitotti pavuccati.</p>\r\n<p class="hangnum"><a name="para80"></a><span class="paranum">80</span>.</p>\r\n<p class="gatha1"> </p>','\r',char(13)),'\n',char(10)),'-80-');
INSERT INTO pages (bookid, page, content, paranum) VALUES('annya_niti_gantha_sangaho_e1009n',183,replace(replace('<p class="gatha1">Yamhi <a name="M0.0183"></a> saccañca dhammo ca,</p>\r\n<p class="gatha2">A-hiṃsā saṃyamo damo;</p>\r\n<p class="gatha3">Sa ve vantamalo dhīro,</p>\r\n<p class="gathalast">Thero iti pavuccatti.</p>\r\n<p class="hangnum"><a name="para81"></a><span class="paranum">81</span>.</p>\r\n<p class="gatha1"> </p>','\r',char(13)),'\n',char(10)),'-81-');
INSERT INTO pages (bookid, page, content, paranum) VALUES('annya_niti_gantha_sangaho_e1009n',185,replace(replace('<p class="gatha1">Saka-guṇaṃ <a name="M0.0185"></a> saka-dosaṃ,</p>\r\n<p class="gatha2">Yo jānāti sapaṇḍito;</p>\r\n<p class="gatha3">Para-guṇaṃ para-dosaṃ,</p>\r\n<p class="gathalast">Yo jānāti sapaṇḍito.</p>\r\n<p class="hangnum"><a name="para82"></a><span class="paranum">82</span>.</p>\r\n<p class="gatha1"> </p>','\r',char(13)),'\n',char(10)),'-82-');
INSERT INTO pages (bookid, page, content, paranum) VALUES('annya_niti_gantha_sangaho_e1009n',186,replace(replace('<p class="gatha1">Sati-vīriya-paññāya<a name="M0.0186"></a>,</p>\r\n<p class="gatha2">Yo karoti iriyāpathe;</p>\r\n<p class="gatha3">So paṇḍito have bhave,</p>\r\n<p class="gathalast">Ubhayattha-pariggaho.</p>\r\n<p class="hangnum"><a name="para83"></a><span class="paranum">83</span>.</p>\r\n<p class="gatha1"> </p>','\r',char(13)),'\n',char(10)),'-83-');
INSERT INTO pages (bookid, page, content, paranum) VALUES('annya_niti_gantha_sangaho_e1009n',187,replace(replace('<p class="gatha1">Kataññū <a name="M0.0187"></a> vijjā-sampanno,</p>\r\n<p class="gatha2">Jātimā dhanavā have;</p>\r\n<p class="gatha3">So vicāraṇa-sīlo ca,</p>\r\n<p class="gathalast">Niddukkho paṇḍito bhave.</p>','\r',char(13)),'\n',char(10)),'');
INSERT INTO pages (bookid, page, content, paranum) VALUES('annya_niti_gantha_sangaho_e1009n',189,replace(replace('<p class="gatha1">Sabbe <a name="M0.0189"></a> kammassakā sattā,</p>\r\n<p class="gathalast">Kammaṃ satte vibhajjati.</p>\r\n<p class="hangnum"><a name="para84"></a><span class="paranum">84</span>.</p>\r\n<p class="gatha1"> Yo passati paccakkhatthaṃ,</p>\r\n<p class="gatha2">Yo ca saṃsāratthaṃ tesu;</p>\r\n<p class="gatha3">Pacchimova pūjanīyo,</p>\r\n<p class="gathalast">Ubhayattha-sudiṭṭhattā.</p>\r\n<p class="hangnum"><a name="para85"></a><span class="paranum">85</span>.</p>\r\n<p class="gatha1"> </p>','\r',char(13)),'\n',char(10)),'-84-85-');
INSERT INTO pages (bookid, page, content, paranum) VALUES('annya_niti_gantha_sangaho_e1009n',191,replace(replace('<p class="gatha1">Appena <a name="M0.0191"></a> anavajjena,</p>\r\n<p class="gatha2">Santuṭṭho sulabhena ca;</p>\r\n<p class="gatha3">Mattaññū subharo hutvā,</p>\r\n<p class="gathalast">Careyya paṇḍito naro.</p>\r\n<p class="hangnum"><a name="para86"></a><span class="paranum">86</span>.</p>\r\n<p class="gatha1"> </p>','\r',char(13)),'\n',char(10)),'-86-');
INSERT INTO pages (bookid, page, content, paranum) VALUES('annya_niti_gantha_sangaho_e1009n',192,replace(replace('<p class="gatha1">Attānameva <a name="M0.0192"></a> pathamaṃ,</p>\r\n<p class="gatha2">Patirūpe nivesaye;</p>\r\n<p class="gatha3">Athaññamanusāseyya,</p>\r\n<p class="gathalast">Na kilisseyya paṇḍito.</p>\r\n<p class="hangnum"><a name="para87"></a><span class="paranum">87</span>.</p>\r\n<p class="gatha1"> </p>','\r',char(13)),'\n',char(10)),'-87-');
INSERT INTO pages (bookid, page, content, paranum) VALUES('annya_niti_gantha_sangaho_e1009n',193,replace(replace('<p class="gatha1">Uttama-parisāya <a name="M0.0193"></a> ve,</p>\r\n<p class="gatha2">Utttamaṃ vācamuttamo;</p>\r\n<p class="gatha3">Bhaṇeyyākhepa-vitthāraṃ,</p>\r\n<p class="gathalast">Sā anagghyā lokattaye.</p>\r\n<p class="hangnum"><a name="para88"></a><span class="paranum">88</span>.</p>\r\n<p class="gatha1"> </p>','\r',char(13)),'\n',char(10)),'-88-');
INSERT INTO pages (bookid, page, content, paranum) VALUES('annya_niti_gantha_sangaho_e1009n',194,replace(replace('<p class="gatha1">Paṇḍitassa <a name="M0.0194"></a> subhāsittaṃ,</p>\r\n<p class="gatha2">Paṇḍitova sujāniyā;</p>\r\n<p class="gatha3">Dummedho taṃ na jānāti,</p>\r\n<p class="gathalast">Dhīro dhīraṃ mamāyati.</p>\r\n<p class="hangnum"><a name="para89"></a><span class="paranum">89</span>.</p>\r\n<p class="gatha1"> </p>','\r',char(13)),'\n',char(10)),'-89-');
INSERT INTO pages (bookid, page, content, paranum) VALUES('annya_niti_gantha_sangaho_e1009n',196,replace(replace('<p class="gatha1">Yena <a name="M0.0196"></a> kenaci vaṇṇena,</p>\r\n<p class="gatha2">Paro labhati rūppanaṃ;</p>\r\n<p class="gatha3">Attho vācāya ce hoti,</p>\r\n<p class="gathalast">Taṃ na bhāseyya paṇḍito.</p>\r\n<p class="hangnum"><a name="para90"></a><span class="paranum">90</span>.</p>\r\n<p class="gatha1"> </p>','\r',char(13)),'\n',char(10)),'-90-');
INSERT INTO pages (bookid, page, content, paranum) VALUES('annya_niti_gantha_sangaho_e1009n',197,replace(replace('<p class="gatha1">Bhuñjanatthaṃ <a name="M0.0197"></a> kathanatthaṃ,</p>\r\n<p class="gatha2">Mukhaṃ hotītti no vade;</p>\r\n<p class="gatha3">Yaṃvā taṃvā mukhāruḷhaṃ,</p>\r\n<p class="gathalast">Vacanaṃ paṇḍito naro.</p>\r\n<p class="hangnum"><a name="para91"></a><span class="paranum">91</span>.</p>\r\n<p class="gatha1"> </p>','\r',char(13)),'\n',char(10)),'-91-');
INSERT INTO pages (bookid, page, content, paranum) VALUES('annya_niti_gantha_sangaho_e1009n',198,replace(replace('<p class="gatha1">Para-sattitto <a name="M0.0198"></a> sa-sattiṃ,</p>\r\n<p class="gatha2">Dujjāno hi naro mite;</p>\r\n<p class="gatha3">Ce jāne saka-sattiṃca,</p>\r\n<p class="gathalast">Kā kathā para-sattiyā.</p>\r\n<p class="hangnum"><a name="para92"></a><span class="paranum">92</span>.</p>\r\n<p class="gatha1"> </p>','\r',char(13)),'\n',char(10)),'-92-');
INSERT INTO pages (bookid, page, content, paranum) VALUES('annya_niti_gantha_sangaho_e1009n',199,replace(replace('<p class="gatha1">Katta-guṇaṃ <a name="M0.0199"></a> paresaṃ yo,</p>\r\n<p class="gatha2">Paṭikaroti paṇḍito;</p>\r\n<p class="gatha3">Jānāti so ācikkhati,</p>\r\n<p class="gathalast">Na bālo guṇa-māmako.</p>\r\n<p class="hangnum"><a name="para93"></a><span class="paranum">93</span>.</p>\r\n<p class="gatha1"> </p>','\r',char(13)),'\n',char(10)),'-93-');
INSERT INTO pages (bookid, page, content, paranum) VALUES('annya_niti_gantha_sangaho_e1009n',200,replace(replace('<p class="gatha1">Pabhūtaṃ <a name="M0.0200"></a> neva kātabbaṃ,</p>\r\n<p class="gatha2">Bhavissaṃ neva cintaye;</p>\r\n<p class="gatha3">Vattamānena kālena,</p>\r\n<p class="gathalast">Vicaranti vicakkhaṇā.</p>\r\n<p class="hangnum"><a name="para94"></a><span class="paranum">94</span>.</p>\r\n<p class="gatha1"> </p>','\r',char(13)),'\n',char(10)),'-94-');
INSERT INTO pages (bookid, page, content, paranum) VALUES('annya_niti_gantha_sangaho_e1009n',201,replace(replace('<p class="gatha1">Dhammesu <a name="M0.0201"></a> sati icchitā,</p>\r\n<p class="gatha2">Rasesu loṇamicchitaṃ;</p>\r\n<p class="gatha3">Rāja-kiccesu amaccaṃ,</p>\r\n<p class="gathalast">Sabba-ṭhānesu paṇḍitaṃ.</p>\r\n<p class="hangnum"><a name="para95"></a><span class="paranum">95</span>.</p>\r\n<p class="gatha1"> </p>','\r',char(13)),'\n',char(10)),'-95-');
INSERT INTO pages (bookid, page, content, paranum) VALUES('annya_niti_gantha_sangaho_e1009n',203,replace(replace('<p class="gatha1">Khattiyo <a name="M0.0203"></a> seṭṭho jane tasmiṃ,</p>\r\n<p class="gatha2">Ye gottapaṭisārino;</p>\r\n<p class="gatha3">Vijjā-caraṇa-sampanno,</p>\r\n<p class="gathalast">So seṭṭho deva-mānuse.</p>\r\n<p class="hangnum"><a name="para96"></a><span class="paranum">96</span>.</p>\r\n<p class="gatha1"> </p>','\r',char(13)),'\n',char(10)),'-96-');
INSERT INTO pages (bookid, page, content, paranum) VALUES('annya_niti_gantha_sangaho_e1009n',204,replace(replace('<p class="gatha1">Sambuddho <a name="M0.0204"></a> dvipadaṃ seṭṭho,</p>\r\n<p class="gatha2">Ājānīyo catuppadaṃ;</p>\r\n<p class="gatha3">Sussusā seṭṭhā bhariyānaṃ,</p>\r\n<p class="gathalast">Yo ca puttānamassavo.</p>\r\n<p class="hangnum"><a name="para97"></a><span class="paranum">97</span>.</p>\r\n<p class="gatha1"> </p>','\r',char(13)),'\n',char(10)),'-97-');
INSERT INTO pages (bookid, page, content, paranum) VALUES('annya_niti_gantha_sangaho_e1009n',207,replace(replace('<p class="gatha1">Sātthako <a name="M0.0207"></a> ca a-sammoho,</p>\r\n<p class="gatha2">Sappāyo gocaro tathā;</p>\r\n<p class="gatha3">Cattārimāni sikkheyyuṃ,</p>\r\n<p class="gathalast">Sampajaññābhivaḍḍhakā.</p>\r\n<p class="hangnum"><a name="para98"></a><span class="paranum">98</span>.</p>\r\n<p class="gatha1"> </p>','\r',char(13)),'\n',char(10)),'-98-');
INSERT INTO pages (bookid, page, content, paranum) VALUES('annya_niti_gantha_sangaho_e1009n',208,replace(replace('<p class="gatha1">Paññañca <a name="M0.0208"></a> kho a-sussusaṃ,</p>\r\n<p class="gatha2">Na koci adhigacchati;</p>\r\n<p class="gatha3">Bahussutaṃ anāgamma,</p>\r\n<p class="gathalast">Dhammaṭṭhaṃ a-vinibbhajaṃ.</p>\r\n<p class="hangnum"><a name="para99"></a><span class="paranum">99</span>.</p>\r\n<p class="gatha1"> </p>','\r',char(13)),'\n',char(10)),'-99-');
INSERT INTO pages (bookid, page, content, paranum) VALUES('annya_niti_gantha_sangaho_e1009n',210,replace(replace('<p class="gatha1">Adhippāyo <a name="M0.0210"></a> sudubbodho,</p>\r\n<p class="gatha2">Yasmā vijjati pāḷiyaṃ;</p>\r\n<p class="gatha3">Tasmā upaṭṭhahaṃ gaṇhe,</p>\r\n<p class="gathalast">Garuṃ garumataṃ vidū.</p>\r\n<p class="chapter">Cāritta-niddesa</p>\r\n<p class="hangnum"><a name="para100"></a><span class="paranum">100</span>.</p>\r\n<p class="gatha1"> </p>','\r',char(13)),'\n',char(10)),'-100-');
INSERT INTO pages (bookid, page, content, paranum) VALUES('annya_niti_gantha_sangaho_e1009n',213,replace(replace('<p class="gatha1">Attā <a name="M0.0213"></a> hi attano nātho,</p>\r\n<p class="gatha2">Ko hi nātho paro siyā;</p>\r\n<p class="gatha3">Attanā hi sudantena,</p>\r\n<p class="gathalast">Nāthaṃ labhati dullabhaṃ.</p>\r\n<p class="hangnum"><a name="para101"></a><span class="paranum">101</span>.</p>\r\n<p class="gatha1"> </p>','\r',char(13)),'\n',char(10)),'-101-');
INSERT INTO pages (bookid, page, content, paranum) VALUES('annya_niti_gantha_sangaho_e1009n',214,replace(replace('<p class="gatha1">Attānañce <a name="M0.0214"></a> piyaṃ jaññā,</p>\r\n<p class="gatha2">Rakkheyya naṃ surakkhitaṃ;</p>\r\n<p class="gatha3">Tiṇṇamaññataraṃ yāmaṃ,</p>\r\n<p class="gathalast">Paṭijaggeyya paṇḍito.</p>\r\n<p class="hangnum"><a name="para102"></a><span class="paranum">102</span>.</p>\r\n<p class="gatha1"> </p>','\r',char(13)),'\n',char(10)),'-102-');
INSERT INTO pages (bookid, page, content, paranum) VALUES('annya_niti_gantha_sangaho_e1009n',216,replace(replace('<p class="gatha1">Attanā <a name="M0.0216"></a> kurute lakkhiṃ,</p>\r\n<p class="gatha2">A-lakkhiṃ kurutettanā;</p>\r\n<p class="gatha3">Na hi lakkhiṃ a-lakkhiṃ vā,</p>\r\n<p class="gathalast">Añño aññassa kārako.</p>\r\n<p class="hangnum"><a name="para103"></a><span class="paranum">103</span>.</p>\r\n<p class="gatha1"> </p>','\r',char(13)),'\n',char(10)),'-103-');
INSERT INTO pages (bookid, page, content, paranum) VALUES('annya_niti_gantha_sangaho_e1009n',218,replace(replace('<p class="gatha1">Na <a name="M0.0218"></a> pīḷitā atta-dukkhena dhīrā,</p>\r\n<p class="gatha2">Sukhapphalaṃ kammaṃ pariccajanti;</p>\r\n<p class="gatha3">Sammohitāvāpi sukhena mattā,</p>\r\n<p class="gathalast">Na pāpa-kammañca samācaranti.</p>\r\n<p class="hangnum"><a name="para104"></a><span class="paranum">104</span>.</p>\r\n<p class="gatha1"> </p>','\r',char(13)),'\n',char(10)),'-104-');
INSERT INTO pages (bookid, page, content, paranum) VALUES('annya_niti_gantha_sangaho_e1009n',219,replace(replace('<p class="gatha1">Yo <a name="M0.0219"></a> neva nindaṃ nappasaṃsaṃ,</p>\r\n<p class="gatha2">Ādiyati garahaṃ nopi pūjaṃ;</p>\r\n<p class="gatha3">Sirīca lakkhīca apeti tamhā,</p>\r\n<p class="gathalast">Āpo suvuṭṭhīva yathā thalamhā.</p>\r\n<p class="hangnum"><a name="para105"></a><span class="paranum">105</span>.</p>\r\n<p class="gatha1"> </p>','\r',char(13)),'\n',char(10)),'-105-');
INSERT INTO pages (bookid, page, content, paranum) VALUES('annya_niti_gantha_sangaho_e1009n',221,replace(replace('<p class="gatha1">Sādhu <a name="M0.0221"></a> dhammaruci rājā,</p>\r\n<p class="gatha2">Sādhu paññāṇavā naro;</p>\r\n<p class="gatha3">Sādhu mittānama-ddubbho,</p>\r\n<p class="gathalast">Pāpassa a-karaṃ sukhaṃ.</p>\r\n<p class="hangnum"><a name="para106"></a><span class="paranum">106</span>.</p>\r\n<p class="gatha1"> </p>','\r',char(13)),'\n',char(10)),'-106-');
INSERT INTO pages (bookid, page, content, paranum) VALUES('annya_niti_gantha_sangaho_e1009n',222,replace(replace('<p class="gatha1">Kalyāṇakārī <a name="M0.0222"></a> kalyāṇaṃ,</p>\r\n<p class="gatha2">Pāpakārī ca pāpakaṃ;</p>\r\n<p class="gatha3">Yādisaṃ vapatte bījaṃ,</p>\r\n<p class="gathalast">Tādisaṃ vahate phalaṃ.</p>\r\n<p class="hangnum"><a name="para107"></a><span class="paranum">107</span>.</p>\r\n<p class="gatha1"> </p>','\r',char(13)),'\n',char(10)),'-107-');
INSERT INTO pages (bookid, page, content, paranum) VALUES('annya_niti_gantha_sangaho_e1009n',224,replace(replace('<p class="gatha1">Jīvaṃ <a name="M0.0224"></a> paññāya rakkheyya,</p>\r\n<p class="gatha2">Dhanaṃ kammena rakkhaye;</p>\r\n<p class="gatha3">Evaṃ hyarogo sukhito,</p>\r\n<p class="gathalast">Porāṇaka-vaco idaṃ.</p>\r\n<p class="hangnum"><a name="para108"></a><span class="paranum">108</span>.</p>\r\n<p class="gatha1"> </p>','\r',char(13)),'\n',char(10)),'-108-');
INSERT INTO pages (bookid, page, content, paranum) VALUES('annya_niti_gantha_sangaho_e1009n',226,replace(replace('<p class="gatha1">Anupubbena <a name="M0.0226"></a> medhāvī,</p>\r\n<p class="gatha2">Thokaṃ thokaṃ khaṇe khaṇe;</p>\r\n<p class="gatha3">Kammāro rajatasseva,</p>\r\n<p class="gathalast">Niddame malamattano.</p>\r\n<p class="hangnum"><a name="para109"></a><span class="paranum">109</span>.</p>\r\n<p class="gatha1"> </p>','\r',char(13)),'\n',char(10)),'-109-');
INSERT INTO pages (bookid, page, content, paranum) VALUES('annya_niti_gantha_sangaho_e1009n',228,replace(replace('<p class="gatha1">Vācānurakkhī <a name="M0.0228"></a> manasā susaṃvuto,</p>\r\n<p class="gatha2">Kāyena ca nākusalaṃ kayirā;</p>\r\n<p class="gatha3">Etetayo kammapathevisodhaye,</p>\r\n<p class="gathalast">Ārādhaye maggamisi-ppaveditaṃ.</p>\r\n<p class="hangnum"><a name="para110"></a><span class="paranum">110</span>.</p>\r\n<p class="gatha1"> </p>','\r',char(13)),'\n',char(10)),'-110-');
INSERT INTO pages (bookid, page, content, paranum) VALUES('annya_niti_gantha_sangaho_e1009n',230,replace(replace('<p class="gatha1">A-sante <a name="M0.0230"></a> nopaseveyya,</p>\r\n<p class="gatha2">Sante seveyya paṇḍito;</p>\r\n<p class="gatha3">A-santo nirayaṃ yanti,</p>\r\n<p class="gathalast">Santo pāpenti suggatiṃ.</p>\r\n<p class="hangnum"><a name="para111"></a><span class="paranum">111</span>.</p>\r\n<p class="gatha1"> </p>','\r',char(13)),'\n',char(10)),'-111-');
INSERT INTO pages (bookid, page, content, paranum) VALUES('annya_niti_gantha_sangaho_e1009n',232,replace(replace('<p class="gatha1">A-karontopi <a name="M0.0232"></a> ce pāpaṃ,</p>\r\n<p class="gatha2">Karontaṃ mupasevati;</p>\r\n<p class="gatha3">Saṅkiyo hoti pāpasmiṃ,</p>\r\n<p class="gathalast">A-vaṇṇo cassa rūhati.</p>\r\n<p class="hangnum"><a name="para112"></a><span class="paranum">112</span>.</p>\r\n<p class="gatha1"> </p>','\r',char(13)),'\n',char(10)),'-112-');
INSERT INTO pages (bookid, page, content, paranum) VALUES('annya_niti_gantha_sangaho_e1009n',233,replace(replace('<p class="gatha1">Saṅghāgato <a name="M0.0233"></a> aniṭṭhehi,</p>\r\n<p class="gatha2">Ambopi madhurapphalo;</p>\r\n<p class="gatha3">Tittapubbova pā eva,</p>\r\n<p class="gathalast">Manusso tu sa-jīvako.</p>\r\n<p class="hangnum"><a name="para113"></a><span class="paranum">113</span>.</p>\r\n<p class="gatha1"> </p>','\r',char(13)),'\n',char(10)),'-113-');
INSERT INTO pages (bookid, page, content, paranum) VALUES('annya_niti_gantha_sangaho_e1009n',234,replace(replace('<p class="gatha1">Nihīna-sevito <a name="M0.0234"></a> poso,</p>\r\n<p class="gatha2">Nihīyati ca sabbadā;</p>\r\n<p class="gatha3">Kadāci na ca hāyetha,</p>\r\n<p class="gathalast">Tulyasevīpi attanā.</p>\r\n<p class="hangnum"><a name="para114"></a><span class="paranum">114</span>.</p>\r\n<p class="gatha1"> </p>','\r',char(13)),'\n',char(10)),'-114-');
INSERT INTO pages (bookid, page, content, paranum) VALUES('annya_niti_gantha_sangaho_e1009n',237,replace(replace('<p class="gatha1">Vaṇṇa-gandha-rasopeto<a name="M0.0237"></a>,</p>\r\n<p class="gatha2">Amboyaṃ ahuvā pure;</p>\r\n<p class="gatha3">Tameva pūjaṃ labhamāno;</p>\r\n<p class="gathalast">Kenambo kaṭukapphalo.</p>\r\n<p class="hangnum"><a name="para115"></a><span class="paranum">115</span>.</p>\r\n<p class="gatha1"> </p>','\r',char(13)),'\n',char(10)),'-115-');
INSERT INTO pages (bookid, page, content, paranum) VALUES('annya_niti_gantha_sangaho_e1009n',238,replace(replace('<p class="gatha1">Pucimanda-parivāro<a name="M0.0238"></a>,</p>\r\n<p class="gatha2">Ambo te dadhivāhana;</p>\r\n<p class="gatha3">Mūlaṃ mūlena saṃsaṭṭhaṃ,</p>\r\n<p class="gatha3">Sākhā sākhaṃ nisevare;</p>\r\n<p class="gatha2">Asātta-sannivāsena,</p>\r\n<p class="gathalast">Tenambo kaṭukapphalo.</p>\r\n<p class="hangnum"><a name="para116"></a><span class="paranum">116</span>.</p>\r\n<p class="gatha1"> </p>','\r',char(13)),'\n',char(10)),'-116-');
INSERT INTO pages (bookid, page, content, paranum) VALUES('annya_niti_gantha_sangaho_e1009n',240,replace(replace('<p class="gatha1">Pāmokkha-bhajanaṃ <a name="M0.0240"></a> khippaṃ,</p>\r\n<p class="gatha2">Attha-kāmo su-vuḍḍhiyaṃ;</p>\r\n<p class="gatha3">Bhaje uttari attanā,</p>\r\n<p class="gathalast">Tasmā udeti paṇḍito.</p>\r\n<p class="hangnum"><a name="para117"></a><span class="paranum">117</span>.</p>\r\n<p class="gatha1"> </p>','\r',char(13)),'\n',char(10)),'-117-');
INSERT INTO pages (bookid, page, content, paranum) VALUES('annya_niti_gantha_sangaho_e1009n',241,replace(replace('<p class="gatha1">Kāco <a name="M0.0241"></a> kañcana-saṃsaggā,</p>\r\n<p class="gatha2">Dhatte māra-katiṃ jutiṃ;</p>\r\n<p class="gatha3">Tathā saṃsannidhānena,</p>\r\n<p class="gathalast">Mūḷho yāti pavīṇataṃ.</p>\r\n<p class="hangnum"><a name="para118"></a><span class="paranum">118</span>.</p>\r\n<p class="gatha1"> </p>','\r',char(13)),'\n',char(10)),'-118-');
INSERT INTO pages (bookid, page, content, paranum) VALUES('annya_niti_gantha_sangaho_e1009n',243,replace(replace('<p class="gatha1">Kīṭopi <a name="M0.0243"></a> sumano-saṅgā,</p>\r\n<p class="gatha2">Ārohati sataṃ siro;</p>\r\n<p class="gatha3">Asmāpi yāti devatvaṃ,</p>\r\n<p class="gathalast">Mahabbhi suppatiṭṭhito.</p>\r\n<p class="hangnum"><a name="para119"></a><span class="paranum">119</span>.</p>\r\n<p class="gatha1"> </p>','\r',char(13)),'\n',char(10)),'-119-');
INSERT INTO pages (bookid, page, content, paranum) VALUES('annya_niti_gantha_sangaho_e1009n',245,replace(replace('<p class="gatha1">Sabbhireva <a name="M0.0245"></a> samāsetha,</p>\r\n<p class="gatha2">Sabbhi kubbetha sandhavaṃ;</p>\r\n<p class="gatha3">Sataṃ saddhammamaññāya,</p>\r\n<p class="gathalast">Paññaṃ labhati nāññato.</p>\r\n<p class="hangnum"><a name="para120"></a><span class="paranum">120</span>.</p>\r\n<p class="gatha1"> </p>','\r',char(13)),'\n',char(10)),'-120-');
INSERT INTO pages (bookid, page, content, paranum) VALUES('annya_niti_gantha_sangaho_e1009n',246,replace(replace('<p class="gatha1">Sabbhireva <a name="M0.0246"></a> samāsetha,</p>\r\n<p class="gatha2">Sabbhi kubbetha sandhavaṃ;</p>\r\n<p class="gatha3">Sataṃ saddhammamaññāya,</p>\r\n<p class="gathalast">Sabba-dukkhā pamuccatti.</p>\r\n<p class="hangnum"><a name="para121"></a><span class="paranum">121</span>.</p>\r\n<p class="gatha1"> </p>','\r',char(13)),'\n',char(10)),'-121-');
INSERT INTO pages (bookid, page, content, paranum) VALUES('annya_niti_gantha_sangaho_e1009n',247,replace(replace('<p class="gatha1">Sakiṃdeva <a name="M0.0247"></a> kulaputta,</p>\r\n<p class="gatha2">Sabbhi hoti samāgamo;</p>\r\n<p class="gatha3">Sā naṃ saṅgati pāleti,</p>\r\n<p class="gathalast">Nāsabbhi bahu saṅgamo.</p>\r\n<p class="hangnum"><a name="para122"></a><span class="paranum">122</span>.</p>\r\n<p class="gatha1"> </p>','\r',char(13)),'\n',char(10)),'-122-');
INSERT INTO pages (bookid, page, content, paranum) VALUES('annya_niti_gantha_sangaho_e1009n',249,replace(replace('<p class="gatha1">Seyyo <a name="M0.0249"></a> a-mitto medhāvī,</p>\r\n<p class="gathalast">Yañce bālānukampako.</p>\r\n<p class="hangnum"><a name="para123"></a><span class="paranum">123</span>.</p>\r\n<p class="gatha1"> </p>','\r',char(13)),'\n',char(10)),'-123-');
INSERT INTO pages (bookid, page, content, paranum) VALUES('annya_niti_gantha_sangaho_e1009n',250,replace(replace('<p class="gatha1">Sīlavantaṃ <a name="M0.0250"></a> paññavantaṃ,</p>\r\n<p class="gatha2">Divā nissaya-dāyakaṃ;</p>\r\n<p class="gatha3">Bahussutaṃ gavesanto,</p>\r\n<p class="gathalast">Bhajeyya attha-māmako.</p>\r\n<p class="hangnum"><a name="para124"></a><span class="paranum">124</span>.</p>\r\n<p class="gatha1"> </p>','\r',char(13)),'\n',char(10)),'-124-');
INSERT INTO pages (bookid, page, content, paranum) VALUES('annya_niti_gantha_sangaho_e1009n',251,replace(replace('<p class="gatha1">Pāpa-mitte <a name="M0.0251"></a> vivajjetvā,</p>\r\n<p class="gatha2">Bhajeyyuttama-puggalaṃ;</p>\r\n<p class="gatha3">Ovāde cassa tiṭṭheyya,</p>\r\n<p class="gathalast">Patthento a-calaṃ sukhaṃ.</p>\r\n<p class="hangnum"><a name="para125"></a><span class="paranum">125</span>.</p>\r\n<p class="gatha1"> </p>','\r',char(13)),'\n',char(10)),'-125-');
INSERT INTO pages (bookid, page, content, paranum) VALUES('annya_niti_gantha_sangaho_e1009n',253,replace(replace('<p class="gatha1">Na <a name="M0.0253"></a> bhaje pāpake mitte,</p>\r\n<p class="gatha2">Na bhaje purisādhame;</p>\r\n<p class="gatha3">Bhajetha mittte kalyāṇe,</p>\r\n<p class="gathalast">Bhajetha purisuttame.</p>\r\n<p class="hangnum"><a name="para126"></a><span class="paranum">126</span>.</p>\r\n<p class="gatha1"> </p>','\r',char(13)),'\n',char(10)),'-126-');
INSERT INTO pages (bookid, page, content, paranum) VALUES('annya_niti_gantha_sangaho_e1009n',254,replace(replace('<p class="gatha1">Anavajjaṃ <a name="M0.0254"></a> mukhamboja,</p>\r\n<p class="gatha2">Manavajjā ca bhāratī;</p>\r\n<p class="gatha3">Alaṅkatāva sobhante,</p>\r\n<p class="gathalast">Kiṃsu te niralaṅkatā.</p>\r\n<p class="hangnum"><a name="para127"></a><span class="paranum">127</span>.</p>\r\n<p class="gatha1"> </p>','\r',char(13)),'\n',char(10)),'-127-');
INSERT INTO pages (bookid, page, content, paranum) VALUES('annya_niti_gantha_sangaho_e1009n',256,replace(replace('<p class="gatha1">Na <a name="M0.0256"></a> hi vaṇṇena sampannā,</p>\r\n<p class="gatha2">Mañjukā piya-dassinā;</p>\r\n<p class="gatha3">Kharā vācā piyā hoti,</p>\r\n<p class="gathalast">Asmiṃ loke paramhi ca.</p>\r\n<p class="hangnum"><a name="para128"></a><span class="paranum">128</span>.</p>\r\n<p class="gatha1"> </p>','\r',char(13)),'\n',char(10)),'-128-');
INSERT INTO pages (bookid, page, content, paranum) VALUES('annya_niti_gantha_sangaho_e1009n',257,replace(replace('<p class="gatha1">Nanu <a name="M0.0257"></a> passasimaṃ kāḷiṃ,</p>\r\n<p class="gatha2">Dubbaṇṇaṃ tilakāhataṃ;</p>\r\n<p class="gatha3">Kolilaṃ saṇha-vācena,</p>\r\n<p class="gathalast">Bahūnaṃ pāṇinaṃ piyaṃ.</p>\r\n<p class="hangnum"><a name="para129"></a><span class="paranum">129</span>.</p>\r\n<p class="gatha1"> </p>','\r',char(13)),'\n',char(10)),'-129-');
INSERT INTO pages (bookid, page, content, paranum) VALUES('annya_niti_gantha_sangaho_e1009n',257,replace(replace('<p class="gatha1">Tasmā <a name="M0.0257"></a> sakhila-vācāya,</p>\r\n<p class="gatha2">Manta-bhāṇī anuddhato;</p>\r\n<p class="gatha3">Atthaṃ dhammañca dīpeti,</p>\r\n<p class="gathalast">Madhuraṃ tassa bhāsitaṃ.</p>\r\n<p class="hangnum"><a name="para130"></a><span class="paranum">130</span>.</p>\r\n<p class="gatha1"> </p>','\r',char(13)),'\n',char(10)),'-130-');
INSERT INTO pages (bookid, page, content, paranum) VALUES('annya_niti_gantha_sangaho_e1009n',260,replace(replace('<p class="gatha1">Tameva <a name="M0.0260"></a> vācaṃ bhāseyya,</p>\r\n<p class="gatha2">Yā sattānaṃ na tāpaye;</p>\r\n<p class="gatha3">Pare ca na vihiṃseyya,</p>\r\n<p class="gathalast">Sā ve vācā subhāsitā.</p>\r\n<p class="hangnum"><a name="para131"></a><span class="paranum">131</span>.</p>\r\n<p class="gatha1"> </p>','\r',char(13)),'\n',char(10)),'-131-');
INSERT INTO pages (bookid, page, content, paranum) VALUES('annya_niti_gantha_sangaho_e1009n',261,replace(replace('<p class="gatha1">Piyaṃ <a name="M0.0261"></a> vācaṃva bhāseyya,</p>\r\n<p class="gatha2">Yā vācā paṭinanditā;</p>\r\n<p class="gatha3">Yaṃ anādāya pāpāni;</p>\r\n<p class="gathalast">Paresaṃ bhāsate piyaṃ.</p>\r\n<p class="hangnum"><a name="para132"></a><span class="paranum">132</span>.</p>\r\n<p class="gatha1"> </p>','\r',char(13)),'\n',char(10)),'-132-');
INSERT INTO pages (bookid, page, content, paranum) VALUES('annya_niti_gantha_sangaho_e1009n',262,replace(replace('<p class="gatha1">Saccaṃ <a name="M0.0262"></a> ve amatā vācā,</p>\r\n<p class="gatha2">Esa dhammo sanantano;</p>\r\n<p class="gatha3">Sacce atthe ca dhamme ca,</p>\r\n<p class="gathalast">Āhu santo patiṭṭhitā.</p>\r\n<p class="hangnum"><a name="para133"></a><span class="paranum">133</span>.</p>\r\n<p class="gatha1"> </p>','\r',char(13)),'\n',char(10)),'-133-');
INSERT INTO pages (bookid, page, content, paranum) VALUES('annya_niti_gantha_sangaho_e1009n',264,replace(replace('<p class="gatha1">Subhāsitañca <a name="M0.0264"></a> dhammañca,</p>\r\n<p class="gatha2">Piyañca saccameva ca;</p>\r\n<p class="gatha3">Catu-aṅgehi sampannaṃ,</p>\r\n<p class="gathalast">Vācaṃ bhāseyya paṇḍito.</p>\r\n<p class="hangnum"><a name="para134"></a><span class="paranum">134</span>.</p>\r\n<p class="gatha1"> </p>','\r',char(13)),'\n',char(10)),'-134-');
INSERT INTO pages (bookid, page, content, paranum) VALUES('annya_niti_gantha_sangaho_e1009n',265,replace(replace('<p class="gatha1">Manāpameva <a name="M0.0265"></a> bhāseyya,</p>\r\n<p class="gatha2">Nāmanāpaṃ kudācanaṃ;</p>\r\n<p class="gatha3">Manāpaṃ bhāsamānassa,</p>\r\n<p class="gathalast">Siddhaṃ piyosadhaṃ bhave.</p>\r\n<p class="hangnum"><a name="para135"></a><span class="paranum">135</span>.</p>\r\n<p class="gatha1"> </p>','\r',char(13)),'\n',char(10)),'-135-');
INSERT INTO pages (bookid, page, content, paranum) VALUES('annya_niti_gantha_sangaho_e1009n',266,replace(replace('<p class="gatha1">Yaṃ <a name="M0.0266"></a> vadeyya taṃ kareyya,</p>\r\n<p class="gatha2">Yaṃ na vade na taṃ kare;</p>\r\n<p class="gatha3">A-karontaṃ bhāsamānaṃ,</p>\r\n<p class="gathalast">Parijānanti paṇḍitā.</p>\r\n<p class="hangnum"><a name="para136"></a><span class="paranum">136</span>.</p>\r\n<p class="gatha1"> </p>','\r',char(13)),'\n',char(10)),'-136-');
INSERT INTO pages (bookid, page, content, paranum) VALUES('annya_niti_gantha_sangaho_e1009n',268,replace(replace('<p class="gatha1">Rahovādaṃ <a name="M0.0268"></a> na bhāseyya,</p>\r\n<p class="gatha2">Na sammukhā khiṇaṃ bhaṇe;</p>\r\n<p class="gatha3">A-taramānova bhaṇeyya,</p>\r\n<p class="gathalast">Taramānova no bhaṇe.</p>\r\n<p class="hangnum"><a name="para137"></a><span class="paranum">137</span>.</p>\r\n<p class="gatha1"> </p>','\r',char(13)),'\n',char(10)),'-137-');
INSERT INTO pages (bookid, page, content, paranum) VALUES('annya_niti_gantha_sangaho_e1009n',269,replace(replace('<p class="gatha1">Māvoca <a name="M0.0269"></a> pharusaṃ kiñci,</p>\r\n<p class="gatha2">Vuttā paṭivadeyyuṃ taṃ;</p>\r\n<p class="gatha3">Dukkhā hi sārambhakathā,</p>\r\n<p class="gathalast">Paṭidaṇḍā phuseyyuṃ taṃ.</p>\r\n<p class="hangnum"><a name="para138"></a><span class="paranum">138</span>.</p>\r\n<p class="gatha1"> </p>','\r',char(13)),'\n',char(10)),'-138-');
INSERT INTO pages (bookid, page, content, paranum) VALUES('annya_niti_gantha_sangaho_e1009n',270,replace(replace('<p class="gatha1">Saka-yuttaṃ <a name="M0.0270"></a> kare kammaṃ,</p>\r\n<p class="gatha2">Saka-yuttaṃ vaciṃ bhaṇe;</p>\r\n<p class="gatha3">A-yuttake dhanaṃ naṭṭhaṃ,</p>\r\n<p class="gathalast">A-yutte jīvitaṃ khaye.</p>\r\n<p class="hangnum"><a name="para139"></a><span class="paranum">139</span>.</p>\r\n<p class="gatha1"> </p>','\r',char(13)),'\n',char(10)),'-139-');
INSERT INTO pages (bookid, page, content, paranum) VALUES('annya_niti_gantha_sangaho_e1009n',272,replace(replace('<p class="gatha1">Ye <a name="M0.0272"></a> vuḍḍhamapacāyanti,</p>\r\n<p class="gatha2">Narā dhammassa dhakāvidā;</p>\r\n<p class="gatha3">Diṭṭhe dhammeva pāsaṃsā,</p>\r\n<p class="gathalast">Samparāye ca suggatiṃ.</p>\r\n<p class="hangnum"><a name="para140"></a><span class="paranum">140</span>.</p>\r\n<p class="gatha1"> </p>','\r',char(13)),'\n',char(10)),'-140-');
INSERT INTO pages (bookid, page, content, paranum) VALUES('annya_niti_gantha_sangaho_e1009n',274,replace(replace('<p class="gatha1">Porī-kathaṃ-va <a name="M0.0274"></a> bhāseyya,</p>\r\n<p class="gatha2">Yuttā kathā hi pūrino;</p>\r\n<p class="gatha3">Bhāti-mattañca bhātāti,</p>\r\n<p class="gathalast">Pitu-mattaṃ pitā iti.</p>\r\n<p class="hangnum"><a name="para141"></a><span class="paranum">141</span>.</p>\r\n<p class="gatha1"> </p>','\r',char(13)),'\n',char(10)),'-141-');
INSERT INTO pages (bookid, page, content, paranum) VALUES('annya_niti_gantha_sangaho_e1009n',275,replace(replace('<p class="gatha1">Dānañca <a name="M0.0275"></a> piya-vajjañca,</p>\r\n<p class="gatha2">Attha-cariyā ca yā idha;</p>\r\n<p class="gatha3">Samānattatā dhammesa,</p>\r\n<p class="gathalast">Tattha tattha yathārahaṃ.</p>\r\n<p class="hangnum"><a name="para142"></a><span class="paranum">142</span>.</p>\r\n<p class="gatha1"> </p>','\r',char(13)),'\n',char(10)),'-142-');
INSERT INTO pages (bookid, page, content, paranum) VALUES('annya_niti_gantha_sangaho_e1009n',277,replace(replace('<p class="gatha1">Sakiṃ <a name="M0.0277"></a> vadanti rājāno,</p>\r\n<p class="gatha2">Sakiṃṃ samaṇa-brāhmaṇā;</p>\r\n<p class="gatha3">Sakiṃva purisā loke,</p>\r\n<p class="gathalast">Esadhammo sanantano.</p>\r\n<p class="hangnum"><a name="para143"></a><span class="paranum">143</span>.</p>\r\n<p class="gatha1"> </p>','\r',char(13)),'\n',char(10)),'-143-');
INSERT INTO pages (bookid, page, content, paranum) VALUES('annya_niti_gantha_sangaho_e1009n',278,replace(replace('<p class="gatha1">Eka-vācaṃva <a name="M0.0278"></a> dvevācaṃ,</p>\r\n<p class="gatha2">Bhaṇeyya anukampako;</p>\r\n<p class="gatha3">Taduttari na bhāseyya,</p>\r\n<p class="gathalast">Dāsovayyassa santike.</p>\r\n<p class="hangnum"><a name="para144"></a><span class="paranum">144</span>.</p>\r\n<p class="gatha1"> </p>','\r',char(13)),'\n',char(10)),'-144-');
INSERT INTO pages (bookid, page, content, paranum) VALUES('annya_niti_gantha_sangaho_e1009n',279,replace(replace('<p class="gatha1">Tasseva <a name="M0.0279"></a> tena pāpiyo,</p>\r\n<p class="gatha2">Yo kuddhaṃ paṭikujjhatti;</p>\r\n<p class="gatha3">Kuddhaṃ a-paṭikujjhanto,</p>\r\n<p class="gathalast">Saṅgāmaṃ jeti dujjayaṃ.</p>\r\n<p class="hangnum"><a name="para145"></a><span class="paranum">145</span>.</p>\r\n<p class="gatha1"> </p>','\r',char(13)),'\n',char(10)),'-145-');
INSERT INTO pages (bookid, page, content, paranum) VALUES('annya_niti_gantha_sangaho_e1009n',281,replace(replace('<p class="gatha1">Ubhinnamatthaṃ <a name="M0.0281"></a> carati,</p>\r\n<p class="gatha2">Attano ca parassa ca;</p>\r\n<p class="gatha3">Paraṃ saṃkupitaṃ ñatvā,</p>\r\n<p class="gathalast">Yo sato upasammati.</p>','\r',char(13)),'\n',char(10)),'');
INSERT INTO pages (bookid, page, content, paranum) VALUES('annya_niti_gantha_sangaho_e1009n',282,replace(replace('<p class="gatha1">Attānaṃ <a name="M0.0282"></a> rakkhanto paraṃ rakkhati,</p>\r\n<p class="gathalast">Paraṃ rakkhanto attānaṃ rakkhati.</p>\r\n<p class="hangnum"><a name="para146"></a><span class="paranum">146</span>.</p>\r\n<p class="gatha1"> </p>','\r',char(13)),'\n',char(10)),'-146-');
INSERT INTO pages (bookid, page, content, paranum) VALUES('annya_niti_gantha_sangaho_e1009n',283,replace(replace('<p class="gatha1">Sīla-samādhi-paññānaṃ<a name="M0.0283"></a>,</p>\r\n<p class="gatha2">Khantī padhāna-kāraṇaṃ;</p>\r\n<p class="gatha3">Sabbepi kusalā dhammā,</p>\r\n<p class="gathalast">Khantyāyattāva vaḍḍhare.</p>\r\n<p class="hangnum"><a name="para147"></a><span class="paranum">147</span>.</p>\r\n<p class="gatha1"> </p>','\r',char(13)),'\n',char(10)),'-147-');
INSERT INTO pages (bookid, page, content, paranum) VALUES('annya_niti_gantha_sangaho_e1009n',284,replace(replace('<p class="gatha1">Khamā-khagga-karetassa<a name="M0.0284"></a>,</p>\r\n<p class="gatha2">Dujjano kiṃ karissati;</p>\r\n<p class="gatha3">A-tiṇe patito vahni,</p>\r\n<p class="gathalast">Sayamevūpasammati.</p>\r\n<p class="hangnum"><a name="para148"></a><span class="paranum">148</span>.</p>\r\n<p class="gatha1"> </p>','\r',char(13)),'\n',char(10)),'-148-');
INSERT INTO pages (bookid, page, content, paranum) VALUES('annya_niti_gantha_sangaho_e1009n',285,replace(replace('<p class="gatha1">Sussusā <a name="M0.0285"></a> savaṇañceva,</p>\r\n<p class="gatha2">Gahaṇaṃ dhāraṇaṃ tathā;</p>\r\n<p class="gatha3">Uhāpohatthaviññāṇaṃ,</p>\r\n<p class="gathalast">Tatva-ññāṇañcadhīguṇaṃ.</p>\r\n<p class="hangnum"><a name="para149"></a><span class="paranum">149</span>.</p>\r\n<p class="gatha1"> </p>','\r',char(13)),'\n',char(10)),'-149-');
INSERT INTO pages (bookid, page, content, paranum) VALUES('annya_niti_gantha_sangaho_e1009n',286,replace(replace('<p class="gatha1">Yassete <a name="M0.0286"></a> caturo dhammā,</p>\r\n<p class="gatha2">Atthi posesu paṇḍita;</p>\r\n<p class="gatha3">Saccaṃ dhammo dhīti cāgo,</p>\r\n<p class="gathalast">Diṭṭhaṃ so ativattati.</p>\r\n<p class="hangnum"><a name="para150"></a><span class="paranum">150</span>.</p>\r\n<p class="gatha1"> </p>','\r',char(13)),'\n',char(10)),'-150-');
INSERT INTO pages (bookid, page, content, paranum) VALUES('annya_niti_gantha_sangaho_e1009n',288,replace(replace('<p class="gatha1">Vejjo <a name="M0.0288"></a> purohito mantī,</p>\r\n<p class="gatha2">Vedaññotra catutthako;</p>\r\n<p class="gatha3">Pabhāta-kāle daṭṭhabbā,</p>\r\n<p class="gathalast">Niccaṃ sva-sīrimicchatā.</p>\r\n<p class="hangnum"><a name="para151"></a><span class="paranum">151</span>.</p>\r\n<p class="gatha1"> </p>','\r',char(13)),'\n',char(10)),'-151-');
INSERT INTO pages (bookid, page, content, paranum) VALUES('annya_niti_gantha_sangaho_e1009n',289,replace(replace('<p class="gatha1">Mittānaṃ <a name="M0.0289"></a> santikaṃ gacche,</p>\r\n<p class="gatha2">Kāle na rattiyaṃ kisaṃ;</p>\r\n<p class="gatha3">Ce bahuṃ bhijje cinitvā,</p>\r\n<p class="gathalast">Taṃ mittesu samākare.</p>\r\n<p class="hangnum"><a name="para152"></a><span class="paranum">152</span>.</p>\r\n<p class="gatha1"> </p>','\r',char(13)),'\n',char(10)),'-152-');
INSERT INTO pages (bookid, page, content, paranum) VALUES('annya_niti_gantha_sangaho_e1009n',291,replace(replace('<p class="gatha1">Na <a name="M0.0291"></a> paresaṃ vilomāni,</p>\r\n<p class="gatha2">Na paresaṃ katākataṃ;</p>\r\n<p class="gatha3">Attanova avekkheyya,</p>\r\n<p class="gathalast">Katāni a-katāni ca.</p>\r\n<p class="hangnum"><a name="para153"></a><span class="paranum">153</span>.</p>\r\n<p class="gatha1"> </p>','\r',char(13)),'\n',char(10)),'-153-');
INSERT INTO pages (bookid, page, content, paranum) VALUES('annya_niti_gantha_sangaho_e1009n',293,replace(replace('<p class="gatha1">Desa-jāti-pubbe-carā<a name="M0.0293"></a>,</p>\r\n<p class="gatha2">Anu-carā jano kare;</p>\r\n<p class="gatha3">Paresaṃ vedhakaṃ māyaṃ,</p>\r\n<p class="gathalast">Taṃ jānitvā sakhaṃ kare.</p>\r\n<p class="hangnum"><a name="para154"></a><span class="paranum">154</span>.</p>\r\n<p class="gatha1"> </p>','\r',char(13)),'\n',char(10)),'-154-');
INSERT INTO pages (bookid, page, content, paranum) VALUES('annya_niti_gantha_sangaho_e1009n',294,replace(replace('<p class="gatha1">Parittaṃ <a name="M0.0294"></a> dārumāruyha,</p>\r\n<p class="gatha2">Yathā sīde mahaṇṇave;</p>\r\n<p class="gatha3">Evaṃ kusītamāgamma,</p>\r\n<p class="gatha2">Sādhu-jīvīpi sīdati;</p>\r\n<p class="gatha3">Tasmā taṃ parivajjeyya,</p>\r\n<p class="gathalast">Kusītaṃ hīna-vīriyaṃ.</p>\r\n<p class="hangnum"><a name="para155"></a><span class="paranum">155</span>.</p>\r\n<p class="gatha1"> </p>','\r',char(13)),'\n',char(10)),'-155-');
INSERT INTO pages (bookid, page, content, paranum) VALUES('annya_niti_gantha_sangaho_e1009n',296,replace(replace('<p class="gatha1">Alasañca <a name="M0.0296"></a> pamādo ca,</p>\r\n<p class="gatha2">Anuṭṭhānaṃ a-saṃyamo;</p>\r\n<p class="gatha3">Niddā tandi ca te chidde,</p>\r\n<p class="gathalast">Sabbaso taṃ vivajjaye.</p>\r\n<p class="hangnum"><a name="para156"></a><span class="paranum">156</span>.</p>\r\n<p class="gatha1"> </p>','\r',char(13)),'\n',char(10)),'-156-');
INSERT INTO pages (bookid, page, content, paranum) VALUES('annya_niti_gantha_sangaho_e1009n',297,replace(replace('<p class="gatha1">Cajeyya <a name="M0.0297"></a> dummittaṃ bālaṃ,</p>\r\n<p class="gatha2">Āsīvisaṃva māṇavo;</p>\r\n<p class="gatha3">Bhañjeyya pāpakaṃ kammaṃ,</p>\r\n<p class="gathalast">Naḷāgāraṃva kuñjaro.</p>\r\n<p class="hangnum"><a name="para157"></a><span class="paranum">157</span>.</p>\r\n<p class="gatha1"> </p>','\r',char(13)),'\n',char(10)),'-157-');
INSERT INTO pages (bookid, page, content, paranum) VALUES('annya_niti_gantha_sangaho_e1009n',299,replace(replace('<p class="gatha1">Na <a name="M0.0299"></a> hi aññañña-cittānaṃ,</p>\r\n<p class="gatha2">Itthīnaṃ purisāna vā;</p>\r\n<p class="gatha3">Nānāvīkatvā saṃsaggaṃ,</p>\r\n<p class="gathalast">Tādisaṃ pica nāsmase.</p>\r\n<p class="hangnum"><a name="para158"></a><span class="paranum">158</span>.</p>\r\n<p class="gatha1"> </p>','\r',char(13)),'\n',char(10)),'-158-');
INSERT INTO pages (bookid, page, content, paranum) VALUES('annya_niti_gantha_sangaho_e1009n',300,replace(replace('<p class="gatha1">Nāsmase <a name="M0.0300"></a> kata-pāpamhi,</p>\r\n<p class="gatha2">Nāsmase alika-vādine;</p>\r\n<p class="gatha3">Nāsmate attatthapaññamhi,</p>\r\n<p class="gathalast">Atta-santepi nāsmate.</p>\r\n<p class="hangnum"><a name="para159"></a><span class="paranum">159</span>.</p>\r\n<p class="gatha1"> </p>','\r',char(13)),'\n',char(10)),'-159-');
INSERT INTO pages (bookid, page, content, paranum) VALUES('annya_niti_gantha_sangaho_e1009n',301,replace(replace('<p class="gatha1">Ghatāsanaṃ <a name="M0.0301"></a> kuñjaraṃ kaṇha-sappaṃ,</p>\r\n<p class="gatha2">Muddhā-bhisittaṃ pamadā ca sabbā;</p>\r\n<p class="gatha3">Ete naro niccasato bhajetha,</p>\r\n<p class="gathalast">Tesaṃ have dubbidū sabba-bhāvo.</p>\r\n<p class="hangnum"><a name="para160"></a><span class="paranum">160</span>.</p>\r\n<p class="gatha1"> </p>','\r',char(13)),'\n',char(10)),'-160-');
INSERT INTO pages (bookid, page, content, paranum) VALUES('annya_niti_gantha_sangaho_e1009n',303,replace(replace('<p class="gatha1">Itthīnaṃ <a name="M0.0303"></a> dujjanāna-ñca,</p>\r\n<p class="gatha2">Vissāso no-pa pajjate;</p>\r\n<p class="gatha3">Vise siṅgimhi nadiyaṃ,</p>\r\n<p class="gathalast">Roge rāja-kulamhi ca.</p>\r\n<p class="hangnum"><a name="para161"></a><span class="paranum">161</span>.</p>\r\n<p class="gatha1"> </p>','\r',char(13)),'\n',char(10)),'-161-');
INSERT INTO pages (bookid, page, content, paranum) VALUES('annya_niti_gantha_sangaho_e1009n',304,replace(replace('<p class="gatha1">Itthi-dhutto <a name="M0.0304"></a> surā-dhutto,</p>\r\n<p class="gatha2">Akkha-dhutto ca yo naro;</p>\r\n<p class="gatha3">Laddhaṃ laddhaṃ vināseti,</p>\r\n<p class="gathalast">Taṃ parābhavato mukhaṃ.</p>\r\n<p class="hangnum"><a name="para162"></a><span class="paranum">162</span>.</p>\r\n<p class="gatha1"> </p>','\r',char(13)),'\n',char(10)),'-162-');
INSERT INTO pages (bookid, page, content, paranum) VALUES('annya_niti_gantha_sangaho_e1009n',306,replace(replace('<p class="gatha1">Pāpa-mitto <a name="M0.0306"></a> pāpa-sakho,</p>\r\n<p class="gatha2">Pāpa-ācāra gocaro;</p>\r\n<p class="gatha3">Asmā lokā paramhā ca,</p>\r\n<p class="gathalast">Ubhayā dhaṃsate naro.</p>\r\n<p class="hangnum"><a name="para163"></a><span class="paranum">163</span>.</p>\r\n<p class="gatha1"> </p>','\r',char(13)),'\n',char(10)),'-163-');
INSERT INTO pages (bookid, page, content, paranum) VALUES('annya_niti_gantha_sangaho_e1009n',307,replace(replace('<p class="gatha1">Maccherena <a name="M0.0307"></a> yasaṃ hataṃ,</p>\r\n<p class="gatha2">Kuppanena guṇo hato;</p>\r\n<p class="gatha3">Kūṭena nassate saccaṃ,</p>\r\n<p class="gathalast">Khuddena dhamma-rakkhanaṃ.</p>\r\n<p class="hangnum"><a name="para164"></a><span class="paranum">164</span>.</p>\r\n<p class="gatha1"> </p>','\r',char(13)),'\n',char(10)),'-164-');
INSERT INTO pages (bookid, page, content, paranum) VALUES('annya_niti_gantha_sangaho_e1009n',309,replace(replace('<p class="gatha1">Akkha-devī <a name="M0.0309"></a> dhanāni ca,</p>\r\n<p class="gatha2">Vināso hoti āpadā;</p>\r\n<p class="gatha3">Ṭhiti hatā pamādo ca,</p>\r\n<p class="gathalast">Dvijaṃ bhikkhuñca nassati.</p>\r\n<p class="hangnum"><a name="para165"></a><span class="paranum">165</span>.</p>\r\n<p class="gatha1"> </p>','\r',char(13)),'\n',char(10)),'-165-');
INSERT INTO pages (bookid, page, content, paranum) VALUES('annya_niti_gantha_sangaho_e1009n',310,replace(replace('<p class="gatha1">Pesuññena <a name="M0.0310"></a> kulaṃ hataṃ,</p>\r\n<p class="gatha2">Mānena hitamattano;</p>\r\n<p class="gatha3">Duccaritena mānuso,</p>\r\n<p class="gathalast">Daliddāyādaro hato.</p>\r\n<p class="hangnum"><a name="para166"></a><span class="paranum">166</span>.</p>\r\n<p class="gatha1"> </p>','\r',char(13)),'\n',char(10)),'-166-');
INSERT INTO pages (bookid, page, content, paranum) VALUES('annya_niti_gantha_sangaho_e1009n',312,replace(replace('<p class="gatha1">A-mānanā <a name="M0.0312"></a> yattha siyā,</p>\r\n<p class="gatha2">Santānaṃpi vimānanā;</p>\r\n<p class="gatha3">Hīna-sammānanāvāpi,</p>\r\n<p class="gathalast">Na tattha vasatiṃ vase.</p>\r\n<p class="hangnum"><a name="para167"></a><span class="paranum">167</span>.</p>\r\n<p class="gatha1"> </p>','\r',char(13)),'\n',char(10)),'-167-');
INSERT INTO pages (bookid, page, content, paranum) VALUES('annya_niti_gantha_sangaho_e1009n',313,replace(replace('<p class="gatha1">Yatthālaso <a name="M0.0313"></a> ca dakkho ca,</p>\r\n<p class="gatha2">Sūro bhīru ca pūjiyā;</p>\r\n<p class="gatha3">Na tattha santo vasanti,</p>\r\n<p class="gathalast">A-visesa-kare nare.</p>\r\n<p class="hangnum"><a name="para168"></a><span class="paranum">168</span>.</p>\r\n<p class="gatha1"> </p>','\r',char(13)),'\n',char(10)),'-168-');
INSERT INTO pages (bookid, page, content, paranum) VALUES('annya_niti_gantha_sangaho_e1009n',315,replace(replace('<p class="gatha1">No <a name="M0.0315"></a> ce assa sakā-buddhi,</p>\r\n<p class="gatha2">Vinayo vā su-sikkhito;</p>\r\n<p class="gatha3">Vane andha-mahiṃsova,</p>\r\n<p class="gathalast">Careyya bahuko jano.</p>\r\n<p class="hangnum"><a name="para169"></a><span class="paranum">169</span>.</p>\r\n<p class="gatha1"> </p>','\r',char(13)),'\n',char(10)),'-169-');
INSERT INTO pages (bookid, page, content, paranum) VALUES('annya_niti_gantha_sangaho_e1009n',316,replace(replace('<p class="gatha1">Phalaṃ <a name="M0.0316"></a> ve kadaliṃ hanti,</p>\r\n<p class="gatha2">Phalaṃ veḷuṃ phalaṃ naḷaṃ;</p>\r\n<p class="gatha3">Sakkāro kā-purisaṃ hanti,</p>\r\n<p class="gathalast">Gabbho assatariṃ yathā.</p>\r\n<p class="hangnum"><a name="para170"></a><span class="paranum">170</span>.</p>\r\n<p class="gatha1"> Vajjañca vajjato ñatvā,</p>\r\n<p class="gatha2">A-vajjañca a-vajjato;</p>\r\n<p class="gatha3">Sammādiṭṭhi-samādānā,</p>\r\n<p class="gathalast">Sattā gacchantti suggatiṃ.</p>\r\n<p class="chapter">Gharāvāsa-niddesa</p>\r\n<p class="hangnum"><a name="para171"></a><span class="paranum">171</span>.</p>\r\n<p class="gatha1"> </p>','\r',char(13)),'\n',char(10)),'-170-171-');
INSERT INTO pages (bookid, page, content, paranum) VALUES('annya_niti_gantha_sangaho_e1009n',319,replace(replace('<p class="gatha1">Dukkhaṃ <a name="M0.0319"></a> gahabbataṃ sādhu,</p>\r\n<p class="gatha2">Saṃvibhajjañca bhojanaṃ;</p>\r\n<p class="gatha3">A-hāso attha-lobhesu,</p>\r\n<p class="gathalast">Attha-byāpatti abyatho.</p>\r\n<p class="hangnum"><a name="para172"></a><span class="paranum">172</span>.</p>\r\n<p class="gatha1"> </p>','\r',char(13)),'\n',char(10)),'-172-');
INSERT INTO pages (bookid, page, content, paranum) VALUES('annya_niti_gantha_sangaho_e1009n',321,replace(replace('<p class="gatha1">Yodha <a name="M0.0321"></a> sītañca uṇhañca,</p>\r\n<p class="gatha2">Tiṇā bhiyyo na maññati;</p>\r\n<p class="gatha3">Karaṃ purisa-kiccāni,</p>\r\n<p class="gathalast">So sukhā na vihāyati.</p>\r\n<p class="hangnum"><a name="para173"></a><span class="paranum">173</span>.</p>\r\n<p class="gatha1"> </p>','\r',char(13)),'\n',char(10)),'-173-');
INSERT INTO pages (bookid, page, content, paranum) VALUES('annya_niti_gantha_sangaho_e1009n',322,replace(replace('<p class="gatha1">Paṇḍito <a name="M0.0322"></a> sīla-sampanno,</p>\r\n<p class="gatha2">Saṇhā ca paṭibhānavā;</p>\r\n<p class="gatha3">Nivāta-vutti atthaddho,</p>\r\n<p class="gathalast">Tādiso labhate yasaṃ.</p>\r\n<p class="hangnum"><a name="para174"></a><span class="paranum">174</span>.</p>\r\n<p class="gatha1"> </p>','\r',char(13)),'\n',char(10)),'-174-');
INSERT INTO pages (bookid, page, content, paranum) VALUES('annya_niti_gantha_sangaho_e1009n',324,replace(replace('<p class="gatha1">Uṭṭhānako <a name="M0.0324"></a> analaso,</p>\r\n<p class="gatha2">Āpadāsu na vedhati;</p>\r\n<p class="gatha3">Acchinnavutti medhāvī,</p>\r\n<p class="gathalast">Tādiso labhate yasaṃ.</p>\r\n<p class="hangnum"><a name="para175"></a><span class="paranum">175</span>.</p>\r\n<p class="gatha1"> </p>','\r',char(13)),'\n',char(10)),'-175-');
INSERT INTO pages (bookid, page, content, paranum) VALUES('annya_niti_gantha_sangaho_e1009n',325,replace(replace('<p class="gatha1">Saṅgāhako <a name="M0.0325"></a> mitta-karo,</p>\r\n<p class="gatha2">Vadaññū vītta-maccharo;</p>\r\n<p class="gatha3">Netā vi-netā anu-netā,</p>\r\n<p class="gathalast">Tādiso labhate yasaṃ.</p>\r\n<p class="hangnum"><a name="para176"></a><span class="paranum">176</span>.</p>\r\n<p class="gatha1"> </p>','\r',char(13)),'\n',char(10)),'-176-');
INSERT INTO pages (bookid, page, content, paranum) VALUES('annya_niti_gantha_sangaho_e1009n',327,replace(replace('<p class="gatha1">Uṭṭhānavako <a name="M0.0327"></a> satīmato,</p>\r\n<p class="gatha2">Suci-kammassa nisammakārino;</p>\r\n<p class="gatha3">Saññatassa dhamma-jīvino,</p>\r\n<p class="gathalast">A-ppamattassa yasobhi-vaḍḍhati.</p>\r\n<p class="hangnum"><a name="para177"></a><span class="paranum">177</span>.</p>\r\n<p class="gatha1"> </p>','\r',char(13)),'\n',char(10)),'-177-');
INSERT INTO pages (bookid, page, content, paranum) VALUES('annya_niti_gantha_sangaho_e1009n',329,replace(replace('<p class="gatha1">Dveva <a name="M0.0329"></a> tāta padākāni,</p>\r\n<p class="gatha2">Yattha sabbaṃ patiṭṭhitaṃ;</p>\r\n<p class="gatha3">A-laddhassa ca yo lābho,</p>\r\n<p class="gathalast">Laddhassa anurakkhaṇā.</p>\r\n<p class="hangnum"><a name="para178"></a><span class="paranum">178</span>.</p>\r\n<p class="gatha1"> </p>','\r',char(13)),'\n',char(10)),'-178-');
INSERT INTO pages (bookid, page, content, paranum) VALUES('annya_niti_gantha_sangaho_e1009n',330,replace(replace('<p class="gatha1">Catudhā <a name="M0.0330"></a> vibhaje bhoge,</p>\r\n<p class="gatha2">Paṇḍito gharamāvasaṃ;</p>\r\n<p class="gatha3">Ekena bhogaṃ bhuñjeyya,</p>\r\n<p class="gatha3">Dvīhi kammaṃ payojaye;</p>\r\n<p class="gatha2">Catutthañca nidhāpeyya,</p>\r\n<p class="gathalast">Āpadāsu bhavissati.</p>\r\n<p class="hangnum"><a name="para179"></a><span class="paranum">179</span>.</p>\r\n<p class="gatha1"> </p>','\r',char(13)),'\n',char(10)),'-179-');
INSERT INTO pages (bookid, page, content, paranum) VALUES('annya_niti_gantha_sangaho_e1009n',332,replace(replace('<p class="gatha1">Añjanānaṃ <a name="M0.0332"></a> khayaṃ disvā,</p>\r\n<p class="gatha2">Upacikānañca ācayaṃ;</p>\r\n<p class="gatha3">Madhūnañca samāhāraṃ,</p>\r\n<p class="gathalast">Paṇḍitto gharamāvase.</p>\r\n<p class="hangnum"><a name="para180"></a><span class="paranum">180</span>.</p>\r\n<p class="gatha1"> </p>','\r',char(13)),'\n',char(10)),'-180-');
INSERT INTO pages (bookid, page, content, paranum) VALUES('annya_niti_gantha_sangaho_e1009n',335,replace(replace('<p class="gatha1">Vibhavaṃ <a name="M0.0335"></a> rakkhato laddhaṃ,</p>\r\n<p class="gatha2">Parihāni na vijjati;</p>\r\n<p class="gatha3">Ārakkhamhi a-santamhi,</p>\r\n<p class="gathalast">Laddhaṃ laddhaṃ vinassati.</p>\r\n<p class="hangnum"><a name="para181"></a><span class="paranum">181</span>.</p>\r\n<p class="gatha1"> </p>','\r',char(13)),'\n',char(10)),'-181-');
INSERT INTO pages (bookid, page, content, paranum) VALUES('annya_niti_gantha_sangaho_e1009n',337,replace(replace('<p class="gatha1">Paññā <a name="M0.0337"></a> natthi dhanaṃ natthi,</p>\r\n<p class="gatha2">Yassa loke na vindati;</p>\r\n<p class="gatha3">Putta-dārā na pīyanti,</p>\r\n<p class="gathalast">Tassa mittaṃ sukhāvahaṃ.</p>\r\n<p class="hangnum"><a name="para182"></a><span class="paranum">182</span>.</p>\r\n<p class="gatha1"> </p>','\r',char(13)),'\n',char(10)),'-182-');
INSERT INTO pages (bookid, page, content, paranum) VALUES('annya_niti_gantha_sangaho_e1009n',339,replace(replace('<p class="gatha1">Cattāro <a name="M0.0339"></a> ca veditabbā,</p>\r\n<p class="gatha2">Mittā ceva suhadā ca;</p>\r\n<p class="gatha3">Upakāro suhadopi,</p>\r\n<p class="gatha2">Samāna-sukha-dukkho ca;</p>\r\n<p class="gatha3">Atthakkhāyīnukampako,</p>\r\n<p class="gathalast">Tathā mitto veditabbo.</p>\r\n<p class="hangnum"><a name="para183"></a><span class="paranum">183</span>.</p>\r\n<p class="gatha1"> </p>','\r',char(13)),'\n',char(10)),'-183-');
INSERT INTO pages (bookid, page, content, paranum) VALUES('annya_niti_gantha_sangaho_e1009n',342,replace(replace('<p class="gatha1">Bhogā <a name="M0.0342"></a> naṭṭhena jiṇṇena,</p>\r\n<p class="gatha2">A-mitena ca bhojane;</p>\r\n<p class="gatha3">Na tiṭṭhanti ciraṃ disvā,</p>\r\n<p class="gathalast">Taṃ paṇḍito ghare vase.</p>\r\n<p class="hangnum"><a name="para184"></a><span class="paranum">184</span>.</p>\r\n<p class="gatha1"> </p>','\r',char(13)),'\n',char(10)),'-184-');
INSERT INTO pages (bookid, page, content, paranum) VALUES('annya_niti_gantha_sangaho_e1009n',343,replace(replace('<p class="gatha1">Ati-sītaṃ <a name="M0.0343"></a> ati-uṇhaṃ,</p>\r\n<p class="gatha2">Ati-sāyamidaṃ ahu;</p>\r\n<p class="gatha3">Iti vissaṭṭha-kammantte,</p>\r\n<p class="gathalast">Atthā accenti māṇave.</p>\r\n<p class="hangnum"><a name="para185"></a><span class="paranum">185</span>.</p>\r\n<p class="gatha1"> </p>','\r',char(13)),'\n',char(10)),'-185-');
INSERT INTO pages (bookid, page, content, paranum) VALUES('annya_niti_gantha_sangaho_e1009n',345,replace(replace('<p class="gatha1">Na <a name="M0.0345"></a> divā suppa-sīlena,</p>\r\n<p class="gatha2">Rattinaṭṭhānadessinā;</p>\r\n<p class="gatha3">Niccaṃ mattena soṇḍena,</p>\r\n<p class="gathalast">Sakkā āvasituṃ gharaṃ.</p>\r\n<p class="hangnum"><a name="para186"></a><span class="paranum">186</span>.</p>\r\n<p class="gatha1"> </p>','\r',char(13)),'\n',char(10)),'-186-');
INSERT INTO pages (bookid, page, content, paranum) VALUES('annya_niti_gantha_sangaho_e1009n',346,replace(replace('<p class="gatha1">Hananti <a name="M0.0346"></a> bhogā dummedhaṃ,</p>\r\n<p class="gatha2">No ce pāra-gavesino;</p>\r\n<p class="gatha3">Bhoga-taṇhāya dummedho,</p>\r\n<p class="gathalast">Hanti aññeva attanaṃ.</p>\r\n<p class="hangnum"><a name="para187"></a><span class="paranum">187</span>.</p>\r\n<p class="gatha1"> </p>','\r',char(13)),'\n',char(10)),'-187-');
INSERT INTO pages (bookid, page, content, paranum) VALUES('annya_niti_gantha_sangaho_e1009n',348,replace(replace('<p class="gatha1">Dujjīvitamajīvimhā<a name="M0.0348"></a>,</p>\r\n<p class="gatha2">Yesaṃ no na dadāmase;</p>\r\n<p class="gatha3">Vijjamānesu bhogesu,</p>\r\n<p class="gathalast">Dīpaṃ nā kamha mattano.</p>\r\n<p class="hangnum"><a name="para188"></a><span class="paranum">188</span>.</p>\r\n<p class="gatha1"> </p>','\r',char(13)),'\n',char(10)),'-188-');
INSERT INTO pages (bookid, page, content, paranum) VALUES('annya_niti_gantha_sangaho_e1009n',349,replace(replace('<p class="gatha1">Saṭṭhi-vassa-sahassāni<a name="M0.0349"></a>,</p>\r\n<p class="gatha2">Paripuṇṇāni sabbaso;</p>\r\n<p class="gatha3">Niraye paccamānānaṃ,</p>\r\n<p class="gathalast">Kadā anto bhavissati.</p>\r\n<p class="hangnum"><a name="para189"></a><span class="paranum">189</span>.</p>\r\n<p class="gatha1"> </p>','\r',char(13)),'\n',char(10)),'-189-');
INSERT INTO pages (bookid, page, content, paranum) VALUES('annya_niti_gantha_sangaho_e1009n',350,replace(replace('<p class="gatha1">Natthi <a name="M0.0350"></a> anto kuto anto,</p>\r\n<p class="gatha2">Na anto patidissati;</p>\r\n<p class="gatha3">Tadā hi pakataṃ pāpaṃ,</p>\r\n<p class="gathalast">Mama tuyhañce mārisā;</p>\r\n<p class="hangnum"><a name="para190"></a><span class="paranum">190</span>.</p>\r\n<p class="gatha1"> </p>','\r',char(13)),'\n',char(10)),'-190-');
INSERT INTO pages (bookid, page, content, paranum) VALUES('annya_niti_gantha_sangaho_e1009n',351,replace(replace('<p class="gatha1">Sohaṃ <a name="M0.0351"></a> nūna ito gantā,</p>\r\n<p class="gatha2">Yoni laddhāna mānusaṃ;</p>\r\n<p class="gatha3">Vadaññū sīla-sampanno,</p>\r\n<p class="gathalast">Kāhāmi kusalaṃ bahuṃ.</p>\r\n<p class="hangnum"><a name="para191"></a><span class="paranum">191</span>.</p>\r\n<p class="gatha1"> </p>','\r',char(13)),'\n',char(10)),'-191-');
INSERT INTO pages (bookid, page, content, paranum) VALUES('annya_niti_gantha_sangaho_e1009n',352,replace(replace('<p class="gatha1">Mā <a name="M0.0352"></a> gijjhe paccaye macco,</p>\r\n<p class="gatha2">Bahu-dosā hi paccayā;</p>\r\n<p class="gatha3">Caranto paccaye ñāyā,</p>\r\n<p class="gathalast">Ubhayatthāpi vaḍḍhati.</p>\r\n<p class="hangnum"><a name="para192"></a><span class="paranum">192</span>.</p>\r\n<p class="gatha1"> </p>','\r',char(13)),'\n',char(10)),'-192-');
INSERT INTO pages (bookid, page, content, paranum) VALUES('annya_niti_gantha_sangaho_e1009n',354,replace(replace('<p class="gatha1">A-laddhā <a name="M0.0354"></a> vittaṃ tappati,</p>\r\n<p class="gatha2">Pubbe a-samudānitaṃ;</p>\r\n<p class="gatha3">Na pubbe dhanamesissaṃ,</p>\r\n<p class="gathalast">Iti pacchānutappati.</p>\r\n<p class="hangnum"><a name="para193"></a><span class="paranum">193</span>.</p>\r\n<p class="gatha1"> </p>','\r',char(13)),'\n',char(10)),'-193-');
INSERT INTO pages (bookid, page, content, paranum) VALUES('annya_niti_gantha_sangaho_e1009n',356,replace(replace('<p class="gatha1">Kūṭavedī <a name="M0.0356"></a> pure āsiṃ,</p>\r\n<p class="gatha2">Pisuṇo piṭṭhi-maṃsiko;</p>\r\n<p class="gatha3">Caṇḍo ca pharuso cāpi,</p>\r\n<p class="gathalast">Iti pacchānutappati.</p>\r\n<p class="hangnum"><a name="para194"></a><span class="paranum">194</span>.</p>\r\n<p class="gatha1"> </p>','\r',char(13)),'\n',char(10)),'-194-');
INSERT INTO pages (bookid, page, content, paranum) VALUES('annya_niti_gantha_sangaho_e1009n',357,replace(replace('<p class="gatha1">Pāṇātipātī <a name="M0.0357"></a> pure āsiṃ,</p>\r\n<p class="gatha2">Luddo cāpi anariyo;</p>\r\n<p class="gatha3">Bhūtānaṃ nānukampiyaṃ,</p>\r\n<p class="gathalast">Iti pacchānutappati.</p>\r\n<p class="hangnum"><a name="para195"></a><span class="paranum">195</span>.</p>\r\n<p class="gatha1"> </p>','\r',char(13)),'\n',char(10)),'-195-');
INSERT INTO pages (bookid, page, content, paranum) VALUES('annya_niti_gantha_sangaho_e1009n',359,replace(replace('<p class="gatha1">Bahūsu <a name="M0.0359"></a> vata santīsu,</p>\r\n<p class="gatha2">Anāpādāsu itthisu;</p>\r\n<p class="gatha3">Para-dāraṃ asevissaṃ,</p>\r\n<p class="gathalast">Iti pacchānutappati.</p>\r\n<p class="hangnum"><a name="para196"></a><span class="paranum">196</span>.</p>\r\n<p class="gatha1"> </p>','\r',char(13)),'\n',char(10)),'-196-');
INSERT INTO pages (bookid, page, content, paranum) VALUES('annya_niti_gantha_sangaho_e1009n',360,replace(replace('<p class="gatha1">Bahumhi <a name="M0.0360"></a> tava santamhi,</p>\r\n<p class="gatha2">Anna-pāne upaṭṭhite;</p>\r\n<p class="gatha3">Na pubbe adadaṃ dānaṃ,</p>\r\n<p class="gathalast">Iti pacchānutappati.</p>\r\n<p class="hangnum"><a name="para197"></a><span class="paranum">197</span>.</p>\r\n<p class="gatha1"> </p>','\r',char(13)),'\n',char(10)),'-197-');
INSERT INTO pages (bookid, page, content, paranum) VALUES('annya_niti_gantha_sangaho_e1009n',362,replace(replace('<p class="gatha1">Mātaraṃ <a name="M0.0362"></a> pitarañcāpi,</p>\r\n<p class="gatha2">Jiṇṇakaṃ gata-yobbanaṃ;</p>\r\n<p class="gatha3">Pahu santo na posissaṃ,</p>\r\n<p class="gathalast">Iti pacchānukappati.</p>\r\n<p class="hangnum"><a name="para198"></a><span class="paranum">198</span>.</p>\r\n<p class="gatha1"> </p>','\r',char(13)),'\n',char(10)),'-198-');
INSERT INTO pages (bookid, page, content, paranum) VALUES('annya_niti_gantha_sangaho_e1009n',363,replace(replace('<p class="gatha1">Ācariyamanusatthāraṃ<a name="M0.0363"></a>,</p>\r\n<p class="gatha2">Sabba-kāma-rasāharaṃ;</p>\r\n<p class="gatha3">Pitaraṃ atimaññissaṃ,</p>\r\n<p class="gathalast">Iti pacchānutappati.</p>\r\n<p class="hangnum"><a name="para199"></a><span class="paranum">199</span>.</p>\r\n<p class="gatha1"> </p>','\r',char(13)),'\n',char(10)),'-199-');
INSERT INTO pages (bookid, page, content, paranum) VALUES('annya_niti_gantha_sangaho_e1009n',365,replace(replace('<p class="gatha1">Samaṇe <a name="M0.0365"></a> brāhmaṇe cāpi,</p>\r\n<p class="gatha2">Sīlavante bahussute;</p>\r\n<p class="gatha3">Na pubbe payirupāsissaṃ,</p>\r\n<p class="gathalast">Iti pacchānutappati.</p>\r\n<p class="hangnum"><a name="para200"></a><span class="paranum">200</span>.</p>\r\n<p class="gatha1"> </p>','\r',char(13)),'\n',char(10)),'-200-');
INSERT INTO pages (bookid, page, content, paranum) VALUES('annya_niti_gantha_sangaho_e1009n',366,replace(replace('<p class="gatha1">Sādhu <a name="M0.0366"></a> hoti tapo ciṇṇo,</p>\r\n<p class="gatha2">Santo ca payirupāsito;</p>\r\n<p class="gatha3">Na pubbeva tapociṇṇo,</p>\r\n<p class="gathalast">Iti pacchānutappati.</p>\r\n<p class="hangnum"><a name="para201"></a><span class="paranum">201</span>.</p>\r\n<p class="gatha1"> </p>','\r',char(13)),'\n',char(10)),'-201-');
INSERT INTO pages (bookid, page, content, paranum) VALUES('annya_niti_gantha_sangaho_e1009n',368,replace(replace('<p class="gatha1">Yo <a name="M0.0368"></a> ca etāni ṭhānāni,</p>\r\n<p class="gatha2">Yoniso paṭipajjati;</p>\r\n<p class="gatha3">Karaṃ purisa-kiccāni,</p>\r\n<p class="gathalast">Sa pacchā nānutappati.</p>\r\n<p class="hangnum"><a name="para202"></a><span class="paranum">202</span>.</p>\r\n<p class="gatha1"> </p>','\r',char(13)),'\n',char(10)),'-202-');
INSERT INTO pages (bookid, page, content, paranum) VALUES('annya_niti_gantha_sangaho_e1009n',370,replace(replace('<p class="gatha1">Na <a name="M0.0370"></a> sādhāraṇa-dārassa,</p>\r\n<p class="gatha2">Na bhuñje sādhumekako;</p>\r\n<p class="gatha3">Na seve lokāyatikaṃ,</p>\r\n<p class="gathalast">Netaṃ paññāya vaḍḍhanaṃ.</p>\r\n<p class="hangnum"><a name="para203"></a><span class="paranum">203</span>.</p>\r\n<p class="gatha1"> </p>','\r',char(13)),'\n',char(10)),'-203-');
INSERT INTO pages (bookid, page, content, paranum) VALUES('annya_niti_gantha_sangaho_e1009n',372,replace(replace('<p class="gatha1">Sīlavā <a name="M0.0372"></a> vatta-sampanno,</p>\r\n<p class="gatha2">A-ppamatto vicakkhaṇo;</p>\r\n<p class="gatha3">Nivātta-vutti atthaddho,</p>\r\n<p class="gathalast">Surato sakhito mudu.</p>\r\n<p class="hangnum"><a name="para204"></a><span class="paranum">204</span>.</p>\r\n<p class="gatha1"> </p>','\r',char(13)),'\n',char(10)),'-204-');
INSERT INTO pages (bookid, page, content, paranum) VALUES('annya_niti_gantha_sangaho_e1009n',374,replace(replace('<p class="gatha1">Saṅgahetā <a name="M0.0374"></a> ca mittānaṃ,</p>\r\n<p class="gatha2">Saṃvibhāgī vīdhānavā;</p>\r\n<p class="gatha3">Tappeyya anna-pānena,</p>\r\n<p class="gathalast">Sadā samaṇa-brāhmaṇe.</p>\r\n<p class="hangnum"><a name="para205"></a><span class="paranum">205</span>.</p>\r\n<p class="gatha1"> </p>','\r',char(13)),'\n',char(10)),'-205-');
INSERT INTO pages (bookid, page, content, paranum) VALUES('annya_niti_gantha_sangaho_e1009n',376,replace(replace('<p class="gatha1">Dhamma-kāmo <a name="M0.0376"></a> sutā-dhāro,</p>\r\n<p class="gatha2">Bhaveyya paripucchako;</p>\r\n<p class="gatha3">Sakkaccaṃ payirupāseyya,</p>\r\n<p class="gathalast">Sīlavante bahussutte.</p>\r\n<p class="hangnum"><a name="para206"></a><span class="paranum">206</span>.</p>\r\n<p class="gatha1"> </p>','\r',char(13)),'\n',char(10)),'-206-');
INSERT INTO pages (bookid, page, content, paranum) VALUES('annya_niti_gantha_sangaho_e1009n',377,replace(replace('<p class="gatha1">Gharamāvasamānassa<a name="M0.0377"></a>,</p>\r\n<p class="gatha2">Gahaṭṭhassa sakaṃ gharaṃ;</p>\r\n<p class="gatha3">Khemā vutti siyā evaṃ,</p>\r\n<p class="gathalast">Evaṃ nu assa saṅgaho.</p>\r\n<p class="hangnum"><a name="para207"></a><span class="paranum">207</span>.</p>\r\n<p class="gatha1"> </p>','\r',char(13)),'\n',char(10)),'-207-');
INSERT INTO pages (bookid, page, content, paranum) VALUES('annya_niti_gantha_sangaho_e1009n',378,replace(replace('<p class="gatha1">A-byapajjo <a name="M0.0378"></a> siyā evaṃ,</p>\r\n<p class="gatha2">Sacca-vādī ca māṇavo;</p>\r\n<p class="gatha3">Asmā lokā paraṃ lokaṃ,</p>\r\n<p class="gathalast">Evaṃ pecca na socati.</p>\r\n<p class="hangnum"><a name="para208"></a><span class="paranum">208</span>.</p>\r\n<p class="gatha1"> </p>','\r',char(13)),'\n',char(10)),'-208-');
INSERT INTO pages (bookid, page, content, paranum) VALUES('annya_niti_gantha_sangaho_e1009n',379,replace(replace('<p class="gatha1">Sukhā <a name="M0.0379"></a> matteyyatā loke,</p>\r\n<p class="gatha2">Atho petteyyatā sukhā;</p>\r\n<p class="gatha3">Sukhā sāmaññatā loke,</p>\r\n<p class="gathalast">Atho brahmaññatā sukhā.</p>\r\n<p class="hangnum"><a name="para209"></a><span class="paranum">209</span>.</p>\r\n<p class="gatha1"> </p>','\r',char(13)),'\n',char(10)),'-209-');
INSERT INTO pages (bookid, page, content, paranum) VALUES('annya_niti_gantha_sangaho_e1009n',381,replace(replace('<p class="gatha1">Pathavī <a name="M0.0381"></a> veḷukaṃ pattaṃ,</p>\r\n<p class="gatha2">Cakkavāḷaṃ sucipphalaṃ;</p>\r\n<p class="gatha3">Sineru vammiko khuddo,</p>\r\n<p class="gathalast">Samuddo pātiko yathā.</p>\r\n<p class="hangnum"><a name="para210"></a><span class="paranum">210</span>.</p>\r\n<p class="gatha1"> </p>','\r',char(13)),'\n',char(10)),'-210-');
INSERT INTO pages (bookid, page, content, paranum) VALUES('annya_niti_gantha_sangaho_e1009n',382,replace(replace('<p class="gatha1">Brahmāti <a name="M0.0382"></a> mātā-pitaro,</p>\r\n<p class="gatha2">Pubbācariyāti vuccare;</p>\r\n<p class="gatha3">Āhuneyyā ca puttānaṃ,</p>\r\n<p class="gathalast">Pajānamanukampakā.</p>\r\n<p class="hangnum"><a name="para211"></a><span class="paranum">211</span>.</p>\r\n<p class="gatha1"> </p>','\r',char(13)),'\n',char(10)),'-211-');
INSERT INTO pages (bookid, page, content, paranum) VALUES('annya_niti_gantha_sangaho_e1009n',384,replace(replace('<p class="gatha1">Tasmā <a name="M0.0384"></a> hi ne namaseyya,</p>\r\n<p class="gatha2">Sakkareyya ca paṇḍito;</p>\r\n<p class="gatha3">Annena atho pānena,</p>\r\n<p class="gathalast">Vatthena sayanena ca.</p>\r\n<p class="chapter">Sādhujana-niddesa</p>\r\n<p class="hangnum"><a name="para212"></a><span class="paranum">212</span>.</p>\r\n<p class="gatha1"> </p>','\r',char(13)),'\n',char(10)),'-212-');
INSERT INTO pages (bookid, page, content, paranum) VALUES('annya_niti_gantha_sangaho_e1009n',386,replace(replace('<p class="gatha1">Kāya-kammaṃ <a name="M0.0386"></a> suci tesaṃ,</p>\r\n<p class="gatha2">Vācā-kammaṃ anāvilaṃ;</p>\r\n<p class="gatha3">Mano-kammaṃ suci-suddhaṃ,</p>\r\n<p class="gathalast">Tādisā sujanā narā.</p>\r\n<p class="hangnum"><a name="para213"></a><span class="paranum">213</span>.</p>\r\n<p class="gatha1"> </p>','\r',char(13)),'\n',char(10)),'-213-');
INSERT INTO pages (bookid, page, content, paranum) VALUES('annya_niti_gantha_sangaho_e1009n',387,replace(replace('<p class="gatha1">Seṭṭha-vittaṃ <a name="M0.0387"></a> sutaṃ paññā,</p>\r\n<p class="gatha2">Saddhanaṃ sattadhā hotti;</p>\r\n<p class="gatha3">Saddhā sīlaṃ sutaṃ cāgo,</p>\r\n<p class="gathalast">Paññā ceva hirottappaṃ.</p>\r\n<p class="hangnum"><a name="para214"></a><span class="paranum">214</span>.</p>\r\n<p class="gatha1"> </p>','\r',char(13)),'\n',char(10)),'-214-');
INSERT INTO pages (bookid, page, content, paranum) VALUES('annya_niti_gantha_sangaho_e1009n',389,replace(replace('<p class="gatha1">Saddhammāpi <a name="M0.0389"></a> ca satteva,</p>\r\n<p class="gatha2">Saddhā hirī ca ottappaṃ;</p>\r\n<p class="gatha3">Bāhussaccaṃ dhiro ceva,</p>\r\n<p class="gathalast">Sati paññā ca iccevaṃ.</p>\r\n<p class="hangnum"><a name="para215"></a><span class="paranum">215</span>.</p>\r\n<p class="gatha1"> </p>','\r',char(13)),'\n',char(10)),'-215-');
INSERT INTO pages (bookid, page, content, paranum) VALUES('annya_niti_gantha_sangaho_e1009n',390,replace(replace('<p class="gatha1">Hirī-ottappa-sampannā<a name="M0.0390"></a>,</p>\r\n<p class="gatha2">Suktka-dhamma-samāhitā;</p>\r\n<p class="gatha3">Santo sappurisā loke,</p>\r\n<p class="gathalast">Deva-dhammāti vuccare.</p>\r\n<p class="hangnum"><a name="para216"></a><span class="paranum">216</span>.</p>\r\n<p class="gatha1"> </p>','\r',char(13)),'\n',char(10)),'-216-');
INSERT INTO pages (bookid, page, content, paranum) VALUES('annya_niti_gantha_sangaho_e1009n',392,replace(replace('<p class="gatha1">Saddho <a name="M0.0392"></a> hirimā ottappī,</p>\r\n<p class="gatha2">Vīro pañño sa-gāravo;</p>\r\n<p class="gatha3">Bhabbo āpajjituṃ buddhiṃ,</p>\r\n<p class="gathalast">Virūḷhiñca vipullataṃ.</p>\r\n<p class="hangnum"><a name="para217"></a><span class="paranum">217</span>.</p>\r\n<p class="gatha1"> </p>','\r',char(13)),'\n',char(10)),'-217-');
INSERT INTO pages (bookid, page, content, paranum) VALUES('annya_niti_gantha_sangaho_e1009n',393,replace(replace('<p class="gatha1">Yo <a name="M0.0393"></a> ve kataññū kata-vedi dhīro,</p>\r\n<p class="gatha2">Kalyāṇa-mitto daḷhaa-bhatto ca hoti;</p>\r\n<p class="gatha3">Dukkhittassa sakkaccaṃ karoti kiccaṃ,</p>\r\n<p class="gathalast">Tathāvidhaṃ sappurisaṃ vadanti.</p>\r\n<p class="hangnum"><a name="para218"></a><span class="paranum">218</span>.</p>\r\n<p class="gatha1"> </p>','\r',char(13)),'\n',char(10)),'-218-');
INSERT INTO pages (bookid, page, content, paranum) VALUES('annya_niti_gantha_sangaho_e1009n',395,replace(replace('<p class="gatha1">Mātā-petti-bharaṃ <a name="M0.0395"></a> jantuṃ,</p>\r\n<p class="gatha2">Kule jeṭṭhāpacāyinaṃ;</p>\r\n<p class="gatha3">Saṇhaṃ sakhila-sambhāsaṃ,</p>\r\n<p class="gathalast">Pesuṇeyappahāyinaṃ.</p>\r\n<p class="hangnum"><a name="para219"></a><span class="paranum">219</span>.</p>\r\n<p class="gatha1"> Macchera-vinaye yuttaṃ,</p>\r\n<p class="gatha2">Saccaṃ kodhābhituṃ naraṃ;</p>\r\n<p class="gatha3">Taṃ ve devā tāvatiṃsā,</p>\r\n<p class="gathalast">Āhu sappuriso iti.</p>\r\n<p class="hangnum"><a name="para220"></a><span class="paranum">220</span>.</p>\r\n<p class="gatha1"> </p>','\r',char(13)),'\n',char(10)),'-219-220-');
INSERT INTO pages (bookid, page, content, paranum) VALUES('annya_niti_gantha_sangaho_e1009n',398,replace(replace('<p class="gatha1">A-ppamādena <a name="M0.0398"></a> maghavā,</p>\r\n<p class="gatha2">Devānaṃ seṭṭhataṃ gato;</p>\r\n<p class="gatha3">A-ppamādaṃ pasaṃsanti,</p>\r\n<p class="gathalast">Pamādo garahito sadā.</p>\r\n<p class="hangnum"><a name="para221"></a><span class="paranum">221</span>.</p>\r\n<p class="gatha1"> </p>','\r',char(13)),'\n',char(10)),'-221-');
INSERT INTO pages (bookid, page, content, paranum) VALUES('annya_niti_gantha_sangaho_e1009n',399,replace(replace('<p class="gatha1">Dānaṃ <a name="M0.0399"></a> sīlaṃ pariccāgaṃ,</p>\r\n<p class="gatha2">Ājjavaṃ maddavaṃ tapaṃ;</p>\r\n<p class="gatha3">A-kodhaṃ a-vihiṃsañca,</p>\r\n<p class="gathalast">Khantīca a-virodhanaṃ.</p>\r\n<p class="hangnum"><a name="para222"></a><span class="paranum">222</span>.</p>\r\n<p class="gatha1"> Iccete kusale dhamme,</p>\r\n<p class="gatha2">Ṭhite passāmi attani;</p>\r\n<p class="gatha3">Tato me jāyate pīti,</p>\r\n<p class="gathalast">Somanassañcanappakaṃ.</p>\r\n<p class="hangnum"><a name="para223"></a><span class="paranum">223</span>.</p>\r\n<p class="gatha1"> </p>','\r',char(13)),'\n',char(10)),'-222-223-');
INSERT INTO pages (bookid, page, content, paranum) VALUES('annya_niti_gantha_sangaho_e1009n',402,replace(replace('<p class="gatha1">Nanu <a name="M0.0402"></a> teyeva santā no,</p>\r\n<p class="gatha2">Sāgarā na kulācalā;</p>\r\n<p class="gatha3">Manaṃpi mariyādaṃ ye,</p>\r\n<p class="gathalast">Saṃvaṭṭepi jahanti no.</p>\r\n<p class="hangnum"><a name="para224"></a><span class="paranum">224</span>.</p>\r\n<p class="gatha1"> </p>','\r',char(13)),'\n',char(10)),'-224-');
INSERT INTO pages (bookid, page, content, paranum) VALUES('annya_niti_gantha_sangaho_e1009n',403,replace(replace('<p class="gatha1">Na <a name="M0.0403"></a> puppha-gandho paṭivātameti,</p>\r\n<p class="gatha2">Na candanaṃ taggara mallikā vā;</p>\r\n<p class="gatha3">Satañca gandho paṭivātameti,</p>\r\n<p class="gathalast">Sabbā disā sappuriso pavāyati.</p>\r\n<p class="hangnum"><a name="para225"></a><span class="paranum">225</span>.</p>\r\n<p class="gatha1"> </p>','\r',char(13)),'\n',char(10)),'-225-');
INSERT INTO pages (bookid, page, content, paranum) VALUES('annya_niti_gantha_sangaho_e1009n',405,replace(replace('<p class="gatha1">Tepi <a name="M0.0405"></a> loka-hitā sattā,</p>\r\n<p class="gatha2">Sūriyo candimā api;</p>\r\n<p class="gatha3">Atthaṃ passa gamissanti,</p>\r\n<p class="gathalast">Niyamo kena laṅghate.</p>\r\n<p class="hangnum"><a name="para226"></a><span class="paranum">226</span>.</p>\r\n<p class="gatha1"> </p>','\r',char(13)),'\n',char(10)),'-226-');
INSERT INTO pages (bookid, page, content, paranum) VALUES('annya_niti_gantha_sangaho_e1009n',406,replace(replace('<p class="gatha1">Satthā <a name="M0.0406"></a> deva-manussānaṃ,</p>\r\n<p class="gatha2">Vasī sopi munissaro;</p>\r\n<p class="gatha3">Gatova nibbutiṃ sabbe,</p>\r\n<p class="gathalast">Saṅkhārā na hi sassatā.</p>\r\n<p class="hangnum"><a name="para227"></a><span class="paranum">227</span>.</p>\r\n<p class="gatha1"> </p>','\r',char(13)),'\n',char(10)),'-227-');
INSERT INTO pages (bookid, page, content, paranum) VALUES('annya_niti_gantha_sangaho_e1009n',407,replace(replace('<p class="gatha1">Kareyya <a name="M0.0407"></a> kusalaṃ sabbaṃ,</p>\r\n<p class="gatha2">Sivaṃ nibbānamāvahaṃ;</p>\r\n<p class="gatha3">Sareyyaa a-niccaṃ khandhaṃ,</p>\r\n<p class="gathalast">Nibbidā-ñāṇa-gocaraṃ.</p>\r\n<p class="hangnum"><a name="para228"></a><span class="paranum">228</span>.</p>\r\n<p class="gatha1"> </p>','\r',char(13)),'\n',char(10)),'-228-');
INSERT INTO pages (bookid, page, content, paranum) VALUES('annya_niti_gantha_sangaho_e1009n',408,replace(replace('<p class="gatha1">Yātānuyāyī <a name="M0.0408"></a> ca bhavāhi māṇava,</p>\r\n<p class="gatha2">Allañca pāṇiṃ parivajjayassu;</p>\r\n<p class="gatha3">Mā cassu mittesu kadāci dubbhi,</p>\r\n<p class="gathalast">Mā ca vasaṃ a-satīnaṃ gaccha.</p>\r\n<p class="hangnum"><a name="para229"></a><span class="paranum">229</span>.</p>\r\n<p class="gatha1"> </p>','\r',char(13)),'\n',char(10)),'-229-');
INSERT INTO pages (bookid, page, content, paranum) VALUES('annya_niti_gantha_sangaho_e1009n',411,replace(replace('<p class="gatha1">A-sandhavaṃ <a name="M0.0411"></a> nāpi ca diṭṭha-pubbaṃ,</p>\r\n<p class="gatha2">Yo āsanenāpi nimantayeyya;</p>\r\n<p class="gatha3">Tasseva atthaṃ puriso kareyya,</p>\r\n<p class="gathalast">Yātānuyāyītitamāhupaṇḍitā.</p>\r\n<p class="hangnum"><a name="para230"></a><span class="paranum">230</span>.</p>\r\n<p class="gatha1"> </p>','\r',char(13)),'\n',char(10)),'-230-');
INSERT INTO pages (bookid, page, content, paranum) VALUES('annya_niti_gantha_sangaho_e1009n',412,replace(replace('<p class="gatha1">Yassekarattipi <a name="M0.0412"></a> ghare vaseyya,</p>\r\n<p class="gatha2">Yatthanna-pānaṃ puriso labheyya;</p>\r\n<p class="gatha3">Na tassa pāpaṃ manasāpi cinteyya,</p>\r\n<p class="gathalast">A-dubbha-pāṇi dahate mitta-dubbho.</p>\r\n<p class="subhead">Tatīya sādhunara</p>\r\n<p class="hangnum"><a name="para231"></a><span class="paranum">231</span>.</p>\r\n<p class="gatha1"> </p>','\r',char(13)),'\n',char(10)),'-231-');
INSERT INTO pages (bookid, page, content, paranum) VALUES('annya_niti_gantha_sangaho_e1009n',414,replace(replace('<p class="gatha1">Yassa <a name="M0.0414"></a> rukkhassa chāyāya,</p>\r\n<p class="gatha2">Nisīdeyya sayeyya vā;</p>\r\n<p class="gatha3">Na tassa sākhaṃ bhañjeyya,</p>\r\n<p class="gathalast">Mitta-dubbho hi pāpako.</p>\r\n<p class="subhead">Catuttha sādhunara</p>\r\n<p class="hangnum"><a name="para232"></a><span class="paranum">232</span>.</p>\r\n<p class="gatha1"> </p>','\r',char(13)),'\n',char(10)),'-232-');
INSERT INTO pages (bookid, page, content, paranum) VALUES('annya_niti_gantha_sangaho_e1009n',415,replace(replace('<p class="gatha1">Puṇṇaṃpi <a name="M0.0415"></a> ce maṃ pathaviṃ dhanena,</p>\r\n<p class="gatha2">Dajjitthiyā puriso sammatāya;</p>\r\n<p class="gatha3">Saddhā khaṇaṃ atimaññeyya taṃpi,</p>\r\n<p class="gathalast">Tāsaṃ vasaṃ a-satīnaṃ na gacche.</p>\r\n<p class="hangnum"><a name="para233"></a><span class="paranum">233</span>.</p>\r\n<p class="gatha1"> </p>','\r',char(13)),'\n',char(10)),'-233-');
INSERT INTO pages (bookid, page, content, paranum) VALUES('annya_niti_gantha_sangaho_e1009n',417,replace(replace('<p class="gatha1">Evaṃ <a name="M0.0417"></a> kho yātaṃ anuyāyī hoti,</p>\r\n<p class="gatha2">Allañca pāṇiṃ dahate punevaṃ;</p>\r\n<p class="gatha3">A-satī ca sā so pana mittaṃ-dubbho,</p>\r\n<p class="gathalast">So dhammiko hohi jahassu a-dhammaṃ.</p>\r\n<p class="chapter">Kāyakhamanīya-niddesa</p>\r\n<p class="hangnum"><a name="para234"></a><span class="paranum">234</span>.</p>\r\n<p class="gatha1"> </p>','\r',char(13)),'\n',char(10)),'-234-');
INSERT INTO pages (bookid, page, content, paranum) VALUES('annya_niti_gantha_sangaho_e1009n',420,replace(replace('<p class="gatha1">Abhivādana-sīlissa<a name="M0.0420"></a>,</p>\r\n<p class="gatha2">Niccaṃ vuḍḍhāpacāyino;</p>\r\n<p class="gatha3">Cattāro dhammā vaḍḍhanti,</p>\r\n<p class="gathalast">Āyu vaṇṇo sukhaṃ balaṃ.</p>','\r',char(13)),'\n',char(10)),'');
INSERT INTO pages (bookid, page, content, paranum) VALUES('annya_niti_gantha_sangaho_e1009n',421,replace(replace('<p class="bodytext"><a name="para235"></a><span class="paranum">235</span>. Pañcime <a name="M0.0421"></a> bhikkhave dhammā āyussā, katame pañca. Sappāya-kārī hoti. Sappāyeca mattaṃ jānāti. Pariṇattabhojī ca hoti. Kāla-cārī ca, brahma-cārīca. Ime kho bhikkhave pañca dhammā āyussāti.</p>','\r',char(13)),'\n',char(10)),'-235-');
INSERT INTO pages (bookid, page, content, paranum) VALUES('annya_niti_gantha_sangaho_e1009n',424,replace(replace('<p class="bodytext"><a name="para236"></a><span class="paranum">236</span>. Pañcime <a name="M0.0424"></a> bhikkhave dhammā āyussā, katame pañca. Sappāya-kārī hoti. Sappāyeca mattaṃ jānāti. Pariṇatabhojīcahoti. Sīlavāca, kalyāṇa mittoca. Ime kho bhikkhave pañca dhammā āyussāti.</p>\r\n<p class="hangnum"><a name="para237"></a><span class="paranum">237</span>.</p>\r\n<p class="gatha1"> </p>','\r',char(13)),'\n',char(10)),'-236-237-');
INSERT INTO pages (bookid, page, content, paranum) VALUES('annya_niti_gantha_sangaho_e1009n',427,replace(replace('<p class="gatha1">Pañca-sīlaṃ <a name="M0.0427"></a> samādāya,</p>\r\n<p class="gatha2">Samaṃ katvā dine dine;</p>\r\n<p class="gatha3">Satimā paññavā hutvā,</p>\r\n<p class="gathalast">Care sabbiriyāpathe.</p>','\r',char(13)),'\n',char(10)),'');
INSERT INTO pages (bookid, page, content, paranum) VALUES('annya_niti_gantha_sangaho_e1009n',428,replace(replace('<p class="bodytext"><a name="para238"></a><span class="paranum">238</span>. Pañcime <a name="M0.0428"></a> bhikkhave caṅkame ānisaṃsā, katame pañca, addhānakkhamo hoti. Padhānakkhamo hoti. Appābādho hoti. Asitaṃpītaṃkhāyitaṃsāyitaṃ sammā pariṇāmaṃ gacchati. Caṅkamādhigato samādhi ciraṭṭhitiko hoti. Imekho bhikkhave pañca caṅkame āni saṃsāti.</p>\r\n<p class="hangnum"><a name="para239"></a><span class="paranum">239</span>.</p>\r\n<p class="gatha1"> </p>','\r',char(13)),'\n',char(10)),'-238-239-');
INSERT INTO pages (bookid, page, content, paranum) VALUES('annya_niti_gantha_sangaho_e1009n',431,replace(replace('<p class="gatha1">Parissāvana-dānañca<a name="M0.0431"></a>,</p>\r\n<p class="gatha2">Āvāsa-dānameva ca;</p>\r\n<p class="gatha3">Gilāna-vatthu-dānañca,</p>\r\n<p class="gathalast">Dātabbaṃ manujādhipa.</p>\r\n<p class="hangnum"><a name="para240"></a><span class="paranum">240</span>.</p>\r\n<p class="gatha1"> </p>','\r',char(13)),'\n',char(10)),'-240-');
INSERT INTO pages (bookid, page, content, paranum) VALUES('annya_niti_gantha_sangaho_e1009n',432,replace(replace('<p class="gatha1">Kātabbaṃ <a name="M0.0432"></a> jiṇṇakāvāsaṃ,</p>\r\n<p class="gatha2">Paṭisaṅkharaṇaṃ tathā;</p>\r\n<p class="gatha3">Pañca-sīla-samādānaṃ,</p>\r\n<p class="gatha2">Katvā taṃ sādhu-rakkhitaṃ;</p>\r\n<p class="gatha3">Uposathopavāso ca,</p>\r\n<p class="gathalast">Kātabboposathe iti.</p>\r\n<p class="hangnum"><a name="para241"></a><span class="paranum">241</span>.</p>\r\n<p class="gatha1"> </p>','\r',char(13)),'\n',char(10)),'-241-');
INSERT INTO pages (bookid, page, content, paranum) VALUES('annya_niti_gantha_sangaho_e1009n',434,replace(replace('<p class="gatha1">Ati-bhottā <a name="M0.0434"></a> roga-mūlaṃ,</p>\r\n<p class="gatha2">Āyukkhayaṃ karoti ve;</p>\r\n<p class="gatha3">Tasmā taṃ ati-bhuttiṃva,</p>\r\n<p class="gathalast">Parihareyya paṇḍito.</p>\r\n<p class="hangnum"><a name="para242"></a><span class="paranum">242</span>.</p>\r\n<p class="gatha1"> </p>','\r',char(13)),'\n',char(10)),'-242-');
INSERT INTO pages (bookid, page, content, paranum) VALUES('annya_niti_gantha_sangaho_e1009n',435,replace(replace('<p class="gatha1">A-jiṇṇe <a name="M0.0435"></a> bhojanaṃ visaṃ,</p>\r\n<p class="gatha2">Dulladdhe a-vicārake;</p>\r\n<p class="gatha3">Jiṇṇe su-laddhe vicāre,</p>\r\n<p class="gathalast">Na vajjaṃ sabba-bhojanaṃ.</p>\r\n<p class="hangnum"><a name="para243"></a><span class="paranum">243</span>.</p>\r\n<p class="gatha1"> </p>','\r',char(13)),'\n',char(10)),'-243-');
INSERT INTO pages (bookid, page, content, paranum) VALUES('annya_niti_gantha_sangaho_e1009n',437,replace(replace('<p class="gatha1">Cattāro <a name="M0.0437"></a> pañca ālope,</p>\r\n<p class="gatha2">Ābhutvā udakaṃ pive;</p>\r\n<p class="gatha3">Alaṃ phāsu-vihārāya;</p>\r\n<p class="gathalast">Pahitattassa bhikkhuno.</p>\r\n<p class="hangnum"><a name="para244"></a><span class="paranum">244</span>.</p>\r\n<p class="gatha1"> </p>','\r',char(13)),'\n',char(10)),'-244-');
INSERT INTO pages (bookid, page, content, paranum) VALUES('annya_niti_gantha_sangaho_e1009n',438,replace(replace('<p class="gatha1">Manujassa <a name="M0.0438"></a> sadā satimato,</p>\r\n<p class="gatha2">Mattaṃ jānato laddha-bhojanaṃ;</p>\r\n<p class="gatha3">Tanukassa bhavanti vedanā,</p>\r\n<p class="gathalast">Sanikaṃ jīrati āyu pālayaṃ.</p>\r\n<p class="hangnum"><a name="para245"></a><span class="paranum">245</span>.</p>\r\n<p class="gatha1"> </p>','\r',char(13)),'\n',char(10)),'-245-');
INSERT INTO pages (bookid, page, content, paranum) VALUES('annya_niti_gantha_sangaho_e1009n',440,replace(replace('<p class="gatha1">Garūnaṃ <a name="M0.0440"></a> aḍḍha-sohiccaṃ,</p>\r\n<p class="gatha2">Lahūnaṃ nāti-kittiyā;</p>\r\n<p class="gatha3">Mattā-pamāṇaṃ niddiṭṭhaṃ,</p>\r\n<p class="gathalast">Sukhaṃ jīrati tāvatā.</p>\r\n<p class="hangnum"><a name="para246"></a><span class="paranum">246</span>.</p>\r\n<p class="gatha1"> </p>','\r',char(13)),'\n',char(10)),'-246-');
INSERT INTO pages (bookid, page, content, paranum) VALUES('annya_niti_gantha_sangaho_e1009n',441,replace(replace('<p class="gatha1">Toyābhāve <a name="M0.0441"></a> pipāsattā,</p>\r\n<p class="gatha2">Khaṇā pāṇehi muccate;</p>\r\n<p class="gatha3">Tasmā sabbāsuvatthāsu,</p>\r\n<p class="gathalast">Deyyaṃ vāriṃ pipāsaye.</p>\r\n<p class="hangnum"><a name="para247"></a><span class="paranum">247</span>.</p>\r\n<p class="gatha1"> </p>','\r',char(13)),'\n',char(10)),'-247-');
INSERT INTO pages (bookid, page, content, paranum) VALUES('annya_niti_gantha_sangaho_e1009n',442,replace(replace('<p class="gatha1">Sītodakaṃ <a name="M0.0442"></a> payo khuddaṃ,</p>\r\n<p class="gatha2">Ghatamekekaso dviso;</p>\r\n<p class="gatha3">Tisso samaggamatha vā,</p>\r\n<p class="gathalast">Page pitaṃ yuvattadaṃ.</p>\r\n<p class="hangnum"><a name="para248"></a><span class="paranum">248</span>.</p>\r\n<p class="gatha1"> </p>','\r',char(13)),'\n',char(10)),'-248-');
INSERT INTO pages (bookid, page, content, paranum) VALUES('annya_niti_gantha_sangaho_e1009n',444,replace(replace('<p class="gatha1">Annaṃ <a name="M0.0444"></a> brahmā rase viṇhu,</p>\r\n<p class="gatha2">Bhutte ceva mahesaro;</p>\r\n<p class="gatha3">Evaṃ ñatvātu yo bhuñje,</p>\r\n<p class="gathalast">Anna-dosaṃ na limpate.</p>\r\n<p class="hangnum"><a name="para249"></a><span class="paranum">249</span>.</p>\r\n<p class="gatha1"> </p>','\r',char(13)),'\n',char(10)),'-249-');
INSERT INTO pages (bookid, page, content, paranum) VALUES('annya_niti_gantha_sangaho_e1009n',445,replace(replace('<p class="gatha1">Kattikassantimo <a name="M0.0445"></a> bhāgo,</p>\r\n<p class="gatha2">Yaṃ cādo miga-māsajo;</p>\r\n<p class="gatha3">Tāvubho yama-dāṭhākhyo,</p>\r\n<p class="gathalast">Laghvāhārova jīvati.</p>\r\n<p class="hangnum"><a name="para250"></a><span class="paranum">250</span>.</p>\r\n<p class="gatha1"> </p>','\r',char(13)),'\n',char(10)),'-250-');
INSERT INTO pages (bookid, page, content, paranum) VALUES('annya_niti_gantha_sangaho_e1009n',447,replace(replace('<p class="gatha1">Satthānukula-cariyā<a name="M0.0447"></a>,</p>\r\n<p class="gatha2">Cittaññāvasavattinā;</p>\r\n<p class="gatha3">Buddhi-rakkhilitatthena,</p>\r\n<p class="gathalast">Paripuṇṇaṃ rasāyanaṃ.</p>\r\n<p class="hangnum"><a name="para250"></a><span class="paranum">250</span>.</p>\r\n<p class="gatha1"> </p>','\r',char(13)),'\n',char(10)),'-250-');
INSERT INTO pages (bookid, page, content, paranum) VALUES('annya_niti_gantha_sangaho_e1009n',448,replace(replace('<p class="gatha1">A-jātiyā <a name="M0.0448"></a> a-jātānaṃ,</p>\r\n<p class="gatha2">Jātānaṃ vinivattiyā;</p>\r\n<p class="gatha3">Rogānaṃ yo vidhi diṭṭho,</p>\r\n<p class="gathalast">Taṃ sukhatthī samācare.</p>\r\n<p class="hangnum"><a name="para252"></a><span class="paranum">252</span>.</p>\r\n<p class="gatha1"> </p>','\r',char(13)),'\n',char(10)),'-252-');
INSERT INTO pages (bookid, page, content, paranum) VALUES('annya_niti_gantha_sangaho_e1009n',449,replace(replace('<p class="gatha1">Ārogyaṃ <a name="M0.0449"></a> paramā lābhā,</p>\r\n<p class="gatha2">Santuṭṭhi paramaṃ dhanaṃ;</p>\r\n<p class="gatha3">Vissāsā paramā ñāti,</p>\r\n<p class="gathalast">Nibbānaṃ paramaṃ sukhaṃ.</p>\r\n<p class="chapter">Pakiṇṇaka-niddesa</p>\r\n<p class="hangnum"><a name="para253"></a><span class="paranum">253</span>.</p>\r\n<p class="gatha1"> </p>','\r',char(13)),'\n',char(10)),'-253-');
INSERT INTO pages (bookid, page, content, paranum) VALUES('annya_niti_gantha_sangaho_e1009n',460,replace(replace('<p class="gatha1">Kumudaṃ <a name="M0.0460"></a> ko pabodhayi,</p>\r\n<p class="gatha2">Nātho ravindu paṇḍito;</p>\r\n<p class="gatha3">Kamalaṃ ko kumudaṃ ko,</p>\r\n<p class="gathalast">Narapaṃ ko pabodhayi.</p>\r\n<p class="hangnum"><a name="para254"></a><span class="paranum">254</span>.</p>\r\n<p class="gatha1"> </p>','\r',char(13)),'\n',char(10)),'-254-');
INSERT INTO pages (bookid, page, content, paranum) VALUES('annya_niti_gantha_sangaho_e1009n',462,replace(replace('<p class="gatha1">Cittena <a name="M0.0462"></a> niyyati loko,</p>\r\n<p class="gatha2">Cittena parikassati;</p>\r\n<p class="gatha3">Cittassa eka-dhammassa,</p>\r\n<p class="gathalast">Sabbeva vasamanvagū.</p>\r\n<p class="hangnum"><a name="para255"></a><span class="paranum">255</span>.</p>\r\n<p class="gatha1"> </p>','\r',char(13)),'\n',char(10)),'-255-');
INSERT INTO pages (bookid, page, content, paranum) VALUES('annya_niti_gantha_sangaho_e1009n',464,replace(replace('<p class="gatha1">Samaṇo <a name="M0.0464"></a> rājānurājā,</p>\r\n<p class="gatha2">Senāpati mahā-matto;</p>\r\n<p class="gatha3">Dhammaṭṭho paṇḍito disvā,</p>\r\n<p class="gathalast">Paccakkhatthaṃ na kāriyā.</p>\r\n<p class="hangnum"><a name="para256"></a><span class="paranum">256</span>.</p>\r\n<p class="gatha1"> </p>','\r',char(13)),'\n',char(10)),'-256-');
INSERT INTO pages (bookid, page, content, paranum) VALUES('annya_niti_gantha_sangaho_e1009n',465,replace(replace('<p class="gatha1">Dīpo <a name="M0.0465"></a> nava-disaṃ tejo,</p>\r\n<p class="gatha2">Na heṭṭhā ca tathā sakaṃ;</p>\r\n<p class="gatha3">Para-vajjaṃ vidū passe,</p>\r\n<p class="gathalast">Saka-vajjaṃpi passatu.</p>\r\n<p class="hangnum"><a name="para257"></a><span class="paranum">257</span>.</p>\r\n<p class="gatha1"> </p>','\r',char(13)),'\n',char(10)),'-257-');
INSERT INTO pages (bookid, page, content, paranum) VALUES('annya_niti_gantha_sangaho_e1009n',467,replace(replace('<p class="gatha1">Sa-phalaṃ <a name="M0.0467"></a> paṇḍito loke,</p>\r\n<p class="gatha2">Sa-kāraṇaṃ vacaṃ bhaṇe;</p>\r\n<p class="gatha3">A-kāraṇaṃphalaṃ bālo,</p>\r\n<p class="gathalast">Idaṃ ubhaya-lakkhaṇaṃ.</p>\r\n<p class="hangnum"><a name="para258"></a><span class="paranum">258</span>.</p>\r\n<p class="gatha1"> </p>','\r',char(13)),'\n',char(10)),'-258-');
INSERT INTO pages (bookid, page, content, paranum) VALUES('annya_niti_gantha_sangaho_e1009n',468,replace(replace('<p class="gatha1">Tassa <a name="M0.0468"></a> vācāya jāneyya,</p>\r\n<p class="gatha2">Kuṭilaṃ bāla-paṇḍitaṃ;</p>\r\n<p class="gatha3">Vācā-rūpaṃ mittaṃ kare,</p>\r\n<p class="gathalast">Vācā-rūpaṃ dhuvaṃ jahe.</p>\r\n<p class="hangnum"><a name="para259"></a><span class="paranum">259</span>.</p>\r\n<p class="gatha1"> </p>','\r',char(13)),'\n',char(10)),'-259-');
INSERT INTO pages (bookid, page, content, paranum) VALUES('annya_niti_gantha_sangaho_e1009n',470,replace(replace('<p class="gatha1">Duccintitassa <a name="M0.0470"></a> cintā ca,</p>\r\n<p class="gatha2">Dubbhāsitassa bhāsanā;</p>\r\n<p class="gatha3">Dukkammassa katañcāti,</p>\r\n<p class="gathalast">Etaṃ bālassa lakkhaṇaṃ.</p>\r\n<p class="hangnum"><a name="para260"></a><span class="paranum">260</span>.</p>\r\n<p class="gatha1"> </p>','\r',char(13)),'\n',char(10)),'-260-');
INSERT INTO pages (bookid, page, content, paranum) VALUES('annya_niti_gantha_sangaho_e1009n',471,replace(replace('<p class="gatha1">Su-cintitassa <a name="M0.0471"></a> cintā ca,</p>\r\n<p class="gatha2">Su-bhāsitassa bhāsanā;</p>\r\n<p class="gatha3">Su-kammassa katañcāti,</p>\r\n<p class="gathalast">Etaṃ dhīrassa lakkhaṇaṃ.</p>\r\n<p class="hangnum"><a name="para261"></a><span class="paranum">261</span>.</p>\r\n<p class="gatha1"> </p>','\r',char(13)),'\n',char(10)),'-261-');
INSERT INTO pages (bookid, page, content, paranum) VALUES('annya_niti_gantha_sangaho_e1009n',473,replace(replace('<p class="gatha1">A-nayaṃ <a name="M0.0473"></a> nayati dummedho,</p>\r\n<p class="gatha2">A-dhurāyaṃ ni-yuñjati;</p>\r\n<p class="gatha3">Dunnayo seyyaso hoti,</p>\r\n<p class="gatha2">Sammā vutto pakuppati;</p>\r\n<p class="gatha3">Vinayaṃ so na jānāti,</p>\r\n<p class="gathalast">Sādhu tassa a-dassanaṃ.</p>\r\n<p class="hangnum"><a name="para262"></a><span class="paranum">262</span>.</p>\r\n<p class="gatha1"> </p>','\r',char(13)),'\n',char(10)),'-262-');
INSERT INTO pages (bookid, page, content, paranum) VALUES('annya_niti_gantha_sangaho_e1009n',476,replace(replace('<p class="gatha1">Nayaṃ <a name="M0.0476"></a> nayati medhāvī,</p>\r\n<p class="gatha2">A-dhurāyaṃ na yuñjati;</p>\r\n<p class="gatha3">Su-nayo seyyaso hoti,</p>\r\n<p class="gatha2">Sammā vutto na kuppati;</p>\r\n<p class="gatha3">Vinayaṃ so pajānāti,</p>\r\n<p class="gathalast">Sādhu tena samāgamo.</p>\r\n<p class="hangnum"><a name="para263"></a><span class="paranum">263</span>.</p>\r\n<p class="gatha1"> </p>','\r',char(13)),'\n',char(10)),'-263-');
INSERT INTO pages (bookid, page, content, paranum) VALUES('annya_niti_gantha_sangaho_e1009n',479,replace(replace('<p class="gatha1">A-nāyakā <a name="M0.0479"></a> vinassanti,</p>\r\n<p class="gatha2">Nassanti bahu-nāyakā;</p>\r\n<p class="gatha3">Thī-nāyakā vinassanti,</p>\r\n<p class="gathalast">Nassanti susu-nāyakā.</p>\r\n<p class="hangnum"><a name="para264"></a><span class="paranum">264</span>.</p>\r\n<p class="gatha1"> </p>','\r',char(13)),'\n',char(10)),'-264-');
INSERT INTO pages (bookid, page, content, paranum) VALUES('annya_niti_gantha_sangaho_e1009n',481,replace(replace('<p class="gatha1">Jeṭṭho <a name="M0.0481"></a> kammesu nīcānaṃ,</p>\r\n<p class="gatha2">Jānaṃjānaṃva ācare;</p>\r\n<p class="gatha3">A-jānevaṃ kare jānaṃ,</p>\r\n<p class="gathalast">Nīco eti bhayaṃ piyaṃ.</p>\r\n<p class="hangnum"><a name="para265"></a><span class="paranum">265</span>.</p>\r\n<p class="gatha1"> </p>','\r',char(13)),'\n',char(10)),'-265-');
INSERT INTO pages (bookid, page, content, paranum) VALUES('annya_niti_gantha_sangaho_e1009n',482,replace(replace('<p class="gatha1">Kammaṃ <a name="M0.0482"></a> dujjana-sāruppaṃ,</p>\r\n<p class="gatha2">Dudhā sujana-sāruppaṃ;</p>\r\n<p class="gatha3">Dujjanaṃ tesu dukkamme,</p>\r\n<p class="gathalast">Su-kamme sujanaṃ icche.</p>\r\n<p class="hangnum"><a name="para266"></a><span class="paranum">266</span>.</p>\r\n<p class="gatha1"> </p>','\r',char(13)),'\n',char(10)),'-266-');
INSERT INTO pages (bookid, page, content, paranum) VALUES('annya_niti_gantha_sangaho_e1009n',484,replace(replace('<p class="gatha1">Paṇḍito <a name="M0.0484"></a> verī bālo ca,</p>\r\n<p class="gatha2">Dujjayo bāla-verito;</p>\r\n<p class="gatha3">Paṇḍitaṃ-verī pamādena,</p>\r\n<p class="gathalast">Na taṃ jayo hi sabbadā.</p>\r\n<p class="hangnum"><a name="para267"></a><span class="paranum">267</span>.</p>\r\n<p class="gatha1"> </p>','\r',char(13)),'\n',char(10)),'-267-');
INSERT INTO pages (bookid, page, content, paranum) VALUES('annya_niti_gantha_sangaho_e1009n',485,replace(replace('<p class="gatha1">Guyhassa <a name="M0.0485"></a> hi guyhameva sādhu,</p>\r\n<p class="gatha2">Na hi guyhassa pasatthamāvi-kammaṃ;</p>\r\n<p class="gatha3">A-nipphannatāya saheyya dhīro,</p>\r\n<p class="gathalast">Nipphannatthova yathā-sukhaṃ bhaṇeyya.</p>\r\n<p class="hangnum"><a name="para268"></a><span class="paranum">268</span>.</p>\r\n<p class="gatha1"> </p>','\r',char(13)),'\n',char(10)),'-268-');
INSERT INTO pages (bookid, page, content, paranum) VALUES('annya_niti_gantha_sangaho_e1009n',486,replace(replace('<p class="gatha1">Guyhamatthaṃ <a name="M0.0486"></a> na vivareyya,</p>\r\n<p class="gatha2">Rakkheyya naṃ yathā nidhiṃ;</p>\r\n<p class="gatha3">Na hī pātukato sādhu,</p>\r\n<p class="gathalast">Guyho attho pajānatā.</p>\r\n<p class="hangnum"><a name="para269"></a><span class="paranum">269</span>.</p>\r\n<p class="gatha1"> </p>','\r',char(13)),'\n',char(10)),'-269-');
INSERT INTO pages (bookid, page, content, paranum) VALUES('annya_niti_gantha_sangaho_e1009n',487,replace(replace('<p class="gatha1">Thiyā <a name="M0.0487"></a> guyhaṃ na saṃseyya,</p>\r\n<p class="gatha2">A-mittassa ca paṇḍito;</p>\r\n<p class="gatha3">Yo cāmisena saṃhīro,</p>\r\n<p class="gathalast">Hadaya-ttheno ca yo naro.</p>\r\n<p class="hangnum"><a name="para270"></a><span class="paranum">270</span>.</p>\r\n<p class="gatha1"> </p>','\r',char(13)),'\n',char(10)),'-270-');
INSERT INTO pages (bookid, page, content, paranum) VALUES('annya_niti_gantha_sangaho_e1009n',489,replace(replace('<p class="gatha1">Vivicca <a name="M0.0489"></a> bhāseyya divā rahassaṃ,</p>\r\n<p class="gatha2">Rattiṃ giraṃ nāti-velaṃ pamuñce;</p>\r\n<p class="gatha3">Upassutikā hi suṇanti mantaṃ,</p>\r\n<p class="gathalast">Tasmā hi manto khippamupeti bhedaṃ.</p>\r\n<p class="hangnum"><a name="para271"></a><span class="paranum">271</span>.</p>\r\n<p class="gatha1"> </p>','\r',char(13)),'\n',char(10)),'-271-');
INSERT INTO pages (bookid, page, content, paranum) VALUES('annya_niti_gantha_sangaho_e1009n',491,replace(replace('<p class="gatha1">Na <a name="M0.0491"></a> pakāsati guyhaṃ yo,</p>\r\n<p class="gatha2">So guyhaṃ paṭiguyhati;</p>\r\n<p class="gatha3">Bhayesu na jahe kicce,</p>\r\n<p class="gathalast">Su-mittonucaro bhave.</p>\r\n<p class="hangnum"><a name="para272"></a><span class="paranum">272</span>.</p>\r\n<p class="gatha1"> </p>','\r',char(13)),'\n',char(10)),'-272-');
INSERT INTO pages (bookid, page, content, paranum) VALUES('annya_niti_gantha_sangaho_e1009n',492,replace(replace('<p class="gatha1">Karoti <a name="M0.0492"></a> dukkaraṃ sādhuṃ,</p>\r\n<p class="gatha2">Ujuṃ khamati dukkhamaṃ;</p>\r\n<p class="gatha3">Duddadaṃ sāmaṃ dadāti,</p>\r\n<p class="gathalast">Yo su-mitto have bhave.</p>\r\n<p class="hangnum"><a name="para273"></a><span class="paranum">273</span>.</p>\r\n<p class="gatha1"> </p>','\r',char(13)),'\n',char(10)),'-273-');
INSERT INTO pages (bookid, page, content, paranum) VALUES('annya_niti_gantha_sangaho_e1009n',494,replace(replace('<p class="gatha1">Piya-vācā <a name="M0.0494"></a> sadā mitto,</p>\r\n<p class="gatha2">Piya-vatthuṃ na yācanā;</p>\r\n<p class="gatha3">Icchāgatena dānena,</p>\r\n<p class="gatha2">Su-daḷho su-ppiyo have;</p>\r\n<p class="gatha3">Tadaṅgato ca hīnena,</p>\r\n<p class="gathalast">A-ppiyo bhijjano bhave.</p>\r\n<p class="hangnum"><a name="para274"></a><span class="paranum">274</span>.</p>\r\n<p class="gatha1"> </p>','\r',char(13)),'\n',char(10)),'-274-');
INSERT INTO pages (bookid, page, content, paranum) VALUES('annya_niti_gantha_sangaho_e1009n',496,replace(replace('<p class="gatha1">Dehīti <a name="M0.0496"></a> yācane hirī,</p>\r\n<p class="gatha2">Sirī ca kāya-devatā;</p>\r\n<p class="gatha3">Palāyanti siricchito,</p>\r\n<p class="gathalast">Na yāce para-santakaṃ.</p>\r\n<p class="hangnum"><a name="para275"></a><span class="paranum">275</span>.</p>\r\n<p class="gatha1"> </p>','\r',char(13)),'\n',char(10)),'-275-');
INSERT INTO pages (bookid, page, content, paranum) VALUES('annya_niti_gantha_sangaho_e1009n',497,replace(replace('<p class="gatha1">Svāno <a name="M0.0497"></a> laddhāna nimmaṃsaṃ,</p>\r\n<p class="gatha2">Aṭṭhiṃ tuṭṭho pamodati;</p>\r\n<p class="gatha3">Sakantikaṃ migaṃ sīho,</p>\r\n<p class="gathalast">Hitvā hatthiṃnudhāvati.</p>\r\n<p class="hangnum"><a name="para276"></a><span class="paranum">276</span>.</p>\r\n<p class="gatha1"> </p>','\r',char(13)),'\n',char(10)),'-276-');
INSERT INTO pages (bookid, page, content, paranum) VALUES('annya_niti_gantha_sangaho_e1009n',499,replace(replace('<p class="gatha1">Evaṃ <a name="M0.0499"></a> chandānurūpena,</p>\r\n<p class="gatha2">Jano āsīsate phalaṃ;</p>\r\n<p class="gatha3">Mahā chandā mahantaṃva,</p>\r\n<p class="gathalast">Hīnaṃva hīna-chandakā.</p>\r\n<p class="hangnum"><a name="para277"></a><span class="paranum">277</span>.</p>\r\n<p class="gatha1"> </p>','\r',char(13)),'\n',char(10)),'-277-');
INSERT INTO pages (bookid, page, content, paranum) VALUES('annya_niti_gantha_sangaho_e1009n',501,replace(replace('<p class="gatha1">Nānā-chandā <a name="M0.0501"></a> mahārāja,</p>\r\n<p class="gatha2">Ekāgāre vasāmase;</p>\r\n<p class="gatha3">Ahaṃ gāma-varaṃ icche,</p>\r\n<p class="gathalast">Brāhmaṇī ca gavaṃ sataṃ.</p>\r\n<p class="hangnum"><a name="para278"></a><span class="paranum">278</span>.</p>\r\n<p class="gatha1"> </p>','\r',char(13)),'\n',char(10)),'-278-');
INSERT INTO pages (bookid, page, content, paranum) VALUES('annya_niti_gantha_sangaho_e1009n',502,replace(replace('<p class="gatha1">Putto <a name="M0.0502"></a> ca ājañña-rathaṃ,</p>\r\n<p class="gatha2">Kaññā ca maṇi-kuṇḍalaṃ;</p>\r\n<p class="gatha3">Yā cesā puṇṇakā jammī,</p>\r\n<p class="gathalast">Ujukkhalaṃbhi-kaṅkhati.</p>\r\n<p class="hangnum"><a name="para279"></a><span class="paranum">279</span>.</p>\r\n<p class="gatha1"> </p>','\r',char(13)),'\n',char(10)),'-279-');
INSERT INTO pages (bookid, page, content, paranum) VALUES('annya_niti_gantha_sangaho_e1009n',504,replace(replace('<p class="gatha1">Ṭhānaṃ <a name="M0.0504"></a> mitte dhane kamme,</p>\r\n<p class="gatha2">Satussāhe su-labbhitaṃ;</p>\r\n<p class="gatha3">Taṃ daḷhaṃ dukkaraṃ kare,</p>\r\n<p class="gathalast">Paññā-sati-samādhinā.</p>\r\n<p class="hangnum"><a name="para280"></a><span class="paranum">280</span>.</p>\r\n<p class="gatha1"> </p>','\r',char(13)),'\n',char(10)),'-280-');
INSERT INTO pages (bookid, page, content, paranum) VALUES('annya_niti_gantha_sangaho_e1009n',505,replace(replace('<p class="gatha1">Bhesajje <a name="M0.0505"></a> vihite suddha,</p>\r\n<p class="gatha2">Buddhādi-ratanattaye;</p>\r\n<p class="gatha3">Pasādamācare niccaṃ,</p>\r\n<p class="gathalast">Sajjane sa-guṇepi ca.</p>\r\n<p class="hangnum"><a name="para281"></a><span class="paranum">281</span>.</p>\r\n<p class="gatha1"> </p>','\r',char(13)),'\n',char(10)),'-281-');
INSERT INTO pages (bookid, page, content, paranum) VALUES('annya_niti_gantha_sangaho_e1009n',507,replace(replace('<p class="gatha1">Rājā <a name="M0.0507"></a> raṭṭhena dhātuso,</p>\r\n<p class="gatha2">Bālo pāpehi dummano,</p>\r\n<p class="gatha3">Alaṅkārena itthīpi,</p>\r\n<p class="gathalast">Kāmehi ca na tappati.</p>\r\n<p class="hangnum"><a name="para282"></a><span class="paranum">282</span>.</p>\r\n<p class="gatha1"> </p>','\r',char(13)),'\n',char(10)),'-282-');
INSERT INTO pages (bookid, page, content, paranum) VALUES('annya_niti_gantha_sangaho_e1009n',508,replace(replace('<p class="gatha1">Appiccho <a name="M0.0508"></a> ca dhutaṅgena,</p>\r\n<p class="gatha2">Āraddho vīriyena hi;</p>\r\n<p class="gatha3">Visārado parisāya,</p>\r\n<p class="gatha2">Pariccāgena dāyako;</p>\r\n<p class="gatha3">Savanena su-dhammaṃpi,</p>\r\n<p class="gathalast">Na tappativa paṇḍito.</p>\r\n<p class="hangnum"><a name="para283"></a><span class="paranum">283</span>.</p>\r\n<p class="gatha1"> </p>','\r',char(13)),'\n',char(10)),'-283-');
INSERT INTO pages (bookid, page, content, paranum) VALUES('annya_niti_gantha_sangaho_e1009n',510,replace(replace('<p class="gatha1">Jeṭṭhassa <a name="M0.0510"></a> sitaṃ hasitaṃ,</p>\r\n<p class="gatha2">Majjhassa madhurassaraṃ;</p>\r\n<p class="gatha3">Loke aṃsa-siro-kampaṃ,</p>\r\n<p class="gatha2">Jammassa apa-hassitaṃ;</p>\r\n<p class="gatha3">Etesaṃ ati-hassitaṃ,</p>\r\n<p class="gathalast">Hāso hoti yathākkamaṃ.</p>\r\n<p class="hangnum"><a name="para284"></a><span class="paranum">284</span>.</p>\r\n<p class="gatha1"> </p>','\r',char(13)),'\n',char(10)),'-284-');
INSERT INTO pages (bookid, page, content, paranum) VALUES('annya_niti_gantha_sangaho_e1009n',513,replace(replace('<p class="gatha1">Natthi <a name="M0.0513"></a> duṭṭhe nayo atthi,</p>\r\n<p class="gatha2">Na dhammo na su-bhāsitaṃ;</p>\r\n<p class="gatha3">Nikkamaṃ duṭṭhe yuñjeyya,</p>\r\n<p class="gathalast">So hi sabbhiṃ na rañjati.</p>\r\n<p class="hangnum"><a name="para285"></a><span class="paranum">285</span>.</p>\r\n<p class="gatha1"> </p>','\r',char(13)),'\n',char(10)),'-285-');
INSERT INTO pages (bookid, page, content, paranum) VALUES('annya_niti_gantha_sangaho_e1009n',515,replace(replace('<p class="gatha1">Dullabhaṃ <a name="M0.0515"></a> pakatiṃ vācaṃ,</p>\r\n<p class="gatha2">Dullabho khemako suto;</p>\r\n<p class="gatha3">Dullabhā sadisī jāyā,</p>\r\n<p class="gathalast">Dullabho sa-jano piyo.</p>\r\n<p class="hangnum"><a name="para286"></a><span class="paranum">286</span>.</p>\r\n<p class="gatha1"> </p>','\r',char(13)),'\n',char(10)),'-286-');
INSERT INTO pages (bookid, page, content, paranum) VALUES('annya_niti_gantha_sangaho_e1009n',516,replace(replace('<p class="gatha1">Dhajo <a name="M0.0516"></a> rathassa paññāṇaṃ,</p>\r\n<p class="gatha2">Dhūmo paññāṇamaggino;</p>\r\n<p class="gatha3">Rājā raṭṭhassa paññāṇaṃ,</p>\r\n<p class="gathalast">Bhattā paññāṇamitthiyā.</p>\r\n<p class="hangnum"><a name="para287"></a><span class="paranum">287</span>.</p>\r\n<p class="gatha1"> </p>','\r',char(13)),'\n',char(10)),'-287-');
INSERT INTO pages (bookid, page, content, paranum) VALUES('annya_niti_gantha_sangaho_e1009n',518,replace(replace('<p class="gatha1">Dunnāriyā <a name="M0.0518"></a> kulaṃ suddhaṃ,</p>\r\n<p class="gatha2">Putto nassati lālanā;</p>\r\n<p class="gatha3">Samiddhi a-nayā bandhu,</p>\r\n<p class="gathalast">Pavāsā madanā hirī.</p>\r\n<p class="hangnum"><a name="para288"></a><span class="paranum">288</span>.</p>\r\n<p class="gatha1"> </p>','\r',char(13)),'\n',char(10)),'-288-');
INSERT INTO pages (bookid, page, content, paranum) VALUES('annya_niti_gantha_sangaho_e1009n',520,replace(replace('<p class="gatha1">Mātā <a name="M0.0520"></a> pitā ca puttānaṃ,</p>\r\n<p class="gatha2">Novāde bahu-sāsannaṃ;</p>\r\n<p class="gatha3">Paṇḍitā mātaro appaṃ,</p>\r\n<p class="gathalast">Vadeyyuṃ vajja-dīpanaṃ.</p>\r\n<p class="hangnum"><a name="para289"></a><span class="paranum">289</span>.</p>\r\n<p class="gatha1"> </p>','\r',char(13)),'\n',char(10)),'-289-');
INSERT INTO pages (bookid, page, content, paranum) VALUES('annya_niti_gantha_sangaho_e1009n',522,replace(replace('<p class="gatha1">Lāḷaye <a name="M0.0522"></a> pañcha-vassāni,</p>\r\n<p class="gatha2">Dasa-vassāni tāḷaye;</p>\r\n<p class="gatha3">Patte tu soḷase vasse,</p>\r\n<p class="gathalast">Puttaṃ mittaṃvadācare.</p>\r\n<p class="hangnum"><a name="para290"></a><span class="paranum">290</span>.</p>\r\n<p class="gatha1"> </p>','\r',char(13)),'\n',char(10)),'-290-');
INSERT INTO pages (bookid, page, content, paranum) VALUES('annya_niti_gantha_sangaho_e1009n',523,replace(replace('<p class="gatha1">Lālane <a name="M0.0523"></a> dhītaraṃ dosā,</p>\r\n<p class="gatha2">Pālane bahavo guṇā;</p>\r\n<p class="gatha3">Dhītuyā kiriyaṃ niccaṃ,</p>\r\n<p class="gathalast">Passantu suṭṭhu mātaro.</p>','\r',char(13)),'\n',char(10)),'');
INSERT INTO pages (bookid, page, content, paranum) VALUES('annya_niti_gantha_sangaho_e1009n',525,replace(replace('<p class="centered">Iti <a name="M0.0525"></a> pakiṇṇaka-niddeso nāma</p>\r\n<p class="centered">Sattamā paricchedo.</p>\r\n<p class="chapter">Sīla-niddesa</p>\r\n<p class="hangnum"><a name="para291"></a><span class="paranum">291</span>.</p>\r\n<p class="gatha1"> </p>','\r',char(13)),'\n',char(10)),'-291-');
INSERT INTO pages (bookid, page, content, paranum) VALUES('annya_niti_gantha_sangaho_e1009n',526,replace(replace('<p class="gatha1">Pamādaṃ <a name="M0.0526"></a> bhayato disvā,</p>\r\n<p class="gatha2">A-ppamādañca khemato;</p>\r\n<p class="gatha3">Bhāvetha aṭṭhaṅgikaṃ maggaṃ,</p>\r\n<p class="gathalast">Esā buddhānusāsanī.</p>\r\n<p class="hangnum"><a name="para292"></a><span class="paranum">292</span>.</p>\r\n<p class="gatha1"> </p>','\r',char(13)),'\n',char(10)),'-292-');
INSERT INTO pages (bookid, page, content, paranum) VALUES('annya_niti_gantha_sangaho_e1009n',528,replace(replace('<p class="gatha1">Hīnena <a name="M0.0528"></a> brahma-cariyena,</p>\r\n<p class="gatha2">Khattiye upapajjati;</p>\r\n<p class="gatha3">Majjhimena ca devattaṃ,</p>\r\n<p class="gathalast">Uttamena vi-sujjhati.</p>\r\n<p class="hangnum">Ka.</p>\r\n<p class="gatha1"> </p>','\r',char(13)),'\n',char(10)),'');
INSERT INTO pages (bookid, page, content, paranum) VALUES('annya_niti_gantha_sangaho_e1009n',532,replace(replace('<p class="gatha1">Nagare <a name="M0.0532"></a> bandhumatiyā,</p>\r\n<p class="gatha2">Bandhumā nāma khattiyo;</p>\r\n<p class="gatha3">Divase puṇṇamāya so,</p>\r\n<p class="gathalast">Upagacchi uposathaṃ.</p>\r\n<p class="hangnum">Kha.</p>\r\n<p class="gatha1"> Ahaṃ tena samayena,</p>\r\n<p class="gatha2">Gumbha-dāsī ahaṃ tahiṃ;</p>\r\n<p class="gatha3">Disvā sa-rājakaṃ senaṃ,</p>\r\n<p class="gathalast">Evāhaṃ cintayiṃ tadā.</p>\r\n<p class="hangnum">Ga.</p>\r\n<p class="gatha1"> </p>','\r',char(13)),'\n',char(10)),'');
INSERT INTO pages (bookid, page, content, paranum) VALUES('annya_niti_gantha_sangaho_e1009n',533,replace(replace('<p class="gatha1">Rājāpi <a name="M0.0533"></a> rajjaṃ chaṭṭetvā,</p>\r\n<p class="gatha2">Upagacchi uposathaṃ;</p>\r\n<p class="gatha3">Sa-phalaṃ nūna taṃ kammaṃ,</p>\r\n<p class="gathalast">Jana-kāyo pamodito.</p>\r\n<p class="hangnum">Gha.</p>\r\n<p class="gatha1"> </p>','\r',char(13)),'\n',char(10)),'');
INSERT INTO pages (bookid, page, content, paranum) VALUES('annya_niti_gantha_sangaho_e1009n',534,replace(replace('<p class="gatha1">Yoniso <a name="M0.0534"></a> paccavekkhitvā,</p>\r\n<p class="gatha2">Duggaccañca daliddataṃ;</p>\r\n<p class="gatha3">Mānasaṃ sampahaṃsitvā,</p>\r\n<p class="gathalast">Upagacchimu posathaṃ.</p>\r\n<p class="hangnum">Ṅa.</p>\r\n<p class="gatha1"> </p>','\r',char(13)),'\n',char(10)),'');
INSERT INTO pages (bookid, page, content, paranum) VALUES('annya_niti_gantha_sangaho_e1009n',535,replace(replace('<p class="gatha1">Ahaṃ <a name="M0.0535"></a> uposathaṃ katvā,</p>\r\n<p class="gatha2">Sammā-sambuddhasāsane;</p>\r\n<p class="gatha3">Tena kammena su-katena,</p>\r\n<p class="gathalast">Tāvatiṃsaṃ agacchahaṃ.</p>\r\n<p class="hangnum">Ca.</p>\r\n<p class="gatha1"> Tattha me su-kataṃ byamhaṃ,</p>\r\n<p class="gatha2">Ubbha-yojanamuggataṃ;</p>\r\n<p class="gatha3">Kūṭāgāra-varūpetaṃ,</p>\r\n<p class="gathalast">Mahāsanasu-bhūsitaṃ.</p>\r\n<p class="hangnum">Cha.</p>\r\n<p class="gatha1"> </p>','\r',char(13)),'\n',char(10)),'');
INSERT INTO pages (bookid, page, content, paranum) VALUES('annya_niti_gantha_sangaho_e1009n',536,replace(replace('<p class="gatha1">Accharā <a name="M0.0536"></a> sata-sahassā,</p>\r\n<p class="gatha2">Upatiṭṭhanti maṃ sadā;</p>\r\n<p class="gatha3">Aññe deve atikkamma,</p>\r\n<p class="gathalast">Atirocāmi sabbadā.</p>\r\n<p class="hangnum">Ja.</p>\r\n<p class="gatha1"> </p>','\r',char(13)),'\n',char(10)),'');
INSERT INTO pages (bookid, page, content, paranum) VALUES('annya_niti_gantha_sangaho_e1009n',537,replace(replace('<p class="gatha1">Catusaṭṭhi-deva-rājūnaṃ<a name="M0.0537"></a>,</p>\r\n<p class="gatha2">Mahesittamakārayiṃ;</p>\r\n<p class="gatha3">Tesaṭṭhi-cakkavattinaṃ,</p>\r\n<p class="gathalast">Mahesittamakārayiṃ.</p>\r\n<p class="hangnum">Jha.</p>\r\n<p class="gatha1"> </p>','\r',char(13)),'\n',char(10)),'');
INSERT INTO pages (bookid, page, content, paranum) VALUES('annya_niti_gantha_sangaho_e1009n',538,replace(replace('<p class="gatha1">Suvaṇṇa-vaṇā <a name="M0.0538"></a> hutvāna,</p>\r\n<p class="gatha2">Bhavesu saṃsarāmahaṃ;</p>\r\n<p class="gatha3">Sabbattha pavarā homi,</p>\r\n<p class="gathalast">Uposathassidaṃ phalaṃ.</p>\r\n<p class="hangnum">Ña.</p>\r\n<p class="gatha1"> Hatthi-yānaṃ assa-yānaṃ,</p>\r\n<p class="gatha2">Ratha-yānañca sivikaṃ;</p>\r\n<p class="gatha3">Labhāmi sabbametampi,</p>\r\n<p class="gathalast">Uposathassidaṃ phalaṃ.</p>\r\n<p class="hangnum">Ṭa.</p>\r\n<p class="gatha1"> </p>','\r',char(13)),'\n',char(10)),'');
INSERT INTO pages (bookid, page, content, paranum) VALUES('annya_niti_gantha_sangaho_e1009n',539,replace(replace('<p class="gatha1">Soṇṇa-mayaṃ <a name="M0.0539"></a> rūpi-mayaṃ,</p>\r\n<p class="gatha2">Athopi phalikā-mayaṃ;</p>\r\n<p class="gatha3">Lohitaṅga-mayañceva,</p>\r\n<p class="gathalast">Sabbaṃ paṭilabhāmahaṃ.</p>\r\n<p class="hangnum">Ṭha.</p>\r\n<p class="gatha1"> </p>','\r',char(13)),'\n',char(10)),'');
INSERT INTO pages (bookid, page, content, paranum) VALUES('annya_niti_gantha_sangaho_e1009n',540,replace(replace('<p class="gatha1">Koseyya-kambaliyāni<a name="M0.0540"></a>,</p>\r\n<p class="gatha2">Khoma-kappāsikāni ca;</p>\r\n<p class="gatha3">Mahagghāni ca vatthāni,</p>\r\n<p class="gathalast">Sabbaṃ paṭilabhāmahaṃ.</p>\r\n<p class="hangnum">Ḍa.</p>\r\n<p class="gatha1"> </p>','\r',char(13)),'\n',char(10)),'');
INSERT INTO pages (bookid, page, content, paranum) VALUES('annya_niti_gantha_sangaho_e1009n',541,replace(replace('<p class="gatha1">Annaṃ <a name="M0.0541"></a> pānaṃ khādanīyaṃ,</p>\r\n<p class="gatha2">Vatthaṃ senāsanāni ca;</p>\r\n<p class="gatha3">Sabbametaṃ paṭilabhe,</p>\r\n<p class="gathalast">Uposathassidaṃ phalaṃ.</p>\r\n<p class="hangnum">Ḍha.</p>\r\n<p class="gatha1"> Vara-gandhañca mālañca,</p>\r\n<p class="gatha2">Cuṇṇakañcha vilepanaṃ;</p>\r\n<p class="gatha3">Sabbametaṃ paṭilabhe,</p>\r\n<p class="gathalast">Uposathassidaṃ phalaṃ.</p>\r\n<p class="hangnum">Ṇa.</p>\r\n<p class="gatha1"> </p>','\r',char(13)),'\n',char(10)),'');
INSERT INTO pages (bookid, page, content, paranum) VALUES('annya_niti_gantha_sangaho_e1009n',542,replace(replace('<p class="gatha1">Kūṭāgārañca <a name="M0.0542"></a> pāsādaṃ,</p>\r\n<p class="gatha2">Maṇḍapaṃ hammiyaṃ guhaṃ;</p>\r\n<p class="gatha3">Sabbametaṃ paṭilabhe,</p>\r\n<p class="gathalast">Uposathassidaṃ phalaṃ.</p>\r\n<p class="hangnum">Ta.</p>\r\n<p class="gatha1"> </p>','\r',char(13)),'\n',char(10)),'');
INSERT INTO pages (bookid, page, content, paranum) VALUES('annya_niti_gantha_sangaho_e1009n',543,replace(replace('<p class="gatha1">Jātiyā <a name="M0.0543"></a> satta-vassāhaṃ,</p>\r\n<p class="gatha2">Pabbajiṃ ana-gāriyaṃ;</p>\r\n<p class="gatha3">Aḍḍha-māse a-sappatte,</p>\r\n<p class="gathalast">Ara hattaṃ apāpuṇiṃ.</p>\r\n<p class="hangnum">Tha.</p>\r\n<p class="gatha1"> </p>','\r',char(13)),'\n',char(10)),'');
INSERT INTO pages (bookid, page, content, paranum) VALUES('annya_niti_gantha_sangaho_e1009n',544,replace(replace('<p class="gatha1">Kilesā <a name="M0.0544"></a> jhāpitā mayhaṃ,</p>\r\n<p class="gatha2">Bhavā sabbe samūhatā;</p>\r\n<p class="gatha3">Sabbāsava-parikkhīṇā,</p>\r\n<p class="gathalast">Natthi dāni puna-bbhavo.</p>\r\n<p class="hangnum">Da.</p>\r\n<p class="gatha1"> </p>','\r',char(13)),'\n',char(10)),'');
INSERT INTO pages (bookid, page, content, paranum) VALUES('annya_niti_gantha_sangaho_e1009n',545,replace(replace('<p class="gatha1">Eka-navutito <a name="M0.0545"></a> kappe,</p>\r\n<p class="gatha2">Yaṃ kammamakariṃ tadā;</p>\r\n<p class="gatha3">Duggatiṃ nābhijānāmi,</p>\r\n<p class="gathalast">Uposathassidaṃ phalaṃ.</p>\r\n<p class="hangnum">Dha.</p>\r\n<p class="gatha1"> </p>','\r',char(13)),'\n',char(10)),'');
INSERT INTO pages (bookid, page, content, paranum) VALUES('annya_niti_gantha_sangaho_e1009n',546,replace(replace('<p class="gatha1">Svāgataṃ <a name="M0.0546"></a> vata me āsi,</p>\r\n<p class="gatha2">Mama buddhassa santike;</p>\r\n<p class="gatha3">Tisso vijjā anu-pattā,</p>\r\n<p class="gathalast">Kataṃ buddhassa sāsanaṃ.</p>\r\n<p class="hangnum">Na.</p>\r\n<p class="gatha1"> Paṭisambhidā catasso,</p>\r\n<p class="gatha2">Vimokāpi ca aṭṭhime;</p>\r\n<p class="gatha3">Chaḷābhiññā sacchikatā,</p>\r\n<p class="gathalast">Kataṃ buddhassa sāsanaṃ.</p>\r\n<p class="hangnum"><a name="para293"></a><span class="paranum">293</span>.</p>\r\n<p class="gatha1"> </p>','\r',char(13)),'\n',char(10)),'-293-');
INSERT INTO pages (bookid, page, content, paranum) VALUES('annya_niti_gantha_sangaho_e1009n',547,replace(replace('<p class="gatha1">Ñātīnañca <a name="M0.0547"></a> piyo hoti,</p>\r\n<p class="gatha2">Mittesu ca virocati;</p>\r\n<p class="gatha3">Kāyassa bhedā su-gatiṃ,</p>\r\n<p class="gathalast">Upapajjati sīlavā.</p>\r\n<p class="hangnum"><a name="para294"></a><span class="paranum">294</span>.</p>\r\n<p class="gatha1"> </p>','\r',char(13)),'\n',char(10)),'-294-');
INSERT INTO pages (bookid, page, content, paranum) VALUES('annya_niti_gantha_sangaho_e1009n',549,replace(replace('<p class="gatha1">Nibbānaṃ <a name="M0.0549"></a> patthayantena samādinnaṃ,</p>\r\n<p class="gatha2">Pañca-sīlampi adhi-sīlaṃ;</p>\r\n<p class="gathalast">Dasa-sīlampi adhi-sīlameva.</p>\r\n<p class="hangnum">Ka.</p>\r\n<p class="gatha1"> </p>','\r',char(13)),'\n',char(10)),'');
INSERT INTO pages (bookid, page, content, paranum) VALUES('annya_niti_gantha_sangaho_e1009n',554,replace(replace('<p class="gatha1">Nagare <a name="M0.0554"></a> candavatiyā,</p>\r\n<p class="gatha2">Bhaṭako āsahaṃ tadā;</p>\r\n<p class="gatha3">Para-kammāyane yutto,</p>\r\n<p class="gathalast">Pabbajjaṃ na labhāmahaṃ.</p>\r\n<p class="hangnum">Kha.</p>\r\n<p class="gatha1"> </p>','\r',char(13)),'\n',char(10)),'');
INSERT INTO pages (bookid, page, content, paranum) VALUES('annya_niti_gantha_sangaho_e1009n',555,replace(replace('<p class="gatha1">Mahandhakāra-pihitā<a name="M0.0555"></a>,</p>\r\n<p class="gatha2">Tividhaggīhi ḍayhare;</p>\r\n<p class="gatha3">Kena nukho upāyena,</p>\r\n<p class="gathalast">Vi-saṃyutto bhave ahaṃ.</p>\r\n<p class="hangnum">Ga.</p>\r\n<p class="gatha1"> </p>','\r',char(13)),'\n',char(10)),'');
INSERT INTO pages (bookid, page, content, paranum) VALUES('annya_niti_gantha_sangaho_e1009n',556,replace(replace('<p class="gatha1">Deyyadhammo <a name="M0.0556"></a> ca me natthi,</p>\r\n<p class="gatha2">Bhaṭako dukkhito ahaṃ;</p>\r\n<p class="gatha3">Yaṃ nūnāhaṃ pañca-sīlaṃ,</p>\r\n<p class="gathalast">Rakkheyyaṃ paripūrayaṃ.</p>\r\n<p class="hangnum">Gha.</p>\r\n<p class="gatha1"> Anomadassissa munino,</p>\r\n<p class="gatha2">Nisabho nāma sāvako;</p>\r\n<p class="gatha3">Tamahaṃ upasaṅkamma,</p>\r\n<p class="gathalast">Pañca-sikkhāpadaggahiṃ.</p>\r\n<p class="hangnum">Ṅa.</p>\r\n<p class="gatha1"> </p>','\r',char(13)),'\n',char(10)),'');
INSERT INTO pages (bookid, page, content, paranum) VALUES('annya_niti_gantha_sangaho_e1009n',557,replace(replace('<p class="gatha1">Vassa-sata-sahassāni<a name="M0.0557"></a>,</p>\r\n<p class="gatha2">Āyu vijjati tāvade;</p>\r\n<p class="gatha3">Tāvatā pañca-sīlāni,</p>\r\n<p class="gathalast">Paripuṇṇāni gopayiṃ.</p>\r\n<p class="hangnum">Ca.</p>\r\n<p class="gatha1"> </p>','\r',char(13)),'\n',char(10)),'');
INSERT INTO pages (bookid, page, content, paranum) VALUES('annya_niti_gantha_sangaho_e1009n',558,replace(replace('<p class="gatha1">Maccu-kālamhi <a name="M0.0558"></a> sampatte,</p>\r\n<p class="gatha2">Devā assāsayanti maṃ;</p>\r\n<p class="gatha3">Ratho sahassa-yutto te,</p>\r\n<p class="gathalast">Mārisassa upaṭṭhito.</p>\r\n<p class="hangnum">Cha.</p>\r\n<p class="gatha1"> </p>','\r',char(13)),'\n',char(10)),'');
INSERT INTO pages (bookid, page, content, paranum) VALUES('annya_niti_gantha_sangaho_e1009n',559,replace(replace('<p class="gatha1">Vattante <a name="M0.0559"></a> carime citte,</p>\r\n<p class="gatha2">Mama sīlaṃ anussariṃ;</p>\r\n<p class="gatha3">Tena kammena su-katena,</p>\r\n<p class="gathalast">Tāvatiṃsaṃ agacchahaṃ.</p>\r\n<p class="hangnum">Ja.</p>\r\n<p class="gatha1"> Tiṃsakhattuñca devindo,</p>\r\n<p class="gatha2">Deva-rajjamakārayiṃ;</p>\r\n<p class="gatha3">Dibba-sukhaṃ anubhaviṃ,</p>\r\n<p class="gathalast">Accharāhi purakkhatto.</p>\r\n<p class="hangnum">Jha.</p>\r\n<p class="gatha1"> </p>','\r',char(13)),'\n',char(10)),'');
INSERT INTO pages (bookid, page, content, paranum) VALUES('annya_niti_gantha_sangaho_e1009n',560,replace(replace('<p class="gatha1">Pañca-sattatikhatttu-ñca<a name="M0.0560"></a>,</p>\r\n<p class="gatha2">Cakkavattī ahosahaṃ;</p>\r\n<p class="gatha3">Padesa-rajjaṃ vipulaṃ,</p>\r\n<p class="gathalast">Gaṇanāto a-saṅkhayaṃ.</p>\r\n<p class="hangnum">Ña.</p>\r\n<p class="gatha1"> </p>','\r',char(13)),'\n',char(10)),'');
INSERT INTO pages (bookid, page, content, paranum) VALUES('annya_niti_gantha_sangaho_e1009n',561,replace(replace('<p class="gatha1">Deva-lokā <a name="M0.0561"></a> cavitvāna,</p>\r\n<p class="gatha2">Sukka-mūlena codito;</p>\r\n<p class="gatha3">Pure vesāliyaṃ jāto,</p>\r\n<p class="gathalast">Mahā-kule su-aḍḍhake.</p>\r\n<p class="hangnum">Ṭa.</p>\r\n<p class="gatha1"> Vassūpanāyike kāle,</p>\r\n<p class="gatha2">Dibbante jina-sāsane;</p>\r\n<p class="gatha3">Mātā ca me pitā ceva,</p>\r\n<p class="gathalast">Pañca-sikkhāpadaggahuṃ.</p>\r\n<p class="hangnum">Ṭha.</p>\r\n<p class="gatha1"> </p>','\r',char(13)),'\n',char(10)),'');
INSERT INTO pages (bookid, page, content, paranum) VALUES('annya_niti_gantha_sangaho_e1009n',562,replace(replace('<p class="gatha1">Saha <a name="M0.0562"></a> sutvānahaṃ sīlaṃ,</p>\r\n<p class="gatha2">Mama sīlaṃ anussariṃ;</p>\r\n<p class="gatha3">Ekāsane nisīditvā,</p>\r\n<p class="gathalast">Arahattamapāpuṇiṃ.</p>\r\n<p class="hangnum">Ḍa.</p>\r\n<p class="gatha1"> </p>','\r',char(13)),'\n',char(10)),'');
INSERT INTO pages (bookid, page, content, paranum) VALUES('annya_niti_gantha_sangaho_e1009n',563,replace(replace('<p class="gatha1">Jātiyā <a name="M0.0563"></a> pañca-vassena,</p>\r\n<p class="gatha2">Arahattamapāpuṇiṃ;</p>\r\n<p class="gatha3">Upasampādayi buddho,</p>\r\n<p class="gathalast">Guṇamaññāya cakkhumā.</p>\r\n<p class="hangnum">Ḍha.</p>\r\n<p class="gatha1"> </p>','\r',char(13)),'\n',char(10)),'');
INSERT INTO pages (bookid, page, content, paranum) VALUES('annya_niti_gantha_sangaho_e1009n',564,replace(replace('<p class="gatha1">Paripuṇṇāni <a name="M0.0564"></a> gopetvā,</p>\r\n<p class="gatha2">Pañca-sikkhāpadānahaṃ;</p>\r\n<p class="gatha3">A-parimeyyito kappe,</p>\r\n<p class="gathalast">Vinipātaṃ na gacchahaṃ.</p>\r\n<p class="hangnum">Ṇa.</p>\r\n<p class="gatha1"> Svāhaṃ yasamanubhaviṃ,</p>\r\n<p class="gatha2">Tesaṃ sīlāna vāhasā;</p>\r\n<p class="gatha3">Kappa-koṭipi kittento,</p>\r\n<p class="gathalast">Kittaye eka-desakaṃ.</p>\r\n<p class="hangnum">Ta.</p>\r\n<p class="gatha1"> </p>','\r',char(13)),'\n',char(10)),'');
INSERT INTO pages (bookid, page, content, paranum) VALUES('annya_niti_gantha_sangaho_e1009n',565,replace(replace('<p class="gatha1">Pañca-sīlāni <a name="M0.0565"></a> gopetvā,</p>\r\n<p class="gatha2">Tayo hetū labhāmahaṃ;</p>\r\n<p class="gatha3">Dīghāyuko mahā-bhogo,</p>\r\n<p class="gathalast">Tikkha-pañño bhavāmahaṃ.</p>\r\n<p class="hangnum">Tha.</p>\r\n<p class="gatha1"> </p>','\r',char(13)),'\n',char(10)),'');
INSERT INTO pages (bookid, page, content, paranum) VALUES('annya_niti_gantha_sangaho_e1009n',566,replace(replace('<p class="gatha1">Saṃkittento <a name="M0.0566"></a> ca sabbesaṃ,</p>\r\n<p class="gatha2">Adhi-mattañca porisaṃ;</p>\r\n<p class="gatha3">Bhavābhave saṃsaritvā,</p>\r\n<p class="gathalast">Ete ṭhāne labhamahaṃ.</p>\r\n<p class="hangnum">Da.</p>\r\n<p class="gatha1"> </p>','\r',char(13)),'\n',char(10)),'');
INSERT INTO pages (bookid, page, content, paranum) VALUES('annya_niti_gantha_sangaho_e1009n',567,replace(replace('<p class="gatha1">A-parimeyya-sīlesu<a name="M0.0567"></a>,</p>\r\n<p class="gatha2">Vattantā jina-sāvakā;</p>\r\n<p class="gatha3">Bhavesu yadi rajjeyyuṃ,</p>\r\n<p class="gathalast">Vipāko kīdiso bhave.</p>\r\n<p class="hangnum">Dha.</p>\r\n<p class="gatha1"> Su-ciṇṇaṃ me pañca-sīlaṃ,</p>\r\n<p class="gatha2">Bhaṭakena tapassinā;</p>\r\n<p class="gatha3">Tena sīlenahaṃ ajja,</p>\r\n<p class="gathalast">Mocayiṃ sabba-bandhanā.</p>\r\n<p class="hangnum">Na.</p>\r\n<p class="gatha1"> </p>','\r',char(13)),'\n',char(10)),'');
INSERT INTO pages (bookid, page, content, paranum) VALUES('annya_niti_gantha_sangaho_e1009n',568,replace(replace('<p class="gatha1">A-parimeyyito <a name="M0.0568"></a> kappe,</p>\r\n<p class="gatha2">Pañca-sīlāni gopayiṃ;</p>\r\n<p class="gatha3">Duggatiṃ nābhijānāmi,</p>\r\n<p class="gathalast">Pañca-sīlānidaṃ phalaṃ.</p>\r\n<p class="hangnum">Pa.</p>\r\n<p class="gatha1"> </p>','\r',char(13)),'\n',char(10)),'');
INSERT INTO pages (bookid, page, content, paranum) VALUES('annya_niti_gantha_sangaho_e1009n',569,replace(replace('<p class="gatha1">Paṭisambhidā <a name="M0.0569"></a> catasso,</p>\r\n<p class="gatha2">Vimokkhāpi ca aṭṭhime;</p>\r\n<p class="gatha3">Chaḷābhiññā sacchikatā,</p>\r\n<p class="gathalast">Kataṃ buddhassa sāsanaṃ.</p>\r\n<p class="hangnum">Ka.</p>\r\n<p class="gatha1"> </p>','\r',char(13)),'\n',char(10)),'');
INSERT INTO pages (bookid, page, content, paranum) VALUES('annya_niti_gantha_sangaho_e1009n',572,replace(replace('<p class="gatha1">Taṃ <a name="M0.0572"></a> namassanti te vijjā,</p>\r\n<p class="gatha2">Sabbe bhūmā ca khattiyā;</p>\r\n<p class="gatha3">Cattāro ca mahā-rājā,</p>\r\n<p class="gatha2">Tidasā ca yasassino;</p>\r\n<p class="gatha3">Atha ko nāma so yakkho,</p>\r\n<p class="gathalast">Yaṃ tvaṃ sakka namassasi.</p>\r\n<p class="hangnum">Kha.</p>\r\n<p class="gatha1"> </p>','\r',char(13)),'\n',char(10)),'');
INSERT INTO pages (bookid, page, content, paranum) VALUES('annya_niti_gantha_sangaho_e1009n',574,replace(replace('<p class="gatha1">Maṃ <a name="M0.0574"></a> namassanti te-vijjā,</p>\r\n<p class="gatha2">Sabbe bhūmā ca khattiyā;</p>\r\n<p class="gatha3">Cattāro ca mahā-rājā,</p>\r\n<p class="gathalast">Tidasā ca yasassino.</p>\r\n<p class="hangnum">Ga.</p>\r\n<p class="gatha1"> </p>','\r',char(13)),'\n',char(10)),'');
INSERT INTO pages (bookid, page, content, paranum) VALUES('annya_niti_gantha_sangaho_e1009n',575,replace(replace('<p class="gatha1">Ahañca <a name="M0.0575"></a> sīla-sampanne,</p>\r\n<p class="gatha2">Ciraratta-samāhite;</p>\r\n<p class="gatha3">Sammā pabbajite vande,</p>\r\n<p class="gathalast">Brahma-cariya parāyane.</p>\r\n<p class="hangnum">Gha.</p>\r\n<p class="gatha1"> </p>','\r',char(13)),'\n',char(10)),'');
INSERT INTO pages (bookid, page, content, paranum) VALUES('annya_niti_gantha_sangaho_e1009n',576,replace(replace('<p class="gatha1">Ye <a name="M0.0576"></a> gahaṭṭhā puñña-karā,</p>\r\n<p class="gatha2">Sīlavanto upāsakā;</p>\r\n<p class="gatha3">Dhammena dāraṃ posenti,</p>\r\n<p class="gathalast">Te namassāmi mātali.</p>\r\n<p class="hangnum">Ṅa.</p>\r\n<p class="gatha1"> </p>','\r',char(13)),'\n',char(10)),'');
INSERT INTO pages (bookid, page, content, paranum) VALUES('annya_niti_gantha_sangaho_e1009n',577,replace(replace('<p class="gatha1">Seṭṭhā <a name="M0.0577"></a> hi kira lokasmiṃ,</p>\r\n<p class="gatha2">Ye tvaṃ sakka namassasi;</p>\r\n<p class="gatha3">Ahampi te namassāmi,</p>\r\n<p class="gathalast">Ye namassasi vāsava.</p>\r\n<p class="hangnum"><a name="para1"></a><span class="paranum">1</span>.</p>\r\n<p class="gatha1"> </p>','\r',char(13)),'\n',char(10)),'-1-');
INSERT INTO pages (bookid, page, content, paranum) VALUES('annya_niti_gantha_sangaho_e1009n',580,replace(replace('<p class="gatha1">Pālitattheranāgena<a name="M0.0580"></a>,</p>\r\n<p class="gatha2">Visuddhārāmavāsinā;</p>\r\n<p class="gatha3">Suticchitānamatthāya,</p>\r\n<p class="gathalast">Katā naradakkhadīpanī.</p>\r\n<p class="hangnum"><a name="para2"></a><span class="paranum">2</span>.</p>\r\n<p class="gatha1"> </p>','\r',char(13)),'\n',char(10)),'-2-');
INSERT INTO pages (bookid, page, content, paranum) VALUES('annya_niti_gantha_sangaho_e1009n',581,replace(replace('<p class="gatha1">Pubbācariya-sīhānaṃ<a name="M0.0581"></a>,</p>\r\n<p class="gatha2">Ālambitvāna nissayaṃ;</p>\r\n<p class="gatha3">Pālito nāma yo thero,</p>\r\n<p class="gatha2">Imaṃ gantha su-lekhanī;</p>\r\n<p class="gatha3">Sundarameva passituṃ,</p>\r\n<p class="gathalast">Yuñjeyyāthīdha sādhave.</p>\r\n<p class="bodytext">‘‘Chappadikā’’.</p>\r\n<p class="hangnum"><a name="para3"></a><span class="paranum">3</span>.</p>\r\n<p class="gatha1"> </p>','\r',char(13)),'\n',char(10)),'-3-');
INSERT INTO pages (bookid, page, content, paranum) VALUES('annya_niti_gantha_sangaho_e1009n',582,replace(replace('<p class="gatha1">Imaṃ <a name="M0.0582"></a> ganthaṃ vācuggato,</p>\r\n<p class="gatha2">Sace bhavasi māṇava;</p>\r\n<p class="gatha3">Puṇnamāyaṃ yathā cando,</p>\r\n<p class="gatha2">Ati-suddho virocati;</p>\r\n<p class="gatha3">Tatheva tvaṃ puṇṇa-mano,</p>\r\n<p class="gathalast">Viroca siriyā dhuvaṃ.</p>\r\n<p class="hangnum"><a name="para4"></a><span class="paranum">4</span>.</p>\r\n<p class="gatha1"> </p>','\r',char(13)),'\n',char(10)),'-4-');
INSERT INTO pages (bookid, page, content, paranum) VALUES('annya_niti_gantha_sangaho_e1009n',583,replace(replace('<p class="gatha1">Su-niṭṭhito <a name="M0.0583"></a> ayaṃ gantho,</p>\r\n<p class="gatha2">Sakkarāje dajhamphiye;</p>\r\n<p class="gatha3">Poṭṭhapādamhi sūramhi,</p>\r\n<p class="gathalast">Kālapakkhe catuddasiṃ.</p>\r\n<p class="hangnum"><a name="para5"></a><span class="paranum">5</span>.</p>\r\n<p class="gatha1"> </p>','\r',char(13)),'\n',char(10)),'-5-');
INSERT INTO pages (bookid, page, content, paranum) VALUES('annya_niti_gantha_sangaho_e1009n',584,replace(replace('<p class="gatha1">Sañcitetaṃ <a name="M0.0584"></a> mayā puññaṃ,</p>\r\n<p class="gatha2">Taṃ-kammena varena ca;</p>\r\n<p class="gatha3">Ciraṃ tiṭṭhatu saddhammo,</p>\r\n<p class="gathalast">A-verā hontu pāṇino.</p>\r\n<p class="hangnum"><a name="para6"></a><span class="paranum">6</span>.</p>\r\n<p class="gatha1"> </p>','\r',char(13)),'\n',char(10)),'-6-');
INSERT INTO pages (bookid, page, content, paranum) VALUES('annya_niti_gantha_sangaho_e1009n',585,replace(replace('<p class="gatha1">Imaṃ <a name="M0.0585"></a> ganthaṃ passitvāna,</p>\r\n<p class="gatha2">Hontu sabbepi jantuno;</p>\r\n<p class="gatha3">Sukhitā dhammikā ñāṇī,</p>\r\n<p class="gathalast">Dhammaṃ pāletu patthivo.</p>\r\n<p class="hangnum"><a name="para7"></a><span class="paranum">7</span>.</p>\r\n<p class="gatha1"> </p>','\r',char(13)),'\n',char(10)),'-7-');
INSERT INTO pages (bookid, page, content, paranum) VALUES('annya_niti_gantha_sangaho_e1009n',586,replace(replace('<p class="gatha1">Nibbānaṃ <a name="M0.0586"></a> patthayantena,</p>\r\n<p class="gatha2">Sīlaṃ rakkhantu sajjanā;</p>\r\n<p class="gatha3">Ñatvā dhammaṃ sukhāvahaṃ,</p>\r\n<p class="gathalast">Pāpuṇantu anāsavaṃ.</p>\r\n<p class="hangnum"><a name="para8"></a><span class="paranum">8</span>.</p>\r\n<p class="gatha1"> </p>','\r',char(13)),'\n',char(10)),'-8-');
INSERT INTO pages (bookid, page, content, paranum) VALUES('annya_niti_gantha_sangaho_e1009n',587,replace(replace('<p class="gatha1">Aṭṭha-kaṇḍa-maṇḍitāya<a name="M0.0587"></a>,</p>\r\n<p class="gatha2">Dakkhaya attha-dīpako;</p>\r\n<p class="gatha3">Nara-sāro ayaṃ gantho,</p>\r\n<p class="gathalast">Cira-kālaṃ patiṭṭhatu.</p>\r\n<p class="hangnum"><a name="para9"></a><span class="paranum">9</span>.</p>\r\n<p class="gatha1"> Yāvatā canda-sūriyā,</p>\r\n<p class="gatha2">Nāgaccheyyuṃ mahī-tale;</p>\r\n<p class="gatha3">Pamoditā imaṃ ganthaṃ,</p>\r\n<p class="gathalast">Dissantu naya-kovidā.</p>\r\n<p class="hangnum"><a name="para10"></a><span class="paranum">10</span>.</p>\r\n<p class="gatha1"> </p>','\r',char(13)),'\n',char(10)),'-9-10-');
INSERT INTO pages (bookid, page, content, paranum) VALUES('annya_niti_gantha_sangaho_e1009n',588,replace(replace('<p class="gatha1">Sammā <a name="M0.0588"></a> chandenimaṃ gantha,</p>\r\n<p class="gatha2">Vācentā pariyāpuṇā;</p>\r\n<p class="gatha3">Pasannenānāyāsena,</p>\r\n<p class="gathalast">Patvā sukhena kovidaṃ.</p>\r\n<p class="hangnum"><a name="para11"></a><span class="paranum">11</span>.</p>\r\n<p class="gatha1"> </p>','\r',char(13)),'\n',char(10)),'-11-');
INSERT INTO pages (bookid, page, content, paranum) VALUES('annya_niti_gantha_sangaho_e1009n',589,replace(replace('<p class="gatha1">Candādiccāva <a name="M0.0589"></a> ākāse,</p>\r\n<p class="gatha2">Bahussutehi sampadā;</p>\r\n<p class="gatha3">Visesa-puggalā hutvā,</p>\r\n<p class="gathalast">Pappontu amataṃ padaṃ.</p>\r\n<p class="hangnum"><a name="para12"></a><span class="paranum">12</span>.</p>\r\n<p class="gatha1"> </p>','\r',char(13)),'\n',char(10)),'-12-');
INSERT INTO pages (bookid, page, content, paranum) VALUES('annya_niti_gantha_sangaho_e1009n',590,replace(replace('<p class="gatha1">Ukkaṭṭha-dhamma-dānena<a name="M0.0590"></a>,</p>\r\n<p class="gatha2">Pāpuṇeyyamanuttaraṃ;</p>\r\n<p class="gatha3">Liṅga-sampatti-medhāvī,</p>\r\n<p class="gathalast">Takkī-paññā su-pesalī.</p>\r\n<p class="chapter">Naradakkha thomanā āsīsa</p>\r\n<p class="subhead">3. Gāthā</p>\r\n<p class="hangnum"><a name="para1"></a><span class="paranum">1</span>.</p>\r\n<p class="gatha1"> </p>','\r',char(13)),'\n',char(10)),'-1-');
INSERT INTO pages (bookid, page, content, paranum) VALUES('annya_niti_gantha_sangaho_e1009n',592,replace(replace('<p class="gatha1">Pālito <a name="M0.0592"></a> pāḷiyā cheko,</p>\r\n<p class="gatha2">Tvaṃsi gambhīra-ñāṇavā;</p>\r\n<p class="gatha3">Pāliyāva pālitassa,</p>\r\n<p class="gathalast">Dadāmidāni bho ahaṃ.</p>\r\n<p class="hangnum"><a name="para2"></a><span class="paranum">2</span>.</p>\r\n<p class="gatha1"> </p>','\r',char(13)),'\n',char(10)),'-2-');
INSERT INTO pages (bookid, page, content, paranum) VALUES('annya_niti_gantha_sangaho_e1009n',593,replace(replace('<p class="gatha1">Dakkhāvādesu <a name="M0.0593"></a> kusalo,</p>\r\n<p class="gatha2">Pālito sāsanandharī;</p>\r\n<p class="gatha3">Piṭakesu ajjhogāyha,</p>\r\n<p class="gathalast">Naradakkhaṃbhisaṅkharī.</p>\r\n<p class="hangnum"><a name="para3"></a><span class="paranum">3</span>.</p>\r\n<p class="gatha1"> </p>','\r',char(13)),'\n',char(10)),'-3-');
INSERT INTO pages (bookid, page, content, paranum) VALUES('annya_niti_gantha_sangaho_e1009n',595,replace(replace('<p class="gatha1">Suta-dharena <a name="M0.0595"></a> racitaṃ,</p>\r\n<p class="gatha2">Etaṃ sāra-gavesino;</p>\r\n<p class="gatha3">Atandikā su-dakkhantu,</p>\r\n<p class="gathalast">Aggagga-sāsane ratā.</p>\r\n<p class="title">Naradakkha thomanā āsīsa</p>\r\n<p class="subhead">2. Gāthā</p>\r\n<p class="hangnum"><a name="para1"></a><span class="paranum">1</span>.</p>\r\n<p class="gatha1"> </p>','\r',char(13)),'\n',char(10)),'-1-');
INSERT INTO pages (bookid, page, content, paranum) VALUES('annya_niti_gantha_sangaho_e1009n',596,replace(replace('<p class="gatha1">Ñuṃ <a name="M0.0596"></a> pālitodha jāto yo,</p>\r\n<p class="gatha2">Thero so abbhutova ñuṃ;</p>\r\n<p class="gatha3">Ñuṃ mahā-pālito santo,</p>\r\n<p class="gathalast">Nikāya-pālito ca ñuṃ.</p>\r\n<p class="hangnum"><a name="para2"></a><span class="paranum">2</span>.</p>\r\n<p class="gatha1"> </p>','\r',char(13)),'\n',char(10)),'-2-');
INSERT INTO pages (bookid, page, content, paranum) VALUES('annya_niti_gantha_sangaho_e1009n',598,replace(replace('<p class="gatha1">Ñuṃ <a name="M0.0598"></a> nara-dakkha-ganthaṃ yaṃ,</p>\r\n<p class="gatha2">Sovakā nara-dakkha-daṃ;</p>\r\n<p class="gatha3">Narā dakkhantu sammā ca,</p>\r\n<p class="gathalast">Dakkhattaṃ pāpuṇantu ñuṃ.</p>','\r',char(13)),'\n',char(10)),'');
DELETE FROM books where id='annya_niti_gantha_sangaho_e1010n';
INSERT INTO books VALUES('annya_niti_gantha_sangaho_e1010n','annya','annya_niti_gantha_sangaho','Caturārakkhadīpanī',1,353,332);
DELETE FROM tocs where book_id='annya_niti_gantha_sangaho_e1010n';
INSERT INTO tocs VALUES('annya_niti_gantha_sangaho_e1010n','Kāyapaccavekkhaṇā','subhead',1);
INSERT INTO tocs VALUES('annya_niti_gantha_sangaho_e1010n','Paṇāmapaṭiñā','subhead',1);
INSERT INTO tocs VALUES('annya_niti_gantha_sangaho_e1010n','1. Buddhānussati niddesa','chapter',6);
INSERT INTO tocs VALUES('annya_niti_gantha_sangaho_e1010n','2. Maraṇassatiniddesa','chapter',19);
INSERT INTO tocs VALUES('annya_niti_gantha_sangaho_e1010n','3. Asubhabhāvanā niddesa','chapter',83);
INSERT INTO tocs VALUES('annya_niti_gantha_sangaho_e1010n','4. Mettābhāvanāniddesa','subhead',142);
INSERT INTO tocs VALUES('annya_niti_gantha_sangaho_e1010n','Appamādāvaha pakiṇṇakaniddesa','chapter',196);
INSERT INTO tocs VALUES('annya_niti_gantha_sangaho_e1010n','Kāyapaccavekkhaṇā','chapter',288);
DELETE FROM paragraphs where book_id='annya_niti_gantha_sangaho_e1010n';
INSERT INTO paragraphs VALUES('annya_niti_gantha_sangaho_e1010n',1,1);
INSERT INTO paragraphs VALUES('annya_niti_gantha_sangaho_e1010n',2,1);
INSERT INTO paragraphs VALUES('annya_niti_gantha_sangaho_e1010n',3,1);
INSERT INTO paragraphs VALUES('annya_niti_gantha_sangaho_e1010n',4,1);
INSERT INTO paragraphs VALUES('annya_niti_gantha_sangaho_e1010n',5,1);
INSERT INTO paragraphs VALUES('annya_niti_gantha_sangaho_e1010n',6,1);
INSERT INTO paragraphs VALUES('annya_niti_gantha_sangaho_e1010n',7,1);
INSERT INTO paragraphs VALUES('annya_niti_gantha_sangaho_e1010n',1,1);
INSERT INTO paragraphs VALUES('annya_niti_gantha_sangaho_e1010n',2,1);
INSERT INTO paragraphs VALUES('annya_niti_gantha_sangaho_e1010n',3,2);
INSERT INTO paragraphs VALUES('annya_niti_gantha_sangaho_e1010n',4,3);
INSERT INTO paragraphs VALUES('annya_niti_gantha_sangaho_e1010n',1,4);
INSERT INTO paragraphs VALUES('annya_niti_gantha_sangaho_e1010n',2,4);
INSERT INTO paragraphs VALUES('annya_niti_gantha_sangaho_e1010n',3,4);
INSERT INTO paragraphs VALUES('annya_niti_gantha_sangaho_e1010n',4,4);
INSERT INTO paragraphs VALUES('annya_niti_gantha_sangaho_e1010n',5,4);
INSERT INTO paragraphs VALUES('annya_niti_gantha_sangaho_e1010n',6,5);
INSERT INTO paragraphs VALUES('annya_niti_gantha_sangaho_e1010n',7,5);
INSERT INTO paragraphs VALUES('annya_niti_gantha_sangaho_e1010n',1,6);
INSERT INTO paragraphs VALUES('annya_niti_gantha_sangaho_e1010n',2,7);
INSERT INTO paragraphs VALUES('annya_niti_gantha_sangaho_e1010n',3,9);
INSERT INTO paragraphs VALUES('annya_niti_gantha_sangaho_e1010n',4,11);
INSERT INTO paragraphs VALUES('annya_niti_gantha_sangaho_e1010n',5,12);
INSERT INTO paragraphs VALUES('annya_niti_gantha_sangaho_e1010n',6,12);
INSERT INTO paragraphs VALUES('annya_niti_gantha_sangaho_e1010n',7,14);
INSERT INTO paragraphs VALUES('annya_niti_gantha_sangaho_e1010n',8,14);
INSERT INTO paragraphs VALUES('annya_niti_gantha_sangaho_e1010n',9,15);
INSERT INTO paragraphs VALUES('annya_niti_gantha_sangaho_e1010n',10,15);
INSERT INTO paragraphs VALUES('annya_niti_gantha_sangaho_e1010n',11,16);
INSERT INTO paragraphs VALUES('annya_niti_gantha_sangaho_e1010n',12,17);
INSERT INTO paragraphs VALUES('annya_niti_gantha_sangaho_e1010n',13,18);
INSERT INTO paragraphs VALUES('annya_niti_gantha_sangaho_e1010n',14,18);
INSERT INTO paragraphs VALUES('annya_niti_gantha_sangaho_e1010n',15,19);
INSERT INTO paragraphs VALUES('annya_niti_gantha_sangaho_e1010n',1,19);
INSERT INTO paragraphs VALUES('annya_niti_gantha_sangaho_e1010n',2,23);
INSERT INTO paragraphs VALUES('annya_niti_gantha_sangaho_e1010n',3,24);
INSERT INTO paragraphs VALUES('annya_niti_gantha_sangaho_e1010n',4,24);
INSERT INTO paragraphs VALUES('annya_niti_gantha_sangaho_e1010n',5,25);
INSERT INTO paragraphs VALUES('annya_niti_gantha_sangaho_e1010n',6,25);
INSERT INTO paragraphs VALUES('annya_niti_gantha_sangaho_e1010n',7,26);
INSERT INTO paragraphs VALUES('annya_niti_gantha_sangaho_e1010n',8,26);
INSERT INTO paragraphs VALUES('annya_niti_gantha_sangaho_e1010n',9,27);
INSERT INTO paragraphs VALUES('annya_niti_gantha_sangaho_e1010n',10,27);
INSERT INTO paragraphs VALUES('annya_niti_gantha_sangaho_e1010n',11,28);
INSERT INTO paragraphs VALUES('annya_niti_gantha_sangaho_e1010n',12,28);
INSERT INTO paragraphs VALUES('annya_niti_gantha_sangaho_e1010n',13,29);
INSERT INTO paragraphs VALUES('annya_niti_gantha_sangaho_e1010n',14,29);
INSERT INTO paragraphs VALUES('annya_niti_gantha_sangaho_e1010n',15,30);
INSERT INTO paragraphs VALUES('annya_niti_gantha_sangaho_e1010n',16,31);
INSERT INTO paragraphs VALUES('annya_niti_gantha_sangaho_e1010n',17,31);
INSERT INTO paragraphs VALUES('annya_niti_gantha_sangaho_e1010n',18,32);
INSERT INTO paragraphs VALUES('annya_niti_gantha_sangaho_e1010n',19,32);
INSERT INTO paragraphs VALUES('annya_niti_gantha_sangaho_e1010n',20,33);
INSERT INTO paragraphs VALUES('annya_niti_gantha_sangaho_e1010n',21,33);
INSERT INTO paragraphs VALUES('annya_niti_gantha_sangaho_e1010n',22,34);
INSERT INTO paragraphs VALUES('annya_niti_gantha_sangaho_e1010n',23,35);
INSERT INTO paragraphs VALUES('annya_niti_gantha_sangaho_e1010n',24,35);
INSERT INTO paragraphs VALUES('annya_niti_gantha_sangaho_e1010n',25,36);
INSERT INTO paragraphs VALUES('annya_niti_gantha_sangaho_e1010n',26,36);
INSERT INTO paragraphs VALUES('annya_niti_gantha_sangaho_e1010n',27,37);
INSERT INTO paragraphs VALUES('annya_niti_gantha_sangaho_e1010n',28,37);
INSERT INTO paragraphs VALUES('annya_niti_gantha_sangaho_e1010n',29,38);
INSERT INTO paragraphs VALUES('annya_niti_gantha_sangaho_e1010n',30,38);
INSERT INTO paragraphs VALUES('annya_niti_gantha_sangaho_e1010n',31,39);
INSERT INTO paragraphs VALUES('annya_niti_gantha_sangaho_e1010n',32,39);
INSERT INTO paragraphs VALUES('annya_niti_gantha_sangaho_e1010n',33,40);
INSERT INTO paragraphs VALUES('annya_niti_gantha_sangaho_e1010n',34,41);
INSERT INTO paragraphs VALUES('annya_niti_gantha_sangaho_e1010n',35,41);
INSERT INTO paragraphs VALUES('annya_niti_gantha_sangaho_e1010n',36,41);
INSERT INTO paragraphs VALUES('annya_niti_gantha_sangaho_e1010n',37,42);
INSERT INTO paragraphs VALUES('annya_niti_gantha_sangaho_e1010n',38,42);
INSERT INTO paragraphs VALUES('annya_niti_gantha_sangaho_e1010n',39,43);
INSERT INTO paragraphs VALUES('annya_niti_gantha_sangaho_e1010n',40,43);
INSERT INTO paragraphs VALUES('annya_niti_gantha_sangaho_e1010n',41,44);
INSERT INTO paragraphs VALUES('annya_niti_gantha_sangaho_e1010n',42,44);
INSERT INTO paragraphs VALUES('annya_niti_gantha_sangaho_e1010n',43,45);
INSERT INTO paragraphs VALUES('annya_niti_gantha_sangaho_e1010n',44,45);
INSERT INTO paragraphs VALUES('annya_niti_gantha_sangaho_e1010n',45,46);
INSERT INTO paragraphs VALUES('annya_niti_gantha_sangaho_e1010n',46,46);
INSERT INTO paragraphs VALUES('annya_niti_gantha_sangaho_e1010n',47,47);
INSERT INTO paragraphs VALUES('annya_niti_gantha_sangaho_e1010n',48,47);
INSERT INTO paragraphs VALUES('annya_niti_gantha_sangaho_e1010n',49,48);
INSERT INTO paragraphs VALUES('annya_niti_gantha_sangaho_e1010n',50,49);
INSERT INTO paragraphs VALUES('annya_niti_gantha_sangaho_e1010n',51,49);
INSERT INTO paragraphs VALUES('annya_niti_gantha_sangaho_e1010n',52,50);
INSERT INTO paragraphs VALUES('annya_niti_gantha_sangaho_e1010n',53,50);
INSERT INTO paragraphs VALUES('annya_niti_gantha_sangaho_e1010n',54,51);
INSERT INTO paragraphs VALUES('annya_niti_gantha_sangaho_e1010n',55,51);
INSERT INTO paragraphs VALUES('annya_niti_gantha_sangaho_e1010n',56,52);
INSERT INTO paragraphs VALUES('annya_niti_gantha_sangaho_e1010n',57,52);
INSERT INTO paragraphs VALUES('annya_niti_gantha_sangaho_e1010n',58,53);
INSERT INTO paragraphs VALUES('annya_niti_gantha_sangaho_e1010n',59,53);
INSERT INTO paragraphs VALUES('annya_niti_gantha_sangaho_e1010n',60,54);
INSERT INTO paragraphs VALUES('annya_niti_gantha_sangaho_e1010n',61,54);
INSERT INTO paragraphs VALUES('annya_niti_gantha_sangaho_e1010n',62,55);
INSERT INTO paragraphs VALUES('annya_niti_gantha_sangaho_e1010n',63,55);
INSERT INTO paragraphs VALUES('annya_niti_gantha_sangaho_e1010n',64,56);
INSERT INTO paragraphs VALUES('annya_niti_gantha_sangaho_e1010n',65,57);
INSERT INTO paragraphs VALUES('annya_niti_gantha_sangaho_e1010n',66,57);
INSERT INTO paragraphs VALUES('annya_niti_gantha_sangaho_e1010n',67,58);
INSERT INTO paragraphs VALUES('annya_niti_gantha_sangaho_e1010n',68,58);
INSERT INTO paragraphs VALUES('annya_niti_gantha_sangaho_e1010n',69,59);
INSERT INTO paragraphs VALUES('annya_niti_gantha_sangaho_e1010n',70,59);
INSERT INTO paragraphs VALUES('annya_niti_gantha_sangaho_e1010n',71,60);
INSERT INTO paragraphs VALUES('annya_niti_gantha_sangaho_e1010n',72,60);
INSERT INTO paragraphs VALUES('annya_niti_gantha_sangaho_e1010n',73,61);
INSERT INTO paragraphs VALUES('annya_niti_gantha_sangaho_e1010n',74,62);
INSERT INTO paragraphs VALUES('annya_niti_gantha_sangaho_e1010n',75,62);
INSERT INTO paragraphs VALUES('annya_niti_gantha_sangaho_e1010n',76,63);
INSERT INTO paragraphs VALUES('annya_niti_gantha_sangaho_e1010n',77,63);
INSERT INTO paragraphs VALUES('annya_niti_gantha_sangaho_e1010n',78,64);
INSERT INTO paragraphs VALUES('annya_niti_gantha_sangaho_e1010n',79,65);
INSERT INTO paragraphs VALUES('annya_niti_gantha_sangaho_e1010n',80,66);
INSERT INTO paragraphs VALUES('annya_niti_gantha_sangaho_e1010n',81,66);
INSERT INTO paragraphs VALUES('annya_niti_gantha_sangaho_e1010n',82,67);
INSERT INTO paragraphs VALUES('annya_niti_gantha_sangaho_e1010n',83,67);
INSERT INTO paragraphs VALUES('annya_niti_gantha_sangaho_e1010n',84,68);
INSERT INTO paragraphs VALUES('annya_niti_gantha_sangaho_e1010n',85,69);
INSERT INTO paragraphs VALUES('annya_niti_gantha_sangaho_e1010n',86,69);
INSERT INTO paragraphs VALUES('annya_niti_gantha_sangaho_e1010n',87,70);
INSERT INTO paragraphs VALUES('annya_niti_gantha_sangaho_e1010n',88,70);
INSERT INTO paragraphs VALUES('annya_niti_gantha_sangaho_e1010n',89,71);
INSERT INTO paragraphs VALUES('annya_niti_gantha_sangaho_e1010n',90,72);
INSERT INTO paragraphs VALUES('annya_niti_gantha_sangaho_e1010n',92,72);
INSERT INTO paragraphs VALUES('annya_niti_gantha_sangaho_e1010n',93,73);
INSERT INTO paragraphs VALUES('annya_niti_gantha_sangaho_e1010n',94,74);
INSERT INTO paragraphs VALUES('annya_niti_gantha_sangaho_e1010n',95,74);
INSERT INTO paragraphs VALUES('annya_niti_gantha_sangaho_e1010n',96,75);
INSERT INTO paragraphs VALUES('annya_niti_gantha_sangaho_e1010n',97,76);
INSERT INTO paragraphs VALUES('annya_niti_gantha_sangaho_e1010n',98,76);
INSERT INTO paragraphs VALUES('annya_niti_gantha_sangaho_e1010n',99,77);
INSERT INTO paragraphs VALUES('annya_niti_gantha_sangaho_e1010n',100,77);
INSERT INTO paragraphs VALUES('annya_niti_gantha_sangaho_e1010n',101,77);
INSERT INTO paragraphs VALUES('annya_niti_gantha_sangaho_e1010n',102,77);
INSERT INTO paragraphs VALUES('annya_niti_gantha_sangaho_e1010n',103,77);
INSERT INTO paragraphs VALUES('annya_niti_gantha_sangaho_e1010n',104,79);
INSERT INTO paragraphs VALUES('annya_niti_gantha_sangaho_e1010n',105,80);
INSERT INTO paragraphs VALUES('annya_niti_gantha_sangaho_e1010n',106,80);
INSERT INTO paragraphs VALUES('annya_niti_gantha_sangaho_e1010n',107,81);
INSERT INTO paragraphs VALUES('annya_niti_gantha_sangaho_e1010n',108,81);
INSERT INTO paragraphs VALUES('annya_niti_gantha_sangaho_e1010n',109,82);
INSERT INTO paragraphs VALUES('annya_niti_gantha_sangaho_e1010n',110,82);
INSERT INTO paragraphs VALUES('annya_niti_gantha_sangaho_e1010n',1,83);
INSERT INTO paragraphs VALUES('annya_niti_gantha_sangaho_e1010n',2,84);
INSERT INTO paragraphs VALUES('annya_niti_gantha_sangaho_e1010n',3,89);
INSERT INTO paragraphs VALUES('annya_niti_gantha_sangaho_e1010n',4,89);
INSERT INTO paragraphs VALUES('annya_niti_gantha_sangaho_e1010n',5,90);
INSERT INTO paragraphs VALUES('annya_niti_gantha_sangaho_e1010n',6,90);
INSERT INTO paragraphs VALUES('annya_niti_gantha_sangaho_e1010n',7,91);
INSERT INTO paragraphs VALUES('annya_niti_gantha_sangaho_e1010n',8,91);
INSERT INTO paragraphs VALUES('annya_niti_gantha_sangaho_e1010n',9,92);
INSERT INTO paragraphs VALUES('annya_niti_gantha_sangaho_e1010n',10,92);
INSERT INTO paragraphs VALUES('annya_niti_gantha_sangaho_e1010n',11,93);
INSERT INTO paragraphs VALUES('annya_niti_gantha_sangaho_e1010n',12,94);
INSERT INTO paragraphs VALUES('annya_niti_gantha_sangaho_e1010n',13,94);
INSERT INTO paragraphs VALUES('annya_niti_gantha_sangaho_e1010n',14,95);
INSERT INTO paragraphs VALUES('annya_niti_gantha_sangaho_e1010n',15,95);
INSERT INTO paragraphs VALUES('annya_niti_gantha_sangaho_e1010n',16,96);
INSERT INTO paragraphs VALUES('annya_niti_gantha_sangaho_e1010n',17,97);
INSERT INTO paragraphs VALUES('annya_niti_gantha_sangaho_e1010n',18,97);
INSERT INTO paragraphs VALUES('annya_niti_gantha_sangaho_e1010n',19,98);
INSERT INTO paragraphs VALUES('annya_niti_gantha_sangaho_e1010n',20,99);
INSERT INTO paragraphs VALUES('annya_niti_gantha_sangaho_e1010n',21,99);
INSERT INTO paragraphs VALUES('annya_niti_gantha_sangaho_e1010n',22,100);
INSERT INTO paragraphs VALUES('annya_niti_gantha_sangaho_e1010n',23,100);
INSERT INTO paragraphs VALUES('annya_niti_gantha_sangaho_e1010n',24,101);
INSERT INTO paragraphs VALUES('annya_niti_gantha_sangaho_e1010n',25,101);
INSERT INTO paragraphs VALUES('annya_niti_gantha_sangaho_e1010n',26,102);
INSERT INTO paragraphs VALUES('annya_niti_gantha_sangaho_e1010n',27,102);
INSERT INTO paragraphs VALUES('annya_niti_gantha_sangaho_e1010n',28,102);
INSERT INTO paragraphs VALUES('annya_niti_gantha_sangaho_e1010n',29,103);
INSERT INTO paragraphs VALUES('annya_niti_gantha_sangaho_e1010n',30,104);
INSERT INTO paragraphs VALUES('annya_niti_gantha_sangaho_e1010n',31,104);
INSERT INTO paragraphs VALUES('annya_niti_gantha_sangaho_e1010n',32,105);
INSERT INTO paragraphs VALUES('annya_niti_gantha_sangaho_e1010n',33,106);
INSERT INTO paragraphs VALUES('annya_niti_gantha_sangaho_e1010n',34,106);
INSERT INTO paragraphs VALUES('annya_niti_gantha_sangaho_e1010n',35,107);
INSERT INTO paragraphs VALUES('annya_niti_gantha_sangaho_e1010n',36,108);
INSERT INTO paragraphs VALUES('annya_niti_gantha_sangaho_e1010n',37,108);
INSERT INTO paragraphs VALUES('annya_niti_gantha_sangaho_e1010n',38,109);
INSERT INTO paragraphs VALUES('annya_niti_gantha_sangaho_e1010n',39,110);
INSERT INTO paragraphs VALUES('annya_niti_gantha_sangaho_e1010n',40,110);
INSERT INTO paragraphs VALUES('annya_niti_gantha_sangaho_e1010n',41,111);
INSERT INTO paragraphs VALUES('annya_niti_gantha_sangaho_e1010n',42,111);
INSERT INTO paragraphs VALUES('annya_niti_gantha_sangaho_e1010n',43,112);
INSERT INTO paragraphs VALUES('annya_niti_gantha_sangaho_e1010n',44,112);
INSERT INTO paragraphs VALUES('annya_niti_gantha_sangaho_e1010n',45,113);
INSERT INTO paragraphs VALUES('annya_niti_gantha_sangaho_e1010n',46,113);
INSERT INTO paragraphs VALUES('annya_niti_gantha_sangaho_e1010n',47,114);
INSERT INTO paragraphs VALUES('annya_niti_gantha_sangaho_e1010n',48,115);
INSERT INTO paragraphs VALUES('annya_niti_gantha_sangaho_e1010n',49,115);
INSERT INTO paragraphs VALUES('annya_niti_gantha_sangaho_e1010n',50,116);
INSERT INTO paragraphs VALUES('annya_niti_gantha_sangaho_e1010n',51,116);
INSERT INTO paragraphs VALUES('annya_niti_gantha_sangaho_e1010n',52,117);
INSERT INTO paragraphs VALUES('annya_niti_gantha_sangaho_e1010n',53,117);
INSERT INTO paragraphs VALUES('annya_niti_gantha_sangaho_e1010n',54,118);
INSERT INTO paragraphs VALUES('annya_niti_gantha_sangaho_e1010n',55,119);
INSERT INTO paragraphs VALUES('annya_niti_gantha_sangaho_e1010n',56,119);
INSERT INTO paragraphs VALUES('annya_niti_gantha_sangaho_e1010n',57,120);
INSERT INTO paragraphs VALUES('annya_niti_gantha_sangaho_e1010n',58,121);
INSERT INTO paragraphs VALUES('annya_niti_gantha_sangaho_e1010n',59,121);
INSERT INTO paragraphs VALUES('annya_niti_gantha_sangaho_e1010n',60,121);
INSERT INTO paragraphs VALUES('annya_niti_gantha_sangaho_e1010n',61,122);
INSERT INTO paragraphs VALUES('annya_niti_gantha_sangaho_e1010n',62,122);
INSERT INTO paragraphs VALUES('annya_niti_gantha_sangaho_e1010n',63,123);
INSERT INTO paragraphs VALUES('annya_niti_gantha_sangaho_e1010n',64,123);
INSERT INTO paragraphs VALUES('annya_niti_gantha_sangaho_e1010n',65,124);
INSERT INTO paragraphs VALUES('annya_niti_gantha_sangaho_e1010n',66,124);
INSERT INTO paragraphs VALUES('annya_niti_gantha_sangaho_e1010n',67,125);
INSERT INTO paragraphs VALUES('annya_niti_gantha_sangaho_e1010n',68,125);
INSERT INTO paragraphs VALUES('annya_niti_gantha_sangaho_e1010n',69,126);
INSERT INTO paragraphs VALUES('annya_niti_gantha_sangaho_e1010n',70,126);
INSERT INTO paragraphs VALUES('annya_niti_gantha_sangaho_e1010n',71,127);
INSERT INTO paragraphs VALUES('annya_niti_gantha_sangaho_e1010n',72,128);
INSERT INTO paragraphs VALUES('annya_niti_gantha_sangaho_e1010n',73,128);
INSERT INTO paragraphs VALUES('annya_niti_gantha_sangaho_e1010n',74,129);
INSERT INTO paragraphs VALUES('annya_niti_gantha_sangaho_e1010n',75,130);
INSERT INTO paragraphs VALUES('annya_niti_gantha_sangaho_e1010n',76,130);
INSERT INTO paragraphs VALUES('annya_niti_gantha_sangaho_e1010n',77,131);
INSERT INTO paragraphs VALUES('annya_niti_gantha_sangaho_e1010n',78,131);
INSERT INTO paragraphs VALUES('annya_niti_gantha_sangaho_e1010n',79,132);
INSERT INTO paragraphs VALUES('annya_niti_gantha_sangaho_e1010n',80,132);
INSERT INTO paragraphs VALUES('annya_niti_gantha_sangaho_e1010n',81,133);
INSERT INTO paragraphs VALUES('annya_niti_gantha_sangaho_e1010n',82,133);
INSERT INTO paragraphs VALUES('annya_niti_gantha_sangaho_e1010n',83,134);
INSERT INTO paragraphs VALUES('annya_niti_gantha_sangaho_e1010n',84,134);
INSERT INTO paragraphs VALUES('annya_niti_gantha_sangaho_e1010n',85,135);
INSERT INTO paragraphs VALUES('annya_niti_gantha_sangaho_e1010n',86,135);
INSERT INTO paragraphs VALUES('annya_niti_gantha_sangaho_e1010n',87,135);
INSERT INTO paragraphs VALUES('annya_niti_gantha_sangaho_e1010n',88,136);
INSERT INTO paragraphs VALUES('annya_niti_gantha_sangaho_e1010n',89,137);
INSERT INTO paragraphs VALUES('annya_niti_gantha_sangaho_e1010n',90,137);
INSERT INTO paragraphs VALUES('annya_niti_gantha_sangaho_e1010n',91,138);
INSERT INTO paragraphs VALUES('annya_niti_gantha_sangaho_e1010n',92,138);
INSERT INTO paragraphs VALUES('annya_niti_gantha_sangaho_e1010n',93,139);
INSERT INTO paragraphs VALUES('annya_niti_gantha_sangaho_e1010n',94,139);
INSERT INTO paragraphs VALUES('annya_niti_gantha_sangaho_e1010n',95,140);
INSERT INTO paragraphs VALUES('annya_niti_gantha_sangaho_e1010n',96,140);
INSERT INTO paragraphs VALUES('annya_niti_gantha_sangaho_e1010n',97,140);
INSERT INTO paragraphs VALUES('annya_niti_gantha_sangaho_e1010n',1,142);
INSERT INTO paragraphs VALUES('annya_niti_gantha_sangaho_e1010n',2,145);
INSERT INTO paragraphs VALUES('annya_niti_gantha_sangaho_e1010n',3,145);
INSERT INTO paragraphs VALUES('annya_niti_gantha_sangaho_e1010n',4,146);
INSERT INTO paragraphs VALUES('annya_niti_gantha_sangaho_e1010n',5,146);
INSERT INTO paragraphs VALUES('annya_niti_gantha_sangaho_e1010n',6,147);
INSERT INTO paragraphs VALUES('annya_niti_gantha_sangaho_e1010n',7,147);
INSERT INTO paragraphs VALUES('annya_niti_gantha_sangaho_e1010n',8,148);
INSERT INTO paragraphs VALUES('annya_niti_gantha_sangaho_e1010n',9,148);
INSERT INTO paragraphs VALUES('annya_niti_gantha_sangaho_e1010n',10,149);
INSERT INTO paragraphs VALUES('annya_niti_gantha_sangaho_e1010n',11,149);
INSERT INTO paragraphs VALUES('annya_niti_gantha_sangaho_e1010n',12,150);
INSERT INTO paragraphs VALUES('annya_niti_gantha_sangaho_e1010n',13,151);
INSERT INTO paragraphs VALUES('annya_niti_gantha_sangaho_e1010n',14,151);
INSERT INTO paragraphs VALUES('annya_niti_gantha_sangaho_e1010n',15,152);
INSERT INTO paragraphs VALUES('annya_niti_gantha_sangaho_e1010n',16,152);
INSERT INTO paragraphs VALUES('annya_niti_gantha_sangaho_e1010n',17,153);
INSERT INTO paragraphs VALUES('annya_niti_gantha_sangaho_e1010n',18,153);
INSERT INTO paragraphs VALUES('annya_niti_gantha_sangaho_e1010n',19,154);
INSERT INTO paragraphs VALUES('annya_niti_gantha_sangaho_e1010n',20,154);
INSERT INTO paragraphs VALUES('annya_niti_gantha_sangaho_e1010n',21,155);
INSERT INTO paragraphs VALUES('annya_niti_gantha_sangaho_e1010n',22,156);
INSERT INTO paragraphs VALUES('annya_niti_gantha_sangaho_e1010n',23,156);
INSERT INTO paragraphs VALUES('annya_niti_gantha_sangaho_e1010n',24,157);
INSERT INTO paragraphs VALUES('annya_niti_gantha_sangaho_e1010n',25,157);
INSERT INTO paragraphs VALUES('annya_niti_gantha_sangaho_e1010n',26,158);
INSERT INTO paragraphs VALUES('annya_niti_gantha_sangaho_e1010n',27,158);
INSERT INTO paragraphs VALUES('annya_niti_gantha_sangaho_e1010n',28,159);
INSERT INTO paragraphs VALUES('annya_niti_gantha_sangaho_e1010n',29,159);
INSERT INTO paragraphs VALUES('annya_niti_gantha_sangaho_e1010n',30,160);
INSERT INTO paragraphs VALUES('annya_niti_gantha_sangaho_e1010n',31,160);
INSERT INTO paragraphs VALUES('annya_niti_gantha_sangaho_e1010n',32,161);
INSERT INTO paragraphs VALUES('annya_niti_gantha_sangaho_e1010n',33,161);
INSERT INTO paragraphs VALUES('annya_niti_gantha_sangaho_e1010n',34,162);
INSERT INTO paragraphs VALUES('annya_niti_gantha_sangaho_e1010n',35,162);
INSERT INTO paragraphs VALUES('annya_niti_gantha_sangaho_e1010n',36,163);
INSERT INTO paragraphs VALUES('annya_niti_gantha_sangaho_e1010n',37,163);
INSERT INTO paragraphs VALUES('annya_niti_gantha_sangaho_e1010n',38,164);
INSERT INTO paragraphs VALUES('annya_niti_gantha_sangaho_e1010n',39,164);
INSERT INTO paragraphs VALUES('annya_niti_gantha_sangaho_e1010n',40,164);
INSERT INTO paragraphs VALUES('annya_niti_gantha_sangaho_e1010n',41,165);
INSERT INTO paragraphs VALUES('annya_niti_gantha_sangaho_e1010n',42,165);
INSERT INTO paragraphs VALUES('annya_niti_gantha_sangaho_e1010n',43,166);
INSERT INTO paragraphs VALUES('annya_niti_gantha_sangaho_e1010n',44,166);
INSERT INTO paragraphs VALUES('annya_niti_gantha_sangaho_e1010n',45,167);
INSERT INTO paragraphs VALUES('annya_niti_gantha_sangaho_e1010n',46,167);
INSERT INTO paragraphs VALUES('annya_niti_gantha_sangaho_e1010n',47,168);
INSERT INTO paragraphs VALUES('annya_niti_gantha_sangaho_e1010n',48,168);
INSERT INTO paragraphs VALUES('annya_niti_gantha_sangaho_e1010n',49,169);
INSERT INTO paragraphs VALUES('annya_niti_gantha_sangaho_e1010n',50,169);
INSERT INTO paragraphs VALUES('annya_niti_gantha_sangaho_e1010n',51,169);
INSERT INTO paragraphs VALUES('annya_niti_gantha_sangaho_e1010n',52,170);
INSERT INTO paragraphs VALUES('annya_niti_gantha_sangaho_e1010n',53,171);
INSERT INTO paragraphs VALUES('annya_niti_gantha_sangaho_e1010n',54,171);
INSERT INTO paragraphs VALUES('annya_niti_gantha_sangaho_e1010n',55,172);
INSERT INTO paragraphs VALUES('annya_niti_gantha_sangaho_e1010n',56,172);
INSERT INTO paragraphs VALUES('annya_niti_gantha_sangaho_e1010n',57,172);
INSERT INTO paragraphs VALUES('annya_niti_gantha_sangaho_e1010n',58,173);
INSERT INTO paragraphs VALUES('annya_niti_gantha_sangaho_e1010n',59,173);
INSERT INTO paragraphs VALUES('annya_niti_gantha_sangaho_e1010n',60,174);
INSERT INTO paragraphs VALUES('annya_niti_gantha_sangaho_e1010n',61,175);
INSERT INTO paragraphs VALUES('annya_niti_gantha_sangaho_e1010n',62,175);
INSERT INTO paragraphs VALUES('annya_niti_gantha_sangaho_e1010n',63,175);
INSERT INTO paragraphs VALUES('annya_niti_gantha_sangaho_e1010n',64,176);
INSERT INTO paragraphs VALUES('annya_niti_gantha_sangaho_e1010n',65,176);
INSERT INTO paragraphs VALUES('annya_niti_gantha_sangaho_e1010n',66,177);
INSERT INTO paragraphs VALUES('annya_niti_gantha_sangaho_e1010n',67,177);
INSERT INTO paragraphs VALUES('annya_niti_gantha_sangaho_e1010n',68,178);
INSERT INTO paragraphs VALUES('annya_niti_gantha_sangaho_e1010n',69,178);
INSERT INTO paragraphs VALUES('annya_niti_gantha_sangaho_e1010n',70,179);
INSERT INTO paragraphs VALUES('annya_niti_gantha_sangaho_e1010n',71,180);
INSERT INTO paragraphs VALUES('annya_niti_gantha_sangaho_e1010n',72,180);
INSERT INTO paragraphs VALUES('annya_niti_gantha_sangaho_e1010n',73,181);
INSERT INTO paragraphs VALUES('annya_niti_gantha_sangaho_e1010n',74,181);
INSERT INTO paragraphs VALUES('annya_niti_gantha_sangaho_e1010n',75,182);
INSERT INTO paragraphs VALUES('annya_niti_gantha_sangaho_e1010n',76,182);
INSERT INTO paragraphs VALUES('annya_niti_gantha_sangaho_e1010n',77,183);
INSERT INTO paragraphs VALUES('annya_niti_gantha_sangaho_e1010n',78,183);
INSERT INTO paragraphs VALUES('annya_niti_gantha_sangaho_e1010n',79,184);
INSERT INTO paragraphs VALUES('annya_niti_gantha_sangaho_e1010n',80,185);
INSERT INTO paragraphs VALUES('annya_niti_gantha_sangaho_e1010n',81,185);
INSERT INTO paragraphs VALUES('annya_niti_gantha_sangaho_e1010n',82,186);
INSERT INTO paragraphs VALUES('annya_niti_gantha_sangaho_e1010n',83,186);
INSERT INTO paragraphs VALUES('annya_niti_gantha_sangaho_e1010n',84,187);
INSERT INTO paragraphs VALUES('annya_niti_gantha_sangaho_e1010n',85,188);
INSERT INTO paragraphs VALUES('annya_niti_gantha_sangaho_e1010n',86,188);
INSERT INTO paragraphs VALUES('annya_niti_gantha_sangaho_e1010n',87,189);
INSERT INTO paragraphs VALUES('annya_niti_gantha_sangaho_e1010n',88,189);
INSERT INTO paragraphs VALUES('annya_niti_gantha_sangaho_e1010n',89,191);
INSERT INTO paragraphs VALUES('annya_niti_gantha_sangaho_e1010n',90,191);
INSERT INTO paragraphs VALUES('annya_niti_gantha_sangaho_e1010n',91,192);
INSERT INTO paragraphs VALUES('annya_niti_gantha_sangaho_e1010n',92,192);
INSERT INTO paragraphs VALUES('annya_niti_gantha_sangaho_e1010n',93,193);
INSERT INTO paragraphs VALUES('annya_niti_gantha_sangaho_e1010n',94,194);
INSERT INTO paragraphs VALUES('annya_niti_gantha_sangaho_e1010n',95,194);
INSERT INTO paragraphs VALUES('annya_niti_gantha_sangaho_e1010n',96,195);
INSERT INTO paragraphs VALUES('annya_niti_gantha_sangaho_e1010n',97,196);
INSERT INTO paragraphs VALUES('annya_niti_gantha_sangaho_e1010n',1,196);
INSERT INTO paragraphs VALUES('annya_niti_gantha_sangaho_e1010n',2,200);
INSERT INTO paragraphs VALUES('annya_niti_gantha_sangaho_e1010n',3,200);
INSERT INTO paragraphs VALUES('annya_niti_gantha_sangaho_e1010n',4,201);
INSERT INTO paragraphs VALUES('annya_niti_gantha_sangaho_e1010n',5,202);
INSERT INTO paragraphs VALUES('annya_niti_gantha_sangaho_e1010n',6,202);
INSERT INTO paragraphs VALUES('annya_niti_gantha_sangaho_e1010n',7,203);
INSERT INTO paragraphs VALUES('annya_niti_gantha_sangaho_e1010n',8,203);
INSERT INTO paragraphs VALUES('annya_niti_gantha_sangaho_e1010n',9,204);
INSERT INTO paragraphs VALUES('annya_niti_gantha_sangaho_e1010n',10,205);
INSERT INTO paragraphs VALUES('annya_niti_gantha_sangaho_e1010n',11,205);
INSERT INTO paragraphs VALUES('annya_niti_gantha_sangaho_e1010n',12,206);
INSERT INTO paragraphs VALUES('annya_niti_gantha_sangaho_e1010n',13,206);
INSERT INTO paragraphs VALUES('annya_niti_gantha_sangaho_e1010n',14,207);
INSERT INTO paragraphs VALUES('annya_niti_gantha_sangaho_e1010n',15,207);
INSERT INTO paragraphs VALUES('annya_niti_gantha_sangaho_e1010n',16,207);
INSERT INTO paragraphs VALUES('annya_niti_gantha_sangaho_e1010n',17,208);
INSERT INTO paragraphs VALUES('annya_niti_gantha_sangaho_e1010n',18,208);
INSERT INTO paragraphs VALUES('annya_niti_gantha_sangaho_e1010n',19,209);
INSERT INTO paragraphs VALUES('annya_niti_gantha_sangaho_e1010n',20,210);
INSERT INTO paragraphs VALUES('annya_niti_gantha_sangaho_e1010n',21,211);
INSERT INTO paragraphs VALUES('annya_niti_gantha_sangaho_e1010n',22,212);
INSERT INTO paragraphs VALUES('annya_niti_gantha_sangaho_e1010n',23,212);
INSERT INTO paragraphs VALUES('annya_niti_gantha_sangaho_e1010n',24,213);
INSERT INTO paragraphs VALUES('annya_niti_gantha_sangaho_e1010n',25,214);
INSERT INTO paragraphs VALUES('annya_niti_gantha_sangaho_e1010n',26,215);
INSERT INTO paragraphs VALUES('annya_niti_gantha_sangaho_e1010n',27,215);
INSERT INTO paragraphs VALUES('annya_niti_gantha_sangaho_e1010n',28,216);
INSERT INTO paragraphs VALUES('annya_niti_gantha_sangaho_e1010n',29,216);
INSERT INTO paragraphs VALUES('annya_niti_gantha_sangaho_e1010n',30,217);
INSERT INTO paragraphs VALUES('annya_niti_gantha_sangaho_e1010n',31,218);
INSERT INTO paragraphs VALUES('annya_niti_gantha_sangaho_e1010n',32,218);
INSERT INTO paragraphs VALUES('annya_niti_gantha_sangaho_e1010n',33,219);
INSERT INTO paragraphs VALUES('annya_niti_gantha_sangaho_e1010n',34,220);
INSERT INTO paragraphs VALUES('annya_niti_gantha_sangaho_e1010n',35,220);
INSERT INTO paragraphs VALUES('annya_niti_gantha_sangaho_e1010n',36,221);
INSERT INTO paragraphs VALUES('annya_niti_gantha_sangaho_e1010n',37,222);
INSERT INTO paragraphs VALUES('annya_niti_gantha_sangaho_e1010n',38,222);
INSERT INTO paragraphs VALUES('annya_niti_gantha_sangaho_e1010n',39,223);
INSERT INTO paragraphs VALUES('annya_niti_gantha_sangaho_e1010n',40,224);
INSERT INTO paragraphs VALUES('annya_niti_gantha_sangaho_e1010n',41,224);
INSERT INTO paragraphs VALUES('annya_niti_gantha_sangaho_e1010n',42,225);
INSERT INTO paragraphs VALUES('annya_niti_gantha_sangaho_e1010n',43,225);
INSERT INTO paragraphs VALUES('annya_niti_gantha_sangaho_e1010n',44,226);
INSERT INTO paragraphs VALUES('annya_niti_gantha_sangaho_e1010n',45,226);
INSERT INTO paragraphs VALUES('annya_niti_gantha_sangaho_e1010n',46,227);
INSERT INTO paragraphs VALUES('annya_niti_gantha_sangaho_e1010n',47,227);
INSERT INTO paragraphs VALUES('annya_niti_gantha_sangaho_e1010n',48,228);
INSERT INTO paragraphs VALUES('annya_niti_gantha_sangaho_e1010n',49,228);
INSERT INTO paragraphs VALUES('annya_niti_gantha_sangaho_e1010n',50,229);
INSERT INTO paragraphs VALUES('annya_niti_gantha_sangaho_e1010n',51,229);
INSERT INTO paragraphs VALUES('annya_niti_gantha_sangaho_e1010n',52,230);
INSERT INTO paragraphs VALUES('annya_niti_gantha_sangaho_e1010n',53,231);
INSERT INTO paragraphs VALUES('annya_niti_gantha_sangaho_e1010n',54,232);
INSERT INTO paragraphs VALUES('annya_niti_gantha_sangaho_e1010n',55,232);
INSERT INTO paragraphs VALUES('annya_niti_gantha_sangaho_e1010n',56,233);
INSERT INTO paragraphs VALUES('annya_niti_gantha_sangaho_e1010n',57,234);
INSERT INTO paragraphs VALUES('annya_niti_gantha_sangaho_e1010n',58,234);
INSERT INTO paragraphs VALUES('annya_niti_gantha_sangaho_e1010n',59,235);
INSERT INTO paragraphs VALUES('annya_niti_gantha_sangaho_e1010n',60,236);
INSERT INTO paragraphs VALUES('annya_niti_gantha_sangaho_e1010n',61,236);
INSERT INTO paragraphs VALUES('annya_niti_gantha_sangaho_e1010n',62,237);
INSERT INTO paragraphs VALUES('annya_niti_gantha_sangaho_e1010n',63,237);
INSERT INTO paragraphs VALUES('annya_niti_gantha_sangaho_e1010n',64,238);
INSERT INTO paragraphs VALUES('annya_niti_gantha_sangaho_e1010n',65,238);
INSERT INTO paragraphs VALUES('annya_niti_gantha_sangaho_e1010n',66,239);
INSERT INTO paragraphs VALUES('annya_niti_gantha_sangaho_e1010n',67,240);
INSERT INTO paragraphs VALUES('annya_niti_gantha_sangaho_e1010n',68,240);
INSERT INTO paragraphs VALUES('annya_niti_gantha_sangaho_e1010n',69,241);
INSERT INTO paragraphs VALUES('annya_niti_gantha_sangaho_e1010n',70,241);
INSERT INTO paragraphs VALUES('annya_niti_gantha_sangaho_e1010n',71,242);
INSERT INTO paragraphs VALUES('annya_niti_gantha_sangaho_e1010n',72,242);
INSERT INTO paragraphs VALUES('annya_niti_gantha_sangaho_e1010n',73,243);
INSERT INTO paragraphs VALUES('annya_niti_gantha_sangaho_e1010n',74,244);
INSERT INTO paragraphs VALUES('annya_niti_gantha_sangaho_e1010n',75,244);
INSERT INTO paragraphs VALUES('annya_niti_gantha_sangaho_e1010n',76,245);
INSERT INTO paragraphs VALUES('annya_niti_gantha_sangaho_e1010n',77,245);
INSERT INTO paragraphs VALUES('annya_niti_gantha_sangaho_e1010n',78,246);
INSERT INTO paragraphs VALUES('annya_niti_gantha_sangaho_e1010n',79,247);
INSERT INTO paragraphs VALUES('annya_niti_gantha_sangaho_e1010n',80,247);
INSERT INTO paragraphs VALUES('annya_niti_gantha_sangaho_e1010n',81,248);
INSERT INTO paragraphs VALUES('annya_niti_gantha_sangaho_e1010n',82,248);
INSERT INTO paragraphs VALUES('annya_niti_gantha_sangaho_e1010n',83,249);
INSERT INTO paragraphs VALUES('annya_niti_gantha_sangaho_e1010n',84,250);
INSERT INTO paragraphs VALUES('annya_niti_gantha_sangaho_e1010n',85,251);
INSERT INTO paragraphs VALUES('annya_niti_gantha_sangaho_e1010n',86,251);
INSERT INTO paragraphs VALUES('annya_niti_gantha_sangaho_e1010n',87,252);
INSERT INTO paragraphs VALUES('annya_niti_gantha_sangaho_e1010n',88,252);
INSERT INTO paragraphs VALUES('annya_niti_gantha_sangaho_e1010n',89,253);
INSERT INTO paragraphs VALUES('annya_niti_gantha_sangaho_e1010n',90,253);
INSERT INTO paragraphs VALUES('annya_niti_gantha_sangaho_e1010n',91,254);
INSERT INTO paragraphs VALUES('annya_niti_gantha_sangaho_e1010n',92,254);
INSERT INTO paragraphs VALUES('annya_niti_gantha_sangaho_e1010n',93,255);
INSERT INTO paragraphs VALUES('annya_niti_gantha_sangaho_e1010n',94,255);
INSERT INTO paragraphs VALUES('annya_niti_gantha_sangaho_e1010n',95,256);
INSERT INTO paragraphs VALUES('annya_niti_gantha_sangaho_e1010n',96,256);
INSERT INTO paragraphs VALUES('annya_niti_gantha_sangaho_e1010n',97,257);
INSERT INTO paragraphs VALUES('annya_niti_gantha_sangaho_e1010n',98,257);
INSERT INTO paragraphs VALUES('annya_niti_gantha_sangaho_e1010n',99,258);
INSERT INTO paragraphs VALUES('annya_niti_gantha_sangaho_e1010n',100,258);
INSERT INTO paragraphs VALUES('annya_niti_gantha_sangaho_e1010n',101,259);
INSERT INTO paragraphs VALUES('annya_niti_gantha_sangaho_e1010n',102,259);
INSERT INTO paragraphs VALUES('annya_niti_gantha_sangaho_e1010n',103,260);
INSERT INTO paragraphs VALUES('annya_niti_gantha_sangaho_e1010n',104,260);
INSERT INTO paragraphs VALUES('annya_niti_gantha_sangaho_e1010n',105,261);
INSERT INTO paragraphs VALUES('annya_niti_gantha_sangaho_e1010n',106,261);
INSERT INTO paragraphs VALUES('annya_niti_gantha_sangaho_e1010n',107,262);
INSERT INTO paragraphs VALUES('annya_niti_gantha_sangaho_e1010n',108,262);
INSERT INTO paragraphs VALUES('annya_niti_gantha_sangaho_e1010n',109,263);
INSERT INTO paragraphs VALUES('annya_niti_gantha_sangaho_e1010n',110,264);
INSERT INTO paragraphs VALUES('annya_niti_gantha_sangaho_e1010n',111,264);
INSERT INTO paragraphs VALUES('annya_niti_gantha_sangaho_e1010n',112,265);
INSERT INTO paragraphs VALUES('annya_niti_gantha_sangaho_e1010n',113,266);
INSERT INTO paragraphs VALUES('annya_niti_gantha_sangaho_e1010n',114,266);
INSERT INTO paragraphs VALUES('annya_niti_gantha_sangaho_e1010n',115,267);
INSERT INTO paragraphs VALUES('annya_niti_gantha_sangaho_e1010n',116,267);
INSERT INTO paragraphs VALUES('annya_niti_gantha_sangaho_e1010n',117,268);
INSERT INTO paragraphs VALUES('annya_niti_gantha_sangaho_e1010n',118,268);
INSERT INTO paragraphs VALUES('annya_niti_gantha_sangaho_e1010n',119,269);
INSERT INTO paragraphs VALUES('annya_niti_gantha_sangaho_e1010n',120,270);
INSERT INTO paragraphs VALUES('annya_niti_gantha_sangaho_e1010n',121,271);
INSERT INTO paragraphs VALUES('annya_niti_gantha_sangaho_e1010n',122,271);
INSERT INTO paragraphs VALUES('annya_niti_gantha_sangaho_e1010n',123,271);
INSERT INTO paragraphs VALUES('annya_niti_gantha_sangaho_e1010n',124,272);
INSERT INTO paragraphs VALUES('annya_niti_gantha_sangaho_e1010n',125,272);
INSERT INTO paragraphs VALUES('annya_niti_gantha_sangaho_e1010n',126,274);
INSERT INTO paragraphs VALUES('annya_niti_gantha_sangaho_e1010n',127,274);
INSERT INTO paragraphs VALUES('annya_niti_gantha_sangaho_e1010n',128,275);
INSERT INTO paragraphs VALUES('annya_niti_gantha_sangaho_e1010n',129,275);
INSERT INTO paragraphs VALUES('annya_niti_gantha_sangaho_e1010n',130,276);
INSERT INTO paragraphs VALUES('annya_niti_gantha_sangaho_e1010n',131,276);
INSERT INTO paragraphs VALUES('annya_niti_gantha_sangaho_e1010n',132,277);
INSERT INTO paragraphs VALUES('annya_niti_gantha_sangaho_e1010n',133,278);
INSERT INTO paragraphs VALUES('annya_niti_gantha_sangaho_e1010n',134,278);
INSERT INTO paragraphs VALUES('annya_niti_gantha_sangaho_e1010n',135,278);
INSERT INTO paragraphs VALUES('annya_niti_gantha_sangaho_e1010n',136,279);
INSERT INTO paragraphs VALUES('annya_niti_gantha_sangaho_e1010n',137,280);
INSERT INTO paragraphs VALUES('annya_niti_gantha_sangaho_e1010n',138,280);
INSERT INTO paragraphs VALUES('annya_niti_gantha_sangaho_e1010n',139,280);
INSERT INTO paragraphs VALUES('annya_niti_gantha_sangaho_e1010n',140,281);
INSERT INTO paragraphs VALUES('annya_niti_gantha_sangaho_e1010n',141,282);
INSERT INTO paragraphs VALUES('annya_niti_gantha_sangaho_e1010n',142,282);
INSERT INTO paragraphs VALUES('annya_niti_gantha_sangaho_e1010n',143,283);
INSERT INTO paragraphs VALUES('annya_niti_gantha_sangaho_e1010n',144,283);
INSERT INTO paragraphs VALUES('annya_niti_gantha_sangaho_e1010n',145,284);
INSERT INTO paragraphs VALUES('annya_niti_gantha_sangaho_e1010n',146,284);
INSERT INTO paragraphs VALUES('annya_niti_gantha_sangaho_e1010n',147,285);
INSERT INTO paragraphs VALUES('annya_niti_gantha_sangaho_e1010n',148,285);
INSERT INTO paragraphs VALUES('annya_niti_gantha_sangaho_e1010n',149,286);
INSERT INTO paragraphs VALUES('annya_niti_gantha_sangaho_e1010n',150,286);
INSERT INTO paragraphs VALUES('annya_niti_gantha_sangaho_e1010n',151,287);
INSERT INTO paragraphs VALUES('annya_niti_gantha_sangaho_e1010n',152,287);
INSERT INTO paragraphs VALUES('annya_niti_gantha_sangaho_e1010n',153,288);
INSERT INTO paragraphs VALUES('annya_niti_gantha_sangaho_e1010n',154,288);
INSERT INTO paragraphs VALUES('annya_niti_gantha_sangaho_e1010n',1,288);
INSERT INTO paragraphs VALUES('annya_niti_gantha_sangaho_e1010n',2,291);
INSERT INTO paragraphs VALUES('annya_niti_gantha_sangaho_e1010n',3,292);
INSERT INTO paragraphs VALUES('annya_niti_gantha_sangaho_e1010n',4,292);
INSERT INTO paragraphs VALUES('annya_niti_gantha_sangaho_e1010n',5,293);
INSERT INTO paragraphs VALUES('annya_niti_gantha_sangaho_e1010n',6,293);
INSERT INTO paragraphs VALUES('annya_niti_gantha_sangaho_e1010n',7,294);
INSERT INTO paragraphs VALUES('annya_niti_gantha_sangaho_e1010n',8,294);
INSERT INTO paragraphs VALUES('annya_niti_gantha_sangaho_e1010n',9,295);
INSERT INTO paragraphs VALUES('annya_niti_gantha_sangaho_e1010n',10,295);
INSERT INTO paragraphs VALUES('annya_niti_gantha_sangaho_e1010n',11,295);
INSERT INTO paragraphs VALUES('annya_niti_gantha_sangaho_e1010n',12,297);
INSERT INTO paragraphs VALUES('annya_niti_gantha_sangaho_e1010n',13,297);
INSERT INTO paragraphs VALUES('annya_niti_gantha_sangaho_e1010n',14,297);
INSERT INTO paragraphs VALUES('annya_niti_gantha_sangaho_e1010n',15,298);
INSERT INTO paragraphs VALUES('annya_niti_gantha_sangaho_e1010n',16,298);
INSERT INTO paragraphs VALUES('annya_niti_gantha_sangaho_e1010n',17,299);
INSERT INTO paragraphs VALUES('annya_niti_gantha_sangaho_e1010n',18,299);
INSERT INTO paragraphs VALUES('annya_niti_gantha_sangaho_e1010n',19,300);
INSERT INTO paragraphs VALUES('annya_niti_gantha_sangaho_e1010n',20,300);
INSERT INTO paragraphs VALUES('annya_niti_gantha_sangaho_e1010n',21,301);
INSERT INTO paragraphs VALUES('annya_niti_gantha_sangaho_e1010n',22,301);
INSERT INTO paragraphs VALUES('annya_niti_gantha_sangaho_e1010n',23,302);
INSERT INTO paragraphs VALUES('annya_niti_gantha_sangaho_e1010n',24,302);
INSERT INTO paragraphs VALUES('annya_niti_gantha_sangaho_e1010n',25,303);
INSERT INTO paragraphs VALUES('annya_niti_gantha_sangaho_e1010n',26,303);
INSERT INTO paragraphs VALUES('annya_niti_gantha_sangaho_e1010n',27,304);
INSERT INTO paragraphs VALUES('annya_niti_gantha_sangaho_e1010n',28,304);
INSERT INTO paragraphs VALUES('annya_niti_gantha_sangaho_e1010n',29,305);
INSERT INTO paragraphs VALUES('annya_niti_gantha_sangaho_e1010n',30,305);
INSERT INTO paragraphs VALUES('annya_niti_gantha_sangaho_e1010n',31,306);
INSERT INTO paragraphs VALUES('annya_niti_gantha_sangaho_e1010n',32,306);
INSERT INTO paragraphs VALUES('annya_niti_gantha_sangaho_e1010n',33,307);
INSERT INTO paragraphs VALUES('annya_niti_gantha_sangaho_e1010n',34,307);
INSERT INTO paragraphs VALUES('annya_niti_gantha_sangaho_e1010n',35,308);
INSERT INTO paragraphs VALUES('annya_niti_gantha_sangaho_e1010n',36,309);
INSERT INTO paragraphs VALUES('annya_niti_gantha_sangaho_e1010n',37,309);
INSERT INTO paragraphs VALUES('annya_niti_gantha_sangaho_e1010n',38,310);
INSERT INTO paragraphs VALUES('annya_niti_gantha_sangaho_e1010n',39,310);
INSERT INTO paragraphs VALUES('annya_niti_gantha_sangaho_e1010n',40,311);
INSERT INTO paragraphs VALUES('annya_niti_gantha_sangaho_e1010n',41,312);
INSERT INTO paragraphs VALUES('annya_niti_gantha_sangaho_e1010n',42,312);
INSERT INTO paragraphs VALUES('annya_niti_gantha_sangaho_e1010n',43,313);
INSERT INTO paragraphs VALUES('annya_niti_gantha_sangaho_e1010n',44,313);
INSERT INTO paragraphs VALUES('annya_niti_gantha_sangaho_e1010n',45,314);
INSERT INTO paragraphs VALUES('annya_niti_gantha_sangaho_e1010n',46,314);
INSERT INTO paragraphs VALUES('annya_niti_gantha_sangaho_e1010n',47,315);
INSERT INTO paragraphs VALUES('annya_niti_gantha_sangaho_e1010n',48,315);
INSERT INTO paragraphs VALUES('annya_niti_gantha_sangaho_e1010n',49,316);
INSERT INTO paragraphs VALUES('annya_niti_gantha_sangaho_e1010n',50,316);
INSERT INTO paragraphs VALUES('annya_niti_gantha_sangaho_e1010n',51,317);
INSERT INTO paragraphs VALUES('annya_niti_gantha_sangaho_e1010n',52,317);
INSERT INTO paragraphs VALUES('annya_niti_gantha_sangaho_e1010n',53,318);
INSERT INTO paragraphs VALUES('annya_niti_gantha_sangaho_e1010n',54,318);
INSERT INTO paragraphs VALUES('annya_niti_gantha_sangaho_e1010n',55,319);
INSERT INTO paragraphs VALUES('annya_niti_gantha_sangaho_e1010n',56,319);
INSERT INTO paragraphs VALUES('annya_niti_gantha_sangaho_e1010n',57,320);
INSERT INTO paragraphs VALUES('annya_niti_gantha_sangaho_e1010n',58,320);
INSERT INTO paragraphs VALUES('annya_niti_gantha_sangaho_e1010n',59,321);
INSERT INTO paragraphs VALUES('annya_niti_gantha_sangaho_e1010n',60,321);
INSERT INTO paragraphs VALUES('annya_niti_gantha_sangaho_e1010n',61,322);
INSERT INTO paragraphs VALUES('annya_niti_gantha_sangaho_e1010n',62,322);
INSERT INTO paragraphs VALUES('annya_niti_gantha_sangaho_e1010n',63,323);
INSERT INTO paragraphs VALUES('annya_niti_gantha_sangaho_e1010n',64,324);
INSERT INTO paragraphs VALUES('annya_niti_gantha_sangaho_e1010n',65,324);
INSERT INTO paragraphs VALUES('annya_niti_gantha_sangaho_e1010n',66,325);
INSERT INTO paragraphs VALUES('annya_niti_gantha_sangaho_e1010n',67,325);
INSERT INTO paragraphs VALUES('annya_niti_gantha_sangaho_e1010n',68,326);
INSERT INTO paragraphs VALUES('annya_niti_gantha_sangaho_e1010n',69,326);
INSERT INTO paragraphs VALUES('annya_niti_gantha_sangaho_e1010n',70,327);
INSERT INTO paragraphs VALUES('annya_niti_gantha_sangaho_e1010n',71,328);
INSERT INTO paragraphs VALUES('annya_niti_gantha_sangaho_e1010n',72,329);
INSERT INTO paragraphs VALUES('annya_niti_gantha_sangaho_e1010n',73,329);
INSERT INTO paragraphs VALUES('annya_niti_gantha_sangaho_e1010n',74,330);
INSERT INTO paragraphs VALUES('annya_niti_gantha_sangaho_e1010n',75,331);
INSERT INTO paragraphs VALUES('annya_niti_gantha_sangaho_e1010n',76,331);
INSERT INTO paragraphs VALUES('annya_niti_gantha_sangaho_e1010n',77,332);
INSERT INTO paragraphs VALUES('annya_niti_gantha_sangaho_e1010n',78,332);
INSERT INTO paragraphs VALUES('annya_niti_gantha_sangaho_e1010n',79,333);
INSERT INTO paragraphs VALUES('annya_niti_gantha_sangaho_e1010n',80,333);
INSERT INTO paragraphs VALUES('annya_niti_gantha_sangaho_e1010n',81,334);
INSERT INTO paragraphs VALUES('annya_niti_gantha_sangaho_e1010n',82,335);
INSERT INTO paragraphs VALUES('annya_niti_gantha_sangaho_e1010n',83,335);
INSERT INTO paragraphs VALUES('annya_niti_gantha_sangaho_e1010n',84,336);
INSERT INTO paragraphs VALUES('annya_niti_gantha_sangaho_e1010n',85,337);
INSERT INTO paragraphs VALUES('annya_niti_gantha_sangaho_e1010n',86,338);
INSERT INTO paragraphs VALUES('annya_niti_gantha_sangaho_e1010n',87,338);
INSERT INTO paragraphs VALUES('annya_niti_gantha_sangaho_e1010n',88,339);
INSERT INTO paragraphs VALUES('annya_niti_gantha_sangaho_e1010n',89,339);
INSERT INTO paragraphs VALUES('annya_niti_gantha_sangaho_e1010n',90,339);
INSERT INTO paragraphs VALUES('annya_niti_gantha_sangaho_e1010n',91,340);
INSERT INTO paragraphs VALUES('annya_niti_gantha_sangaho_e1010n',92,341);
INSERT INTO paragraphs VALUES('annya_niti_gantha_sangaho_e1010n',93,342);
INSERT INTO paragraphs VALUES('annya_niti_gantha_sangaho_e1010n',94,342);
INSERT INTO paragraphs VALUES('annya_niti_gantha_sangaho_e1010n',95,343);
INSERT INTO paragraphs VALUES('annya_niti_gantha_sangaho_e1010n',96,344);
INSERT INTO paragraphs VALUES('annya_niti_gantha_sangaho_e1010n',97,345);
INSERT INTO paragraphs VALUES('annya_niti_gantha_sangaho_e1010n',98,345);
INSERT INTO paragraphs VALUES('annya_niti_gantha_sangaho_e1010n',99,346);
INSERT INTO paragraphs VALUES('annya_niti_gantha_sangaho_e1010n',100,346);
INSERT INTO paragraphs VALUES('annya_niti_gantha_sangaho_e1010n',101,347);
INSERT INTO paragraphs VALUES('annya_niti_gantha_sangaho_e1010n',102,347);
INSERT INTO paragraphs VALUES('annya_niti_gantha_sangaho_e1010n',103,348);
INSERT INTO paragraphs VALUES('annya_niti_gantha_sangaho_e1010n',104,348);
INSERT INTO paragraphs VALUES('annya_niti_gantha_sangaho_e1010n',105,349);
INSERT INTO paragraphs VALUES('annya_niti_gantha_sangaho_e1010n',106,349);
INSERT INTO paragraphs VALUES('annya_niti_gantha_sangaho_e1010n',107,350);
INSERT INTO paragraphs VALUES('annya_niti_gantha_sangaho_e1010n',108,350);
INSERT INTO paragraphs VALUES('annya_niti_gantha_sangaho_e1010n',109,351);
INSERT INTO paragraphs VALUES('annya_niti_gantha_sangaho_e1010n',110,351);
INSERT INTO paragraphs VALUES('annya_niti_gantha_sangaho_e1010n',111,352);
INSERT INTO paragraphs VALUES('annya_niti_gantha_sangaho_e1010n',112,352);
DELETE FROM pages where bookid='annya_niti_gantha_sangaho_e1010n';
INSERT INTO pages (bookid, page, content, paranum) VALUES('annya_niti_gantha_sangaho_e1010n',1,replace(replace('<p class="centered"> Namo tassa bhagavato arahato sammāsambuddhassa</p>\r\n<p class="book">Caturārakkhadīpanī</p>\r\n<p class="subhead">Kāyapaccavekkhaṇā</p>\r\n<p class="bodytext"><a name="para1"></a><span class="paranum">1</span>. Dussīlakathā,</p>\r\n<p class="bodytext"><a name="para2"></a><span class="paranum">2</span>. Sīlānisaṃsakathā,</p>\r\n<p class="bodytext"><a name="para3"></a><span class="paranum">3</span>. Anūsāsanakathā,</p>\r\n<p class="bodytext"><a name="para4"></a><span class="paranum">4</span>. Āvāsikācārakathā,</p>\r\n<p class="bodytext"><a name="para5"></a><span class="paranum">5</span>. Paccayanissaggakathā,</p>\r\n<p class="bodytext"><a name="para6"></a><span class="paranum">6</span>. Pātimokkhakathā,</p>\r\n<p class="bodytext"><a name="para7"></a><span class="paranum">7</span>. Dāyakovādakathā,</p>\r\n<p class="subhead">Paṇāmapaṭiñā</p>\r\n<p class="hangnum"><a name="para1"></a><span class="paranum">1</span>.</p>\r\n<p class="gatha1"> </p>','\r',char(13)),'\n',char(10)),'-1-2-3-4-5-6-7-1-');
INSERT INTO pages (bookid, page, content, paranum) VALUES('annya_niti_gantha_sangaho_e1010n',1,replace(replace('<p class="gatha1">Cakkavāḷa <a name="M0.0001"></a> nahutā ga, devāli gaṇa cumbito;</p>\r\n<p class="gathalast">Buddha pādambujo ṭhātu, sīse dayā tigandhajo.</p>\r\n<p class="hangnum"><a name="para2"></a><span class="paranum">2</span>.</p>\r\n<p class="gatha1"> </p>','\r',char(13)),'\n',char(10)),'-2-');
INSERT INTO pages (bookid, page, content, paranum) VALUES('annya_niti_gantha_sangaho_e1010n',2,replace(replace('<p class="gatha1">Nanta <a name="M0.0002"></a> cakkavāḷa bbhugga, guṇa sanniccitaṃ jinaṃ;</p>\r\n<p class="gathalast">Vande tappūjitaṃ dhammaṃ, tajjaṃ saṅghañca nimmalaṃ.</p>\r\n<p class="hangnum"><a name="para3"></a><span class="paranum">3</span>.</p>\r\n<p class="gatha1"> </p>','\r',char(13)),'\n',char(10)),'-3-');
INSERT INTO pages (bookid, page, content, paranum) VALUES('annya_niti_gantha_sangaho_e1010n',3,replace(replace('<p class="gatha1">Vakkhāmi <a name="M0.0003"></a> caturārakkhaṃ, sambuddha vacana nvayaṃ;</p>\r\n<p class="gathalast">Appamādāvahaṃ etaṃ, sottabbaṃ bhavabhīruhi.</p>\r\n<p class="hangnum"><a name="para4"></a><span class="paranum">4</span>.</p>\r\n<p class="gatha1"> </p>','\r',char(13)),'\n',char(10)),'-4-');
INSERT INTO pages (bookid, page, content, paranum) VALUES('annya_niti_gantha_sangaho_e1010n',4,replace(replace('<p class="gatha1">Buddhānussati <a name="M0.0004"></a> maraṇā, bhubhā mettāca bhāvanā;</p>\r\n<p class="gathalast">Appamādāya ārakkhā, catasso mānitā sataṃ.</p>\r\n<p class="bodytext"><a name="para1"></a><span class="paranum">1</span>. Buddhānūssati bhāvanā,</p>\r\n<p class="bodytext"><a name="para2"></a><span class="paranum">2</span>. Maraṇassati bhāvanā,</p>\r\n<p class="bodytext"><a name="para3"></a><span class="paranum">3</span>. Asubha bhāvanā,</p>\r\n<p class="bodytext"><a name="para4"></a><span class="paranum">4</span>. Mettā bhāvanā,</p>\r\n<p class="hangnum"><a name="para5"></a><span class="paranum">5</span>.</p>\r\n<p class="gatha1"> </p>','\r',char(13)),'\n',char(10)),'-1-2-3-4-5-');
INSERT INTO pages (bookid, page, content, paranum) VALUES('annya_niti_gantha_sangaho_e1010n',5,replace(replace('<p class="gatha1">Buddhovādaṃ <a name="M0.0005"></a> saritvāva, maccubbiggā sukhesino;</p>\r\n<p class="gathalast">Sītā sītataraṃ yanti, subhamettambusi-ṭṭhitā.</p>\r\n<p class="hangnum"><a name="para6"></a><span class="paranum">6</span>.</p>\r\n<p class="gatha1"> Maraṇaggi vāraṇambu, sambuddhavacanaṃ yidaṃ;</p>\r\n<p class="gathalast">Bahū tadaggi santattā, sītāvāsuṃ tadambunā.</p>\r\n<p class="hangnum"><a name="para7"></a><span class="paranum">7</span>.</p>\r\n<p class="gatha1"> </p>','\r',char(13)),'\n',char(10)),'-6-7-');
INSERT INTO pages (bookid, page, content, paranum) VALUES('annya_niti_gantha_sangaho_e1010n',6,replace(replace('<p class="gatha1">Saddhaṃ <a name="M0.0006"></a> buddhena tejetvā, mānaṃ maraṇacintayā;</p>\r\n<p class="gathalast">Asubhāya hane rāgaṃ, dosaṃ mettāya paññavā.</p>\r\n<p class="chapter">1. Buddhānussati niddesa</p>\r\n<p class="hangnum"><a name="para1"></a><span class="paranum">1</span>.</p>\r\n<p class="gatha1"> </p>','\r',char(13)),'\n',char(10)),'-1-');
INSERT INTO pages (bookid, page, content, paranum) VALUES('annya_niti_gantha_sangaho_e1010n',7,replace(replace('<p class="gatha1">Arahaṃ <a name="M0.0007"></a> sammāsambuddho, vijjakkhi caraṇappado;</p>\r\n<p class="gathalast">Sugato sugado satthā, sabbaññū bhagavādamo.</p>\r\n<p class="hangnum"><a name="para2"></a><span class="paranum">2</span>.</p>\r\n<p class="gatha1"> </p>','\r',char(13)),'\n',char(10)),'-2-');
INSERT INTO pages (bookid, page, content, paranum) VALUES('annya_niti_gantha_sangaho_e1010n',9,replace(replace('<p class="gatha1">Ārakattārihantattā<a name="M0.0009"></a>, pāpākārakatoraho;</p>\r\n<p class="gathalast">Hata cakkārato pūjā, rahattā cārahaṃ name.</p>\r\n<p class="hangnum"><a name="para3"></a><span class="paranum">3</span>.</p>\r\n<p class="gatha1"> </p>','\r',char(13)),'\n',char(10)),'-3-');
INSERT INTO pages (bookid, page, content, paranum) VALUES('annya_niti_gantha_sangaho_e1010n',11,replace(replace('<p class="gatha1">Samutte <a name="M0.0011"></a> jiya gihīnaṃ, anupubbikatho jino;</p>\r\n<p class="gathalast">Adāsi paramaṃ tuṭṭhiṃ, saccāni dassayaṃ divā.</p>\r\n<p class="hangnum"><a name="para4"></a><span class="paranum">4</span>.</p>\r\n<p class="gatha1"> </p>','\r',char(13)),'\n',char(10)),'-4-');
INSERT INTO pages (bookid, page, content, paranum) VALUES('annya_niti_gantha_sangaho_e1010n',12,replace(replace('<p class="gatha1">Bhikkhūnaṃ <a name="M0.0012"></a> paṭhame yāme, pāyesi amatāgadaṃ;</p>\r\n<p class="gathalast">Jātikhettāga devānaṃ, kaṅkhacchedo sa majjhime;</p>\r\n<p class="hangnum"><a name="para5"></a><span class="paranum">5</span>.</p>\r\n<p class="gatha1"> Ādo phalasukhaṃ vedi, majjhe seyya makā jino;</p>\r\n<p class="gathalast">Veneyyo lokanaṃ ante, pacchimepi tidhā kate.</p>\r\n<p class="hangnum"><a name="para6"></a><span class="paranum">6</span>.</p>\r\n<p class="gatha1"> </p>','\r',char(13)),'\n',char(10)),'-5-6-');
INSERT INTO pages (bookid, page, content, paranum) VALUES('annya_niti_gantha_sangaho_e1010n',14,replace(replace('<p class="gatha1">Khedaṃ <a name="M0.0014"></a> agaṇayaṃ nātho, pañca buddhakataṃ vahaṃ;</p>\r\n<p class="gathalast">Satthasiddho paratthaṃva, byāvaṭo sumahādayo.</p>\r\n<p class="hangnum"><a name="para7"></a><span class="paranum">7</span>.</p>\r\n<p class="gatha1"> Caṅkamitvā nisīditvā, rattiṃdivañca jhāyituṃ;</p>\r\n<p class="gathalast">Supituṃ majjhayāmeva, buddho bhikkhūna movadi.</p>\r\n<p class="hangnum"><a name="para8"></a><span class="paranum">8</span>.</p>\r\n<p class="gatha1"> </p>','\r',char(13)),'\n',char(10)),'-7-8-');
INSERT INTO pages (bookid, page, content, paranum) VALUES('annya_niti_gantha_sangaho_e1010n',15,replace(replace('<p class="gatha1">Nāla <a name="M0.0015"></a> mālasituṃ tassa, mahāvīrassa sāsane;</p>\r\n<p class="gathalast">Pamādāya munindassa, kataññū sādhu sammato.</p>\r\n<p class="hangnum"><a name="para9"></a><span class="paranum">9</span>.</p>\r\n<p class="gatha1"> Anaññātassa ñātāya, apattassaca pattiyā;</p>\r\n<p class="gathalast">Ārabhetuṃva no yutto, appamatto rahogato.</p>\r\n<p class="hangnum"><a name="para10"></a><span class="paranum">10</span>.</p>\r\n<p class="gatha1"> </p>','\r',char(13)),'\n',char(10)),'-9-10-');
INSERT INTO pages (bookid, page, content, paranum) VALUES('annya_niti_gantha_sangaho_e1010n',16,replace(replace('<p class="gatha1">Ārabbhatha <a name="M0.0016"></a> nikkamatha, yuñjatha buddhasāsane;</p>\r\n<p class="gathalast">Dhunātha maccuno senaṃ, naḷāgāraṃva kuñjaro.</p>\r\n<p class="hangnum"><a name="para11"></a><span class="paranum">11</span>.</p>\r\n<p class="gatha1"> </p>','\r',char(13)),'\n',char(10)),'-11-');
INSERT INTO pages (bookid, page, content, paranum) VALUES('annya_niti_gantha_sangaho_e1010n',17,replace(replace('<p class="gatha1">Yo <a name="M0.0017"></a> imasmiṃ dhammavinaye, appamatto vihissati;</p>\r\n<p class="gathalast">Pahāya jāti saṃsāraṃ, dukkhassantaṃ karissati;</p>\r\n<p class="hangnum"><a name="para12"></a><span class="paranum">12</span>.</p>\r\n<p class="gatha1"> </p>','\r',char(13)),'\n',char(10)),'-12-');
INSERT INTO pages (bookid, page, content, paranum) VALUES('annya_niti_gantha_sangaho_e1010n',18,replace(replace('<p class="gatha1">Iti <a name="M0.0018"></a> uyyojanaṃ mhākaṃ, muttassa muttiyā saraṃ;</p>\r\n<p class="gathalast">Nayuttova pamādāya, mahādayassa satthuno.</p>\r\n<p class="hangnum"><a name="para13"></a><span class="paranum">13</span>.</p>\r\n<p class="gatha1"> Suttena dubbitakkena, akicca karaṇenavā;</p>\r\n<p class="gathalast">Mogha kālakkhayo mando, dukkhassantaṃ kathaṃkare.</p>\r\n<p class="hangnum"><a name="para14"></a><span class="paranum">14</span>.</p>\r\n<p class="gatha1"> </p>','\r',char(13)),'\n',char(10)),'-13-14-');
INSERT INTO pages (bookid, page, content, paranum) VALUES('annya_niti_gantha_sangaho_e1010n',19,replace(replace('<p class="gatha1">Ākāsaṃ <a name="M0.0019"></a> cakkavāḷañca, sattā buddhaguṇā pica;</p>\r\n<p class="gathalast">Anantānāma cattāro, paricchedo navijjati.</p>\r\n<p class="hangnum"><a name="para15"></a><span class="paranum">15</span>.</p>\r\n<p class="gatha1"> Yathāpi nabha mākāsaṃ, aṅgularajjuyaṭṭhibhi;</p>\r\n<p class="gathalast">Minetuṃ neva sakkoti, evaṃ kenaci tagguṇaṃ.</p>\r\n<p class="chapter">2. Maraṇassatiniddesa</p>\r\n<p class="hangnum"><a name="para1"></a><span class="paranum">1</span>.</p>\r\n<p class="gatha1"> </p>','\r',char(13)),'\n',char(10)),'-15-1-');
INSERT INTO pages (bookid, page, content, paranum) VALUES('annya_niti_gantha_sangaho_e1010n',23,replace(replace('<p class="gatha1">Maraṇassati <a name="M0.0023"></a> micchanto, tāva buddhavaco suṇa;</p>\r\n<p class="gathalast">Avikkhittena cittena, sambuddha vacanaṃ hidaṃ.</p>\r\n<p class="hangnum"><a name="para2"></a><span class="paranum">2</span>.</p>\r\n<p class="gatha1"> </p>','\r',char(13)),'\n',char(10)),'-2-');
INSERT INTO pages (bookid, page, content, paranum) VALUES('annya_niti_gantha_sangaho_e1010n',24,replace(replace('<p class="gatha1">Animitta <a name="M0.0024"></a> manaññātaṃ, maccānaṃ idha jīvitaṃ;</p>\r\n<p class="gathalast">Kasirañca parittañca, tañca dukkhena saṃyutaṃ.</p>\r\n<p class="hangnum"><a name="para3"></a><span class="paranum">3</span>.</p>\r\n<p class="gatha1"> Na hi so pakkamo atthi, yena jātā namiyyare;</p>\r\n<p class="gathalast">Jarampi patvā maraṇaṃ, evaṃdhammā hi pāṇino.</p>\r\n<p class="hangnum"><a name="para4"></a><span class="paranum">4</span>.</p>\r\n<p class="gatha1"> </p>','\r',char(13)),'\n',char(10)),'-3-4-');
INSERT INTO pages (bookid, page, content, paranum) VALUES('annya_niti_gantha_sangaho_e1010n',25,replace(replace('<p class="gatha1">Phalāna <a name="M0.0025"></a> miva pakkānaṃ, pāto patanato bhayaṃ;</p>\r\n<p class="gathalast">Evaṃ jātāna maccānaṃ, niccaṃ maraṇa to bhayaṃ.</p>\r\n<p class="hangnum"><a name="para5"></a><span class="paranum">5</span>.</p>\r\n<p class="gatha1"> Yathāpi kumbhakārassa, katā mattikabhājanā;</p>\r\n<p class="gathalast">Sabbe bhedapariyantā, evaṃ maccāna jīvitaṃ.</p>\r\n<p class="hangnum"><a name="para6"></a><span class="paranum">6</span>.</p>\r\n<p class="gatha1"> </p>','\r',char(13)),'\n',char(10)),'-5-6-');
INSERT INTO pages (bookid, page, content, paranum) VALUES('annya_niti_gantha_sangaho_e1010n',26,replace(replace('<p class="gatha1">Daharāca <a name="M0.0026"></a> mahantāca, yebālā yeca paṇḍitā;</p>\r\n<p class="gathalast">Sabbe maccuvasaṃ yanti, sabbe maccuparāyanā.</p>\r\n<p class="hangnum"><a name="para7"></a><span class="paranum">7</span>.</p>\r\n<p class="gatha1"> Tesaṃ maccuparetānaṃ, gacchataṃ paralokato;</p>\r\n<p class="gathalast">Napitā tāyate puttaṃ, ñātivāpana ñātake;</p>\r\n<p class="hangnum"><a name="para8"></a><span class="paranum">8</span>.</p>\r\n<p class="gatha1"> </p>','\r',char(13)),'\n',char(10)),'-7-8-');
INSERT INTO pages (bookid, page, content, paranum) VALUES('annya_niti_gantha_sangaho_e1010n',27,replace(replace('<p class="gatha1">Pekkhataññeva <a name="M0.0027"></a> ñātīnaṃ, passa lālappataṃ puthu;</p>\r\n<p class="gathalast">Ekamekova maccānaṃ, go vajjhoviya niyyati.</p>\r\n<p class="hangnum"><a name="para9"></a><span class="paranum">9</span>.</p>\r\n<p class="gatha1"> Eva mabbhāhato loko, maccunāca jarāyaca;</p>\r\n<p class="gathalast">Tasmā dhīrā nasocanti, viditvā loka pariyāyaṃ.</p>\r\n<p class="hangnum"><a name="para10"></a><span class="paranum">10</span>.</p>\r\n<p class="gatha1"> </p>','\r',char(13)),'\n',char(10)),'-9-10-');
INSERT INTO pages (bookid, page, content, paranum) VALUES('annya_niti_gantha_sangaho_e1010n',28,replace(replace('<p class="gatha1">Aññepi <a name="M0.0028"></a> passa gamane, yathā kammupage nare;</p>\r\n<p class="gathalast">Maccuno vasamāgamma, phandantevidha pāṇino.</p>\r\n<p class="hangnum"><a name="para11"></a><span class="paranum">11</span>.</p>\r\n<p class="gatha1"> Yena yenahi maññanti,</p>\r\n<p class="gatha2">Tatotassa hi aññathā;</p>\r\n<p class="gatha3">Etādiso vinābhāvo,</p>\r\n<p class="gathalast">Passa lokassa pariyāyanti.</p>\r\n<p class="bodytext">[Sulla sutte vuttaṃ.]</p>\r\n<p class="hangnum"><a name="para12"></a><span class="paranum">12</span>.</p>\r\n<p class="gatha1"> </p>','\r',char(13)),'\n',char(10)),'-11-12-');
INSERT INTO pages (bookid, page, content, paranum) VALUES('annya_niti_gantha_sangaho_e1010n',29,replace(replace('<p class="gatha1">Yathāpi <a name="M0.0029"></a> selā vipulā,</p>\r\n<p class="gatha2">Nabhaṃ āhacca paccatā;</p>\r\n<p class="gatha3">Samantā anupari yeyyuṃ,</p>\r\n<p class="gathalast">Nippothentā catuddisā.</p>\r\n<p class="hangnum"><a name="para13"></a><span class="paranum">13</span>.</p>\r\n<p class="gatha1"> Evaṃ jarāca maccuca,</p>\r\n<p class="gatha2">Adhivattanti pāṇine;</p>\r\n<p class="gatha3">Khattiyebrāhmaṇe vesse,</p>\r\n<p class="gatha2">Sudde caṇḍāla pakkuse;</p>\r\n<p class="gatha3">Nakiñci parivajjeti,</p>\r\n<p class="gathalast">Sabbamevā bhimaddati.</p>\r\n<p class="hangnum"><a name="para14"></a><span class="paranum">14</span>.</p>\r\n<p class="gatha1"> </p>','\r',char(13)),'\n',char(10)),'-13-14-');
INSERT INTO pages (bookid, page, content, paranum) VALUES('annya_niti_gantha_sangaho_e1010n',30,replace(replace('<p class="gatha1">Na <a name="M0.0030"></a> tattha hatthi naṃ bhummi, na rathānaṃ napattiyā;</p>\r\n<p class="gathalast">Na cāpi mantayuddhena, sakkā jetuṃ dhanenavā.</p>\r\n<p class="hangnum"><a name="para15"></a><span class="paranum">15</span>.</p>\r\n<p class="gatha1"> </p>','\r',char(13)),'\n',char(10)),'-15-');
INSERT INTO pages (bookid, page, content, paranum) VALUES('annya_niti_gantha_sangaho_e1010n',31,replace(replace('<p class="gatha1">Tasmāhi <a name="M0.0031"></a> paṇḍito poso,</p>\r\n<p class="gatha2">Sampassaṃ attha mattano;</p>\r\n<p class="gatha3">Buddhe dhamme ca saṅgheca,</p>\r\n<p class="gathalast">Dhīro saddaṃ nivesaye.</p>\r\n<p class="hangnum"><a name="para16"></a><span class="paranum">16</span>.</p>\r\n<p class="gatha1"> Yo dhammacārī kāyena, vācāya uda cetasā;</p>\r\n<p class="gathalast">Idhevanaṃ pasaṃsanti, paccasagge pamodatīti.</p>\r\n<p class="bodytext">[Pabbatū mama sutte vuttaṃ.]</p>\r\n<p class="hangnum"><a name="para17"></a><span class="paranum">17</span>.</p>\r\n<p class="gatha1"> </p>','\r',char(13)),'\n',char(10)),'-16-17-');
INSERT INTO pages (bookid, page, content, paranum) VALUES('annya_niti_gantha_sangaho_e1010n',32,replace(replace('<p class="gatha1">Yathā <a name="M0.0032"></a> vārivaho pūro, vahe rukkhe pakūlaje;</p>\r\n<p class="gathalast">Evaṃ jarāmaraṇena, vuyhante sabba pāṇino.</p>\r\n<p class="hangnum"><a name="para18"></a><span class="paranum">18</span>.</p>\r\n<p class="gatha1"> Daharāpi hi miyyanti,</p>\r\n<p class="gatha2">Narāca athanāriyo;</p>\r\n<p class="gatha3">Tattha ko visāseposo,</p>\r\n<p class="gathalast">Daharo mhītijīvite.</p>\r\n<p class="hangnum"><a name="para19"></a><span class="paranum">19</span>.</p>\r\n<p class="gatha1"> </p>','\r',char(13)),'\n',char(10)),'-18-19-');
INSERT INTO pages (bookid, page, content, paranum) VALUES('annya_niti_gantha_sangaho_e1010n',33,replace(replace('<p class="gatha1">Sāya <a name="M0.0033"></a> meke nidissanti, pāto diṭṭhā bahujjanā;</p>\r\n<p class="gathalast">Pāto eke nadissanti, sāyaṃ diṭṭhā bahujjanā.</p>\r\n<p class="hangnum"><a name="para20"></a><span class="paranum">20</span>.</p>\r\n<p class="gatha1"> Ajjeva kiccaṃ ātappaṃ, ko jaññā maraṇaṃ suve;</p>\r\n<p class="gathalast">Nahi no saṅkaraṃ tena, mahāsenana maccunāti.</p>\r\n<p class="bodytext">[Jātakesuvuttaṃ.]</p>\r\n<p class="hangnum"><a name="para21"></a><span class="paranum">21</span>.</p>\r\n<p class="gatha1"> </p>','\r',char(13)),'\n',char(10)),'-20-21-');
INSERT INTO pages (bookid, page, content, paranum) VALUES('annya_niti_gantha_sangaho_e1010n',34,replace(replace('<p class="gatha1">Natthetthañño <a name="M0.0034"></a> nusāsanto, sayaṃvattāna movada;</p>\r\n<p class="gathalast">Jineritā nusārena, bhikkhu saṃsāra bhīruko.</p>\r\n<p class="hangnum"><a name="para22"></a><span class="paranum">22</span>.</p>\r\n<p class="gatha1"> </p>','\r',char(13)),'\n',char(10)),'-22-');
INSERT INTO pages (bookid, page, content, paranum) VALUES('annya_niti_gantha_sangaho_e1010n',35,replace(replace('<p class="gatha1">Ahivāpi <a name="M0.0035"></a> maṃ ḍaṃseyya, aññepi visadhārino;</p>\r\n<p class="gathalast">Apiyāpica ghāteyyuṃ, uppajjeyyuṃ rujāpime.</p>\r\n<p class="hangnum"><a name="para23"></a><span class="paranum">23</span>.</p>\r\n<p class="gatha1"> Maccusenā vudhāsaṅkhyā, bāhirajjhattu paddavā;</p>\r\n<p class="gathalast">Tehāyu pīḷitaṃchejjaṃ, marissa majjavā suve.</p>\r\n<p class="hangnum"><a name="para24"></a><span class="paranum">24</span>.</p>\r\n<p class="gatha1"> </p>','\r',char(13)),'\n',char(10)),'-23-24-');
INSERT INTO pages (bookid, page, content, paranum) VALUES('annya_niti_gantha_sangaho_e1010n',36,replace(replace('<p class="gatha1">Aḷakkā <a name="M0.0036"></a> hi gavādīhi, corādīhi arīhipi;</p>\r\n<p class="gathalast">Abhiṇha sannipātehi, rujā chanavutīhipi.</p>\r\n<p class="hangnum"><a name="para25"></a><span class="paranum">25</span>.</p>\r\n<p class="gatha1"> Bahūna mupakārehi, annodakādikehipi;</p>\r\n<p class="gathalast">Marissaṃ pīḷito niccaṃ, nirujjheyyāyu ajjavā.</p>\r\n<p class="hangnum"><a name="para26"></a><span class="paranum">26</span>.</p>\r\n<p class="gatha1"> </p>','\r',char(13)),'\n',char(10)),'-25-26-');
INSERT INTO pages (bookid, page, content, paranum) VALUES('annya_niti_gantha_sangaho_e1010n',37,replace(replace('<p class="gatha1">Bahvāvudhe <a name="M0.0037"></a> visajjeti, nilleṇaṃ maccuniddayo;</p>\r\n<p class="gathalast">Vasantaṃ bhavasaṅgāme, namutto koci āvudhā;</p>\r\n<p class="hangnum"><a name="para27"></a><span class="paranum">27</span>.</p>\r\n<p class="gatha1"> Mahabbalā mahāpaññā, mahiddhikā mahaddhanā;</p>\r\n<p class="gathalast">Namuttā sammāsambuddho, sabbalokādhipo api;</p>\r\n<p class="hangnum"><a name="para28"></a><span class="paranum">28</span>.</p>\r\n<p class="gatha1"> </p>','\r',char(13)),'\n',char(10)),'-27-28-');
INSERT INTO pages (bookid, page, content, paranum) VALUES('annya_niti_gantha_sangaho_e1010n',38,replace(replace('<p class="gatha1">Mayā <a name="M0.0038"></a> samā navā vuddhā, tadāvudhehi te matā;</p>\r\n<p class="gathalast">Tathā hampi marissāmi, leṇaṃ puññaṃva me kataṃ.</p>\r\n<p class="hangnum"><a name="para29"></a><span class="paranum">29</span>.</p>\r\n<p class="gatha1"> Pathabyāpādayo dhātthū,</p>\r\n<p class="gatha2">Āhārā bhojanādayo;</p>\r\n<p class="gatha3">Sītuṇha mutunāmetaṃ,</p>\r\n<p class="gathalast">Dosā pittasemhānilā.</p>\r\n<p class="hangnum"><a name="para30"></a><span class="paranum">30</span>.</p>\r\n<p class="gatha1"> </p>','\r',char(13)),'\n',char(10)),'-29-30-');
INSERT INTO pages (bookid, page, content, paranum) VALUES('annya_niti_gantha_sangaho_e1010n',39,replace(replace('<p class="gatha1">Dhātvāhāru <a name="M0.0039"></a> tudosānaṃ, samatte vāyu tiṭṭhati;</p>\r\n<p class="gathalast">Visame taṅkhaṇaññeva, chejja mappaṃ parādhinaṃ.</p>\r\n<p class="hangnum"><a name="para31"></a><span class="paranum">31</span>.</p>\r\n<p class="gatha1"> Dhātvā hārutu dosānaṃ, visamā svepyakallako;</p>\r\n<p class="gathalast">Ussāhe kallakāleva, kiṃkareyyaakallako;</p>\r\n<p class="hangnum"><a name="para32"></a><span class="paranum">32</span>.</p>\r\n<p class="gatha1"> </p>','\r',char(13)),'\n',char(10)),'-31-32-');
INSERT INTO pages (bookid, page, content, paranum) VALUES('annya_niti_gantha_sangaho_e1010n',40,replace(replace('<p class="gatha1">Uppajjeyyuṃ <a name="M0.0040"></a> rujā svepi, asāto dukkhamā kharā;</p>\r\n<p class="gathalast">Puretaraṃva ārabbhe, māpacchā anutāpanaṃ.</p>\r\n<p class="hangnum"><a name="para33"></a><span class="paranum">33</span>.</p>\r\n<p class="gatha1"> </p>','\r',char(13)),'\n',char(10)),'-33-');
INSERT INTO pages (bookid, page, content, paranum) VALUES('annya_niti_gantha_sangaho_e1010n',41,replace(replace('<p class="gatha1">Sattānaṃ <a name="M0.0041"></a> nīcakammānaṃ, saraṇopi bhayaṅkaro;</p>\r\n<p class="gathalast">Nīcānīcaṃ najānāmi, maraṇāsannatampica.</p>\r\n<p class="hangnum"><a name="para34"></a><span class="paranum">34</span>.</p>\r\n<p class="gatha1"> Kamma pīḷita sattānaṃ, taṅkhaṇampi bhayubbhavo;</p>\r\n<p class="gathalast">Mareyya majjavā svevā, nayuttova pamajjituṃ.</p>\r\n<p class="hangnum"><a name="para35"></a><span class="paranum">35</span>.</p>\r\n<p class="gatha1"> Puññakkhīṇā pajā khippaṃ, ahetunāpi nassaye;</p>\r\n<p class="gathalast">Suddhacitto marissāmi, na kiliṭṭhena cetasā.</p>\r\n<p class="hangnum"><a name="para36"></a><span class="paranum">36</span>.</p>\r\n<p class="gatha1"> </p>','\r',char(13)),'\n',char(10)),'-34-35-36-');
INSERT INTO pages (bookid, page, content, paranum) VALUES('annya_niti_gantha_sangaho_e1010n',42,replace(replace('<p class="gatha1">Upacchedāpi <a name="M0.0042"></a> me santi, bhavābhavacitā bahū;</p>\r\n<p class="gathalast">Chejjaṃ tehāyu ajjāpi, sādhvāsumārabhe mataṃ;</p>\r\n<p class="hangnum"><a name="para37"></a><span class="paranum">37</span>.</p>\r\n<p class="gatha1"> Kammā parādha sattānaṃ, vināse paccupaṭṭhite;</p>\r\n<p class="gathalast">Anayo nayarūpena, buddhimākamya tiṭṭhati.</p>\r\n<p class="hangnum"><a name="para38"></a><span class="paranum">38</span>.</p>\r\n<p class="gatha1"> </p>','\r',char(13)),'\n',char(10)),'-37-38-');
INSERT INTO pages (bookid, page, content, paranum) VALUES('annya_niti_gantha_sangaho_e1010n',43,replace(replace('<p class="gatha1">Maraṇāsanna <a name="M0.0043"></a> taññeva, cinteyya paññavā sato;</p>\r\n<p class="gathalast">Evaṃ cintayanto santo, napāpaṃ kattu mussahe.</p>\r\n<p class="hangnum"><a name="para39"></a><span class="paranum">39</span>.</p>\r\n<p class="gatha1"> Maraṇāsanna taññeva, cinteyya buddhasāvako;</p>\r\n<p class="gathalast">Evaṃ cintayanto santo, kadācipi anuṇṇato.</p>\r\n<p class="hangnum"><a name="para40"></a><span class="paranum">40</span>.</p>\r\n<p class="gatha1"> </p>','\r',char(13)),'\n',char(10)),'-39-40-');
INSERT INTO pages (bookid, page, content, paranum) VALUES('annya_niti_gantha_sangaho_e1010n',44,replace(replace('<p class="gatha1">Addhāga <a name="M0.0044"></a> maraṇaṃ pañño, puretaraṃva cintaye;</p>\r\n<p class="gathalast">Kare kātabba kammañca, evaṃ so nānusocati.</p>\r\n<p class="hangnum"><a name="para41"></a><span class="paranum">41</span>.</p>\r\n<p class="gatha1"> Maraṇāsanna saññī so, appamatto vicakkhaṇo;</p>\r\n<p class="gathalast">Pattepi maraṇe kāle, na sammuḷho nasokavā.</p>\r\n<p class="hangnum"><a name="para42"></a><span class="paranum">42</span>.</p>\r\n<p class="gatha1"> </p>','\r',char(13)),'\n',char(10)),'-41-42-');
INSERT INTO pages (bookid, page, content, paranum) VALUES('annya_niti_gantha_sangaho_e1010n',45,replace(replace('<p class="gatha1">Maraṇā <a name="M0.0045"></a> sannasaññī so, sodheti attano malaṃ;</p>\r\n<p class="gathalast">Nimmalena cuto bhikkhu, natvevā pāya gāmiko.</p>\r\n<p class="hangnum"><a name="para43"></a><span class="paranum">43</span>.</p>\r\n<p class="gatha1"> Sati āsanna maraṇe,</p>\r\n<p class="gatha2">Dūrasaññī pamāda vā;</p>\r\n<p class="gatha3">Yo karoti akātabbaṃ,</p>\r\n<p class="gathalast">Tadā so atisocati.</p>\r\n<p class="hangnum"><a name="para44"></a><span class="paranum">44</span>.</p>\r\n<p class="gatha1"> </p>','\r',char(13)),'\n',char(10)),'-43-44-');
INSERT INTO pages (bookid, page, content, paranum) VALUES('annya_niti_gantha_sangaho_e1010n',46,replace(replace('<p class="gatha1">Sati <a name="M0.0046"></a> āsannamaraṇe, dūrasaññī pamādavā;</p>\r\n<p class="gathalast">Ākiṇṇo pāpadhammehi, pajjhāyi dummano tadā.</p>\r\n<p class="hangnum"><a name="para45"></a><span class="paranum">45</span>.</p>\r\n<p class="gatha1"> Sati āsanna maraṇe, duṭṭho dosoti thaddhavā;</p>\r\n<p class="gathalast">Abhinandati sādeti, tadāso atidukkhito.</p>\r\n<p class="hangnum"><a name="para46"></a><span class="paranum">46</span>.</p>\r\n<p class="gatha1"> </p>','\r',char(13)),'\n',char(10)),'-45-46-');
INSERT INTO pages (bookid, page, content, paranum) VALUES('annya_niti_gantha_sangaho_e1010n',47,replace(replace('<p class="gatha1">Sati <a name="M0.0047"></a> āsannamaraṇe, tuvaṭaṃ na cikicchati;</p>\r\n<p class="gathalast">Sañciccāpatti māpanno, tadā so paridevati.</p>\r\n<p class="hangnum"><a name="para47"></a><span class="paranum">47</span>.</p>\r\n<p class="gatha1"> Sati āsanna maraṇe, gihīhi navakehica;</p>\r\n<p class="gathalast">Saṃsaṭṭho na nulomehi, svativassu mukho tadā.</p>\r\n<p class="hangnum"><a name="para48"></a><span class="paranum">48</span>.</p>\r\n<p class="gatha1"> </p>','\r',char(13)),'\n',char(10)),'-47-48-');
INSERT INTO pages (bookid, page, content, paranum) VALUES('annya_niti_gantha_sangaho_e1010n',48,replace(replace('<p class="gatha1">Sati <a name="M0.0048"></a> āsanna maraṇe, kuhako kuladūsako;</p>\r\n<p class="gathalast">Micchājīva samāpanno, dunnimittova so cuto.</p>\r\n<p class="hangnum"><a name="para49"></a><span class="paranum">49</span>.</p>\r\n<p class="gatha1"> </p>','\r',char(13)),'\n',char(10)),'-49-');
INSERT INTO pages (bookid, page, content, paranum) VALUES('annya_niti_gantha_sangaho_e1010n',49,replace(replace('<p class="gatha1">Sasokī <a name="M0.0049"></a> sahanandīca, dukkhe dukkho sukhe sukho;</p>\r\n<p class="gathalast">Gihikammesu ussukko, passaṃ gijjhakūṭaṃ cuto.</p>\r\n<p class="hangnum"><a name="para50"></a><span class="paranum">50</span>.</p>\r\n<p class="gatha1"> Marissanti anāvajja, kilesātura pīḷito;</p>\r\n<p class="gathalast">Kimikhajjavaṇo sāva, bhanto kiṃ sugatiṃ vaje.</p>\r\n<p class="hangnum"><a name="para51"></a><span class="paranum">51</span>.</p>\r\n<p class="gatha1"> </p>','\r',char(13)),'\n',char(10)),'-50-51-');
INSERT INTO pages (bookid, page, content, paranum) VALUES('annya_niti_gantha_sangaho_e1010n',50,replace(replace('<p class="gatha1">Marissanti <a name="M0.0050"></a> anāvajja, dhuradvayaṃ na pūrati;</p>\r\n<p class="gathalast">Ganthaṃ vipassanaṃ tandī, kāruññoyeva so cuto.</p>\r\n<p class="hangnum"><a name="para52"></a><span class="paranum">52</span>.</p>\r\n<p class="gatha1"> Marissanti anāvajja, kilesānaṃ vasānugo;</p>\r\n<p class="gathalast">Sambuddhā-ṇaṃ vītikkanto, kāruñño natthi tassamo.</p>\r\n<p class="hangnum"><a name="para53"></a><span class="paranum">53</span>.</p>\r\n<p class="gatha1"> </p>','\r',char(13)),'\n',char(10)),'-52-53-');
INSERT INTO pages (bookid, page, content, paranum) VALUES('annya_niti_gantha_sangaho_e1010n',51,replace(replace('<p class="gatha1">Marissanti <a name="M0.0051"></a> anāvajjaṃ, dhanamesī adhammato;</p>\r\n<p class="gathalast">Puññe cintāpi nuppajji, nirayaṃ so manaṃ gato.</p>\r\n<p class="hangnum"><a name="para54"></a><span class="paranum">54</span>.</p>\r\n<p class="gatha1"> Mareyyanti anāvajjaṃ, dhanaṃ cini adhammato;</p>\r\n<p class="gathalast">Citaṃ citaṃ ihevetaṃ, tasmiṃgiddho sa pettiko.</p>\r\n<p class="hangnum"><a name="para55"></a><span class="paranum">55</span>.</p>\r\n<p class="gatha1"> </p>','\r',char(13)),'\n',char(10)),'-54-55-');
INSERT INTO pages (bookid, page, content, paranum) VALUES('annya_niti_gantha_sangaho_e1010n',52,replace(replace('<p class="gatha1">Atthā <a name="M0.0052"></a> gehe nivattante, susāne mittabandhavā;</p>\r\n<p class="gathalast">Sukataṃ dukkataṃ kammaṃ, gacchanta manugacchati.</p>\r\n<p class="hangnum"><a name="para56"></a><span class="paranum">56</span>.</p>\r\n<p class="gatha1"> Mareyyanti anāvajjaṃ, ihatthaṃ vā nuyuñjati;</p>\r\n<p class="gathalast">Samparāya manapekkho, sujuṃ vā pāyagāmiko.</p>\r\n<p class="hangnum"><a name="para57"></a><span class="paranum">57</span>.</p>\r\n<p class="gatha1"> </p>','\r',char(13)),'\n',char(10)),'-56-57-');
INSERT INTO pages (bookid, page, content, paranum) VALUES('annya_niti_gantha_sangaho_e1010n',53,replace(replace('<p class="gatha1">Mareyyanti <a name="M0.0053"></a> samāvajja, dhammato dhana mesati;</p>\r\n<p class="gathalast">Puññakārī suladdhena, maraṇepi sa modati.</p>\r\n<p class="hangnum"><a name="para58"></a><span class="paranum">58</span>.</p>\r\n<p class="gatha1"> Pañcasīla sadārakkho, yathābalañca dāyako;</p>\r\n<p class="gathalast">Kāle uposathāvāso, so niccaṃ sugatiṃ vajje.</p>\r\n<p class="hangnum"><a name="para59"></a><span class="paranum">59</span>.</p>\r\n<p class="gatha1"> </p>','\r',char(13)),'\n',char(10)),'-58-59-');
INSERT INTO pages (bookid, page, content, paranum) VALUES('annya_niti_gantha_sangaho_e1010n',54,replace(replace('<p class="gatha1">Dhovāpattimalaṃ <a name="M0.0054"></a> khippaṃ, maccu addhā gamissati;</p>\r\n<p class="gathalast">Micchāvitakka mucchijja, kara kātabbabhāvanaṃ.</p>\r\n<p class="hangnum"><a name="para60"></a><span class="paranum">60</span>.</p>\r\n<p class="gatha1"> Atikkantā bahū ratyo, khepetvā mama jīvitaṃ;</p>\r\n<p class="gathalast">Mandāyunā pamādena, yutto viharituṃ kathaṃ.</p>\r\n<p class="hangnum"><a name="para61"></a><span class="paranum">61</span>.</p>\r\n<p class="gatha1"> </p>','\r',char(13)),'\n',char(10)),'-60-61-');
INSERT INTO pages (bookid, page, content, paranum) VALUES('annya_niti_gantha_sangaho_e1010n',55,replace(replace('<p class="gatha1">Hāsantaṃ <a name="M0.0055"></a> nandi mattānaṃ, maccusandhīhi tacchaye;</p>\r\n<p class="gathalast">Kucchi meyyacuto ajja, ko hāsananditabbako.</p>\r\n<p class="hangnum"><a name="para62"></a><span class="paranum">62</span>.</p>\r\n<p class="gatha1"> Maccusenāvudhā saṅkhyā, maraṇābhimukho ahaṃ;</p>\r\n<p class="gathalast">Accāyitabba kālo yaṃ, ikkhitabba mudikkhatu.</p>\r\n<p class="hangnum"><a name="para63"></a><span class="paranum">63</span>.</p>\r\n<p class="gatha1"> </p>','\r',char(13)),'\n',char(10)),'-62-63-');
INSERT INTO pages (bookid, page, content, paranum) VALUES('annya_niti_gantha_sangaho_e1010n',56,replace(replace('<p class="gatha1">Puremarāmi <a name="M0.0056"></a> daṭṭhabbaṃ,</p>\r\n<p class="gatha2">Dakkheyyaṃ maccu essati;</p>\r\n<p class="gatha3">Accāyitabba kālo yaṃ,</p>\r\n<p class="gathalast">Nokāso hāsatuṭṭhiyā.</p>\r\n<p class="hangnum"><a name="para64"></a><span class="paranum">64</span>.</p>\r\n<p class="gatha1"> </p>','\r',char(13)),'\n',char(10)),'-64-');
INSERT INTO pages (bookid, page, content, paranum) VALUES('annya_niti_gantha_sangaho_e1010n',57,replace(replace('<p class="gatha1">Ākiṇṇamaccusenānaṃ<a name="M0.0057"></a>, ajja svevā vināsinaṃ;</p>\r\n<p class="gathalast">Addhā pahāya gāmīnaṃ, kiṃ pamāda vihārinā.</p>\r\n<p class="hangnum"><a name="para65"></a><span class="paranum">65</span>.</p>\r\n<p class="gatha1"> Khaṇamattova paccakkho, ajja svevā atissati;</p>\r\n<p class="gathalast">Samparāyo atidīgho, paramparo anantiko.</p>\r\n<p class="hangnum"><a name="para66"></a><span class="paranum">66</span>.</p>\r\n<p class="gatha1"> </p>','\r',char(13)),'\n',char(10)),'-65-66-');
INSERT INTO pages (bookid, page, content, paranum) VALUES('annya_niti_gantha_sangaho_e1010n',58,replace(replace('<p class="gatha1">Khaṇamattova <a name="M0.0058"></a> paccakkho, maccunā taṃ jahissati;</p>\r\n<p class="gathalast">Pahāya gamanīye-smiṃ, mahussāho niratthako.</p>\r\n<p class="hangnum"><a name="para67"></a><span class="paranum">67</span>.</p>\r\n<p class="gatha1"> Samparāyo atidīgho, apātheyye suduttaro;</p>\r\n<p class="gathalast">Mahussāhena kātabbo, tadattho dīghadassinā.</p>\r\n<p class="hangnum"><a name="para68"></a><span class="paranum">68</span>.</p>\r\n<p class="gatha1"> </p>','\r',char(13)),'\n',char(10)),'-67-68-');
INSERT INTO pages (bookid, page, content, paranum) VALUES('annya_niti_gantha_sangaho_e1010n',59,replace(replace('<p class="gatha1">Saddhā <a name="M0.0059"></a> bandhatu pātheyyaṃ, tadesanaṃ iheva hi;</p>\r\n<p class="gathalast">Bhavantare nalabbheyya, apātheyya tidukkhito.</p>\r\n<p class="hangnum"><a name="para69"></a><span class="paranum">69</span>.</p>\r\n<p class="gatha1"> Saṃsāra taraṇatthāya, maholumpāni bandhatha;</p>\r\n<p class="gathalast">Bhāvanā dāna sīlehi, tivittiṇṇo bhavaṇṇavo.</p>\r\n<p class="hangnum"><a name="para70"></a><span class="paranum">70</span>.</p>\r\n<p class="gatha1"> </p>','\r',char(13)),'\n',char(10)),'-69-70-');
INSERT INTO pages (bookid, page, content, paranum) VALUES('annya_niti_gantha_sangaho_e1010n',60,replace(replace('<p class="gatha1">Bhuñjaṃ <a name="M0.0060"></a> bhuñjaṃ janaṃ kāme,</p>\r\n<p class="gatha2">Kālākālā-budhontako;</p>\r\n<p class="gatha3">Kantekanteti maṃsāso,</p>\r\n<p class="gathalast">Pivaṃpivaṃva kaṃ migaṃ.</p>\r\n<p class="hangnum"><a name="para71"></a><span class="paranum">71</span>.</p>\r\n<p class="gatha1"> Kāme kāmesanāyeyya,</p>\r\n<p class="gatha2">Kālokālo mateṭṭhiyā;</p>\r\n<p class="gatha3">Pūre pūretabbaṃ dhammaṃ,</p>\r\n<p class="gathalast">Addhā addhāna saṃsaraṃ.</p>\r\n<p class="hangnum"><a name="para72"></a><span class="paranum">72</span>.</p>\r\n<p class="gatha1"> </p>','\r',char(13)),'\n',char(10)),'-71-72-');
INSERT INTO pages (bookid, page, content, paranum) VALUES('annya_niti_gantha_sangaho_e1010n',61,replace(replace('<p class="gatha1">Mareyyanti <a name="M0.0061"></a> anubbiggo, pāpakaṃ kattumussahe;</p>\r\n<p class="gathalast">Kareyya hāsanandiñca, cāpallañca pamāda vā.</p>\r\n<p class="hangnum"><a name="para73"></a><span class="paranum">73</span>.</p>\r\n<p class="gatha1"> </p>','\r',char(13)),'\n',char(10)),'-73-');
INSERT INTO pages (bookid, page, content, paranum) VALUES('annya_niti_gantha_sangaho_e1010n',62,replace(replace('<p class="gatha1">Mareyyamiti <a name="M0.0062"></a> saṃviggo, leṇameva gavesati;</p>\r\n<p class="gathalast">Na hāsi nevanandīca, na cāpallo kadācipi.</p>\r\n<p class="hangnum"><a name="para74"></a><span class="paranum">74</span>.</p>\r\n<p class="gatha1"> Accuṭṭhita rujaggīhi, accāyāse bhayānake;</p>\r\n<p class="gathalast">Nosadhe maraṇāsanne, katapuññaṃva sāta-daṃ.</p>\r\n<p class="hangnum"><a name="para75"></a><span class="paranum">75</span>.</p>\r\n<p class="gatha1"> </p>','\r',char(13)),'\n',char(10)),'-74-75-');
INSERT INTO pages (bookid, page, content, paranum) VALUES('annya_niti_gantha_sangaho_e1010n',63,replace(replace('<p class="gatha1">Ñātisaṅghā <a name="M0.0063"></a> viyojentā, maraṇanta bhusāturā;</p>\r\n<p class="gathalast">Sabbaṃ pahāya gantāpi, nanditabbāni puññino.</p>\r\n<p class="hangnum"><a name="para76"></a><span class="paranum">76</span>.</p>\r\n<p class="gatha1"> Passantā sunimittāni, pākaṭāni sakammunā;</p>\r\n<p class="gathalast">Sukhanti maraṇe kāle, numodantā katānica.</p>\r\n<p class="hangnum"><a name="para77"></a><span class="paranum">77</span>.</p>\r\n<p class="gatha1"> </p>','\r',char(13)),'\n',char(10)),'-76-77-');
INSERT INTO pages (bookid, page, content, paranum) VALUES('annya_niti_gantha_sangaho_e1010n',64,replace(replace('<p class="gatha1">Sāta-dātāni <a name="M0.0064"></a> puññāni, evaṃ mahabbhaye api;</p>\r\n<p class="gathalast">Sugatiṃ lahunetāni, kātabbāni puretaraṃ.</p>\r\n<p class="hangnum"><a name="para78"></a><span class="paranum">78</span>.</p>\r\n<p class="gatha1"> </p>','\r',char(13)),'\n',char(10)),'-78-');
INSERT INTO pages (bookid, page, content, paranum) VALUES('annya_niti_gantha_sangaho_e1010n',65,replace(replace('<p class="gatha1">Devadūte <a name="M0.0065"></a> pakāsetvā, yamapuṭṭho sayaṃkataṃ;</p>\r\n<p class="gathalast">Puññaṃ sarati ce satto, tadeva sugatiṃ vaje.</p>\r\n<p class="hangnum"><a name="para79"></a><span class="paranum">79</span>.</p>\r\n<p class="gatha1"> </p>','\r',char(13)),'\n',char(10)),'-79-');
INSERT INTO pages (bookid, page, content, paranum) VALUES('annya_niti_gantha_sangaho_e1010n',66,replace(replace('<p class="gatha1">Pāpa <a name="M0.0066"></a> kaḍḍhampi niraye, manaṃ dukkhagataṃ pajaṃ;</p>\r\n<p class="gathalast">Dukkhā moceti yaṃpuññaṃ, sadā kātabbameva taṃ.</p>\r\n<p class="hangnum"><a name="para80"></a><span class="paranum">80</span>.</p>\r\n<p class="gatha1"> Pahāyakaṃva puññañhi, pahātabbaṃva pāpakaṃ;</p>\r\n<p class="gathalast">Taṃ padīpandhakāraṃva, dvayaṃ otvā khukaṃ viya.</p>\r\n<p class="hangnum"><a name="para81"></a><span class="paranum">81</span>.</p>\r\n<p class="gatha1"> </p>','\r',char(13)),'\n',char(10)),'-80-81-');
INSERT INTO pages (bookid, page, content, paranum) VALUES('annya_niti_gantha_sangaho_e1010n',67,replace(replace('<p class="gatha1">Ñātisaṅghā <a name="M0.0067"></a> viyojentā, maraṇanta bhusāturā;</p>\r\n<p class="gathalast">Sabbaṃ pahāya gantāro, bhayānakāni pāpino.</p>\r\n<p class="hangnum"><a name="para82"></a><span class="paranum">82</span>.</p>\r\n<p class="gatha1"> Passantā dunnimittāni, pākaṭāni sakammunā;</p>\r\n<p class="gathalast">Maraṇe atidukkhanti, nutāpentā katānica.</p>\r\n<p class="hangnum"><a name="para83"></a><span class="paranum">83</span>.</p>\r\n<p class="gatha1"> </p>','\r',char(13)),'\n',char(10)),'-82-83-');
INSERT INTO pages (bookid, page, content, paranum) VALUES('annya_niti_gantha_sangaho_e1010n',68,replace(replace('<p class="gatha1">Paṭipīḷāni <a name="M0.0068"></a> pāpāni, evaṃ mahabbhaye sati;</p>\r\n<p class="gathalast">Duggatiṃ lahunetāni, yuttova parivajjituṃ.</p>\r\n<p class="hangnum"><a name="para84"></a><span class="paranum">84</span>.</p>\r\n<p class="gatha1"> </p>','\r',char(13)),'\n',char(10)),'-84-');
INSERT INTO pages (bookid, page, content, paranum) VALUES('annya_niti_gantha_sangaho_e1010n',69,replace(replace('<p class="gatha1">Devadūte <a name="M0.0069"></a> pakāsetvā, yamarājena pucchito;</p>\r\n<p class="gathalast">Pamādassanti cikkhanto, mahaggimhi turaṃ pati.</p>\r\n<p class="hangnum"><a name="para85"></a><span class="paranum">85</span>.</p>\r\n<p class="gatha1"> Puññaṃ akarivā māvā, yamarājinda pucchito;</p>\r\n<p class="gathalast">Pamādassanti cikkhanto, mahādukkhaṃ turaṃ gami.</p>\r\n<p class="hangnum"><a name="para86"></a><span class="paranum">86</span>.</p>\r\n<p class="gatha1"> </p>','\r',char(13)),'\n',char(10)),'-85-86-');
INSERT INTO pages (bookid, page, content, paranum) VALUES('annya_niti_gantha_sangaho_e1010n',70,replace(replace('<p class="gatha1">Pāpaṃ <a name="M0.0070"></a> akarivā māvā, pucchito yamasāminā;</p>\r\n<p class="gathalast">Pamādassanti cikkhanto, tattaṃ guḷaṃ turaṃ gili.</p>\r\n<p class="hangnum"><a name="para87"></a><span class="paranum">87</span>.</p>\r\n<p class="gatha1"> Jātamattā tijiṇṇāca, āturāca matā vudhā;</p>\r\n<p class="gathalast">Devadūte ime pañca, disvā saṃviggataṃ vaje.</p>\r\n<p class="hangnum"><a name="para88"></a><span class="paranum">88</span>.</p>\r\n<p class="gatha1"> </p>','\r',char(13)),'\n',char(10)),'-87-88-');
INSERT INTO pages (bookid, page, content, paranum) VALUES('annya_niti_gantha_sangaho_e1010n',71,replace(replace('<p class="gatha1">Coditā <a name="M0.0071"></a> devadūtehi, ye pamajjanti mānavā;</p>\r\n<p class="gathalast">Te dīgharattaṃ socanti, hina kāyū pagānarā.</p>\r\n<p class="hangnum"><a name="para89"></a><span class="paranum">89</span>.</p>\r\n<p class="gatha1"> </p>','\r',char(13)),'\n',char(10)),'-89-');
INSERT INTO pages (bookid, page, content, paranum) VALUES('annya_niti_gantha_sangaho_e1010n',72,replace(replace('<p class="gatha1">Dhuradvaya <a name="M0.0072"></a> manārabbha, gihikammādike rato;</p>\r\n<p class="gathalast">Kathaṃ gijjhakūṭaṃ sesaṃ, petāvāsaṃ atissati.</p>\r\n<p class="hangnum"><a name="para90"></a><span class="paranum">90</span>.</p>\r\n<p class="gatha1"> Pariyatti masikkhanto,</p>\r\n<p class="gatha2">Nāraddho paṭipattiyaṃ;</p>\r\n<p class="gatha3">Alaso dubbitakko so,</p>\r\n<p class="gathalast">Kiṃ taṃselaṃ atissati.</p>\r\n<p class="hangnum"><a name="para92"></a><span class="paranum">92</span>.</p>\r\n<p class="gatha1"> </p>','\r',char(13)),'\n',char(10)),'-90-92-');
INSERT INTO pages (bookid, page, content, paranum) VALUES('annya_niti_gantha_sangaho_e1010n',73,replace(replace('<p class="gatha1">Mocanatthāya <a name="M0.0073"></a> pabbajja, saṃkiliṭṭhā pamādino;</p>\r\n<p class="gathalast">Sugatyāpica te bhaṭṭhā, atidūrāva muttito.</p>\r\n<p class="hangnum"><a name="para93"></a><span class="paranum">93</span>.</p>\r\n<p class="gatha1"> </p>','\r',char(13)),'\n',char(10)),'-93-');
INSERT INTO pages (bookid, page, content, paranum) VALUES('annya_niti_gantha_sangaho_e1010n',74,replace(replace('<p class="gatha1">Sīdanteva <a name="M0.0074"></a> jale khittā, silā mahāva khuddakā;</p>\r\n<p class="gathalast">Patanti khuddakenāpi, apāyaṃ pāpa kammunā.</p>\r\n<p class="hangnum"><a name="para94"></a><span class="paranum">94</span>.</p>\r\n<p class="gatha1"> Patantā khuddakeneva, bahūhi puna pīḷitā;</p>\r\n<p class="gathalast">Mokkhokāsaṃ navindanti, pāpaṃ khuddampi nācare.</p>\r\n<p class="hangnum"><a name="para95"></a><span class="paranum">95</span>.</p>\r\n<p class="gatha1"> </p>','\r',char(13)),'\n',char(10)),'-94-95-');
INSERT INTO pages (bookid, page, content, paranum) VALUES('annya_niti_gantha_sangaho_e1010n',75,replace(replace('<p class="gatha1">Jegucchitthūdarāgamma<a name="M0.0075"></a>, punāpi tattha niccagū;</p>\r\n<p class="gathalast">Dukkhāti dukkha saṃkiṇṇo, haṭṭhuṃ tuṭṭhuṃ nasakkuṇe.</p>\r\n<p class="hangnum"><a name="para96"></a><span class="paranum">96</span>.</p>\r\n<p class="gatha1"> </p>','\r',char(13)),'\n',char(10)),'-96-');
INSERT INTO pages (bookid, page, content, paranum) VALUES('annya_niti_gantha_sangaho_e1010n',76,replace(replace('<p class="gatha1">Atibyāpiguṇo <a name="M0.0076"></a> puñño,</p>\r\n<p class="gatha2">Mahāyaso sirindharo;</p>\r\n<p class="gatha3">Kucchiyaṃ retasi vāso,</p>\r\n<p class="gathalast">Atīva lajjitabbako.</p>\r\n<p class="hangnum"><a name="para97"></a><span class="paranum">97</span>.</p>\r\n<p class="gatha1"> Maccudukkhaṃ khaṇaṃyeva, atidukkhaṃ taduttari;</p>\r\n<p class="gathalast">Mātugāmudare sandhi, patiṭṭhānaṃ bhayānakaṃ.</p>\r\n<p class="hangnum"><a name="para98"></a><span class="paranum">98</span>.</p>\r\n<p class="gatha1"> </p>','\r',char(13)),'\n',char(10)),'-97-98-');
INSERT INTO pages (bookid, page, content, paranum) VALUES('annya_niti_gantha_sangaho_e1010n',77,replace(replace('<p class="gatha1">Maccudukkhaṃ <a name="M0.0077"></a> khaṇaṃyeva, atidukkhaṃ cirattanaṃ;</p>\r\n<p class="gathalast">Āma pakkantare sandhi, patiṭṭhānaṃ bhayānakaṃ.</p>\r\n<p class="hangnum"><a name="para99"></a><span class="paranum">99</span>.</p>\r\n<p class="gatha1"> Duggatyaṃṭhātu taṃdukkhaṃ, suṇa uccakuleapi;</p>\r\n<p class="gathalast">Kucchiyaṃ atisambādhe, jalābumhi jigucchite.</p>\r\n<p class="hangnum"><a name="para100"></a><span class="paranum">100</span>.</p>\r\n<p class="gatha1"> Miḷha semhādi saṃkiṇṇe, ati duggandha vāsite;</p>\r\n<p class="gathalast">Gūthakūpe kimīviya, tamejā mūlakammato.</p>\r\n<p class="hangnum"><a name="para101"></a><span class="paranum">101</span>.</p>\r\n<p class="gatha1"> Paramāṇukāyo ṭhāti, dukkhī nerayiko viya;</p>\r\n<p class="gathalast">Dhuvāturo sukhāmisso, āma pakkāsayantare;</p>\r\n<p class="hangnum"><a name="para102"></a><span class="paranum">102</span>.</p>\r\n<p class="gatha1"> Vedanaṭṭova saṃvaḍḍho, acittoviya niccalo;</p>\r\n<p class="gathalast">Dasamāsantare kacce, bahū maranti pāṇino.</p>\r\n<p class="hangnum"><a name="para103"></a><span class="paranum">103</span>.</p>\r\n<p class="gatha1"> </p>','\r',char(13)),'\n',char(10)),'-99-100-101-102-103-');
INSERT INTO pages (bookid, page, content, paranum) VALUES('annya_niti_gantha_sangaho_e1010n',79,replace(replace('<p class="gatha1">Paripakko <a name="M0.0079"></a> pamuñcho so,</p>\r\n<p class="gatha2">Atisambādha yonito;</p>\r\n<p class="gatha3">Malākiṇṇena gattena,</p>\r\n<p class="gathalast">Accāyāso vijāyati.</p>\r\n<p class="hangnum"><a name="para104"></a><span class="paranum">104</span>.</p>\r\n<p class="gatha1"> </p>','\r',char(13)),'\n',char(10)),'-104-');
INSERT INTO pages (bookid, page, content, paranum) VALUES('annya_niti_gantha_sangaho_e1010n',80,replace(replace('<p class="gatha1">Evaṃ <a name="M0.0080"></a> maccuñca sandhiñca, vijāyanañca bheravaṃ;</p>\r\n<p class="gathalast">Passaṃ nibbindanto santo, virajjeyya bhavanduke.</p>\r\n<p class="hangnum"><a name="para105"></a><span class="paranum">105</span>.</p>\r\n<p class="gatha1"> Evaṃ maccuñca sandiñca, anussara mabhiṇhaso;</p>\r\n<p class="gathalast">Rājaseṭṭhi bhavādimpi, naiccheyya tadanvitaṃ.</p>\r\n<p class="hangnum"><a name="para106"></a><span class="paranum">106</span>.</p>\r\n<p class="gatha1"> </p>','\r',char(13)),'\n',char(10)),'-105-106-');
INSERT INTO pages (bookid, page, content, paranum) VALUES('annya_niti_gantha_sangaho_e1010n',81,replace(replace('<p class="gatha1">Bhave <a name="M0.0081"></a> dukkha macintetvā, bhavāsāya pavattitaṃ;</p>\r\n<p class="gathalast">Puññaṃ punappunaṃ deti, sandhiṃ na nibbutiṃ varaṃ.</p>\r\n<p class="hangnum"><a name="para107"></a><span class="paranum">107</span>.</p>\r\n<p class="gatha1"> Bhave dukkhaṃ vibhāyitvā, nibbindena pavattitaṃ;</p>\r\n<p class="gathalast">Puññaṃ bhava matikkamma, nibbānaṃ deti nibbutiṃ.</p>\r\n<p class="hangnum"><a name="para108"></a><span class="paranum">108</span>.</p>\r\n<p class="gatha1"> </p>','\r',char(13)),'\n',char(10)),'-107-108-');
INSERT INTO pages (bookid, page, content, paranum) VALUES('annya_niti_gantha_sangaho_e1010n',82,replace(replace('<p class="gatha1">Bhave <a name="M0.0082"></a> dukkhaṃ saritvāna, maccusandhi sayādikaṃ;</p>\r\n<p class="gathalast">Tibhavesu virajjeyyā, ditta geheva sāmiko.</p>\r\n<p class="hangnum"><a name="para109"></a><span class="paranum">109</span>.</p>\r\n<p class="gatha1"> Santo puññāni karonto, sandhidukkha manussaraṃ;</p>\r\n<p class="gathalast">Nibbinda yutta cittena, vajjeyya bhavasāta to.</p>\r\n<p class="hangnum"><a name="para110"></a><span class="paranum">110</span>.</p>\r\n<p class="gatha1"> </p>','\r',char(13)),'\n',char(10)),'-109-110-');
INSERT INTO pages (bookid, page, content, paranum) VALUES('annya_niti_gantha_sangaho_e1010n',83,replace(replace('<p class="gatha1">Puñña <a name="M0.0083"></a> nibbatta ṭhānepi, jegucche sandhisambhavo;</p>\r\n<p class="gathalast">Bhava sāta vasā tasmā, dhīro taṃ lagganaṃ caje.</p>\r\n<p class="chapter">3. Asubhabhāvanā niddesa</p>\r\n<p class="hangnum"><a name="para1"></a><span class="paranum">1</span>.</p>\r\n<p class="gatha1"> </p>','\r',char(13)),'\n',char(10)),'-1-');
INSERT INTO pages (bookid, page, content, paranum) VALUES('annya_niti_gantha_sangaho_e1010n',84,replace(replace('<p class="gatha1">Sirimaṃ <a name="M0.0084"></a> gaṇikaṃ disvā, dametuṃ rattacetasaṃ;</p>\r\n<p class="gathalast">Dassetvā matasārīraṃ, tassā jino idaṃ bravi.</p>\r\n<p class="hangnum"><a name="para2"></a><span class="paranum">2</span>.</p>\r\n<p class="gatha1"> </p>','\r',char(13)),'\n',char(10)),'-2-');
INSERT INTO pages (bookid, page, content, paranum) VALUES('annya_niti_gantha_sangaho_e1010n',89,replace(replace('<p class="gatha1">Caraṃvā <a name="M0.0089"></a> yadivā tiṭṭhaṃ, nisinno udavā sayaṃ;</p>\r\n<p class="gathalast">Samañcheti pasāreti, esā kāyassa iñjanā.</p>\r\n<p class="hangnum"><a name="para3"></a><span class="paranum">3</span>.</p>\r\n<p class="gatha1"> Aṭṭhi nhārūhi saṃyutto, taca maṃsāva lepano;</p>\r\n<p class="gathalast">Chaviyā kāyo paṭicchanno, yathābhūtaṃ nadissati.</p>\r\n<p class="hangnum"><a name="para4"></a><span class="paranum">4</span>.</p>\r\n<p class="gatha1"> </p>','\r',char(13)),'\n',char(10)),'-3-4-');
INSERT INTO pages (bookid, page, content, paranum) VALUES('annya_niti_gantha_sangaho_e1010n',90,replace(replace('<p class="gatha1">Antapūro <a name="M0.0090"></a> darapūro, yakana peḷassa vatthino;</p>\r\n<p class="gathalast">Hadayassa papphāsassa, vakkassa pihakassaca.</p>\r\n<p class="hangnum"><a name="para5"></a><span class="paranum">5</span>.</p>\r\n<p class="gatha1"> Siṅghānikāya kheḷassa, sedassaca medassaca;</p>\r\n<p class="gathalast">Lohitassa lasikāya, pittassaca vasāyaca.</p>\r\n<p class="hangnum"><a name="para6"></a><span class="paranum">6</span>.</p>\r\n<p class="gatha1"> </p>','\r',char(13)),'\n',char(10)),'-5-6-');
INSERT INTO pages (bookid, page, content, paranum) VALUES('annya_niti_gantha_sangaho_e1010n',91,replace(replace('<p class="gatha1">Athassa <a name="M0.0091"></a> navahi sotehi, asuci savati sabbadā;</p>\r\n<p class="gathalast">Akkhimhā akkhigūthako, kaṇṇamhā kaṇṇagūthako.</p>\r\n<p class="hangnum"><a name="para7"></a><span class="paranum">7</span>.</p>\r\n<p class="gatha1"> Siṅghānikāca nāsato, mukhato vamati ekadā;</p>\r\n<p class="gathalast">Pittaṃ semhañca vamati, kāyamhā sedajallikā.</p>\r\n<p class="hangnum"><a name="para8"></a><span class="paranum">8</span>.</p>\r\n<p class="gatha1"> </p>','\r',char(13)),'\n',char(10)),'-7-8-');
INSERT INTO pages (bookid, page, content, paranum) VALUES('annya_niti_gantha_sangaho_e1010n',92,replace(replace('<p class="gatha1">Athassa <a name="M0.0092"></a> susiraṃ sīsaṃ,</p>\r\n<p class="gatha2">Matthaluṅgassa pūritaṃ;</p>\r\n<p class="gatha3">Subhato naṃ maññati bālo,</p>\r\n<p class="gathalast">Avijjāya purakkhato.</p>\r\n<p class="hangnum"><a name="para9"></a><span class="paranum">9</span>.</p>\r\n<p class="gatha1"> Yadāca so mato seti,</p>\r\n<p class="gatha2">Uddhumāto vinīlako;</p>\r\n<p class="gatha3">Apaviddho susānasmiṃ,</p>\r\n<p class="gathalast">Anapekkhā honti ñātayo.</p>\r\n<p class="hangnum"><a name="para10"></a><span class="paranum">10</span>.</p>\r\n<p class="gatha1"> </p>','\r',char(13)),'\n',char(10)),'-9-10-');
INSERT INTO pages (bookid, page, content, paranum) VALUES('annya_niti_gantha_sangaho_e1010n',93,replace(replace('<p class="gatha1">Khādanti <a name="M0.0093"></a> naṃ suvānāca, siṅgālakāca kimiyo;</p>\r\n<p class="gathalast">Kākā gijjhāca khādanti, yecaññe santi pāṇakā.</p>\r\n<p class="hangnum"><a name="para11"></a><span class="paranum">11</span>.</p>\r\n<p class="gatha1"> </p>','\r',char(13)),'\n',char(10)),'-11-');
INSERT INTO pages (bookid, page, content, paranum) VALUES('annya_niti_gantha_sangaho_e1010n',94,replace(replace('<p class="gatha1">Sutvāna <a name="M0.0094"></a> buddhavacanaṃ, bhikkhu paññāṇavā idha;</p>\r\n<p class="gathalast">Sokho naṃ parijānāti, yathābhūtañhi passati.</p>\r\n<p class="hangnum"><a name="para12"></a><span class="paranum">12</span>.</p>\r\n<p class="gatha1"> Yathāidaṃ tathāetaṃ, yathāetaṃ tathāidaṃ;</p>\r\n<p class="gathalast">Ajjhattañca bahiddhāca, kāye chandaṃ virājaye.</p>\r\n<p class="hangnum"><a name="para13"></a><span class="paranum">13</span>.</p>\r\n<p class="gatha1"> </p>','\r',char(13)),'\n',char(10)),'-12-13-');
INSERT INTO pages (bookid, page, content, paranum) VALUES('annya_niti_gantha_sangaho_e1010n',95,replace(replace('<p class="gatha1">Chanda <a name="M0.0095"></a> rāga viratto so, bhikkhu paññāṇavā idha;</p>\r\n<p class="gathalast">Ajjhagā amataṃ santiṃ, nibbānaṃ pada maccutaṃ.</p>\r\n<p class="hangnum"><a name="para14"></a><span class="paranum">14</span>.</p>\r\n<p class="gatha1"> Dvipādako yaṃ asuci, duggandho parihārati;</p>\r\n<p class="gathalast">Nānākuṇapa paripūro, vissavanto tatotato.</p>\r\n<p class="hangnum"><a name="para15"></a><span class="paranum">15</span>.</p>\r\n<p class="gatha1"> </p>','\r',char(13)),'\n',char(10)),'-14-15-');
INSERT INTO pages (bookid, page, content, paranum) VALUES('annya_niti_gantha_sangaho_e1010n',96,replace(replace('<p class="gatha1">Etādisena <a name="M0.0096"></a> kāyena, yo maññe unnametave;</p>\r\n<p class="gatha2">Paraṃvā avajāneyya, kimaññatra adassanāti;</p>\r\n<p class="gathalast">Kāya vicchandanīyasuttaṃ, vijayasuttantipi vattabbaṃ.</p>\r\n<p class="hangnum"><a name="para16"></a><span class="paranum">16</span>.</p>\r\n<p class="gatha1"> </p>','\r',char(13)),'\n',char(10)),'-16-');
INSERT INTO pages (bookid, page, content, paranum) VALUES('annya_niti_gantha_sangaho_e1010n',97,replace(replace('<p class="gatha1">Ra-akkharo <a name="M0.0097"></a> siyāggimhi, rova aggiva āgato;</p>\r\n<p class="gathalast">Tasmā rāgoti vattabbo, taṇhāva niccatāpikā.</p>\r\n<p class="hangnum"><a name="para17"></a><span class="paranum">17</span>.</p>\r\n<p class="gatha1"> Abhiṇhameva rāgaggi, dayhate subhasaññinaṃ;</p>\r\n<p class="gathalast">Kimikhajjavaṇo sāva, dukkhī rāgī sa sabbadā.</p>\r\n<p class="hangnum"><a name="para18"></a><span class="paranum">18</span>.</p>\r\n<p class="gatha1"> </p>','\r',char(13)),'\n',char(10)),'-17-18-');
INSERT INTO pages (bookid, page, content, paranum) VALUES('annya_niti_gantha_sangaho_e1010n',98,replace(replace('<p class="gatha1">Dukkhī <a name="M0.0098"></a> piya maladdhāna, laddhāpya paripuṇṇato;</p>\r\n<p class="gathalast">Natthi rāgaggikhandhassa, piyindhena hi puṇṇatā.</p>\r\n<p class="hangnum"><a name="para19"></a><span class="paranum">19</span>.</p>\r\n<p class="gatha1"> </p>','\r',char(13)),'\n',char(10)),'-19-');
INSERT INTO pages (bookid, page, content, paranum) VALUES('annya_niti_gantha_sangaho_e1010n',99,replace(replace('<p class="gatha1">Natthi <a name="M0.0099"></a> rāgasamo aggi,</p>\r\n<p class="gatha2">Iti vuttaṃ mahesinā;</p>\r\n<p class="gatha3">Tena rāgagginā daḍḍho,</p>\r\n<p class="gathalast">Sabbo loko tidukkhito.</p>\r\n<p class="hangnum"><a name="para20"></a><span class="paranum">20</span>.</p>\r\n<p class="gatha1"> Ekassa pivitaṃ khīraṃ, catū dadhi jalā bahu;</p>\r\n<p class="gathalast">Rāgahetu bhave sandhi, ṭṭhānaṃ anamataggikaṃ.</p>\r\n<p class="hangnum"><a name="para21"></a><span class="paranum">21</span>.</p>\r\n<p class="gatha1"> </p>','\r',char(13)),'\n',char(10)),'-20-21-');
INSERT INTO pages (bookid, page, content, paranum) VALUES('annya_niti_gantha_sangaho_e1010n',100,replace(replace('<p class="gatha1">Catūdami <a name="M0.0100"></a> jalā bhiyyo, sīsacchedana lohitaṃ;</p>\r\n<p class="gathalast">Rāgahetu bhave macca, bhayaṃ anamataggikaṃ.</p>\r\n<p class="hangnum"><a name="para22"></a><span class="paranum">22</span>.</p>\r\n<p class="gatha1"> Ekassa rudato assu, catū dadhi jalā bahu;</p>\r\n<p class="gathalast">Dukkhaṃ anamataggaṃva, taṃhetu paridevanaṃ.</p>\r\n<p class="hangnum"><a name="para23"></a><span class="paranum">23</span>.</p>\r\n<p class="gatha1"> </p>','\r',char(13)),'\n',char(10)),'-22-23-');
INSERT INTO pages (bookid, page, content, paranum) VALUES('annya_niti_gantha_sangaho_e1010n',101,replace(replace('<p class="gatha1">Tattāyo <a name="M0.0101"></a> guḷa gilita, vadhaggi dayhanā dikaṃ;</p>\r\n<p class="gathalast">Asaṅkhyeyyaṃ mahādukkhaṃ, taṃhetu niraye labhi.</p>\r\n<p class="hangnum"><a name="para24"></a><span class="paranum">24</span>.</p>\r\n<p class="gatha1"> Eka dvitti catu pañca, buddhuppādepya mocitaṃ;</p>\r\n<p class="gathalast">Khuppipāsita nijjhāmaṃ, labhi taṃhetu pettikaṃ.</p>\r\n<p class="hangnum"><a name="para25"></a><span class="paranum">25</span>.</p>\r\n<p class="gatha1"> </p>','\r',char(13)),'\n',char(10)),'-24-25-');
INSERT INTO pages (bookid, page, content, paranum) VALUES('annya_niti_gantha_sangaho_e1010n',102,replace(replace('<p class="gatha1">Tiracchāne <a name="M0.0102"></a> asūreca, dukkhaṃ nānāvidhaṃ labhi;</p>\r\n<p class="gathalast">Namataggika saṃsāre, sabbantaṃ rāgahetukaṃ.</p>\r\n<p class="hangnum"><a name="para26"></a><span class="paranum">26</span>.</p>\r\n<p class="gatha1"> Ekassekena kappena, puggalassaṭṭhi sañcayo;</p>\r\n<p class="gathalast">Sace saṃhārito assa, vepulla pabbatādhiko.</p>\r\n<p class="hangnum"><a name="para27"></a><span class="paranum">27</span>.</p>\r\n<p class="gatha1"> Eka kappe idaṃ dukkhaṃ, nādikappesu kākathā;</p>\r\n<p class="gathalast">Rāgo nanu mahāverī, bālo jano ta micchati.</p>\r\n<p class="hangnum"><a name="para28"></a><span class="paranum">28</span>.</p>\r\n<p class="gatha1"> </p>','\r',char(13)),'\n',char(10)),'-26-27-28-');
INSERT INTO pages (bookid, page, content, paranum) VALUES('annya_niti_gantha_sangaho_e1010n',103,replace(replace('<p class="gatha1">Rāgasuddhi <a name="M0.0103"></a> asokoca, niddukkho ñāyapattica;</p>\r\n<p class="gathalast">Nibbānaṃ pañca paccakkhā, asubhāya phalā matā.</p>\r\n<p class="hangnum"><a name="para29"></a><span class="paranum">29</span>.</p>\r\n<p class="gatha1"> </p>','\r',char(13)),'\n',char(10)),'-29-');
INSERT INTO pages (bookid, page, content, paranum) VALUES('annya_niti_gantha_sangaho_e1010n',104,replace(replace('<p class="gatha1">Asubhaggahaṇaṃ <a name="M0.0104"></a> jhāyī, mitā sindriya saṃvaro;</p>\r\n<p class="gathalast">Somitya mukkaṭṭhāvācā, chaḷime rāga suddhiyā.</p>\r\n<p class="hangnum"><a name="para30"></a><span class="paranum">30</span>.</p>\r\n<p class="gatha1"> Niccuggarāga rogīnaṃ, asubhā vātulosadhā;</p>\r\n<p class="gathalast">Rāgayakkhābhi gayhānaṃ, asubhā manta muttaraṃ.</p>\r\n<p class="hangnum"><a name="para31"></a><span class="paranum">31</span>.</p>\r\n<p class="gatha1"> </p>','\r',char(13)),'\n',char(10)),'-30-31-');
INSERT INTO pages (bookid, page, content, paranum) VALUES('annya_niti_gantha_sangaho_e1010n',105,replace(replace('<p class="gatha1">Sajīvakāca <a name="M0.0105"></a> nijjīvā, asubhā duvidhā matā;</p>\r\n<p class="gathalast">Sajīvā kesalomādi, dasevime ajīvakā.</p>\r\n<p class="hangnum"><a name="para32"></a><span class="paranum">32</span>.</p>\r\n<p class="gatha1"> </p>','\r',char(13)),'\n',char(10)),'-32-');
INSERT INTO pages (bookid, page, content, paranum) VALUES('annya_niti_gantha_sangaho_e1010n',106,replace(replace('<p class="gatha1">Uddhumātaka <a name="M0.0106"></a> vīnīlaṃ, vipubbakaṃ vichiddakaṃ;</p>\r\n<p class="gathalast">Vikkhāyitaka vikkhittaṃ, hativikkhitta lohitaṃ.</p>\r\n<p class="hangnum"><a name="para33"></a><span class="paranum">33</span>.</p>\r\n<p class="gatha1"> Puḷuva ṭṭhika miccesu, laddhā aññataraṃ sato;</p>\r\n<p class="gathalast">Ratana vānapasseyya, yathā cetasi pākaṭaṃ.</p>\r\n<p class="hangnum"><a name="para34"></a><span class="paranum">34</span>.</p>\r\n<p class="gatha1"> </p>','\r',char(13)),'\n',char(10)),'-33-34-');
INSERT INTO pages (bookid, page, content, paranum) VALUES('annya_niti_gantha_sangaho_e1010n',107,replace(replace('<p class="gatha1">Mataṃ <a name="M0.0107"></a> khajjaṃ sa maṃsañca, nilohitaṃ nimaṃsakaṃ;</p>\r\n<p class="gathalast">Vikkhittaṃ seta puñjaṭṭhiṃ, navadhā putimikkhaye.</p>\r\n<p class="hangnum"><a name="para35"></a><span class="paranum">35</span>.</p>\r\n<p class="gatha1"> </p>','\r',char(13)),'\n',char(10)),'-35-');
INSERT INTO pages (bookid, page, content, paranum) VALUES('annya_niti_gantha_sangaho_e1010n',108,replace(replace('<p class="gatha1">Maccuto <a name="M0.0108"></a> parimuccāmi, paṭivatti yimā yiti;</p>\r\n<p class="gathalast">Payojana samāvajja, moditabbaṃ jigucchake.</p>\r\n<p class="hangnum"><a name="para36"></a><span class="paranum">36</span>.</p>\r\n<p class="gatha1"> Sajīvake jigucchatthaṃ, nijjīvā subha mīritaṃ;</p>\r\n<p class="gathalast">Tathūpamo ayaṃkāyo, evameva bhavissati.</p>\r\n<p class="hangnum"><a name="para37"></a><span class="paranum">37</span>.</p>\r\n<p class="gatha1"> </p>','\r',char(13)),'\n',char(10)),'-36-37-');
INSERT INTO pages (bookid, page, content, paranum) VALUES('annya_niti_gantha_sangaho_e1010n',109,replace(replace('<p class="gatha1">Evaṃdhammo <a name="M0.0109"></a> ayaṃkāyo, evaṃbhāvī natikkamo;</p>\r\n<p class="gathalast">Iccupa saṃhare disvā, ekadviha matādikaṃ.</p>\r\n<p class="hangnum"><a name="para38"></a><span class="paranum">38</span>.</p>\r\n<p class="gatha1"> </p>','\r',char(13)),'\n',char(10)),'-38-');
INSERT INTO pages (bookid, page, content, paranum) VALUES('annya_niti_gantha_sangaho_e1010n',110,replace(replace('<p class="gatha1">Yathā <a name="M0.0110"></a> idaṃ tathāetaṃ, yathāetaṃ tathā idaṃ;</p>\r\n<p class="gathalast">Jegucchaṃ paṭikūlyañca, kāye iccupa saṃhare.</p>\r\n<p class="hangnum"><a name="para39"></a><span class="paranum">39</span>.</p>\r\n<p class="gatha1"> Uddhumāta vinīlādi,</p>\r\n<p class="gatha2">Paṭikūlyo jigucchito;</p>\r\n<p class="gatha3">Tathevāyampi me kāyo,</p>\r\n<p class="gathalast">Viseso nāyu-sāyuva.</p>\r\n<p class="hangnum"><a name="para40"></a><span class="paranum">40</span>.</p>\r\n<p class="gatha1"> </p>','\r',char(13)),'\n',char(10)),'-39-40-');
INSERT INTO pages (bookid, page, content, paranum) VALUES('annya_niti_gantha_sangaho_e1010n',111,replace(replace('<p class="gatha1">Uddhumāta <a name="M0.0111"></a> vinīlādo, sobhaṇaṃ natthi kiñcipi;</p>\r\n<p class="gathalast">Imasmiṃpi me kāye, gavesantopi sabbaso.</p>\r\n<p class="hangnum"><a name="para41"></a><span class="paranum">41</span>.</p>\r\n<p class="gatha1"> Paṭikūlavasā dhātu, vasāca dvippakārato;</p>\r\n<p class="gathalast">Paccavekkheyyimaṃ kāyaṃ, icchaṃ virāga mattani.</p>\r\n<p class="hangnum"><a name="para42"></a><span class="paranum">42</span>.</p>\r\n<p class="gatha1"> </p>','\r',char(13)),'\n',char(10)),'-41-42-');
INSERT INTO pages (bookid, page, content, paranum) VALUES('annya_niti_gantha_sangaho_e1010n',112,replace(replace('<p class="gatha1">Vaṇṇa <a name="M0.0112"></a> saṇṭhāna gandhehi, āsayo kāsatopica;</p>\r\n<p class="gathalast">Jeguccha paṭikūlyāca, kesā na tuṭṭhamānitā.</p>\r\n<p class="hangnum"><a name="para43"></a><span class="paranum">43</span>.</p>\r\n<p class="gatha1"> Iti kesesu ikkheyya,</p>\r\n<p class="gatha2">Lomā dīsupyayaṃ nayo;</p>\r\n<p class="gatha3">Dvattiṃsevañhi koṭṭhāse,</p>\r\n<p class="gathalast">Paccavekkhe visuṃvisuṃ.</p>\r\n<p class="hangnum"><a name="para44"></a><span class="paranum">44</span>.</p>\r\n<p class="gatha1"> </p>','\r',char(13)),'\n',char(10)),'-43-44-');
INSERT INTO pages (bookid, page, content, paranum) VALUES('annya_niti_gantha_sangaho_e1010n',113,replace(replace('<p class="gatha1">Kāyato <a name="M0.0113"></a> bahinikkhantaṃ, paṭikūlyaṃ jigucchitaṃ;</p>\r\n<p class="gathalast">Anikkhantampi jegucchaṃ, paṭikūlyaṃva tassamaṃ.</p>\r\n<p class="hangnum"><a name="para45"></a><span class="paranum">45</span>.</p>\r\n<p class="gatha1"> Saṅkhatampi yathā vaccaṃ, manuññataṃ na pāpuṇe;</p>\r\n<p class="gathalast">Upakkama sahassehi, evaṃ kesādikampica.</p>\r\n<p class="hangnum"><a name="para46"></a><span class="paranum">46</span>.</p>\r\n<p class="gatha1"> </p>','\r',char(13)),'\n',char(10)),'-45-46-');
INSERT INTO pages (bookid, page, content, paranum) VALUES('annya_niti_gantha_sangaho_e1010n',114,replace(replace('<p class="gatha1">Sabhāva <a name="M0.0114"></a> paṭikūlyaṃva, ekampi vacca puñjakaṃ;</p>\r\n<p class="gathalast">Nanu jegucchitā bhiyyo, dvattiṃsa vaccapuñjakā.</p>\r\n<p class="hangnum"><a name="para47"></a><span class="paranum">47</span>.</p>\r\n<p class="gatha1"> </p>','\r',char(13)),'\n',char(10)),'-47-');
INSERT INTO pages (bookid, page, content, paranum) VALUES('annya_niti_gantha_sangaho_e1010n',115,replace(replace('<p class="gatha1">Paccekampi <a name="M0.0115"></a> paṭikūlyaṃ, kesādikaṃ sabhāvato;</p>\r\n<p class="gathalast">Kesādidvattiṃsa puñjo, bhiyyo jegucchito nanu.</p>\r\n<p class="hangnum"><a name="para48"></a><span class="paranum">48</span>.</p>\r\n<p class="gatha1"> Puñjitesveva kantesu, kantohoti sa puñjako;</p>\r\n<p class="gathalast">Puñjitesu akantesa, akantova sa puñjako.</p>\r\n<p class="hangnum"><a name="para49"></a><span class="paranum">49</span>.</p>\r\n<p class="gatha1"> </p>','\r',char(13)),'\n',char(10)),'-48-49-');
INSERT INTO pages (bookid, page, content, paranum) VALUES('annya_niti_gantha_sangaho_e1010n',116,replace(replace('<p class="gatha1">Paccekaṃ <a name="M0.0116"></a> vinibhuttesa, kesa loma nakhādisu;</p>\r\n<p class="gathalast">Natthi taññā kumārīvā, mukhahatthādikānivā.</p>\r\n<p class="hangnum"><a name="para50"></a><span class="paranum">50</span>.</p>\r\n<p class="gatha1"> Sampiṇḍi tesu tesveva,</p>\r\n<p class="gatha2">Kuto tā tāni āgatā;</p>\r\n<p class="gatha3">Paññatti matta mevesā,</p>\r\n<p class="gathalast">Jigucchaññā na kācipi.</p>\r\n<p class="hangnum"><a name="para51"></a><span class="paranum">51</span>.</p>\r\n<p class="gatha1"> </p>','\r',char(13)),'\n',char(10)),'-50-51-');
INSERT INTO pages (bookid, page, content, paranum) VALUES('annya_niti_gantha_sangaho_e1010n',117,replace(replace('<p class="gatha1">Santaṃ <a name="M0.0117"></a> cinteyya nāsantaṃ, santa cintayato sukhaṃ;</p>\r\n<p class="gathalast">Asantaṃ parikappento, nānādukkhehi tappati.</p>\r\n<p class="hangnum"><a name="para52"></a><span class="paranum">52</span>.</p>\r\n<p class="gatha1"> Nāvajja santajegucchaṃ, saññaṃ asati kātuna;</p>\r\n<p class="gathalast">Subhā itthīti gāraggi, uppajji subhasaññino.</p>\r\n<p class="hangnum"><a name="para53"></a><span class="paranum">53</span>.</p>\r\n<p class="gatha1"> </p>','\r',char(13)),'\n',char(10)),'-52-53-');
INSERT INTO pages (bookid, page, content, paranum) VALUES('annya_niti_gantha_sangaho_e1010n',118,replace(replace('<p class="gatha1">Asantaṃva <a name="M0.0118"></a> abhūtaṃva, passe rāgaggijotiyā;</p>\r\n<p class="gathalast">Tāya santañca bhūtañca, na passati kadācipi.</p>\r\n<p class="hangnum"><a name="para54"></a><span class="paranum">54</span>.</p>\r\n<p class="gatha1"> </p>','\r',char(13)),'\n',char(10)),'-54-');
INSERT INTO pages (bookid, page, content, paranum) VALUES('annya_niti_gantha_sangaho_e1010n',119,replace(replace('<p class="gatha1">Ekassa <a name="M0.0119"></a> pivitaṃ khīraṃ, sīsacchedana lohitaṃ;</p>\r\n<p class="gathalast">Rudato assu taṃhetu, catūdadhi jalā bahu.</p>\r\n<p class="hangnum"><a name="para55"></a><span class="paranum">55</span>.</p>\r\n<p class="gatha1"> Āyatimpi atīteva, saṃsarantassa hessati;</p>\r\n<p class="gathalast">Rāgaṃ hantu manīhoce, khīraṃ assuca lohitaṃ.</p>\r\n<p class="hangnum"><a name="para56"></a><span class="paranum">56</span>.</p>\r\n<p class="gatha1"> </p>','\r',char(13)),'\n',char(10)),'-55-56-');
INSERT INTO pages (bookid, page, content, paranum) VALUES('annya_niti_gantha_sangaho_e1010n',120,replace(replace('<p class="gatha1">Subhasaññāya <a name="M0.0120"></a> so vaḍḍho,</p>\r\n<p class="gatha2">Tadabhāve sa nassati;</p>\r\n<p class="gatha3">Thiraṃ hantuṃ na taṃsaññaṃ,</p>\r\n<p class="gathalast">Sakkā sithila vīriyo.</p>\r\n<p class="hangnum"><a name="para57"></a><span class="paranum">57</span>.</p>\r\n<p class="gatha1"> </p>','\r',char(13)),'\n',char(10)),'-57-');
INSERT INTO pages (bookid, page, content, paranum) VALUES('annya_niti_gantha_sangaho_e1010n',121,replace(replace('<p class="gatha1">Ussoḷhi <a name="M0.0121"></a> vīriyo hutvā, brūheyyāsubha bhāvanaṃ;</p>\r\n<p class="gathalast">Subhasaññāppa hānāya, pariccajjāpi jīvitaṃ.</p>\r\n<p class="hangnum"><a name="para58"></a><span class="paranum">58</span>.</p>\r\n<p class="gatha1"> Aññakicca mupekkhāya, brūheyyāsubha bhāvanaṃ;</p>\r\n<p class="gathalast">Mandi hutveha rāgaggi, nibbāyissati āyatiṃ.</p>\r\n<p class="hangnum"><a name="para59"></a><span class="paranum">59</span>.</p>\r\n<p class="gatha1"> Kiccaṃ me idameveti, brūheyyāsubha bhāvanaṃ;</p>\r\n<p class="gathalast">Dāni mandaggi hutvāna, pāmojjaṃ ve labhissati.</p>\r\n<p class="hangnum"><a name="para60"></a><span class="paranum">60</span>.</p>\r\n<p class="gatha1"> </p>','\r',char(13)),'\n',char(10)),'-58-59-60-');
INSERT INTO pages (bookid, page, content, paranum) VALUES('annya_niti_gantha_sangaho_e1010n',122,replace(replace('<p class="gatha1">Kāye <a name="M0.0122"></a> daṭṭhabba jegucchaṃ, apassanto pamādavā;</p>\r\n<p class="gathalast">Aladdhā kiñci pāmojjaṃ, pabbajjampi na modati.</p>\r\n<p class="hangnum"><a name="para61"></a><span class="paranum">61</span>.</p>\r\n<p class="gatha1"> Pure marāmi kāye smiṃ, passā mi passitabbakaṃ;</p>\r\n<p class="gathalast">Iccā raddho vītiṃladdhā, pabbajjaṃ atimodati.</p>\r\n<p class="hangnum"><a name="para62"></a><span class="paranum">62</span>.</p>\r\n<p class="gatha1"> </p>','\r',char(13)),'\n',char(10)),'-61-62-');
INSERT INTO pages (bookid, page, content, paranum) VALUES('annya_niti_gantha_sangaho_e1010n',123,replace(replace('<p class="gatha1">Kāye <a name="M0.0123"></a> daṭṭhabba jegucchaṃ, apassanto pamāda vā;</p>\r\n<p class="gathalast">Moghaṃva dullabhātīto, mahājānīyataṃ gato.</p>\r\n<p class="hangnum"><a name="para63"></a><span class="paranum">63</span>.</p>\r\n<p class="gatha1"> Santaṃ bhūtañca jegucchaṃ, rāgagginā apassiyaṃ;</p>\r\n<p class="gathalast">Paññāpadīpajotena, samikkheyya abhiṇhaso.</p>\r\n<p class="hangnum"><a name="para64"></a><span class="paranum">64</span>.</p>\r\n<p class="gatha1"> </p>','\r',char(13)),'\n',char(10)),'-63-64-');
INSERT INTO pages (bookid, page, content, paranum) VALUES('annya_niti_gantha_sangaho_e1010n',124,replace(replace('<p class="gatha1">Santaṃ <a name="M0.0124"></a> bhūtañca kāye smiṃ, daṭṭhukāmo sadāsato;</p>\r\n<p class="gathalast">Paññāpadīpakeneva, dakkhe na rāgīsīkhinā.</p>\r\n<p class="hangnum"><a name="para65"></a><span class="paranum">65</span>.</p>\r\n<p class="gatha1"> Jegucchitena kāyena, nikkhantena jigucchato;</p>\r\n<p class="gathalast">Ajja svevā vinaṭṭhena, nāla munnamituṃ sato.</p>\r\n<p class="hangnum"><a name="para66"></a><span class="paranum">66</span>.</p>\r\n<p class="gatha1"> </p>','\r',char(13)),'\n',char(10)),'-65-66-');
INSERT INTO pages (bookid, page, content, paranum) VALUES('annya_niti_gantha_sangaho_e1010n',125,replace(replace('<p class="gatha1">Kīdisaṃ <a name="M0.0125"></a> maṃ tuvaṃ maññi, ahaṃ sabba jegucchako;</p>\r\n<p class="gathalast">Jegucchatoca nikkhanto, icceva vattu marahati.</p>\r\n<p class="hangnum"><a name="para67"></a><span class="paranum">67</span>.</p>\r\n<p class="gatha1"> Kāye jegucchasaññaṃva, kare sabbiriyā pathe;</p>\r\n<p class="gathalast">Tasmiṃ tuṭṭhabbakaṃ natthi, piyāyitaṃ mamāyitaṃ.</p>\r\n<p class="hangnum"><a name="para68"></a><span class="paranum">68</span>.</p>\r\n<p class="gatha1"> </p>','\r',char(13)),'\n',char(10)),'-67-68-');
INSERT INTO pages (bookid, page, content, paranum) VALUES('annya_niti_gantha_sangaho_e1010n',126,replace(replace('<p class="gatha1">Subhāya <a name="M0.0126"></a> nava mattānaṃ, asubhā paripācaye;</p>\r\n<p class="gathalast">Santo pakkassa saṃsāro, nanto navassa rāgino.</p>\r\n<p class="hangnum"><a name="para69"></a><span class="paranum">69</span>.</p>\r\n<p class="gatha1"> Kāye asubha saññāya, paripakka sabhāvino;</p>\r\n<p class="gathalast">Ālambesu acāpallā, thirā sambuddha sāsane.</p>\r\n<p class="hangnum"><a name="para70"></a><span class="paranum">70</span>.</p>\r\n<p class="gatha1"> </p>','\r',char(13)),'\n',char(10)),'-69-70-');
INSERT INTO pages (bookid, page, content, paranum) VALUES('annya_niti_gantha_sangaho_e1010n',127,replace(replace('<p class="gatha1">Anto <a name="M0.0127"></a> gocarikā pakkā, bahi gocarikā navā;</p>\r\n<p class="gathalast">Pakkā nāsāya uccā te, nīcāyeva navā sino.</p>\r\n<p class="hangnum"><a name="para71"></a><span class="paranum">71</span>.</p>\r\n<p class="gatha1"> </p>','\r',char(13)),'\n',char(10)),'-71-');
INSERT INTO pages (bookid, page, content, paranum) VALUES('annya_niti_gantha_sangaho_e1010n',128,replace(replace('<p class="gatha1">Navānavā <a name="M0.0128"></a> subhābhogī, nīcānīcā bhigāmino;</p>\r\n<p class="gathalast">Pakkā pakkāva dhījhāyī, santāsantā virāgino.</p>\r\n<p class="hangnum"><a name="para72"></a><span class="paranum">72</span>.</p>\r\n<p class="gatha1"> Sakkā sakkā na dassetuṃ, subhaṃsubhaṃ sataṃsataṃ;</p>\r\n<p class="gathalast">Dhīrādhīrāga mujjhanti, kāye kāye kriyekriye.</p>\r\n<p class="hangnum"><a name="para73"></a><span class="paranum">73</span>.</p>\r\n<p class="gatha1"> </p>','\r',char(13)),'\n',char(10)),'-72-73-');
INSERT INTO pages (bookid, page, content, paranum) VALUES('annya_niti_gantha_sangaho_e1010n',129,replace(replace('<p class="gatha1">Sakkā <a name="M0.0129"></a> sakkāpi taṃ kātuṃ, subhaṃsubhaṃ na dhīmayaṃ;</p>\r\n<p class="gathalast">Santosantojigucchaññū, na vānavā subhesako.</p>\r\n<p class="hangnum"><a name="para74"></a><span class="paranum">74</span>.</p>\r\n<p class="gatha1"> </p>','\r',char(13)),'\n',char(10)),'-74-');
INSERT INTO pages (bookid, page, content, paranum) VALUES('annya_niti_gantha_sangaho_e1010n',130,replace(replace('<p class="gatha1">Dukāyaṃ <a name="M0.0130"></a> suti cintetvā, mamāyantā mahātapā;</p>\r\n<p class="gathalast">Tapaṃ nibbāyituṃ icchaṃ, dukāyaṃ duti cintaye.</p>\r\n<p class="hangnum"><a name="para75"></a><span class="paranum">75</span>.</p>\r\n<p class="gatha1"> Yvāsubhaṃ subhato maññi, konubālotaduttari;</p>\r\n<p class="gathalast">Andho ummattakovā so, nattānaṃ maññate tathā.</p>\r\n<p class="hangnum"><a name="para76"></a><span class="paranum">76</span>.</p>\r\n<p class="gatha1"> </p>','\r',char(13)),'\n',char(10)),'-75-76-');
INSERT INTO pages (bookid, page, content, paranum) VALUES('annya_niti_gantha_sangaho_e1010n',131,replace(replace('<p class="gatha1">Saritabbaka <a name="M0.0131"></a> mevetaṃ, kāye jeguccha puñjataṃ;</p>\r\n<p class="gathalast">Mandarāgo manosītaṃ, labheyya tamanussanaṃ.</p>\r\n<p class="hangnum"><a name="para77"></a><span class="paranum">77</span>.</p>\r\n<p class="gatha1"> Gihibhāve apāyeca, rāgayakkhandha ninnitā;</p>\r\n<p class="gathalast">Maṃpi nessati soyakkho, sādemice tadāgataṃ.</p>\r\n<p class="hangnum"><a name="para78"></a><span class="paranum">78</span>.</p>\r\n<p class="gatha1"> </p>','\r',char(13)),'\n',char(10)),'-77-78-');
INSERT INTO pages (bookid, page, content, paranum) VALUES('annya_niti_gantha_sangaho_e1010n',132,replace(replace('<p class="gatha1">Abhiṇha <a name="M0.0132"></a> gāhinaṃ rāga, yakkhaṃ ananta dukkha daṃ;</p>\r\n<p class="gathalast">Asubhā tula mantena, vārehi taṃ sa bhāyati.</p>\r\n<p class="hangnum"><a name="para79"></a><span class="paranum">79</span>.</p>\r\n<p class="gatha1"> Rāgayakkho bahumāyo, saddhāmettā divesavā;</p>\r\n<p class="gathalast">Rāgampi kusalaṃ maññi, jano teneva vañcito.</p>\r\n<p class="hangnum"><a name="para80"></a><span class="paranum">80</span>.</p>\r\n<p class="gatha1"> </p>','\r',char(13)),'\n',char(10)),'-79-80-');
INSERT INTO pages (bookid, page, content, paranum) VALUES('annya_niti_gantha_sangaho_e1010n',133,replace(replace('<p class="gatha1">Āturaṃ <a name="M0.0133"></a> asuciṃ putiṃ, passa nande samussayaṃ;</p>\r\n<p class="gathalast">Uggharantaṃ paggharantaṃ, bālānaṃ abhipatthitaṃ.</p>\r\n<p class="hangnum"><a name="para81"></a><span class="paranum">81</span>.</p>\r\n<p class="gatha1"> Subhato naṃ maññati bālo, avijjāya purakkhato;</p>\r\n<p class="gathalast">Iccāha bhagavā nindi, bāloti subhasaññinaṃ.</p>\r\n<p class="hangnum"><a name="para82"></a><span class="paranum">82</span>.</p>\r\n<p class="gatha1"> </p>','\r',char(13)),'\n',char(10)),'-81-82-');
INSERT INTO pages (bookid, page, content, paranum) VALUES('annya_niti_gantha_sangaho_e1010n',134,replace(replace('<p class="gatha1">Nhāruṭṭhi <a name="M0.0134"></a> taca maṃsāni, saraṃ sataṃ na nindito;</p>\r\n<p class="gathalast">Buddhanindāya mocetuṃ, tānārabbha anussare.</p>\r\n<p class="hangnum"><a name="para83"></a><span class="paranum">83</span>.</p>\r\n<p class="gatha1"> Maññitvā attano bālyaṃ, asubhe subhadassino;</p>\r\n<p class="gathalast">Vāyāmeyya abālāya, kāyaṃ asubhato saraṃ.</p>\r\n<p class="hangnum"><a name="para84"></a><span class="paranum">84</span>.</p>\r\n<p class="gatha1"> </p>','\r',char(13)),'\n',char(10)),'-83-84-');
INSERT INTO pages (bookid, page, content, paranum) VALUES('annya_niti_gantha_sangaho_e1010n',135,replace(replace('<p class="gatha1">Attānaṃ <a name="M0.0135"></a> garahitvāna, bālaṃ viparidassinaṃ;</p>\r\n<p class="gathalast">Subhasaññaṃ pahinneyya, kareyyāsubha saññitaṃ.</p>\r\n<p class="hangnum"><a name="para85"></a><span class="paranum">85</span>.</p>\r\n<p class="gatha1"> Visa bhesajjarukkhaṭṭho, ahi ḍaṃseyyasosato;</p>\r\n<p class="gathalast">Yathā tasseva paṇṇādiṃ, khādetvā visa mujjahe.</p>\r\n<p class="hangnum"><a name="para86"></a><span class="paranum">86</span>.</p>\r\n<p class="gatha1"> Evaṃ rāgo samuppajje, kāye gandhādi vāsite;</p>\r\n<p class="gathalast">Anto tasseva jegucchaṃ, cintetvā rāga mujjahe.</p>\r\n<p class="hangnum"><a name="para87"></a><span class="paranum">87</span>.</p>\r\n<p class="gatha1"> </p>','\r',char(13)),'\n',char(10)),'-85-86-87-');
INSERT INTO pages (bookid, page, content, paranum) VALUES('annya_niti_gantha_sangaho_e1010n',136,replace(replace('<p class="gatha1">Jigucchitena <a name="M0.0136"></a> kāyena, apassanto jigucchataṃ;</p>\r\n<p class="gathalast">Unnameti avaññāti, avijjāya purakkhato.</p>\r\n<p class="hangnum"><a name="para88"></a><span class="paranum">88</span>.</p>\r\n<p class="gatha1"> </p>','\r',char(13)),'\n',char(10)),'-88-');
INSERT INTO pages (bookid, page, content, paranum) VALUES('annya_niti_gantha_sangaho_e1010n',137,replace(replace('<p class="gatha1">Āyatiṃ <a name="M0.0137"></a> maggalābhāya, bījaṃ kareyya bhāvanaṃ;</p>\r\n<p class="gathalast">Bījā bhāve kuto maggo, maggabījā hi bhāvanā.</p>\r\n<p class="hangnum"><a name="para89"></a><span class="paranum">89</span>.</p>\r\n<p class="gatha1"> Maggabījo apāyepi, nimmuggo samaye gate;</p>\r\n<p class="gathalast">Ummujjitvāva buddhānaṃ, maggaṃ labheyya santike.</p>\r\n<p class="hangnum"><a name="para90"></a><span class="paranum">90</span>.</p>\r\n<p class="gatha1"> </p>','\r',char(13)),'\n',char(10)),'-89-90-');
INSERT INTO pages (bookid, page, content, paranum) VALUES('annya_niti_gantha_sangaho_e1010n',138,replace(replace('<p class="gatha1">Ajījassa <a name="M0.0138"></a> tu saṃsāro, dīghoyeva anantiko;</p>\r\n<p class="gathalast">Tasmāhi bhāvanābījaṃ, kareyya mocanatthiko.</p>\r\n<p class="hangnum"><a name="para91"></a><span class="paranum">91</span>.</p>\r\n<p class="gatha1"> Abhiṇha pīḷitaṃ rāgaṃ, asubhāya nivāraye;</p>\r\n<p class="gathalast">Mandīhutvā pahīyeyya, rāgo asubha bhīruko.</p>\r\n<p class="hangnum"><a name="para92"></a><span class="paranum">92</span>.</p>\r\n<p class="gatha1"> </p>','\r',char(13)),'\n',char(10)),'-91-92-');
INSERT INTO pages (bookid, page, content, paranum) VALUES('annya_niti_gantha_sangaho_e1010n',139,replace(replace('<p class="gatha1">Mājegucchaṃ <a name="M0.0139"></a> mamāyetha, sāva jegucchamāmako;</p>\r\n<p class="gathalast">Ananta dukkha māpādi, jegucchita mamāyanā.</p>\r\n<p class="hangnum"><a name="para93"></a><span class="paranum">93</span>.</p>\r\n<p class="gatha1"> Maṃsalaggo tacacchanno,</p>\r\n<p class="gatha2">Nhārubandho ṭṭhipuñjako;</p>\r\n<p class="gatha3">Moheti chaviyā lokaṃ,</p>\r\n<p class="gathalast">Mahādukkho sa mohito.</p>\r\n<p class="hangnum"><a name="para94"></a><span class="paranum">94</span>.</p>\r\n<p class="gatha1"> </p>','\r',char(13)),'\n',char(10)),'-93-94-');
INSERT INTO pages (bookid, page, content, paranum) VALUES('annya_niti_gantha_sangaho_e1010n',140,replace(replace('<p class="gatha1">Nhāruṭṭhi <a name="M0.0140"></a> taca maṃsehi, rāgavaḍḍhaki saṅkhate;</p>\r\n<p class="gathalast">Gehe rogā putī pāpā, vasanti kucchitā sadā.</p>\r\n<p class="hangnum"><a name="para95"></a><span class="paranum">95</span>.</p>\r\n<p class="gatha1"> Luṅgantā vīsa bhūdhātū, pittādī dvādasambuva;</p>\r\n<p class="gathalast">Tāpaṃ jiraṃ dahaṃ pakkaṃ, caturaggi chavāyukā.</p>\r\n<p class="hangnum"><a name="para96"></a><span class="paranum">96</span>.</p>\r\n<p class="gatha1"> Adhoddhaṃ kucchi koṭṭhāsā,</p>\r\n<p class="gatha2">Aṅgacārīca pāṇakā;</p>\r\n<p class="gatha3">Dhātuyoyeva kāyesmiṃ,</p>\r\n<p class="gathalast">Dvitālīsa anaññakā.</p>\r\n<p class="hangnum"><a name="para97"></a><span class="paranum">97</span>.</p>\r\n<p class="gatha1"> </p>','\r',char(13)),'\n',char(10)),'-95-96-97-');
INSERT INTO pages (bookid, page, content, paranum) VALUES('annya_niti_gantha_sangaho_e1010n',142,replace(replace('<p class="gatha1">Yathā <a name="M0.0142"></a> bahi tathā ajjhattaṃ, dhātū bhvāpā nalānilā;</p>\r\n<p class="gathalast">Name nāhaṃ naattāti, saṃmaseyya punappunanti.</p>\r\n<p class="subhead">4. Mettābhāvanāniddesa</p>\r\n<p class="hangnum"><a name="para1"></a><span class="paranum">1</span>.</p>\r\n<p class="gatha1"> </p>','\r',char(13)),'\n',char(10)),'-1-');
INSERT INTO pages (bookid, page, content, paranum) VALUES('annya_niti_gantha_sangaho_e1010n',145,replace(replace('<p class="gatha1">Mettā <a name="M0.0145"></a> bhāvana micchampi, suṇa buddhavaco yidaṃ;</p>\r\n<p class="gathalast">Dosa niggahaṇatthāya, doso mettāyaverihi.</p>\r\n<p class="hangnum"><a name="para2"></a><span class="paranum">2</span>.</p>\r\n<p class="gatha1"> Akkocchimaṃ avadhimaṃ, ajinimaṃ ahāsime;</p>\r\n<p class="gathalast">Yeca taṃ upanayhanti, veraṃ tesaṃ nasammati.</p>\r\n<p class="hangnum"><a name="para3"></a><span class="paranum">3</span>.</p>\r\n<p class="gatha1"> </p>','\r',char(13)),'\n',char(10)),'-2-3-');
INSERT INTO pages (bookid, page, content, paranum) VALUES('annya_niti_gantha_sangaho_e1010n',146,replace(replace('<p class="gatha1">Akkocchimaṃ <a name="M0.0146"></a> avadhimaṃ, ajinimaṃ ahāsime;</p>\r\n<p class="gathalast">Yecataṃ nupanayhanti, veraṃ tesaṃ upasammati.</p>\r\n<p class="hangnum"><a name="para4"></a><span class="paranum">4</span>.</p>\r\n<p class="gatha1"> Nahiverena verāni, sammantidha kudācana;</p>\r\n<p class="gathalast">Averenaca sammanti, esadhammo sanantano.</p>\r\n<p class="hangnum"><a name="para5"></a><span class="paranum">5</span>.</p>\r\n<p class="gatha1"> </p>','\r',char(13)),'\n',char(10)),'-4-5-');
INSERT INTO pages (bookid, page, content, paranum) VALUES('annya_niti_gantha_sangaho_e1010n',147,replace(replace('<p class="gatha1">Pareca <a name="M0.0147"></a> navijānanti, maya mettha yamāmase;</p>\r\n<p class="gathalast">Yeca tattha vijānanti, tato sammanti medhagā.</p>\r\n<p class="hangnum"><a name="para6"></a><span class="paranum">6</span>.</p>\r\n<p class="gatha1"> Kuddho atthaṃ najānāti, kuddho dhammaṃ napassati;</p>\r\n<p class="gathalast">Sadā andhatamaṃ hoti, yaṃkodho sahatenaraṃ.</p>\r\n<p class="hangnum"><a name="para7"></a><span class="paranum">7</span>.</p>\r\n<p class="gatha1"> </p>','\r',char(13)),'\n',char(10)),'-6-7-');
INSERT INTO pages (bookid, page, content, paranum) VALUES('annya_niti_gantha_sangaho_e1010n',148,replace(replace('<p class="gatha1">Ubhinna <a name="M0.0148"></a> matthaṃ carati, attanoca parassaca;</p>\r\n<p class="gathalast">Paraṃ saṃkuppitaṃ ñatvā, yo sato upasammati.</p>\r\n<p class="hangnum"><a name="para8"></a><span class="paranum">8</span>.</p>\r\n<p class="gatha1"> Tasseva tena pāpiyyo, yo kuddhaṃ paṭikujjhati;</p>\r\n<p class="gathalast">Kuddhaṃ apaṭikujjhanto, saṅgāmaṃ jeti dujjayaṃ.</p>\r\n<p class="hangnum"><a name="para9"></a><span class="paranum">9</span>.</p>\r\n<p class="gatha1"> </p>','\r',char(13)),'\n',char(10)),'-8-9-');
INSERT INTO pages (bookid, page, content, paranum) VALUES('annya_niti_gantha_sangaho_e1010n',149,replace(replace('<p class="gatha1">Khantī <a name="M0.0149"></a> paramaṃ tapo titikkhā,</p>\r\n<p class="gatha2">Nibbānaṃ paramaṃ vadanti buddhā;</p>\r\n<p class="gatha3">Nahi pabbajito parūpaghātī,</p>\r\n<p class="gathalast">Nasamaṇo hoti paraṃ viheṭhayanto.</p>\r\n<p class="hangnum"><a name="para10"></a><span class="paranum">10</span>.</p>\r\n<p class="gatha1"> Akodhena jine kodhaṃ, asādhuṃ sādhunā jine;</p>\r\n<p class="gathalast">Jine kadariyaṃ dānena, saccenā likavādinaṃ.</p>\r\n<p class="hangnum"><a name="para11"></a><span class="paranum">11</span>.</p>\r\n<p class="gatha1"> </p>','\r',char(13)),'\n',char(10)),'-10-11-');
INSERT INTO pages (bookid, page, content, paranum) VALUES('annya_niti_gantha_sangaho_e1010n',150,replace(replace('<p class="gatha1">Yo <a name="M0.0150"></a> ve uppatitaṃ kodhaṃ, rathaṃ bhantaṃva vāraye;</p>\r\n<p class="gathalast">Ta mahaṃ sārathī brūmi, rasmiggāho itarojano.</p>\r\n<p class="hangnum"><a name="para12"></a><span class="paranum">12</span>.</p>\r\n<p class="gatha1"> </p>','\r',char(13)),'\n',char(10)),'-12-');
INSERT INTO pages (bookid, page, content, paranum) VALUES('annya_niti_gantha_sangaho_e1010n',151,replace(replace('<p class="gatha1">Purisassa <a name="M0.0151"></a> hi jātassa, kudhārī jāyate mukhe;</p>\r\n<p class="gathalast">Yāya chindati attānaṃ, bālo dubbhāsitaṃbhaṇaṃ.</p>\r\n<p class="hangnum"><a name="para13"></a><span class="paranum">13</span>.</p>\r\n<p class="gatha1"> Selo yathā ekagghano, vātena nasamīrati;</p>\r\n<p class="gathalast">Evaṃ nindā pasaṃsāsu, nasamiñjanti paṇḍitā.</p>\r\n<p class="hangnum"><a name="para14"></a><span class="paranum">14</span>.</p>\r\n<p class="gatha1"> </p>','\r',char(13)),'\n',char(10)),'-13-14-');
INSERT INTO pages (bookid, page, content, paranum) VALUES('annya_niti_gantha_sangaho_e1010n',152,replace(replace('<p class="gatha1">Samānabhāgaṃ <a name="M0.0152"></a> krubbetha, gāme akkuṭṭha vanditaṃ;</p>\r\n<p class="gathalast">Manopadosaṃ rakkheyya, santo anuṇṇato siyā.</p>\r\n<p class="hangnum"><a name="para15"></a><span class="paranum">15</span>.</p>\r\n<p class="gatha1"> Naparo paraṃ nikuppetha, nātimaññetha katthaci nakiñci;</p>\r\n<p class="gathalast">Byārosanā paṭighasaññā, naññamaññassa dukkha miccheyya.</p>\r\n<p class="hangnum"><a name="para16"></a><span class="paranum">16</span>.</p>\r\n<p class="gatha1"> </p>','\r',char(13)),'\n',char(10)),'-15-16-');
INSERT INTO pages (bookid, page, content, paranum) VALUES('annya_niti_gantha_sangaho_e1010n',153,replace(replace('<p class="gatha1">Mātā <a name="M0.0153"></a> yathā niyaṃ putta,</p>\r\n<p class="gatha2">Māyusā ekaputta manurakkhe;</p>\r\n<p class="gatha3">Evampi sabba bhūtesu,</p>\r\n<p class="gathalast">Mānasaṃ bhāvaye aparimāṇaṃ.</p>\r\n<p class="hangnum"><a name="para17"></a><span class="paranum">17</span>.</p>\r\n<p class="gatha1"> Sutvāna dusito bahuṃ vācaṃ,</p>\r\n<p class="gatha2">Samaṇānaṃvā puthujanānaṃ;</p>\r\n<p class="gatha3">Pharusena hi na paṭivajjā,</p>\r\n<p class="gathalast">Na hi santo paṭiseniṃ karonti.</p>\r\n<p class="hangnum"><a name="para18"></a><span class="paranum">18</span>.</p>\r\n<p class="gatha1"> </p>','\r',char(13)),'\n',char(10)),'-17-18-');
INSERT INTO pages (bookid, page, content, paranum) VALUES('annya_niti_gantha_sangaho_e1010n',154,replace(replace('<p class="gatha1">Saccaṃ <a name="M0.0154"></a> bhaṇe nakujjheyya, dajjā appampi yācito;</p>\r\n<p class="gathalast">Etehi tīhi ṭhānehi, gacche devāna santike.</p>\r\n<p class="hangnum"><a name="para19"></a><span class="paranum">19</span>.</p>\r\n<p class="gatha1"> Na paresaṃ vilomāni, na paresaṃ katākataṃ;</p>\r\n<p class="gathalast">Attanova avekkheyya, katāni akatānica.</p>\r\n<p class="hangnum"><a name="para20"></a><span class="paranum">20</span>.</p>\r\n<p class="gatha1"> </p>','\r',char(13)),'\n',char(10)),'-19-20-');
INSERT INTO pages (bookid, page, content, paranum) VALUES('annya_niti_gantha_sangaho_e1010n',155,replace(replace('<p class="gatha1">Su <a name="M0.0155"></a> dasaṃ vajjamaññesaṃ, attano pana duddasaṃ;</p>\r\n<p class="gatha2">Paresañhi so vajjāni, ophunāti yathā bhusaṃ;</p>\r\n<p class="gathalast">Attano pana chādeti, kaliṃva kitavā saṭṭho.</p>\r\n<p class="hangnum"><a name="para21"></a><span class="paranum">21</span>.</p>\r\n<p class="gatha1"> </p>','\r',char(13)),'\n',char(10)),'-21-');
INSERT INTO pages (bookid, page, content, paranum) VALUES('annya_niti_gantha_sangaho_e1010n',156,replace(replace('<p class="gatha1">Nidhīnaṃva <a name="M0.0156"></a> pavattānaṃ, yaṃ passe vajjadassinaṃ;</p>\r\n<p class="gathalast">Niggayhavādiṃ medhāviṃ, tādisaṃ paṇḍitaṃ bhaje.</p>\r\n<p class="hangnum"><a name="para22"></a><span class="paranum">22</span>.</p>\r\n<p class="gatha1"> Tādisaṃ bhajamānassa,</p>\r\n<p class="gatha2">Seyyohoti napāpiyo;</p>\r\n<p class="gatha3">Iti vuttaṃ munindena,</p>\r\n<p class="gathalast">Tilokaggena satthunā.</p>\r\n<p class="hangnum"><a name="para23"></a><span class="paranum">23</span>.</p>\r\n<p class="gatha1"> </p>','\r',char(13)),'\n',char(10)),'-22-23-');
INSERT INTO pages (bookid, page, content, paranum) VALUES('annya_niti_gantha_sangaho_e1010n',157,replace(replace('<p class="gatha1">Mettā <a name="M0.0157"></a> gandhena vāsento,</p>\r\n<p class="gatha2">Dosaṃ dūrekare budho;</p>\r\n<p class="gatha3">Dūrāsannesu sabbesu,</p>\r\n<p class="gathalast">Attano verikesupi.</p>\r\n<p class="hangnum"><a name="para24"></a><span class="paranum">24</span>.</p>\r\n<p class="gatha1"> Hane dosū panāhāni, anattha kārakāni hi;</p>\r\n<p class="gathalast">Tesva santesu sabbesu, mettāhoti sunimmalā.</p>\r\n<p class="hangnum"><a name="para25"></a><span class="paranum">25</span>.</p>\r\n<p class="gatha1"> </p>','\r',char(13)),'\n',char(10)),'-24-25-');
INSERT INTO pages (bookid, page, content, paranum) VALUES('annya_niti_gantha_sangaho_e1010n',158,replace(replace('<p class="gatha1">Sataṃ <a name="M0.0158"></a> dujjana vākyehi, namano yāti vikriyaṃ;</p>\r\n<p class="gathalast">Nahitāpayituṃ sakkā, gaṅgānadiṃ tiṇukkayā.</p>\r\n<p class="hangnum"><a name="para26"></a><span class="paranum">26</span>.</p>\r\n<p class="gatha1"> Nahi nindā pasaṃsāhi, sataṃ manovikāratā;</p>\r\n<p class="gathalast">Na kadācipi kampeyya, vātehi selapabbato.</p>\r\n<p class="hangnum"><a name="para27"></a><span class="paranum">27</span>.</p>\r\n<p class="gatha1"> </p>','\r',char(13)),'\n',char(10)),'-26-27-');
INSERT INTO pages (bookid, page, content, paranum) VALUES('annya_niti_gantha_sangaho_e1010n',159,replace(replace('<p class="gatha1">Nadiyaṃ <a name="M0.0159"></a> khuddakā nāvā, vicīhi unnatonatā;</p>\r\n<p class="gathalast">Mahānāvā nakampanti, mahantīhi vicīhipi.</p>\r\n<p class="hangnum"><a name="para28"></a><span class="paranum">28</span>.</p>\r\n<p class="gatha1"> Loke pasaṃsa nindāhi, dujjanovunnatonato;</p>\r\n<p class="gathalast">Santopañño nacalati, mahānindā thutīhipi.</p>\r\n<p class="hangnum"><a name="para29"></a><span class="paranum">29</span>.</p>\r\n<p class="gatha1"> </p>','\r',char(13)),'\n',char(10)),'-28-29-');
INSERT INTO pages (bookid, page, content, paranum) VALUES('annya_niti_gantha_sangaho_e1010n',160,replace(replace('<p class="gatha1">Seloselo <a name="M0.0160"></a> nileheva,</p>\r\n<p class="gatha2">Vaṇṇāvaṇṇā asassatā;</p>\r\n<p class="gatha3">Lābhālābhā sukhādukkhā,</p>\r\n<p class="gathalast">Yasāyasā nakampati.</p>\r\n<p class="hangnum"><a name="para30"></a><span class="paranum">30</span>.</p>\r\n<p class="gatha1"> Khamādhagga karetassa, dujjano kiṃ karissati;</p>\r\n<p class="gathalast">Atiṇe patito aggi, sayameva pasambhati.</p>\r\n<p class="hangnum"><a name="para31"></a><span class="paranum">31</span>.</p>\r\n<p class="gatha1"> </p>','\r',char(13)),'\n',char(10)),'-30-31-');
INSERT INTO pages (bookid, page, content, paranum) VALUES('annya_niti_gantha_sangaho_e1010n',161,replace(replace('<p class="gatha1">Sayameva <a name="M0.0161"></a> sakattānaṃ, maccubbhayena tacchatu;</p>\r\n<p class="gathalast">Māññe tacchatu dosena, kimatthaṃ aññatacchanaṃ.</p>\r\n<p class="hangnum"><a name="para32"></a><span class="paranum">32</span>.</p>\r\n<p class="gatha1"> Māññe taccha tudosena, naseyyo aññatacchanaṃ;</p>\r\n<p class="gathalast">Māñño taṃ ahibyaggheva, domanassena bhāyatu.</p>\r\n<p class="hangnum"><a name="para33"></a><span class="paranum">33</span>.</p>\r\n<p class="gatha1"> </p>','\r',char(13)),'\n',char(10)),'-32-33-');
INSERT INTO pages (bookid, page, content, paranum) VALUES('annya_niti_gantha_sangaho_e1010n',162,replace(replace('<p class="gatha1">Nissāya <a name="M0.0162"></a> garukātabbaṃ, bahūnaṃ pāpamocanaṃ;</p>\r\n<p class="gathalast">Acāpallena santena, garukātabbataṃ vaje.</p>\r\n<p class="hangnum"><a name="para34"></a><span class="paranum">34</span>.</p>\r\n<p class="gatha1"> Nissāya garukātabbaṃ, bahūnaṃ puññavaḍḍhanaṃ;</p>\r\n<p class="gathalast">Garukātabbataṃ gacche, dhītiyā sīla guttiyā.</p>\r\n<p class="hangnum"><a name="para35"></a><span class="paranum">35</span>.</p>\r\n<p class="gatha1"> </p>','\r',char(13)),'\n',char(10)),'-34-35-');
INSERT INTO pages (bookid, page, content, paranum) VALUES('annya_niti_gantha_sangaho_e1010n',163,replace(replace('<p class="gatha1">Santaṃ <a name="M0.0163"></a> hi sīlavaṃ dhītiṃ, hirottappena bhāyati;</p>\r\n<p class="gathalast">Dujjanaṃ domanassena, ahibyaggheva bhāyati.</p>\r\n<p class="hangnum"><a name="para36"></a><span class="paranum">36</span>.</p>\r\n<p class="gatha1"> Napharusāya vācāya, aññe dameyya paṇḍito;</p>\r\n<p class="gathalast">Attānaṃva dametvāna, aññe saṇhena ovade.</p>\r\n<p class="hangnum"><a name="para37"></a><span class="paranum">37</span>.</p>\r\n<p class="gatha1"> </p>','\r',char(13)),'\n',char(10)),'-36-37-');
INSERT INTO pages (bookid, page, content, paranum) VALUES('annya_niti_gantha_sangaho_e1010n',164,replace(replace('<p class="gatha1">Citte <a name="M0.0164"></a> saṇhe asaṇhāpi, navācāpharusā bhave;</p>\r\n<p class="gathalast">Tasmā ovā danādīsu, rakkheyya thaddhacittato.</p>\r\n<p class="hangnum"><a name="para38"></a><span class="paranum">38</span>.</p>\r\n<p class="gatha1"> Attāna movadatthāya, sikkheyya buddhabhāsitaṃ;</p>\r\n<p class="gathalast">Parampi anukampāya, icchanto anusāsaye.</p>\r\n<p class="hangnum"><a name="para39"></a><span class="paranum">39</span>.</p>\r\n<p class="gatha1"> Aññaṃ naniggahe kiñci, sutena paṭipattiyā;</p>\r\n<p class="gathalast">Attaniggahaṇaṃ seyyo, nunnameyya jinoraso.</p>\r\n<p class="hangnum"><a name="para40"></a><span class="paranum">40</span>.</p>\r\n<p class="gatha1"> </p>','\r',char(13)),'\n',char(10)),'-38-39-40-');
INSERT INTO pages (bookid, page, content, paranum) VALUES('annya_niti_gantha_sangaho_e1010n',165,replace(replace('<p class="gatha1">Nāvīkareyya <a name="M0.0165"></a> dosaṃvā, lobhaṃ mānaṃ sakaṃmalaṃ;</p>\r\n<p class="gathalast">Māññe maññantu taṃ disvā, cirappabba jito nuti.</p>\r\n<p class="hangnum"><a name="para41"></a><span class="paranum">41</span>.</p>\r\n<p class="gatha1"> Kakacena ttachedente, verikepinadosaye;</p>\r\n<p class="gathalast">Iccovādaṃ munindassa, sampaṭiccha jinoraso.</p>\r\n<p class="hangnum"><a name="para42"></a><span class="paranum">42</span>.</p>\r\n<p class="gatha1"> </p>','\r',char(13)),'\n',char(10)),'-41-42-');
INSERT INTO pages (bookid, page, content, paranum) VALUES('annya_niti_gantha_sangaho_e1010n',166,replace(replace('<p class="gatha1">Verī <a name="M0.0166"></a> accupanāhīpi, rūpeva dukkhakārako;</p>\r\n<p class="gathalast">Na tva tabbisaye nāme, dukkhaṃ mākari cetasi.</p>\r\n<p class="hangnum"><a name="para43"></a><span class="paranum">43</span>.</p>\r\n<p class="gatha1"> Verī tibandha veropi, iheva dukkhakārako;</p>\r\n<p class="gathalast">Bhavantaraṃ naanveti, sakammunā gato hiso.</p>\r\n<p class="hangnum"><a name="para44"></a><span class="paranum">44</span>.</p>\r\n<p class="gatha1"> </p>','\r',char(13)),'\n',char(10)),'-43-44-');
INSERT INTO pages (bookid, page, content, paranum) VALUES('annya_niti_gantha_sangaho_e1010n',167,replace(replace('<p class="gatha1">Dosotu <a name="M0.0167"></a> iha pīḷetvā,</p>\r\n<p class="gatha2">Dukkhāvaho bhavebhave;</p>\r\n<p class="gatha3">Mahānattha karaṃ dosaṃ,</p>\r\n<p class="gathalast">Kasmā vaḍḍheti cetasi.</p>\r\n<p class="hangnum"><a name="para45"></a><span class="paranum">45</span>.</p>\r\n<p class="gatha1"> Mettāsītambusekena, jinovāda manussaraṃ;</p>\r\n<p class="gathalast">Mahā nattha karaṃ dosaṃ, nibbāyatu sa cetasi.</p>\r\n<p class="hangnum"><a name="para46"></a><span class="paranum">46</span>.</p>\r\n<p class="gatha1"> </p>','\r',char(13)),'\n',char(10)),'-45-46-');
INSERT INTO pages (bookid, page, content, paranum) VALUES('annya_niti_gantha_sangaho_e1010n',168,replace(replace('<p class="gatha1">Chaddanto <a name="M0.0168"></a> luddakaṃ pāpaṃ, bhūridattohi tuṇḍikaṃ;</p>\r\n<p class="gathalast">Dhammapālo khami tātaṃ, kapindo kandaro pataṃ.</p>\r\n<p class="hangnum"><a name="para47"></a><span class="paranum">47</span>.</p>\r\n<p class="gatha1"> Asaṅkhyeyya ttabhāvesu, paravajjaṃ titikkhato;</p>\r\n<p class="gathalast">Nāthassa pāramiṃ khantiṃ, saraṃ dhīro titikkhatu.</p>\r\n<p class="hangnum"><a name="para48"></a><span class="paranum">48</span>.</p>\r\n<p class="gatha1"> </p>','\r',char(13)),'\n',char(10)),'-47-48-');
INSERT INTO pages (bookid, page, content, paranum) VALUES('annya_niti_gantha_sangaho_e1010n',169,replace(replace('<p class="gatha1">Sāsane <a name="M0.0169"></a> ciravāsena, evaṃ niddosakā iti;</p>\r\n<p class="gathalast">Tuvaṃ paṭicca maññantu, sāsane sappayojanaṃ.</p>\r\n<p class="hangnum"><a name="para49"></a><span class="paranum">49</span>.</p>\r\n<p class="gatha1"> Sāsane cira vāsāpi, mādisāva ime iti;</p>\r\n<p class="gathalast">Tamāgamma namaññantu, sāsane nippayojanaṃ.</p>\r\n<p class="hangnum"><a name="para50"></a><span class="paranum">50</span>.</p>\r\n<p class="gatha1"> Dve usetīti doso so, saparaṃ dayhate dvayaṃ;</p>\r\n<p class="gathalast">Pahātabbo sa sabbesu, parattha sattha micchatā.</p>\r\n<p class="hangnum"><a name="para51"></a><span class="paranum">51</span>.</p>\r\n<p class="gatha1"> </p>','\r',char(13)),'\n',char(10)),'-49-50-51-');
INSERT INTO pages (bookid, page, content, paranum) VALUES('annya_niti_gantha_sangaho_e1010n',170,replace(replace('<p class="gatha1">Paradinnehi <a name="M0.0170"></a> noāyu, tiṭṭhate nāttano vasā;</p>\r\n<p class="gathalast">Paravajjaṃ khametabbaṃ, nasādhu aññavirodhito.</p>\r\n<p class="hangnum"><a name="para52"></a><span class="paranum">52</span>.</p>\r\n<p class="gatha1"> </p>','\r',char(13)),'\n',char(10)),'-52-');
INSERT INTO pages (bookid, page, content, paranum) VALUES('annya_niti_gantha_sangaho_e1010n',171,replace(replace('<p class="gatha1">Jeguccha <a name="M0.0171"></a> kkosa nindāni, bālo gaṇhāti akkhamo;</p>\r\n<p class="gathalast">Khamantotu nagaṇhāti, jānaṃ jegucchitāniti.</p>\r\n<p class="hangnum"><a name="para53"></a><span class="paranum">53</span>.</p>\r\n<p class="gatha1"> Paradinnāni vaccāni, pābhatanti nakocipi;</p>\r\n<p class="gathalast">Gaṇheyyevaṃ duruttāni, agaṇhanto khame sato.</p>\r\n<p class="hangnum"><a name="para54"></a><span class="paranum">54</span>.</p>\r\n<p class="gatha1"> </p>','\r',char(13)),'\n',char(10)),'-53-54-');
INSERT INTO pages (bookid, page, content, paranum) VALUES('annya_niti_gantha_sangaho_e1010n',172,replace(replace('<p class="gatha1">Nadi <a name="M0.0172"></a> kallola viciyo, tīraṃ patvā samantidha;</p>\r\n<p class="gathalast">Sabbe uppatitā dosā, khantipatvā samanti te.</p>\r\n<p class="hangnum"><a name="para55"></a><span class="paranum">55</span>.</p>\r\n<p class="gatha1"> Dosummattaka vācāya, nummatto kiṃkarissati;</p>\r\n<p class="gathalast">Bhave yyummattako sova, tādisaṃ vacanaṃ bhaṇaṃ.</p>\r\n<p class="hangnum"><a name="para56"></a><span class="paranum">56</span>.</p>\r\n<p class="gatha1"> Kodhano akkhamo añña, duṭṭhasaññī bhayāluko;</p>\r\n<p class="gathalast">Gāmamajjhe aḷakkova, tathā māhohi taṃ jaha.</p>\r\n<p class="hangnum"><a name="para57"></a><span class="paranum">57</span>.</p>\r\n<p class="gatha1"> </p>','\r',char(13)),'\n',char(10)),'-55-56-57-');
INSERT INTO pages (bookid, page, content, paranum) VALUES('annya_niti_gantha_sangaho_e1010n',173,replace(replace('<p class="gatha1">Mettāluko <a name="M0.0173"></a> khamāsīlo,</p>\r\n<p class="gatha2">Sabbaṭṭhānesunibbhayo;</p>\r\n<p class="gatha3">Parattha sattha micchanto,</p>\r\n<p class="gathalast">Khanti mettañca bhāvaye.</p>\r\n<p class="hangnum"><a name="para58"></a><span class="paranum">58</span>.</p>\r\n<p class="gatha1"> Parakkosāni nindāni, taṃva paccenti nāññagū;</p>\r\n<p class="gathalast">Khittaṃpaṃsuva vātuddhaṃ, garukaṃ kiṃ khamāyate.</p>\r\n<p class="hangnum"><a name="para59"></a><span class="paranum">59</span>.</p>\r\n<p class="gatha1"> </p>','\r',char(13)),'\n',char(10)),'-58-59-');
INSERT INTO pages (bookid, page, content, paranum) VALUES('annya_niti_gantha_sangaho_e1010n',174,replace(replace('<p class="gatha1">Akkosantoca <a name="M0.0174"></a> nindīca, pīḷito saka kammunā;</p>\r\n<p class="gathalast">Idha peccaca nīceyyo, naṃnayaṃ gaṇhi akkhamo.</p>\r\n<p class="hangnum"><a name="para60"></a><span class="paranum">60</span>.</p>\r\n<p class="gatha1"> </p>','\r',char(13)),'\n',char(10)),'-60-');
INSERT INTO pages (bookid, page, content, paranum) VALUES('annya_niti_gantha_sangaho_e1010n',175,replace(replace('<p class="gatha1">Akkoso <a name="M0.0175"></a> maṃ naāgacchi,</p>\r\n<p class="gatha2">Tassevā natthakārako;</p>\r\n<p class="gatha3">Iti ñatvāva sappañño,</p>\r\n<p class="gathalast">Akkosaṃ na garuṃ kare.</p>\r\n<p class="hangnum"><a name="para61"></a><span class="paranum">61</span>.</p>\r\n<p class="gatha1"> Vikārāpatti micchanto, verī bahu mupakkami;</p>\r\n<p class="gathalast">Māmittavasa manvehi, nibbikāro tuvaṃbhava.</p>\r\n<p class="hangnum"><a name="para62"></a><span class="paranum">62</span>.</p>\r\n<p class="gatha1"> Mettambunā saddosoca, paradosoca sammati;</p>\r\n<p class="gathalast">Mettāsekena sabbesu, sabbatoggiṃ nipāraye.</p>\r\n<p class="hangnum"><a name="para63"></a><span class="paranum">63</span>.</p>\r\n<p class="gatha1"> </p>','\r',char(13)),'\n',char(10)),'-61-62-63-');
INSERT INTO pages (bookid, page, content, paranum) VALUES('annya_niti_gantha_sangaho_e1010n',176,replace(replace('<p class="gatha1">Sadosa <a name="M0.0176"></a> paradosaggiṃ, sabbato disato ṭṭhitaṃ;</p>\r\n<p class="gathalast">Mettā toyena vāreyya, siyā nibbuti sabbadhi.</p>\r\n<p class="hangnum"><a name="para64"></a><span class="paranum">64</span>.</p>\r\n<p class="gatha1"> Nagame attano aggiṃ, paraggiṃvāpi nāgame;</p>\r\n<p class="gathalast">Mettambunāva nibbātu, saparaggi dvayaṃ bhusaṃ.</p>\r\n<p class="hangnum"><a name="para65"></a><span class="paranum">65</span>.</p>\r\n<p class="gatha1"> </p>','\r',char(13)),'\n',char(10)),'-64-65-');
INSERT INTO pages (bookid, page, content, paranum) VALUES('annya_niti_gantha_sangaho_e1010n',177,replace(replace('<p class="gatha1">Guṇī <a name="M0.0177"></a> guṇī nandindāya, pasaṃsāya guṇī guṇī;</p>\r\n<p class="gathalast">Nindaṃnindaṃ nakuppeyya, nasādiye thutiṃ thutiṃ.</p>\r\n<p class="hangnum"><a name="para66"></a><span class="paranum">66</span>.</p>\r\n<p class="gatha1"> Guṇaṃ nindāya nāsetuṃ, nasakkā koci kussako;</p>\r\n<p class="gathalast">Vaḍḍhetuṃvā pasaṃsāya, garuṃkare na taṃdvayaṃ.</p>\r\n<p class="hangnum"><a name="para67"></a><span class="paranum">67</span>.</p>\r\n<p class="gatha1"> </p>','\r',char(13)),'\n',char(10)),'-66-67-');
INSERT INTO pages (bookid, page, content, paranum) VALUES('annya_niti_gantha_sangaho_e1010n',178,replace(replace('<p class="gatha1">Dosabbhā <a name="M0.0178"></a> mala sañchanno, mettācando na rocati;</p>\r\n<p class="gathalast">Taṃmuttassa tu etassa, atissaya pabhāvato.</p>\r\n<p class="hangnum"><a name="para68"></a><span class="paranum">68</span>.</p>\r\n<p class="gatha1"> Su sutta buddha supinā, dvepiyā gutti nākkamo;</p>\r\n<p class="gathalast">Samādhi sumukhā muḷhā, brahmā tyekā dasa gguṇā.</p>\r\n<p class="hangnum"><a name="para69"></a><span class="paranum">69</span>.</p>\r\n<p class="gatha1"> </p>','\r',char(13)),'\n',char(10)),'-68-69-');
INSERT INTO pages (bookid, page, content, paranum) VALUES('annya_niti_gantha_sangaho_e1010n',179,replace(replace('<p class="gatha1">Sītaṃ <a name="M0.0179"></a> karotu mettāya, cakkhuṃ lābhetu paññāya;</p>\r\n<p class="gathalast">Mākāsinippabhe caññe, cando hohi gategate.</p>\r\n<p class="hangnum"><a name="para70"></a><span class="paranum">70</span>.</p>\r\n<p class="gatha1"> </p>','\r',char(13)),'\n',char(10)),'-70-');
INSERT INTO pages (bookid, page, content, paranum) VALUES('annya_niti_gantha_sangaho_e1010n',180,replace(replace('<p class="gatha1">Dūrāsannesu <a name="M0.0180"></a> sabbesu, mettaṃ pesetu pābhataṃ;</p>\r\n<p class="gathalast">Dhammaṃ desetu pattānaṃ, cando hohi gategate.</p>\r\n<p class="hangnum"><a name="para71"></a><span class="paranum">71</span>.</p>\r\n<p class="gatha1"> Sampattānaṃ malaṃ dhova, sītaṃkare sadādayo;</p>\r\n<p class="gathalast">Uccanīce navisese, jalassamo gategate.</p>\r\n<p class="hangnum"><a name="para72"></a><span class="paranum">72</span>.</p>\r\n<p class="gatha1"> </p>','\r',char(13)),'\n',char(10)),'-71-72-');
INSERT INTO pages (bookid, page, content, paranum) VALUES('annya_niti_gantha_sangaho_e1010n',181,replace(replace('<p class="gatha1">Asaassatesu <a name="M0.0181"></a> phuṭṭhesu, lokadhammesu aṭṭhasu;</p>\r\n<p class="gathalast">Patiṭṭho nibbikāro tvaṃ, pathavīsadiso bhava.</p>\r\n<p class="hangnum"><a name="para73"></a><span class="paranum">73</span>.</p>\r\n<p class="gatha1"> Nākāsi kalahaṃ silā, sadā kenaci niccalā;</p>\r\n<p class="gathalast">Mettāyanto khamāyanto, mahāsilaṃ guruṃkare.</p>\r\n<p class="hangnum"><a name="para74"></a><span class="paranum">74</span>.</p>\r\n<p class="gatha1"> </p>','\r',char(13)),'\n',char(10)),'-73-74-');
INSERT INTO pages (bookid, page, content, paranum) VALUES('annya_niti_gantha_sangaho_e1010n',182,replace(replace('<p class="gatha1">Silāva <a name="M0.0182"></a> sīlavā hotu, duruttāni titikkhatu;</p>\r\n<p class="gathalast">Paccutte dosasaṃvaḍḍho, anuttova pasambhati.</p>\r\n<p class="hangnum"><a name="para75"></a><span class="paranum">75</span>.</p>\r\n<p class="gatha1"> Sabbe ahaṃva icchanti, sattā sukhanti ñātuna;</p>\r\n<p class="gathalast">Bhāveyya kamato mettaṃ, piya majjhatta verike.</p>\r\n<p class="hangnum"><a name="para76"></a><span class="paranum">76</span>.</p>\r\n<p class="gatha1"> </p>','\r',char(13)),'\n',char(10)),'-75-76-');
INSERT INTO pages (bookid, page, content, paranum) VALUES('annya_niti_gantha_sangaho_e1010n',183,replace(replace('<p class="gatha1">Sabbe <a name="M0.0183"></a> tasanti daṇḍassa, sabbe bhāyanti maccuno;</p>\r\n<p class="gathalast">Attānaṃ upamaṃ katvā, nahaneyya naghātaye.</p>\r\n<p class="hangnum"><a name="para77"></a><span class="paranum">77</span>.</p>\r\n<p class="gatha1"> Sukha kāmāni bhūtāni,</p>\r\n<p class="gatha2">Yodaṇḍena vihiṃsati;</p>\r\n<p class="gatha3">Attano sukha mesāno,</p>\r\n<p class="gathalast">Pecca so nalabhesukhaṃ.</p>\r\n<p class="hangnum"><a name="para78"></a><span class="paranum">78</span>.</p>\r\n<p class="gatha1"> </p>','\r',char(13)),'\n',char(10)),'-77-78-');
INSERT INTO pages (bookid, page, content, paranum) VALUES('annya_niti_gantha_sangaho_e1010n',184,replace(replace('<p class="gatha1">Averā <a name="M0.0184"></a> byāpajjā nīgho, sukhī cassaṃ ahaṃva me;</p>\r\n<p class="gathalast">Hitakāmā tathā assu, majjhattā verinopica.</p>\r\n<p class="hangnum"><a name="para79"></a><span class="paranum">79</span>.</p>\r\n<p class="gatha1"> </p>','\r',char(13)),'\n',char(10)),'-79-');
INSERT INTO pages (bookid, page, content, paranum) VALUES('annya_niti_gantha_sangaho_e1010n',185,replace(replace('<p class="gatha1">Mātaro <a name="M0.0185"></a> bhātaro ñātī, dāyako pāsakāpica;</p>\r\n<p class="gathalast">Sukhīhontūti bhāveyya, caje tesuca lagganaṃ.</p>\r\n<p class="hangnum"><a name="para80"></a><span class="paranum">80</span>.</p>\r\n<p class="gatha1"> Doso mettāya dūrāri, taṇhā āsanna verikā;</p>\r\n<p class="gathalast">Taṇhaṃ piyesu vāreyya, dosaṃ verīsu mettiko.</p>\r\n<p class="hangnum"><a name="para81"></a><span class="paranum">81</span>.</p>\r\n<p class="gatha1"> </p>','\r',char(13)),'\n',char(10)),'-80-81-');
INSERT INTO pages (bookid, page, content, paranum) VALUES('annya_niti_gantha_sangaho_e1010n',186,replace(replace('<p class="gatha1">Ekuddese <a name="M0.0186"></a> kakammāca, sissā ācariyā sukhī;</p>\r\n<p class="gathalast">Hontu sabrahmacārīca, teca ññoñña hitāvahā.</p>\r\n<p class="hangnum"><a name="para82"></a><span class="paranum">82</span>.</p>\r\n<p class="gatha1"> Rājānoca amaccāca, gāme issariyā sukhī;</p>\r\n<p class="gathalast">Bhavantu devatāyoca, tehi surakkhito sukho.</p>\r\n<p class="hangnum"><a name="para83"></a><span class="paranum">83</span>.</p>\r\n<p class="gatha1"> </p>','\r',char(13)),'\n',char(10)),'-82-83-');
INSERT INTO pages (bookid, page, content, paranum) VALUES('annya_niti_gantha_sangaho_e1010n',187,replace(replace('<p class="gatha1">Mayaṃ <a name="M0.0187"></a> yena suguttāva,</p>\r\n<p class="gatha2">Sukhitā raṭṭhavāsino;</p>\r\n<p class="gatha3">Sukhī kalla tthu sorājā,</p>\r\n<p class="gathalast">Tejavanto cirāyuko.</p>\r\n<p class="hangnum"><a name="para84"></a><span class="paranum">84</span>.</p>\r\n<p class="gatha1"> </p>','\r',char(13)),'\n',char(10)),'-84-');
INSERT INTO pages (bookid, page, content, paranum) VALUES('annya_niti_gantha_sangaho_e1010n',188,replace(replace('<p class="gatha1">Raṭṭha <a name="M0.0188"></a> piṇḍena jīvāma, raṭṭhavāsī sukhantuti;</p>\r\n<p class="gathalast">Bhāveyyevaṃ amoghaṃva, raṭṭhapiṇḍaṃ subhuñjati.</p>\r\n<p class="hangnum"><a name="para85"></a><span class="paranum">85</span>.</p>\r\n<p class="gatha1"> Āpāyikā bahū santi, mātāpitādi pubbakā;</p>\r\n<p class="gathalast">Tecaññeca sukhīnīghā, ssva byāpajjā averino.</p>\r\n<p class="hangnum"><a name="para86"></a><span class="paranum">86</span>.</p>\r\n<p class="gatha1"> </p>','\r',char(13)),'\n',char(10)),'-85-86-');
INSERT INTO pages (bookid, page, content, paranum) VALUES('annya_niti_gantha_sangaho_e1010n',189,replace(replace('<p class="gatha1">Sattā <a name="M0.0189"></a> bhūtāca pāṇāca, puggalā attabhāvikā;</p>\r\n<p class="gathalast">Thī pū riyā nariyāca, devānarā nipātikā.</p>\r\n<p class="hangnum"><a name="para87"></a><span class="paranum">87</span>.</p>\r\n<p class="gatha1"> Averā hontu byāpajjā, anīghāca sukhī ime;</p>\r\n<p class="gathalast">Attānaṃ parihārantu, catudhā iti bhāvaye.</p>\r\n<p class="hangnum"><a name="para88"></a><span class="paranum">88</span>.</p>\r\n<p class="gatha1"> </p>','\r',char(13)),'\n',char(10)),'-87-88-');
INSERT INTO pages (bookid, page, content, paranum) VALUES('annya_niti_gantha_sangaho_e1010n',191,replace(replace('<p class="gatha1">Puratthimāya <a name="M0.0191"></a> disāya, sabbesattā averino;</p>\r\n<p class="gathalast">Abyāpajjā sukhīnīghā, hontūti tāva bhāvaye.</p>\r\n<p class="hangnum"><a name="para89"></a><span class="paranum">89</span>.</p>\r\n<p class="gatha1"> Puratthimāya disāya, sabbepāṇātiādinā;</p>\r\n<p class="gathalast">Dvādasakkhattuṃ bhāveyya, sesāsupi ayaṃnayo.</p>\r\n<p class="hangnum"><a name="para90"></a><span class="paranum">90</span>.</p>\r\n<p class="gatha1"> </p>','\r',char(13)),'\n',char(10)),'-89-90-');
INSERT INTO pages (bookid, page, content, paranum) VALUES('annya_niti_gantha_sangaho_e1010n',192,replace(replace('<p class="gatha1">Catuddisā <a name="M0.0192"></a> nudisā dho, uddhaṃ sattāca pāṇino;</p>\r\n<p class="gathalast">Bhūtāca puggalā atta, bhāvī sabbe thi pūrisā.</p>\r\n<p class="hangnum"><a name="para91"></a><span class="paranum">91</span>.</p>\r\n<p class="gatha1"> Ariyā ariyā devā, narāca vinipātikā;</p>\r\n<p class="gathalast">Averā byāpajjā nīghā, sukhattāca bhavantu te.</p>\r\n<p class="hangnum"><a name="para92"></a><span class="paranum">92</span>.</p>\r\n<p class="gatha1"> </p>','\r',char(13)),'\n',char(10)),'-91-92-');
INSERT INTO pages (bookid, page, content, paranum) VALUES('annya_niti_gantha_sangaho_e1010n',193,replace(replace('<p class="gatha1">Catuddisā <a name="M0.0193"></a> nudisā dho, uddhanti dasakedisi;</p>\r\n<p class="gathalast">Dvādase te paricchijja, bhāveyya puggale budho.</p>\r\n<p class="hangnum"><a name="para93"></a><span class="paranum">93</span>.</p>\r\n<p class="gatha1"> </p>','\r',char(13)),'\n',char(10)),'-93-');
INSERT INTO pages (bookid, page, content, paranum) VALUES('annya_niti_gantha_sangaho_e1010n',194,replace(replace('<p class="gatha1">Mettā <a name="M0.0194"></a> vassena temetu, pajjuntoviya sabbadhi;</p>\r\n<p class="gathalast">Mākiñci parivajjehi, evaṃ mettā subhāvitā.</p>\r\n<p class="hangnum"><a name="para94"></a><span class="paranum">94</span>.</p>\r\n<p class="gatha1"> Pañcā nodhi sattodhisā, siyuṃ dvādasapuggalā;</p>\r\n<p class="gathalast">Ntu catūhesu bhāvetvā, aṭṭhatālīsakā siyuṃ.</p>\r\n<p class="hangnum"><a name="para95"></a><span class="paranum">95</span>.</p>\r\n<p class="gatha1"> </p>','\r',char(13)),'\n',char(10)),'-94-95-');
INSERT INTO pages (bookid, page, content, paranum) VALUES('annya_niti_gantha_sangaho_e1010n',195,replace(replace('<p class="gatha1">Dasakedisi <a name="M0.0195"></a> tāmettā, catussata asītiyo;</p>\r\n<p class="gathalast">Aṭṭhatālīsāhi pañca, satā ṭṭhavīsa sādhikā.</p>\r\n<p class="hangnum"><a name="para96"></a><span class="paranum">96</span>.</p>\r\n<p class="gatha1"> </p>','\r',char(13)),'\n',char(10)),'-96-');
INSERT INTO pages (bookid, page, content, paranum) VALUES('annya_niti_gantha_sangaho_e1010n',196,replace(replace('<p class="gatha1">Dukkhite <a name="M0.0196"></a> karuṇaṃ brūhe, muditaṃ sukhite jane;</p>\r\n<p class="gathalast">Mettāceva upekkhāca, ubho ubhosu bhāvitā.</p>\r\n<p class="hangnum"><a name="para97"></a><span class="paranum">97</span>.</p>\r\n<p class="gatha1"> Brahmavāsīti vattabbo, tesvaññatara vāsito;</p>\r\n<p class="gathalast">Gandhabhūtesu so loke, brahmāviya virocati.</p>\r\n<p class="chapter">Appamādāvaha pakiṇṇakaniddesa</p>\r\n<p class="hangnum"><a name="para1"></a><span class="paranum">1</span>.</p>\r\n<p class="gatha1"> </p>','\r',char(13)),'\n',char(10)),'-97-1-');
INSERT INTO pages (bookid, page, content, paranum) VALUES('annya_niti_gantha_sangaho_e1010n',200,replace(replace('<p class="gatha1">Saṃvijjanti <a name="M0.0200"></a> dha lokasmiṃ,</p>\r\n<p class="gatha2">Bahū jīvitakappanā;</p>\r\n<p class="gatha3">Gahetvā patta muñcho yo,</p>\r\n<p class="gathalast">Jīvikānaṃ sa lāmako.</p>\r\n<p class="hangnum"><a name="para2"></a><span class="paranum">2</span>.</p>\r\n<p class="gatha1"> Sukulāca tadupagā, kāmabhogā napekkhino;</p>\r\n<p class="gathalast">Na bhayaṭṭā na iṇaṭṭā, neva ājīva kāraṇā.</p>\r\n<p class="hangnum"><a name="para3"></a><span class="paranum">3</span>.</p>\r\n<p class="gatha1"> </p>','\r',char(13)),'\n',char(10)),'-2-3-');
INSERT INTO pages (bookid, page, content, paranum) VALUES('annya_niti_gantha_sangaho_e1010n',201,replace(replace('<p class="gatha1">Nālaṃva <a name="M0.0201"></a> gihinā brahma, cariyāya akhaṇḍitaṃ;</p>\r\n<p class="gathalast">Gharāvāso tisambādho, pabbajjāva nirālayā.</p>\r\n<p class="hangnum"><a name="para4"></a><span class="paranum">4</span>.</p>\r\n<p class="gatha1"> </p>','\r',char(13)),'\n',char(10)),'-4-');
INSERT INTO pages (bookid, page, content, paranum) VALUES('annya_niti_gantha_sangaho_e1010n',202,replace(replace('<p class="gatha1">Bhavapaṅkā <a name="M0.0202"></a> pamuccāma, tivittiṇṇā bhayānakā;</p>\r\n<p class="gathalast">Paṭipatti yimāyāti, katvā tadupagā ime.</p>\r\n<p class="hangnum"><a name="para5"></a><span class="paranum">5</span>.</p>\r\n<p class="gatha1"> Uttiṭṭhe nappamajjeyya, dhammaṃ caritaṃ sucare;</p>\r\n<p class="gathalast">Dhammacārī sukhaṃseti, asmiṃloke paramhica.</p>\r\n<p class="hangnum"><a name="para6"></a><span class="paranum">6</span>.</p>\r\n<p class="gatha1"> </p>','\r',char(13)),'\n',char(10)),'-5-6-');
INSERT INTO pages (bookid, page, content, paranum) VALUES('annya_niti_gantha_sangaho_e1010n',203,replace(replace('<p class="gatha1">Svāgatā <a name="M0.0203"></a> vata tebhikkhū, pattā sambuddhaputta taṃ;</p>\r\n<p class="gathalast">Gihi bandhana pucchijja, sukhitā sāsane ratā.</p>\r\n<p class="hangnum"><a name="para7"></a><span class="paranum">7</span>.</p>\r\n<p class="gatha1"> Katapuñña visesāva, ete suladdha dullabhā;</p>\r\n<p class="gathalast">Chaṭṭetvāpi mahārajjaṃ, nedisaṃ laddha maññadā.</p>\r\n<p class="hangnum"><a name="para8"></a><span class="paranum">8</span>.</p>\r\n<p class="gatha1"> </p>','\r',char(13)),'\n',char(10)),'-7-8-');
INSERT INTO pages (bookid, page, content, paranum) VALUES('annya_niti_gantha_sangaho_e1010n',204,replace(replace('<p class="gatha1">Svāgatā <a name="M0.0204"></a> sugatī hontu, māduggatī pamādino;</p>\r\n<p class="gathalast">Dussīlā ce gamissanti, apāyaṃ tibhayānakaṃ.</p>\r\n<p class="hangnum"><a name="para9"></a><span class="paranum">9</span>.</p>\r\n<p class="gatha1"> </p>','\r',char(13)),'\n',char(10)),'-9-');
INSERT INTO pages (bookid, page, content, paranum) VALUES('annya_niti_gantha_sangaho_e1010n',205,replace(replace('<p class="gatha1">Gihibhogā <a name="M0.0205"></a> parīhinno, sāmaññattañca dūbhato;</p>\r\n<p class="gathalast">Paridhaṃsamāno pakireti, chavālātaṃva nassati.</p>\r\n<p class="hangnum"><a name="para10"></a><span class="paranum">10</span>.</p>\r\n<p class="gatha1"> Kuso yathā duggahito, hatthamevā nukantati;</p>\r\n<p class="gathalast">Sāmaññaṃ dupparāmaṭṭhaṃ, nirayā yupa kaḍḍhati.</p>\r\n<p class="hangnum"><a name="para11"></a><span class="paranum">11</span>.</p>\r\n<p class="gatha1"> </p>','\r',char(13)),'\n',char(10)),'-10-11-');
INSERT INTO pages (bookid, page, content, paranum) VALUES('annya_niti_gantha_sangaho_e1010n',206,replace(replace('<p class="gatha1">Yaṃkiñci <a name="M0.0206"></a> sithilaṃ kammaṃ, saṃkiliṭṭhañca yaṃkataṃ;</p>\r\n<p class="gathalast">Saṅkassaraṃ brahmacariyaṃ, nataṃhoti mahapphalaṃ.</p>\r\n<p class="hangnum"><a name="para12"></a><span class="paranum">12</span>.</p>\r\n<p class="gatha1"> Kariyāce kariyā venaṃ, daḷhamenaṃ parakkame;</p>\r\n<p class="gathalast">Sithilohi paribbajo, bhiyyo ākirate rajaṃ.</p>\r\n<p class="hangnum"><a name="para13"></a><span class="paranum">13</span>.</p>\r\n<p class="gatha1"> </p>','\r',char(13)),'\n',char(10)),'-12-13-');
INSERT INTO pages (bookid, page, content, paranum) VALUES('annya_niti_gantha_sangaho_e1010n',207,replace(replace('<p class="gatha1">Iti <a name="M0.0207"></a> vuttaṃ munindena, nussaraṃ ani vattito;</p>\r\n<p class="gathalast">Sadā alina cittena, careyya buddhasāvako.</p>\r\n<p class="hangnum"><a name="para14"></a><span class="paranum">14</span>.</p>\r\n<p class="gatha1"> Rāgaṃ asubhacintāya, dosaṃ mettāya vāraye;</p>\r\n<p class="gathalast">Maraṇena dhajaṃmānaṃ, sambuddhe tikkha saddhiko.</p>\r\n<p class="hangnum"><a name="para15"></a><span class="paranum">15</span>.</p>\r\n<p class="gatha1"> Asubhā kāmavitakkaṃ, mettā byāpāda takkitaṃ;</p>\r\n<p class="gathalast">Vihiṃsaṃ karuṇāyeva, nivāreyya sadāsato.</p>\r\n<p class="hangnum"><a name="para16"></a><span class="paranum">16</span>.</p>\r\n<p class="gatha1"> </p>','\r',char(13)),'\n',char(10)),'-14-15-16-');
INSERT INTO pages (bookid, page, content, paranum) VALUES('annya_niti_gantha_sangaho_e1010n',208,replace(replace('<p class="gatha1">Buddhāṇatti <a name="M0.0208"></a> sadātīto, micchāvitakka pīḷito;</p>\r\n<p class="gathalast">Pāpadhammehi saṃkiṇṇo, soniccāpāya gāmiko.</p>\r\n<p class="hangnum"><a name="para17"></a><span class="paranum">17</span>.</p>\r\n<p class="gatha1"> Dhovitvā pattimalāni, punātikkama saṃvuto;</p>\r\n<p class="gathalast">Micchāvitakka sañchedī, dūro apāya gāmito.</p>\r\n<p class="hangnum"><a name="para18"></a><span class="paranum">18</span>.</p>\r\n<p class="gatha1"> </p>','\r',char(13)),'\n',char(10)),'-17-18-');
INSERT INTO pages (bookid, page, content, paranum) VALUES('annya_niti_gantha_sangaho_e1010n',209,replace(replace('<p class="gatha1">Khīṇāsavatta <a name="M0.0209"></a> buddhattaṃ, niyyānika ntarā yikaṃ;</p>\r\n<p class="gathalast">Sīhanādaṃ catuṭṭhāne, vesārajjo jino nadi.</p>\r\n<p class="hangnum"><a name="para19"></a><span class="paranum">19</span>.</p>\r\n<p class="gatha1"> </p>','\r',char(13)),'\n',char(10)),'-19-');
INSERT INTO pages (bookid, page, content, paranum) VALUES('annya_niti_gantha_sangaho_e1010n',210,replace(replace('<p class="gatha1">Sīlaṃ <a name="M0.0210"></a> niyyānikaṃ nāma, āpatti antarāyikaṃ;</p>\r\n<p class="gathalast">Antarāya manāpajja, niyyāneva patiṭṭhatu.</p>\r\n<p class="hangnum"><a name="para20"></a><span class="paranum">20</span>.</p>\r\n<p class="gatha1"> </p>','\r',char(13)),'\n',char(10)),'-20-');
INSERT INTO pages (bookid, page, content, paranum) VALUES('annya_niti_gantha_sangaho_e1010n',211,replace(replace('<p class="gatha1">Niyyānikāca <a name="M0.0211"></a> asubhā, subhasaññā ntarāyikā;</p>\r\n<p class="gathalast">Antarāya manāpajja, niyyāneva patiṭṭhatu.</p>\r\n<p class="hangnum"><a name="para21"></a><span class="paranum">21</span>.</p>\r\n<p class="gatha1"> </p>','\r',char(13)),'\n',char(10)),'-21-');
INSERT INTO pages (bookid, page, content, paranum) VALUES('annya_niti_gantha_sangaho_e1010n',212,replace(replace('<p class="gatha1">Nānāpatti <a name="M0.0212"></a> pakiṇṇopi, pārājikā vasesako;</p>\r\n<p class="gathalast">So mityatta paṇīdhīhi, lajjīyeva visodhako.</p>\r\n<p class="hangnum"><a name="para22"></a><span class="paranum">22</span>.</p>\r\n<p class="gatha1"> Alajjīkamma kiṇṇopi,</p>\r\n<p class="gatha2">Saṃvejetvā sumittiko;</p>\r\n<p class="gatha3">Lajjīyeva visodhento,</p>\r\n<p class="gathalast">Matakova asodhako.</p>\r\n<p class="hangnum"><a name="para23"></a><span class="paranum">23</span>.</p>\r\n<p class="gatha1"> </p>','\r',char(13)),'\n',char(10)),'-22-23-');
INSERT INTO pages (bookid, page, content, paranum) VALUES('annya_niti_gantha_sangaho_e1010n',213,replace(replace('<p class="gatha1">Yo <a name="M0.0213"></a> pubbeva pamajjitvā, pacchāso nappamajjati;</p>\r\n<p class="gathalast">Somaṃ lokaṃ pabhāseti, abbhāmuttovacandimā.</p>\r\n<p class="hangnum"><a name="para24"></a><span class="paranum">24</span>.</p>\r\n<p class="gatha1"> </p>','\r',char(13)),'\n',char(10)),'-24-');
INSERT INTO pages (bookid, page, content, paranum) VALUES('annya_niti_gantha_sangaho_e1010n',214,replace(replace('<p class="gatha1">Dhuraṃkatvā <a name="M0.0214"></a> dhipatayo, yo puññesu parakkame;</p>\r\n<p class="gathalast">Tassa niyyānikaṃ kammaṃ, kiṃnāmakaṃ nasijjhate.</p>\r\n<p class="hangnum"><a name="para25"></a><span class="paranum">25</span>.</p>\r\n<p class="gatha1"> </p>','\r',char(13)),'\n',char(10)),'-25-');
INSERT INTO pages (bookid, page, content, paranum) VALUES('annya_niti_gantha_sangaho_e1010n',215,replace(replace('<p class="gatha1">Paccate <a name="M0.0215"></a> munino bhattaṃ, thokaṃthokaṃ ghareghare;</p>\r\n<p class="gathalast">Piṇḍikāyeva jīvantu, māpajjantu anesanaṃ.</p>\r\n<p class="hangnum"><a name="para26"></a><span class="paranum">26</span>.</p>\r\n<p class="gatha1"> Dhoveyyā pattimagāni, vuṭṭhāna desanambuhi;</p>\r\n<p class="gathalast">Saṃvarissanti cittena, sīlaṃ dhotassa nimmalaṃ.</p>\r\n<p class="hangnum"><a name="para27"></a><span class="paranum">27</span>.</p>\r\n<p class="gatha1"> </p>','\r',char(13)),'\n',char(10)),'-26-27-');
INSERT INTO pages (bookid, page, content, paranum) VALUES('annya_niti_gantha_sangaho_e1010n',216,replace(replace('<p class="gatha1">Buddhāṇātikkamāpatti<a name="M0.0216"></a>, niggahe rāgadosake;</p>\r\n<p class="gathalast">Natthi sañcicca āpatti, lajīva so pavuccati.</p>\r\n<p class="hangnum"><a name="para28"></a><span class="paranum">28</span>.</p>\r\n<p class="gatha1"> Vāṇijja kasikādīhi, nāhāreṭṭhi dhasāsane;</p>\r\n<p class="gathalast">Dhura dvayaṃva kiccaṃ taṃ, nāññakiccehi hāpaye.</p>\r\n<p class="hangnum"><a name="para29"></a><span class="paranum">29</span>.</p>\r\n<p class="gatha1"> </p>','\r',char(13)),'\n',char(10)),'-28-29-');
INSERT INTO pages (bookid, page, content, paranum) VALUES('annya_niti_gantha_sangaho_e1010n',217,replace(replace('<p class="gatha1">Niggaṇheyya <a name="M0.0217"></a> sakaṃcittaṃ, kiṭṭhādiṃ viya duppasuṃ;</p>\r\n<p class="gathalast">Satimā sampajānoca, care sabbiriyāpathe.</p>\r\n<p class="hangnum"><a name="para30"></a><span class="paranum">30</span>.</p>\r\n<p class="gatha1"> </p>','\r',char(13)),'\n',char(10)),'-30-');
INSERT INTO pages (bookid, page, content, paranum) VALUES('annya_niti_gantha_sangaho_e1010n',218,replace(replace('<p class="gatha1">Yathā <a name="M0.0218"></a> thambhe nibandheyya, vacchaṃ damaṃ naro idha;</p>\r\n<p class="gathalast">Bandheyyevaṃ sakaṃcittaṃ, satiyā rammaṇe daḷhaṃ.</p>\r\n<p class="hangnum"><a name="para31"></a><span class="paranum">31</span>.</p>\r\n<p class="gatha1"> Adhisīlādhicittānaṃ, adhipaññāya sikkhanaṃ;</p>\r\n<p class="gathalast">Bhikkhu kiccattayaṃ etaṃ, karontova subhikkhuko.</p>\r\n<p class="hangnum"><a name="para32"></a><span class="paranum">32</span>.</p>\r\n<p class="gatha1"> </p>','\r',char(13)),'\n',char(10)),'-31-32-');
INSERT INTO pages (bookid, page, content, paranum) VALUES('annya_niti_gantha_sangaho_e1010n',219,replace(replace('<p class="gatha1">Pañcāṭṭha <a name="M0.0219"></a> dasa sīlāni, nādhisīlaṃ taduttari;</p>\r\n<p class="gathalast">Pātimokkhaṃ adhisīlaṃ, pabbatā dhika meruva.</p>\r\n<p class="hangnum"><a name="para33"></a><span class="paranum">33</span>.</p>\r\n<p class="gatha1"> </p>','\r',char(13)),'\n',char(10)),'-33-');
INSERT INTO pages (bookid, page, content, paranum) VALUES('annya_niti_gantha_sangaho_e1010n',220,replace(replace('<p class="gatha1">Pātimokkhaṃ <a name="M0.0220"></a> visodhento, appeva jīvitaṃ jahe;</p>\r\n<p class="gathalast">Paññattaṃ lokanāthena, nabhinde sīlasaṃvaraṃ.</p>\r\n<p class="hangnum"><a name="para34"></a><span class="paranum">34</span>.</p>\r\n<p class="gatha1"> Sīlenā tikkamaṃ thullaṃ, pariyuṭṭhaṃ samādhinā;</p>\r\n<p class="gathalast">Paññāyā nusayaṃ saṇhaṃ, kilesaṃ bhikkhu bhindati.</p>\r\n<p class="hangnum"><a name="para35"></a><span class="paranum">35</span>.</p>\r\n<p class="gatha1"> </p>','\r',char(13)),'\n',char(10)),'-34-35-');
INSERT INTO pages (bookid, page, content, paranum) VALUES('annya_niti_gantha_sangaho_e1010n',221,replace(replace('<p class="gatha1">Sāsanassādi <a name="M0.0221"></a> sīlaṃva, majjhe tassa samādhiva;</p>\r\n<p class="gathalast">Paññāva pariyosānaṃ, kalyāṇāva imetayo.</p>\r\n<p class="hangnum"><a name="para36"></a><span class="paranum">36</span>.</p>\r\n<p class="gatha1"> </p>','\r',char(13)),'\n',char(10)),'-36-');
INSERT INTO pages (bookid, page, content, paranum) VALUES('annya_niti_gantha_sangaho_e1010n',222,replace(replace('<p class="gatha1">Mahāpuññe <a name="M0.0222"></a> ṭhitaṃ sīlaṃ, samādhi appanā gataṃ;</p>\r\n<p class="gathalast">Catumagga yutā paññā, etaṃ sikkhattayaṃ mataṃ.</p>\r\n<p class="hangnum"><a name="para37"></a><span class="paranum">37</span>.</p>\r\n<p class="gatha1"> Sīlanalakkhaṇaṃ sīlaṃ, dussīlya dhaṃsanaṃ rasaṃ;</p>\r\n<p class="gathalast">Hirottappa padaṭṭhānaṃ, suci paccupaṭṭhānakaṃ.</p>\r\n<p class="hangnum"><a name="para38"></a><span class="paranum">38</span>.</p>\r\n<p class="gatha1"> </p>','\r',char(13)),'\n',char(10)),'-37-38-');
INSERT INTO pages (bookid, page, content, paranum) VALUES('annya_niti_gantha_sangaho_e1010n',223,replace(replace('<p class="gatha1">Sasīlagutti <a name="M0.0223"></a> nāthoca, dunnigaho visārado;</p>\r\n<p class="gathalast">Dhammaṭṭhītīti pañcete, guṇā venayike matā.</p>\r\n<p class="hangnum"><a name="para39"></a><span class="paranum">39</span>.</p>\r\n<p class="gatha1"> </p>','\r',char(13)),'\n',char(10)),'-39-');
INSERT INTO pages (bookid, page, content, paranum) VALUES('annya_niti_gantha_sangaho_e1010n',224,replace(replace('<p class="gatha1">Ādi <a name="M0.0224"></a> kalrāṇa saṃvedī, sīlamattaṭṭha bhikkhavo;</p>\r\n<p class="gathalast">Uddhaṃ kalyāṇa lābhāya, alino anivattiko.</p>\r\n<p class="hangnum"><a name="para40"></a><span class="paranum">40</span>.</p>\r\n<p class="gatha1"> Dhovitvā pattimalāni, vuṭṭhāna desana mbuhi;</p>\r\n<p class="gathalast">Suddhasīle ṭhitoyeva, evaṃ cinteyya paññavā.</p>\r\n<p class="hangnum"><a name="para41"></a><span class="paranum">41</span>.</p>\r\n<p class="gatha1"> </p>','\r',char(13)),'\n',char(10)),'-40-41-');
INSERT INTO pages (bookid, page, content, paranum) VALUES('annya_niti_gantha_sangaho_e1010n',225,replace(replace('<p class="gatha1">Sampuddhorasa <a name="M0.0225"></a> puttāva, buddhurojā nussāvanā;</p>\r\n<p class="gathalast">Sambhūtā pitu dāyādā, puttānāma sabhāvato.</p>\r\n<p class="hangnum"><a name="para42"></a><span class="paranum">42</span>.</p>\r\n<p class="gatha1"> Khīraṃ pitvāva jīvanti, jātāpi idha puttakā;</p>\r\n<p class="gathalast">Pariyatti jinakkhīraṃ, pitvāva jinaputtakā.</p>\r\n<p class="hangnum"><a name="para43"></a><span class="paranum">43</span>.</p>\r\n<p class="gatha1"> </p>','\r',char(13)),'\n',char(10)),'-42-43-');
INSERT INTO pages (bookid, page, content, paranum) VALUES('annya_niti_gantha_sangaho_e1010n',226,replace(replace('<p class="gatha1">Dāyoca <a name="M0.0226"></a> nāma buddhassa, dhammāmisa vasādvidhā;</p>\r\n<p class="gathalast">Maggañāṇā dayo dhammo, cattāro paccayāmisā.</p>\r\n<p class="hangnum"><a name="para44"></a><span class="paranum">44</span>.</p>\r\n<p class="gatha1"> Cira māmisa dāyādā, rājapūjādi gāhino;</p>\r\n<p class="gathalast">Dāyā missaggahaṃ nicchi, saddhamma garuko jino.</p>\r\n<p class="hangnum"><a name="para45"></a><span class="paranum">45</span>.</p>\r\n<p class="gatha1"> </p>','\r',char(13)),'\n',char(10)),'-44-45-');
INSERT INTO pages (bookid, page, content, paranum) VALUES('annya_niti_gantha_sangaho_e1010n',227,replace(replace('<p class="gatha1">Lakkha <a name="M0.0227"></a> kappa catussaṅkhya, kālaṃ vicita niccitaṃ;</p>\r\n<p class="gathalast">Dhammadāyaṃ navindamhā, buddhaputtāpi yemayaṃ.</p>\r\n<p class="hangnum"><a name="para46"></a><span class="paranum">46</span>.</p>\r\n<p class="gatha1"> Buddhavārita dāyādā, saddhammadāya bāhirā;</p>\r\n<p class="gathalast">Puttāpi satthudāsābhā, bhuttamattā hi dāsakā.</p>\r\n<p class="hangnum"><a name="para47"></a><span class="paranum">47</span>.</p>\r\n<p class="gatha1"> </p>','\r',char(13)),'\n',char(10)),'-46-47-');
INSERT INTO pages (bookid, page, content, paranum) VALUES('annya_niti_gantha_sangaho_e1010n',228,replace(replace('<p class="gatha1">Bhaddanta <a name="M0.0228"></a> rāhulasseva, dāyaṃ nopi adā jino;</p>\r\n<p class="gathalast">Nādiyimhā pamādāya, taṃ dāyaṃ kusalantakaṃ.</p>\r\n<p class="hangnum"><a name="para48"></a><span class="paranum">48</span>.</p>\r\n<p class="gatha1"> Dhammadāyādā mebhikkhave tumhebhavatha,</p>\r\n<p class="gatha2">Māāmisa dāyādā;</p>\r\n<p class="gatha3">Iti vuttaṃ munindena,</p>\r\n<p class="gathalast">Sāvakesu dayāvatā.</p>\r\n<p class="hangnum"><a name="para49"></a><span class="paranum">49</span>.</p>\r\n<p class="gatha1"> </p>','\r',char(13)),'\n',char(10)),'-48-49-');
INSERT INTO pages (bookid, page, content, paranum) VALUES('annya_niti_gantha_sangaho_e1010n',229,replace(replace('<p class="gatha1">Imāya <a name="M0.0229"></a> buddhavācāya, buddhasantaka taṃ sare;</p>\r\n<p class="gathalast">Dvinnaṃ āmisaa dāyāda, bhāvassaca nivāraṇaṃ.</p>\r\n<p class="hangnum"><a name="para50"></a><span class="paranum">50</span>.</p>\r\n<p class="gatha1"> Rajje caṇḍālaputtāva, saddhammacakka vattino;</p>\r\n<p class="gathalast">Puttā hontāpi dāyesmiṃ, nirāsā tiva ninditā.</p>\r\n<p class="hangnum"><a name="para51"></a><span class="paranum">51</span>.</p>\r\n<p class="gatha1"> </p>','\r',char(13)),'\n',char(10)),'-50-51-');
INSERT INTO pages (bookid, page, content, paranum) VALUES('annya_niti_gantha_sangaho_e1010n',230,replace(replace('<p class="gatha1">Micchājīva <a name="M0.0230"></a> samāpannā, accāsā paccayāmise;</p>\r\n<p class="gathalast">Mahājānīya sampattā, moghakatvā tidullabhaṃ.</p>\r\n<p class="hangnum"><a name="para52"></a><span class="paranum">52</span>.</p>\r\n<p class="gatha1"> </p>','\r',char(13)),'\n',char(10)),'-52-');
INSERT INTO pages (bookid, page, content, paranum) VALUES('annya_niti_gantha_sangaho_e1010n',231,replace(replace('<p class="gatha1">Gihikāme <a name="M0.0231"></a> pahāyāgo, paravantosu laggito;</p>\r\n<p class="gathalast">Gaṅgātiṇṇo taḷākamhi, nimuggovā tinindito.</p>\r\n<p class="hangnum"><a name="para53"></a><span class="paranum">53</span>.</p>\r\n<p class="gatha1"> </p>','\r',char(13)),'\n',char(10)),'-53-');
INSERT INTO pages (bookid, page, content, paranum) VALUES('annya_niti_gantha_sangaho_e1010n',232,replace(replace('<p class="gatha1">Cīvare <a name="M0.0232"></a> piṇḍapāteca, paccaye sayanāsane;</p>\r\n<p class="gathalast">Etesu taṇha mākāsi, mālokaṃ punarāgami.</p>\r\n<p class="hangnum"><a name="para54"></a><span class="paranum">54</span>.</p>\r\n<p class="gatha1"> Itivuttā nusārena, paccavekkhaṇa suddhiyā;</p>\r\n<p class="gathalast">Āmisesu hane āsaṃ, puttamaṃsu pamaṃ saraṃ.</p>\r\n<p class="hangnum"><a name="para55"></a><span class="paranum">55</span>.</p>\r\n<p class="gatha1"> </p>','\r',char(13)),'\n',char(10)),'-54-55-');
INSERT INTO pages (bookid, page, content, paranum) VALUES('annya_niti_gantha_sangaho_e1010n',233,replace(replace('<p class="gatha1">Seyyo <a name="M0.0233"></a> ayoguḷo bhutto,</p>\r\n<p class="gatha2">Tatto aggisikhūpamo;</p>\r\n<p class="gatha3">Yañce bhuñjeyya dussīlo,</p>\r\n<p class="gathalast">Raṭṭhapiṇḍaṃ asaññato.</p>\r\n<p class="hangnum"><a name="para56"></a><span class="paranum">56</span>.</p>\r\n<p class="gatha1"> </p>','\r',char(13)),'\n',char(10)),'-56-');
INSERT INTO pages (bookid, page, content, paranum) VALUES('annya_niti_gantha_sangaho_e1010n',234,replace(replace('<p class="gatha1">Itivuttaṃ <a name="M0.0234"></a> nucintento, vajje dussīla bhāvato;</p>\r\n<p class="gathalast">Sīle ṭhitova bhuñjeyya, māditta guḷakaṃ gili.</p>\r\n<p class="hangnum"><a name="para57"></a><span class="paranum">57</span>.</p>\r\n<p class="gatha1"> Annāna matho pānānaṃ,</p>\r\n<p class="gatha2">Khādanīyāna mathopi vatthānaṃ;</p>\r\n<p class="gatha3">Laddhāna sannidhiṃ kariyā,</p>\r\n<p class="gathalast">Naca parittase tāni alabhamāno.</p>\r\n<p class="hangnum"><a name="para58"></a><span class="paranum">58</span>.</p>\r\n<p class="gatha1"> </p>','\r',char(13)),'\n',char(10)),'-57-58-');
INSERT INTO pages (bookid, page, content, paranum) VALUES('annya_niti_gantha_sangaho_e1010n',235,replace(replace('<p class="gatha1">Aññāhi <a name="M0.0235"></a> lābhupanisā, aññā nibbāna gāminī;</p>\r\n<p class="gathalast">Sakkāraṃ nābhinandeyya, viveka manubrūhaye.</p>\r\n<p class="hangnum"><a name="para59"></a><span class="paranum">59</span>.</p>\r\n<p class="gatha1"> </p>','\r',char(13)),'\n',char(10)),'-59-');
INSERT INTO pages (bookid, page, content, paranum) VALUES('annya_niti_gantha_sangaho_e1010n',236,replace(replace('<p class="gatha1">Akatvā <a name="M0.0236"></a> āmise āsaṃ,</p>\r\n<p class="gatha2">Saddhammeyeva āsiko;</p>\r\n<p class="gatha3">Appamatto samāraddho,</p>\r\n<p class="gathalast">Dhammadāyaṃ labhissati.</p>\r\n<p class="hangnum"><a name="para60"></a><span class="paranum">60</span>.</p>\r\n<p class="gatha1"> Pariyattiṃ vinā seyyaṃ, nalabhanti budhāapi;</p>\r\n<p class="gathalast">Seyyatthikova sikkheyya, neva pūjādi kāraṇā.</p>\r\n<p class="hangnum"><a name="para61"></a><span class="paranum">61</span>.</p>\r\n<p class="gatha1"> </p>','\r',char(13)),'\n',char(10)),'-60-61-');
INSERT INTO pages (bookid, page, content, paranum) VALUES('annya_niti_gantha_sangaho_e1010n',237,replace(replace('<p class="gatha1">Bhavanissaraṇatthaṃva<a name="M0.0237"></a>, sikkhe nā laggadūpamo;</p>\r\n<p class="gathalast">Tathūpamāya sikkhanto, apāyesu patissati.</p>\r\n<p class="hangnum"><a name="para62"></a><span class="paranum">62</span>.</p>\r\n<p class="gatha1"> Sikkhitena amānatthaṃ, nasādhu mānathaddhiko;</p>\r\n<p class="gathalast">Mudubhāvāya sikkhitvā, damento muduko bhave.</p>\r\n<p class="hangnum"><a name="para63"></a><span class="paranum">63</span>.</p>\r\n<p class="gatha1"> </p>','\r',char(13)),'\n',char(10)),'-62-63-');
INSERT INTO pages (bookid, page, content, paranum) VALUES('annya_niti_gantha_sangaho_e1010n',238,replace(replace('<p class="gatha1">Rāgaṃ <a name="M0.0238"></a> dosaṃ dhajaṃmānaṃ, sikkhantopi vivajjaye;</p>\r\n<p class="gathalast">Daharāpi hi miyyanti, natthi vassaggato mataṃ.</p>\r\n<p class="hangnum"><a name="para64"></a><span class="paranum">64</span>.</p>\r\n<p class="gatha1"> Saddhaṃtikkheyya buddhena, rāgaṃ asubha cintayā;</p>\r\n<p class="gathalast">Maraṇena dhajaṃmānaṃ, dosaṃ mettāya vāraye.</p>\r\n<p class="hangnum"><a name="para65"></a><span class="paranum">65</span>.</p>\r\n<p class="gatha1"> </p>','\r',char(13)),'\n',char(10)),'-64-65-');
INSERT INTO pages (bookid, page, content, paranum) VALUES('annya_niti_gantha_sangaho_e1010n',239,replace(replace('<p class="gatha1">Etehi <a name="M0.0239"></a> caturakkhehi, ganthaṃ sikkheyya saṃ vuto;</p>\r\n<p class="gathalast">Sikkhantassehi rakkhehi, nakoci saṃkilesiko.</p>\r\n<p class="hangnum"><a name="para66"></a><span class="paranum">66</span>.</p>\r\n<p class="gatha1"> </p>','\r',char(13)),'\n',char(10)),'-66-');
INSERT INTO pages (bookid, page, content, paranum) VALUES('annya_niti_gantha_sangaho_e1010n',240,replace(replace('<p class="gatha1">Buddhavācampi <a name="M0.0240"></a> sajjhāya, etepi manasīkara;</p>\r\n<p class="gathalast">Vutto dhammavihārīti, ediso sāsane varo.</p>\r\n<p class="hangnum"><a name="para67"></a><span class="paranum">67</span>.</p>\r\n<p class="gatha1"> Garūna mupadesena,</p>\r\n<p class="gatha2">Caturakkho susīlavā;</p>\r\n<p class="gatha3">Appassutopi pāsaṃso,</p>\r\n<p class="gathalast">Bhiyyoyeva bahussuto.</p>\r\n<p class="hangnum"><a name="para68"></a><span class="paranum">68</span>.</p>\r\n<p class="gatha1"> </p>','\r',char(13)),'\n',char(10)),'-67-68-');
INSERT INTO pages (bookid, page, content, paranum) VALUES('annya_niti_gantha_sangaho_e1010n',241,replace(replace('<p class="gatha1">Sātaṃ <a name="M0.0241"></a> sevakkhaṇevappaṃ, taṃhetvā nantādukkhanti;</p>\r\n<p class="gathalast">Dhīro āsaṃ hane kāme, khuradhāramadhūpame.</p>\r\n<p class="hangnum"><a name="para69"></a><span class="paranum">69</span>.</p>\r\n<p class="gatha1"> Yodha kāme sukhaṃmaññi,</p>\r\n<p class="gatha2">Na so dukkhā vimuccati;</p>\r\n<p class="gatha3">Mātāhi byaggha manvento,</p>\r\n<p class="gathalast">Vacho mutto kathaṃbhayā.</p>\r\n<p class="hangnum"><a name="para70"></a><span class="paranum">70</span>.</p>\r\n<p class="gatha1"> </p>','\r',char(13)),'\n',char(10)),'-69-70-');
INSERT INTO pages (bookid, page, content, paranum) VALUES('annya_niti_gantha_sangaho_e1010n',242,replace(replace('<p class="gatha1">Tiracchā <a name="M0.0242"></a> peta laddhabbe, nāsaṃ kāmasukhe kare;</p>\r\n<p class="gathalast">Bhāyitabba sukhaṃ tañhi, tasmiṃ laggā mahātapā.</p>\r\n<p class="hangnum"><a name="para71"></a><span class="paranum">71</span>.</p>\r\n<p class="gatha1"> Laddhā kāmasukhaṃ bālā, pamodanti napaṇḍitā;</p>\r\n<p class="gathalast">Pasupakkhībhi laddhabbaṃ, anantadukkha kāraṇaṃ.</p>\r\n<p class="hangnum"><a name="para72"></a><span class="paranum">72</span>.</p>\r\n<p class="gatha1"> </p>','\r',char(13)),'\n',char(10)),'-71-72-');
INSERT INTO pages (bookid, page, content, paranum) VALUES('annya_niti_gantha_sangaho_e1010n',243,replace(replace('<p class="gatha1">Laddhā <a name="M0.0243"></a> dhammaratiṃviññū, modanti na apaṇḍitā;</p>\r\n<p class="gathalast">Anoma satta paribhogaṃ, bhaganissaraṇāvahaṃ.</p>\r\n<p class="hangnum"><a name="para73"></a><span class="paranum">73</span>.</p>\r\n<p class="gatha1"> </p>','\r',char(13)),'\n',char(10)),'-73-');
INSERT INTO pages (bookid, page, content, paranum) VALUES('annya_niti_gantha_sangaho_e1010n',244,replace(replace('<p class="gatha1">Hīnakammaṃ <a name="M0.0244"></a> paṭicchannaṃ, kāmassādaṃ napatthaye;</p>\r\n<p class="gathalast">Dhamme pītiñca pāmojjaṃ, pattheyya sādhusampato.</p>\r\n<p class="hangnum"><a name="para74"></a><span class="paranum">74</span>.</p>\r\n<p class="gatha1"> Pariggaṇhanti yekāme, hiṃ santite tadatthikā;</p>\r\n<p class="gathalast">Pariccattaṃ na hiṃ santi, muttaṃ vaṇṇenti sādhavo.</p>\r\n<p class="hangnum"><a name="para75"></a><span class="paranum">75</span>.</p>\r\n<p class="gatha1"> </p>','\r',char(13)),'\n',char(10)),'-74-75-');
INSERT INTO pages (bookid, page, content, paranum) VALUES('annya_niti_gantha_sangaho_e1010n',245,replace(replace('<p class="gatha1">Niccupakkamma <a name="M0.0245"></a> puṭṭhopi, kāyo verīvasā nugo;</p>\r\n<p class="gathalast">Aciraṃyeva bhūsāyī, yuttova ta mupekkhituṃ.</p>\r\n<p class="hangnum"><a name="para76"></a><span class="paranum">76</span>.</p>\r\n<p class="gatha1"> Rakkhitopi aguttova, kāyo bhayamukhe ṭhito;</p>\r\n<p class="gathalast">Tasmā kāya mupekkhitvā, caredhamma machambhito.</p>\r\n<p class="hangnum"><a name="para77"></a><span class="paranum">77</span>.</p>\r\n<p class="gatha1"> </p>','\r',char(13)),'\n',char(10)),'-76-77-');
INSERT INTO pages (bookid, page, content, paranum) VALUES('annya_niti_gantha_sangaho_e1010n',246,replace(replace('<p class="gatha1">Puṭṭho <a name="M0.0246"></a> puṭṭhopi yaṃkāyo, bhuvi rogāsayīsayī;</p>\r\n<p class="gathalast">Kataṃkataṃ mudhāto na, tadatthaṃ duccare care.</p>\r\n<p class="hangnum"><a name="para78"></a><span class="paranum">78</span>.</p>\r\n<p class="gatha1"> </p>','\r',char(13)),'\n',char(10)),'-78-');
INSERT INTO pages (bookid, page, content, paranum) VALUES('annya_niti_gantha_sangaho_e1010n',247,replace(replace('<p class="gatha1">Pāpaṃ <a name="M0.0247"></a> karoti yobālo,</p>\r\n<p class="gatha2">Puṭṭhuṃ kāyaṃ tidubbharaṃ;</p>\r\n<p class="gatha3">Bhūmyaṃ kāyaṃ ṭhapetvāna,</p>\r\n<p class="gathalast">Anātho so apāyiko.</p>\r\n<p class="hangnum"><a name="para79"></a><span class="paranum">79</span>.</p>\r\n<p class="gatha1"> Verīvasā nugaṃ kāyaṃ,</p>\r\n<p class="gatha2">Bālo poseti duccaro;</p>\r\n<p class="gatha3">Posento niraye pakko,</p>\r\n<p class="gathalast">Kāyo bhūmyaṃ vikāragū.</p>\r\n<p class="hangnum"><a name="para80"></a><span class="paranum">80</span>.</p>\r\n<p class="gatha1"> </p>','\r',char(13)),'\n',char(10)),'-79-80-');
INSERT INTO pages (bookid, page, content, paranum) VALUES('annya_niti_gantha_sangaho_e1010n',248,replace(replace('<p class="gatha1">Pāpaṃ <a name="M0.0248"></a> mākara kāyatthaṃ, kāyo verī vasānugo;</p>\r\n<p class="gathalast">Bhūmyaṃ sessati vekārī, pāpiko nirayaṃ gato.</p>\r\n<p class="hangnum"><a name="para81"></a><span class="paranum">81</span>.</p>\r\n<p class="gatha1"> Amayhaṃ mayhasaññāya,</p>\r\n<p class="gatha2">Kāyaṃ rogavasānugaṃ;</p>\r\n<p class="gatha3">Posaṃ patto mahājāniṃ,</p>\r\n<p class="gathalast">Nokāso dhamma mikkhituṃ.</p>\r\n<p class="hangnum"><a name="para82"></a><span class="paranum">82</span>.</p>\r\n<p class="gatha1"> </p>','\r',char(13)),'\n',char(10)),'-81-82-');
INSERT INTO pages (bookid, page, content, paranum) VALUES('annya_niti_gantha_sangaho_e1010n',249,replace(replace('<p class="gatha1">Kāyāpekkhāya <a name="M0.0249"></a> nokāso,</p>\r\n<p class="gatha2">Dhammaṃ daṭṭhuṃ rahogato;</p>\r\n<p class="gatha3">Upekkhāyeva okāso,</p>\r\n<p class="gathalast">Dukkhitā mha apekkhayā.</p>\r\n<p class="hangnum"><a name="para83"></a><span class="paranum">83</span>.</p>\r\n<p class="gatha1"> </p>','\r',char(13)),'\n',char(10)),'-83-');
INSERT INTO pages (bookid, page, content, paranum) VALUES('annya_niti_gantha_sangaho_e1010n',250,replace(replace('<p class="gatha1">Citta <a name="M0.0250"></a> saṃsodhakā pakkā, kāyasaṃsodhakā navā;</p>\r\n<p class="gathalast">Sodhe cittaṃva pakkatthaṃ, nakāyaṃ bhavabhīruko.</p>\r\n<p class="hangnum"><a name="para84"></a><span class="paranum">84</span>.</p>\r\n<p class="gatha1"> </p>','\r',char(13)),'\n',char(10)),'-84-');
INSERT INTO pages (bookid, page, content, paranum) VALUES('annya_niti_gantha_sangaho_e1010n',251,replace(replace('<p class="gatha1">Cittasaṅkharaṇaṃ <a name="M0.0251"></a> sādhu, taṃ saṅkhataṃ pabhassaraṃ;</p>\r\n<p class="gathalast">Nasādhu kāyasaṅkhāro, saṅkhatopyasubhova so.</p>\r\n<p class="hangnum"><a name="para85"></a><span class="paranum">85</span>.</p>\r\n<p class="gatha1"> Sabhāva malinaṃ kāyaṃ, nimmalāya kathaṃ kare;</p>\r\n<p class="gathalast">Āgantumalinaṃ cittaṃ, sakkā kātuṃ sunimmalaṃ.</p>\r\n<p class="hangnum"><a name="para86"></a><span class="paranum">86</span>.</p>\r\n<p class="gatha1"> </p>','\r',char(13)),'\n',char(10)),'-85-86-');
INSERT INTO pages (bookid, page, content, paranum) VALUES('annya_niti_gantha_sangaho_e1010n',252,replace(replace('<p class="gatha1">Ādhibyādhi <a name="M0.0252"></a> parotāya, ajjasvevā vināsinā;</p>\r\n<p class="gathalast">Kohināma sarīrāya, dhammāpetaṃ samācare.</p>\r\n<p class="hangnum"><a name="para87"></a><span class="paranum">87</span>.</p>\r\n<p class="gatha1"> Sabhāvajegucchaṃ kāyaṃ, sobhetuṃnevasakkuṇe;</p>\r\n<p class="gathalast">Cittaṃ vā laṅkataṃ sobhaṃ, sīlādi gandhavāsitaṃ.</p>\r\n<p class="hangnum"><a name="para88"></a><span class="paranum">88</span>.</p>\r\n<p class="gatha1"> </p>','\r',char(13)),'\n',char(10)),'-87-88-');
INSERT INTO pages (bookid, page, content, paranum) VALUES('annya_niti_gantha_sangaho_e1010n',253,replace(replace('<p class="gatha1">Sace <a name="M0.0253"></a> bhāyatha dukkhassa, sace vo dukkha mappiyaṃ;</p>\r\n<p class="gathalast">Mākattha pāpakaṃ kammaṃ, āvivā yadivā raho.</p>\r\n<p class="hangnum"><a name="para89"></a><span class="paranum">89</span>.</p>\r\n<p class="gatha1"> Kilesā gantumalaṃcittaṃ, pabhassara sabhāvikaṃ;</p>\r\n<p class="gathalast">Tadāgantumalaṃ dhova, cittaṃ dhote pabhassaraṃ.</p>\r\n<p class="hangnum"><a name="para90"></a><span class="paranum">90</span>.</p>\r\n<p class="gatha1"> </p>','\r',char(13)),'\n',char(10)),'-89-90-');
INSERT INTO pages (bookid, page, content, paranum) VALUES('annya_niti_gantha_sangaho_e1010n',254,replace(replace('<p class="gatha1">Kilesā <a name="M0.0254"></a> gantumalaṃcittaṃ, upakkamena sodhaye;</p>\r\n<p class="gathalast">Suvisuddha manāyeva, uttariṃsu bhavaṇṇavā.</p>\r\n<p class="hangnum"><a name="para91"></a><span class="paranum">91</span>.</p>\r\n<p class="gatha1"> Kāye malamupekkhāya, citte malaṃva dhovatu;</p>\r\n<p class="gathalast">Citte hi nimmalesanto, pūtikāyopi pūjito.</p>\r\n<p class="hangnum"><a name="para92"></a><span class="paranum">92</span>.</p>\r\n<p class="gatha1"> </p>','\r',char(13)),'\n',char(10)),'-91-92-');
INSERT INTO pages (bookid, page, content, paranum) VALUES('annya_niti_gantha_sangaho_e1010n',255,replace(replace('<p class="gatha1">Kāyarogaṃ <a name="M0.0255"></a> titikkhāya, cittarogaṃ cikicchatu;</p>\r\n<p class="gathalast">Sukhito kāyarogīpi, citte nirāmaye sati.</p>\r\n<p class="hangnum"><a name="para93"></a><span class="paranum">93</span>.</p>\r\n<p class="gatha1"> Kāyaroge bahū vejjā, buddhuttiva manogade;</p>\r\n<p class="gathalast">Idhāpi kāyiko santo, anantāva manorujā.</p>\r\n<p class="hangnum"><a name="para94"></a><span class="paranum">94</span>.</p>\r\n<p class="gatha1"> </p>','\r',char(13)),'\n',char(10)),'-93-94-');
INSERT INTO pages (bookid, page, content, paranum) VALUES('annya_niti_gantha_sangaho_e1010n',256,replace(replace('<p class="gatha1">Sīsadaḍḍha <a name="M0.0256"></a> mupekkhāya, nibbātu rāgapāvakaṃ;</p>\r\n<p class="gathalast">Khippaṃ asubha saññāya, niccadaḍḍhaṃ bhavebhave.</p>\r\n<p class="hangnum"><a name="para95"></a><span class="paranum">95</span>.</p>\r\n<p class="gatha1"> Subhāya uṭṭhitaṃ rāgaṃ, asubhāya nivāraye;</p>\r\n<p class="gathalast">Sorāgo sāditaṃ jantuṃ, catvāpāyaṃ nayissati.</p>\r\n<p class="hangnum"><a name="para96"></a><span class="paranum">96</span>.</p>\r\n<p class="gatha1"> </p>','\r',char(13)),'\n',char(10)),'-95-96-');
INSERT INTO pages (bookid, page, content, paranum) VALUES('annya_niti_gantha_sangaho_e1010n',257,replace(replace('<p class="gatha1">Paṇḍitānaṃ <a name="M0.0257"></a> malaṃ māno, sottukkaṃsena pākaṭo;</p>\r\n<p class="gathalast">Mākho attāna mukkaṃse, māvibhāve sakaṃmalaṃ.</p>\r\n<p class="hangnum"><a name="para97"></a><span class="paranum">97</span>.</p>\r\n<p class="gatha1"> Guṇaṃ paṭicca guṇīnaṃ, ahaṃmāno samuṭṭhahe;</p>\r\n<p class="gathalast">Maraṇaṃ anucintāya, dhajaṃmānaṃ nipātaya.</p>\r\n<p class="hangnum"><a name="para98"></a><span class="paranum">98</span>.</p>\r\n<p class="gatha1"> </p>','\r',char(13)),'\n',char(10)),'-97-98-');
INSERT INTO pages (bookid, page, content, paranum) VALUES('annya_niti_gantha_sangaho_e1010n',258,replace(replace('<p class="gatha1">Eko <a name="M0.0258"></a> kāyavivekesī, katvā kilesaniggahaṃ;</p>\r\n<p class="gathalast">Vase cittavivekesī, ubho padhi vivekādā.</p>\r\n<p class="hangnum"><a name="para99"></a><span class="paranum">99</span>.</p>\r\n<p class="gatha1"> Adiṭṭhe asute ṭhāne, vaseyya mocanatthiko;</p>\r\n<p class="gathalast">Assādaṃhi nivāretuṃ, diṭṭhe sute tidukkaraṃ.</p>\r\n<p class="hangnum"><a name="para100"></a><span class="paranum">100</span>.</p>\r\n<p class="gatha1"> </p>','\r',char(13)),'\n',char(10)),'-99-100-');
INSERT INTO pages (bookid, page, content, paranum) VALUES('annya_niti_gantha_sangaho_e1010n',259,replace(replace('<p class="gatha1">Adiṭṭhe <a name="M0.0259"></a> asute raññe, vaseyyi ndriyagopako;</p>\r\n<p class="gathalast">Vāretuṃ visayākiṇṇe, cakkhusotaṃ tidukkaraṃ.</p>\r\n<p class="hangnum"><a name="para101"></a><span class="paranum">101</span>.</p>\r\n<p class="gatha1"> Rāgaṃ asati uppannaṃ, santābhujena vāraye;</p>\r\n<p class="gathalast">Bāhire rāga muppannaṃ, anto asubhacintayā.</p>\r\n<p class="hangnum"><a name="para102"></a><span class="paranum">102</span>.</p>\r\n<p class="gatha1"> </p>','\r',char(13)),'\n',char(10)),'-101-102-');
INSERT INTO pages (bookid, page, content, paranum) VALUES('annya_niti_gantha_sangaho_e1010n',260,replace(replace('<p class="gatha1">Rāgaṃ <a name="M0.0260"></a> chindāti buddhāṇaṃ, saraṃ bhikkhu rahogato;</p>\r\n<p class="gathalast">Passaṃ kāyedha jegucchaṃ, labheyyā siṭṭhamocanaṃ.</p>\r\n<p class="hangnum"><a name="para103"></a><span class="paranum">103</span>.</p>\r\n<p class="gatha1"> Kāyaṃ asubhatopassa, kallakāleva dassanaṃ;</p>\r\n<p class="gathalast">Moghaṃ kālaṃ nakhīyeyya, bhaveyyuṃsvepiāturā.</p>\r\n<p class="hangnum"><a name="para104"></a><span class="paranum">104</span>.</p>\r\n<p class="gatha1"> </p>','\r',char(13)),'\n',char(10)),'-103-104-');
INSERT INTO pages (bookid, page, content, paranum) VALUES('annya_niti_gantha_sangaho_e1010n',261,replace(replace('<p class="gatha1">Kāyaṃ <a name="M0.0261"></a> jegucchatopassa, bālyanto paccavekkhiya;</p>\r\n<p class="gathalast">Ādo kiñci jigucchāya, jiguccheyyāyatiṃ bhusaṃ.</p>\r\n<p class="hangnum"><a name="para105"></a><span class="paranum">105</span>.</p>\r\n<p class="gatha1"> Kāyādinava mikkheyya, dāni kiñcipi dassanaṃ;</p>\r\n<p class="gathalast">Āyatiṃ maggalābhāya, bhaveyya upanissa yo.</p>\r\n<p class="hangnum"><a name="para106"></a><span class="paranum">106</span>.</p>\r\n<p class="gatha1"> </p>','\r',char(13)),'\n',char(10)),'-105-106-');
INSERT INTO pages (bookid, page, content, paranum) VALUES('annya_niti_gantha_sangaho_e1010n',262,replace(replace('<p class="gatha1">Itthīna <a name="M0.0262"></a> maṅgamaṅgāni, napasseyya nacintaye;</p>\r\n<p class="gathalast">Tadāsā ubhato bhaṭṭhā, sugatyā sāsanāpica.</p>\r\n<p class="hangnum"><a name="para107"></a><span class="paranum">107</span>.</p>\r\n<p class="gatha1"> Itthirūpa sarākaḍḍhā, bhaṭṭhā bahūva sāsanā;</p>\r\n<p class="gathalast">Ihāpi dukkhitā hutvā, te pecca atidukkhino.</p>\r\n<p class="hangnum"><a name="para108"></a><span class="paranum">108</span>.</p>\r\n<p class="gatha1"> </p>','\r',char(13)),'\n',char(10)),'-107-108-');
INSERT INTO pages (bookid, page, content, paranum) VALUES('annya_niti_gantha_sangaho_e1010n',263,replace(replace('<p class="gatha1">Puṃmano <a name="M0.0263"></a> pariyādāya, itthirūpasarā ṭhitā;</p>\r\n<p class="gathalast">Tassama mañña mekampi, navijjateva sabbadhi.</p>\r\n<p class="hangnum"><a name="para109"></a><span class="paranum">109</span>.</p>\r\n<p class="gatha1"> </p>','\r',char(13)),'\n',char(10)),'-109-');
INSERT INTO pages (bookid, page, content, paranum) VALUES('annya_niti_gantha_sangaho_e1010n',264,replace(replace('<p class="gatha1">Sallape <a name="M0.0264"></a> asihatthena, pisācenāpi sallape;</p>\r\n<p class="gatha2">Āsade āsivisepi, aggikkhandhepi āsade;</p>\r\n<p class="gathalast">Natveva mātugāmena, ekekāya supesalo.</p>\r\n<p class="hangnum"><a name="para110"></a><span class="paranum">110</span>.</p>\r\n<p class="gatha1"> Kāmaṃ asubhacintāya, byāpādaṃ snehacetasā;</p>\r\n<p class="gathalast">Vihiṃsaṃ karuṇāyehi, vitakkaggī tayosame.</p>\r\n<p class="hangnum"><a name="para111"></a><span class="paranum">111</span>.</p>\r\n<p class="gatha1"> </p>','\r',char(13)),'\n',char(10)),'-110-111-');
INSERT INTO pages (bookid, page, content, paranum) VALUES('annya_niti_gantha_sangaho_e1010n',265,replace(replace('<p class="gatha1">Asameta <a name="M0.0265"></a> vitakkaggī, thusarāsimhi khāṇuva;</p>\r\n<p class="gathalast">Athirā sāsane tāpī, tepacchāatitāpino.</p>\r\n<p class="hangnum"><a name="para112"></a><span class="paranum">112</span>.</p>\r\n<p class="gatha1"> </p>','\r',char(13)),'\n',char(10)),'-112-');
INSERT INTO pages (bookid, page, content, paranum) VALUES('annya_niti_gantha_sangaho_e1010n',266,replace(replace('<p class="gatha1">Asubhā <a name="M0.0266"></a> pagame lokā, taṃ mettāyupasaṅkame;</p>\r\n<p class="gathalast">Subhāvitāhi etāhi, jaheloke piyāpiyaṃ.</p>\r\n<p class="hangnum"><a name="para113"></a><span class="paranum">113</span>.</p>\r\n<p class="gatha1"> Gataṭṭhitādo uppanne, vitakkaggī tayo same;</p>\r\n<p class="gathalast">Ātāpī pahitattoti, evaṃbhūto pavuccati.</p>\r\n<p class="hangnum"><a name="para114"></a><span class="paranum">114</span>.</p>\r\n<p class="gatha1"> </p>','\r',char(13)),'\n',char(10)),'-113-114-');
INSERT INTO pages (bookid, page, content, paranum) VALUES('annya_niti_gantha_sangaho_e1010n',267,replace(replace('<p class="gatha1">Vivādappatto <a name="M0.0267"></a> dutīyo, keneko vivadissati;</p>\r\n<p class="gathalast">Tassate saggakāmassa, ekatta muparocitaṃ.</p>\r\n<p class="hangnum"><a name="para115"></a><span class="paranum">115</span>.</p>\r\n<p class="gatha1"> Sinihappatto dutīyo, kamekā sinihissati;</p>\r\n<p class="gathalast">Tassate mokkhakāmassa, ekatta muparocitaṃ.</p>\r\n<p class="hangnum"><a name="para116"></a><span class="paranum">116</span>.</p>\r\n<p class="gatha1"> </p>','\r',char(13)),'\n',char(10)),'-115-116-');
INSERT INTO pages (bookid, page, content, paranum) VALUES('annya_niti_gantha_sangaho_e1010n',268,replace(replace('<p class="gatha1">Purato <a name="M0.0268"></a> pacchatovāpi, aparo ce navijjati;</p>\r\n<p class="gathalast">Tasseva phāsu bhavati, ekassa vasato vane.</p>\r\n<p class="hangnum"><a name="para117"></a><span class="paranum">117</span>.</p>\r\n<p class="gatha1"> Sukhañca kāma mayikaṃ, dukkhañca pavivekikaṃ;</p>\r\n<p class="gathalast">Pavivekaṃ dukkhaṃ seyyo, yañce kāmamayaṃ sukhaṃ.</p>\r\n<p class="hangnum"><a name="para118"></a><span class="paranum">118</span>.</p>\r\n<p class="gatha1"> </p>','\r',char(13)),'\n',char(10)),'-117-118-');
INSERT INTO pages (bookid, page, content, paranum) VALUES('annya_niti_gantha_sangaho_e1010n',269,replace(replace('<p class="gatha1">Yoca <a name="M0.0269"></a> vassasataṃ jīve, apassaṃ udayabbayaṃ;</p>\r\n<p class="gathalast">Ekāhaṃ jīvitaṃ seyyo, passato udayabbayaṃ.</p>\r\n<p class="hangnum"><a name="para119"></a><span class="paranum">119</span>.</p>\r\n<p class="gatha1"> </p>','\r',char(13)),'\n',char(10)),'-119-');
INSERT INTO pages (bookid, page, content, paranum) VALUES('annya_niti_gantha_sangaho_e1010n',270,replace(replace('<p class="gatha1">Suññāgāraṃ <a name="M0.0270"></a> paviṭṭhassa, santacittassa bhikkhuno;</p>\r\n<p class="gathalast">Amānussī rati hoti, sammādhammaṃ vipassato.</p>\r\n<p class="hangnum"><a name="para120"></a><span class="paranum">120</span>.</p>\r\n<p class="gatha1"> </p>','\r',char(13)),'\n',char(10)),'-120-');
INSERT INTO pages (bookid, page, content, paranum) VALUES('annya_niti_gantha_sangaho_e1010n',271,replace(replace('<p class="gatha1">Yatoyato <a name="M0.0271"></a> sammasati, khandhānaṃ udayabbayaṃ;</p>\r\n<p class="gathalast">Labhati pītipāmojjaṃ, amataṃ taṃ vijānataṃ.</p>\r\n<p class="hangnum"><a name="para121"></a><span class="paranum">121</span>.</p>\r\n<p class="gatha1"> Iccuttaṃ dhammapāmojjaṃ, vivekajaṃ rasādhikaṃ;</p>\r\n<p class="gathalast">Icchanto sīlavā bhikkhu, anivattita vīriyo.</p>\r\n<p class="hangnum"><a name="para122"></a><span class="paranum">122</span>.</p>\r\n<p class="gatha1"> Vanā vāse vasitvāna, appicchādiguṇāvaho;</p>\r\n<p class="gathalast">Pali bodhe samucchijja, bhāveyyevaṃrahogato.</p>\r\n<p class="hangnum"><a name="para123"></a><span class="paranum">123</span>.</p>\r\n<p class="gatha1"> </p>','\r',char(13)),'\n',char(10)),'-121-122-123-');
INSERT INTO pages (bookid, page, content, paranum) VALUES('annya_niti_gantha_sangaho_e1010n',272,replace(replace('<p class="gatha1">Kāye <a name="M0.0272"></a> jegucchapuñjāni, rūpaṃ ruppanabhāvato;</p>\r\n<p class="gathalast">Tassitā vedanā saññā, saṅkhārāca tatopare.</p>\r\n<p class="hangnum"><a name="para124"></a><span class="paranum">124</span>.</p>\r\n<p class="gatha1"> Viññāṇañca imepañca, khandhā rāsatthato matā;</p>\r\n<p class="gathalast">Tecānicca dukkhā nattā, upādā vayadhammino.</p>\r\n<p class="hangnum"><a name="para125"></a><span class="paranum">125</span>.</p>\r\n<p class="gatha1"> </p>','\r',char(13)),'\n',char(10)),'-124-125-');
INSERT INTO pages (bookid, page, content, paranum) VALUES('annya_niti_gantha_sangaho_e1010n',274,replace(replace('<p class="gatha1">Pheṇapiṇḍū <a name="M0.0274"></a> pamaṃ rūpaṃ, vedanā pupphuḷūpamā;</p>\r\n<p class="gathalast">Marīcikūpamā saññā, saṅkhārā kadalūpamā.</p>\r\n<p class="hangnum"><a name="para126"></a><span class="paranum">126</span>.</p>\r\n<p class="gatha1"> Māyūpamanti viññāṇaṃ, dassite sabba dassinā;</p>\r\n<p class="gathalast">Upamāhi samasse yya, pañcakkhandhe asārake.</p>\r\n<p class="hangnum"><a name="para127"></a><span class="paranum">127</span>.</p>\r\n<p class="gatha1"> </p>','\r',char(13)),'\n',char(10)),'-126-127-');
INSERT INTO pages (bookid, page, content, paranum) VALUES('annya_niti_gantha_sangaho_e1010n',275,replace(replace('<p class="gatha1">Yāva <a name="M0.0275"></a> byāti nimmissati,</p>\r\n<p class="gatha2">Koṭilakkhātahiṃkhaṇe;</p>\r\n<p class="gatha3">Khandhā bhijjanti hutvāna,</p>\r\n<p class="gathalast">Aniccānāma te tato.</p>\r\n<p class="hangnum"><a name="para128"></a><span class="paranum">128</span>.</p>\r\n<p class="gatha1"> Bhaya pīḷitato dukkhā, anattā avidheyyato;</p>\r\n<p class="gathalast">Khandhāva honti bhijjanti, añño koci nalabbhati.</p>\r\n<p class="hangnum"><a name="para129"></a><span class="paranum">129</span>.</p>\r\n<p class="gatha1"> </p>','\r',char(13)),'\n',char(10)),'-128-129-');
INSERT INTO pages (bookid, page, content, paranum) VALUES('annya_niti_gantha_sangaho_e1010n',276,replace(replace('<p class="gatha1">Khandhā <a name="M0.0276"></a> niccā khayaṭṭhena, bhayaṭṭhena dukhācate;</p>\r\n<p class="gathalast">Anattā sārakaṭṭhena, iti passe punappunaṃ.</p>\r\n<p class="hangnum"><a name="para130"></a><span class="paranum">130</span>.</p>\r\n<p class="gatha1"> Bhāṇūdaye kayaṃ enti, hemante patitussavā;</p>\r\n<p class="gathalast">Rāgā mānāca sabbevaṃ, satyā niccānupassane.</p>\r\n<p class="hangnum"><a name="para131"></a><span class="paranum">131</span>.</p>\r\n<p class="gatha1"> </p>','\r',char(13)),'\n',char(10)),'-130-131-');
INSERT INTO pages (bookid, page, content, paranum) VALUES('annya_niti_gantha_sangaho_e1010n',277,replace(replace('<p class="gatha1">Sīhanādaṃ <a name="M0.0277"></a> vanesutvā, saṃvejenti sasotakā;</p>\r\n<p class="gathalast">Vehapphalāpi lokevaṃ, jinerita tilakkhaṇaṃ.</p>\r\n<p class="hangnum"><a name="para132"></a><span class="paranum">132</span>.</p>\r\n<p class="gatha1"> </p>','\r',char(13)),'\n',char(10)),'-132-');
INSERT INTO pages (bookid, page, content, paranum) VALUES('annya_niti_gantha_sangaho_e1010n',278,replace(replace('<p class="gatha1">Vedanādīni <a name="M0.0278"></a> nāmāni, nāmarūpadvayaṃva te;</p>\r\n<p class="gathalast">Taṇhāvijjāca kammādi, nāmarūpassa paccayā.</p>\r\n<p class="hangnum"><a name="para133"></a><span class="paranum">133</span>.</p>\r\n<p class="gatha1"> Nāmarūpaṃ pariggayha, tato tassaca paccayaṃ;</p>\r\n<p class="gathalast">Hutvā abhāvato niccā, udayabbaya pīḷanā.</p>\r\n<p class="hangnum"><a name="para134"></a><span class="paranum">134</span>.</p>\r\n<p class="gatha1"> Dukkhā avasavattittā, anattātitilakkhaṇaṃ;</p>\r\n<p class="gathalast">Āropetvāva saṅkhāre, sammasanto punappunaṃ.</p>\r\n<p class="hangnum"><a name="para135"></a><span class="paranum">135</span>.</p>\r\n<p class="gatha1"> </p>','\r',char(13)),'\n',char(10)),'-133-134-135-');
INSERT INTO pages (bookid, page, content, paranum) VALUES('annya_niti_gantha_sangaho_e1010n',279,replace(replace('<p class="gatha1">Pāpuṇeyyā <a name="M0.0279"></a> nupubbena,</p>\r\n<p class="gatha2">Sabbasaṃyojana kkhayaṃ;</p>\r\n<p class="gatha3">Tampatto arahā bhikkhu,</p>\r\n<p class="gathalast">Bhavatiṇṇo sunibbuto.</p>\r\n<p class="hangnum"><a name="para136"></a><span class="paranum">136</span>.</p>\r\n<p class="gatha1"> </p>','\r',char(13)),'\n',char(10)),'-136-');
INSERT INTO pages (bookid, page, content, paranum) VALUES('annya_niti_gantha_sangaho_e1010n',280,replace(replace('<p class="gatha1">Natumhaṃ <a name="M0.0280"></a> bhikkhave rūpaṃ, taṃ jahethāti vuttato;</p>\r\n<p class="gathalast">Memetanti upādānaṃ, pañcakkhandhe vināsaye.</p>\r\n<p class="hangnum"><a name="para137"></a><span class="paranum">137</span>.</p>\r\n<p class="gatha1"> Puttā matthi dhanā matthi, iti bālo vihaññati;</p>\r\n<p class="gathalast">Attāpi attano natthi, kutoputtokutodhanaṃ.</p>\r\n<p class="hangnum"><a name="para138"></a><span class="paranum">138</span>.</p>\r\n<p class="gatha1"> Iccutta manucintāya, attāti atthimetivā;</p>\r\n<p class="gathalast">Saññaṃ nāseyya khandhāva, atthīti ābhuje budho.</p>\r\n<p class="hangnum"><a name="para139"></a><span class="paranum">139</span>.</p>\r\n<p class="gatha1"> </p>','\r',char(13)),'\n',char(10)),'-137-138-139-');
INSERT INTO pages (bookid, page, content, paranum) VALUES('annya_niti_gantha_sangaho_e1010n',281,replace(replace('<p class="gatha1">Khandhanāsa <a name="M0.0281"></a> manābhujja, mato me puttako iti;</p>\r\n<p class="gathalast">Socanti paridevanti puttonatthi nasomato.</p>\r\n<p class="hangnum"><a name="para140"></a><span class="paranum">140</span>.</p>\r\n<p class="gatha1"> </p>','\r',char(13)),'\n',char(10)),'-140-');
INSERT INTO pages (bookid, page, content, paranum) VALUES('annya_niti_gantha_sangaho_e1010n',282,replace(replace('<p class="gatha1">Bhijjamānesu <a name="M0.0282"></a> khandhesu, attasaññī anattesu;</p>\r\n<p class="gathalast">Nādikāla viparitā, mahājānīyataṃ gatā.</p>\r\n<p class="hangnum"><a name="para141"></a><span class="paranum">141</span>.</p>\r\n<p class="gatha1"> Bhijjamānesu khandhesu, laggā rattā mamāyitā;</p>\r\n<p class="gathalast">Nārīpumādi saññāya, viparetā anādike.</p>\r\n<p class="hangnum"><a name="para142"></a><span class="paranum">142</span>.</p>\r\n<p class="gatha1"> </p>','\r',char(13)),'\n',char(10)),'-141-142-');
INSERT INTO pages (bookid, page, content, paranum) VALUES('annya_niti_gantha_sangaho_e1010n',283,replace(replace('<p class="gatha1">Nādikāla <a name="M0.0283"></a> viparito, attasaññī anattani;</p>\r\n<p class="gathalast">Bhijjamānesu khandhesu, jaha ttāti mamāyanaṃ.</p>\r\n<p class="hangnum"><a name="para143"></a><span class="paranum">143</span>.</p>\r\n<p class="gatha1"> Abhiṇhuppattiyāyeva, bhijjamāno naññayati;</p>\r\n<p class="gathalast">Aniccalakkhaṇaṃ channaṃ, taṃ cinteyya supaññavā.</p>\r\n<p class="hangnum"><a name="para144"></a><span class="paranum">144</span>.</p>\r\n<p class="gatha1"> </p>','\r',char(13)),'\n',char(10)),'-143-144-');
INSERT INTO pages (bookid, page, content, paranum) VALUES('annya_niti_gantha_sangaho_e1010n',284,replace(replace('<p class="gatha1">Asanteyeva <a name="M0.0284"></a> laggantā, namuccanti bhavattayā;</p>\r\n<p class="gathalast">Natthi santesu laggantā, rūpakkhandhā dike svidha.</p>\r\n<p class="hangnum"><a name="para145"></a><span class="paranum">145</span>.</p>\r\n<p class="gatha1"> Taṇhā gijjhati metanti, māno ahanti maññati;</p>\r\n<p class="gathalast">Diṭṭhi gaṇhāti attāti, ete papañcakā tayo.</p>\r\n<p class="hangnum"><a name="para146"></a><span class="paranum">146</span>.</p>\r\n<p class="gatha1"> </p>','\r',char(13)),'\n',char(10)),'-145-146-');
INSERT INTO pages (bookid, page, content, paranum) VALUES('annya_niti_gantha_sangaho_e1010n',285,replace(replace('<p class="gatha1">Mame <a name="M0.0285"></a> ta maha mattāti, papañcānaṃ vasānugo;</p>\r\n<p class="gathalast">Gaṇhanto bhava paṅkamhi, nimmuggova bhayānake.</p>\r\n<p class="hangnum"><a name="para147"></a><span class="paranum">147</span>.</p>\r\n<p class="gatha1"> Name nāhaṃ naattāti, etehi vivadaṃ kare;</p>\r\n<p class="gathalast">Vivadantāva muccanti, bhavapaṅkā bhayānakā.</p>\r\n<p class="hangnum"><a name="para148"></a><span class="paranum">148</span>.</p>\r\n<p class="gatha1"> </p>','\r',char(13)),'\n',char(10)),'-147-148-');
INSERT INTO pages (bookid, page, content, paranum) VALUES('annya_niti_gantha_sangaho_e1010n',286,replace(replace('<p class="gatha1">Name <a name="M0.0286"></a> nāhaṃ naattāti, daṭṭhabbanti jineritaṃ;</p>\r\n<p class="gathalast">Tatheva sabbadā maññe, mā papañca vasānugo.</p>\r\n<p class="hangnum"><a name="para149"></a><span class="paranum">149</span>.</p>\r\n<p class="gatha1"> Loko vivadi buddhena, nalokena kadāciso;</p>\r\n<p class="gathalast">Anattāti jinuddiṭṭhaṃ, loko attāti maññati.</p>\r\n<p class="hangnum"><a name="para150"></a><span class="paranum">150</span>.</p>\r\n<p class="gatha1"> </p>','\r',char(13)),'\n',char(10)),'-149-150-');
INSERT INTO pages (bookid, page, content, paranum) VALUES('annya_niti_gantha_sangaho_e1010n',287,replace(replace('<p class="gatha1">Mo <a name="M0.0287"></a> lokena samo hotu,</p>\r\n<p class="gatha2">Tassamo kiṃtaduttare;</p>\r\n<p class="gatha3">Andhibhūto ayaṃloko,</p>\r\n<p class="gathalast">Sambuddhassa virodhiko.</p>\r\n<p class="hangnum"><a name="para151"></a><span class="paranum">151</span>.</p>\r\n<p class="gatha1"> Sambuddhassa vasaṃ nvetu, sanjhādi bhayatajjito;</p>\r\n<p class="gathalast">Tabbasaṃyeva anvento, bhavatiṇṇo bhavissati.</p>\r\n<p class="hangnum"><a name="para152"></a><span class="paranum">152</span>.</p>\r\n<p class="gatha1"> </p>','\r',char(13)),'\n',char(10)),'-151-152-');
INSERT INTO pages (bookid, page, content, paranum) VALUES('annya_niti_gantha_sangaho_e1010n',288,replace(replace('<p class="gatha1">Anattāti <a name="M0.0288"></a> girā saccā, attāti vacanaṃ musā;</p>\r\n<p class="gathalast">Musāya vivade loko, buddhena sacca vādinā.</p>\r\n<p class="hangnum"><a name="para153"></a><span class="paranum">153</span>.</p>\r\n<p class="gatha1"> Turaṅgavajagāmamhā, purime camakya kānane;</p>\r\n<p class="gathalast">Vasatā aggadhammena, therena racito ayaṃ.</p>\r\n<p class="hangnum"><a name="para154"></a><span class="paranum">154</span>.</p>\r\n<p class="gatha1"> Arimatteyya buddhassa,</p>\r\n<p class="gatha2">Dhamma ssutakkhaṇe bhave;</p>\r\n<p class="gatha3">Khīṇāsavo mahāpañño,</p>\r\n<p class="gathalast">Puññena tena sāvakoti.</p>\r\n<p class="chapter">Kāyapaccavekkhaṇā</p>\r\n<p class="hangnum"><a name="para1"></a><span class="paranum">1</span>.</p>\r\n<p class="gatha1"> </p>','\r',char(13)),'\n',char(10)),'-153-154-1-');
INSERT INTO pages (bookid, page, content, paranum) VALUES('annya_niti_gantha_sangaho_e1010n',291,replace(replace('<p class="gatha1">Nādikāla <a name="M0.0291"></a> viparita, jana bhūtattha dassino;</p>\r\n<p class="gathalast">Dātume kantikassādaṃ, satthu pādo timānito.</p>\r\n<p class="hangnum"><a name="para2"></a><span class="paranum">2</span>.</p>\r\n<p class="gatha1"> </p>','\r',char(13)),'\n',char(10)),'-2-');
INSERT INTO pages (bookid, page, content, paranum) VALUES('annya_niti_gantha_sangaho_e1010n',292,replace(replace('<p class="gatha1">Sīse <a name="M0.0292"></a> pilandiyā modī, sambuddha caraṇa mbujaṃ;</p>\r\n<p class="gathalast">Sādhu tuṭṭhikaraṃ brūmi, sukāya paccavekkhaṇaṃ.</p>\r\n<p class="hangnum"><a name="para3"></a><span class="paranum">3</span>.</p>\r\n<p class="gatha1"> Yoniso manasīkatvā, nādā viruddha maññitaṃ;</p>\r\n<p class="gathalast">Sādhavo ta mudikkhantu, mayāpi mandabuddhino.</p>\r\n<p class="hangnum"><a name="para4"></a><span class="paranum">4</span>.</p>\r\n<p class="gatha1"> </p>','\r',char(13)),'\n',char(10)),'-3-4-');
INSERT INTO pages (bookid, page, content, paranum) VALUES('annya_niti_gantha_sangaho_e1010n',293,replace(replace('<p class="gatha1">Icchitabbāna <a name="M0.0293"></a> māyattā, tesañca cayabhāvato;</p>\r\n<p class="gathalast">Tadākārena vattitā, kāyo jeguccha puñjako.</p>\r\n<p class="hangnum"><a name="para5"></a><span class="paranum">5</span>.</p>\r\n<p class="gatha1"> Punappunaṃva okkama, ñāṇa manto pavesiya;</p>\r\n<p class="gathalast">Bāhiraṃva anālamba, ikkhaṇā paccavekkhaṇā.</p>\r\n<p class="hangnum"><a name="para6"></a><span class="paranum">6</span>.</p>\r\n<p class="gatha1"> </p>','\r',char(13)),'\n',char(10)),'-5-6-');
INSERT INTO pages (bookid, page, content, paranum) VALUES('annya_niti_gantha_sangaho_e1010n',294,replace(replace('<p class="gatha1">Maṃsacchanna <a name="M0.0294"></a> ṭṭhirūpeva, manoja vāyu cālite;</p>\r\n<p class="gathalast">Nārī gatāti yācintā, neva sāpaccavekkhaṇā.</p>\r\n<p class="hangnum"><a name="para7"></a><span class="paranum">7</span>.</p>\r\n<p class="gatha1"> Saññādiṭṭhica cittañca, vipallāsā imetayo;</p>\r\n<p class="gathalast">Ta dākārena vattanti, avijjo ttharitā bhusaṃ.</p>\r\n<p class="hangnum"><a name="para8"></a><span class="paranum">8</span>.</p>\r\n<p class="gatha1"> </p>','\r',char(13)),'\n',char(10)),'-7-8-');
INSERT INTO pages (bookid, page, content, paranum) VALUES('annya_niti_gantha_sangaho_e1010n',295,replace(replace('<p class="gatha1">Āsā <a name="M0.0295"></a> viparite yesaṃ,</p>\r\n<p class="gatha2">Vipallāsāti tematā;</p>\r\n<p class="gatha3">Āsā āsisanā vuttā,</p>\r\n<p class="gathalast">Taṇhāyeva sabhāvato.</p>\r\n<p class="hangnum"><a name="para9"></a><span class="paranum">9</span>.</p>\r\n<p class="gatha1"> Asubheva subhamiti, anicceeva niccato;</p>\r\n<p class="gathalast">Dukkheyeva sukhaṃvāti, anattaniva attato.</p>\r\n<p class="hangnum"><a name="para10"></a><span class="paranum">10</span>.</p>\r\n<p class="gatha1"> Saññāṇaṃ dassanaṃ cintā,</p>\r\n<p class="gatha2">Dvādasā kārato tayo;</p>\r\n<p class="gatha3">Diṭṭhisā cādi maggena,</p>\r\n<p class="gathalast">Sesā sesehi vajjhitā.</p>\r\n<p class="hangnum"><a name="para11"></a><span class="paranum">11</span>.</p>\r\n<p class="gatha1"> </p>','\r',char(13)),'\n',char(10)),'-9-10-11-');
INSERT INTO pages (bookid, page, content, paranum) VALUES('annya_niti_gantha_sangaho_e1010n',297,replace(replace('<p class="gatha1">Taṇhā <a name="M0.0297"></a> tassi mametanti, māno maññi ahantica;</p>\r\n<p class="gathalast">Yassi diṭṭhica attāti, papañcā nāmime tayo.</p>\r\n<p class="hangnum"><a name="para12"></a><span class="paranum">12</span>.</p>\r\n<p class="gatha1"> Papañcanti saṃsāraṃ, tasmā papañcanāmakā;</p>\r\n<p class="gathalast">Bhavayante payojentā, mokkhaṃ nādaṃsu te ciraṃ.</p>\r\n<p class="hangnum"><a name="para13"></a><span class="paranum">13</span>.</p>\r\n<p class="gatha1"> Bhavapaṅke ni mujjantā, papañcānaṃ vasānugā;</p>\r\n<p class="gathalast">Cirassaṃ dukkhitā honti, ārā nibbānato tiva.</p>\r\n<p class="hangnum"><a name="para14"></a><span class="paranum">14</span>.</p>\r\n<p class="gatha1"> </p>','\r',char(13)),'\n',char(10)),'-12-13-14-');
INSERT INTO pages (bookid, page, content, paranum) VALUES('annya_niti_gantha_sangaho_e1010n',298,replace(replace('<p class="gatha1">Name <a name="M0.0298"></a> nāhaṃ naattāti, etehi vivadaṃ kare;</p>\r\n<p class="gathalast">Bhaṇḍantā vivadantā te, nibbānato adūrino.</p>\r\n<p class="hangnum"><a name="para15"></a><span class="paranum">15</span>.</p>\r\n<p class="gatha1"> Vipallāse papañceca, dvepiete pahātave;</p>\r\n<p class="gathalast">Sopaccavekkhitabbe vaṃ, kāyo jegucchapuñjako.</p>\r\n<p class="hangnum"><a name="para16"></a><span class="paranum">16</span>.</p>\r\n<p class="gatha1"> </p>','\r',char(13)),'\n',char(10)),'-15-16-');
INSERT INTO pages (bookid, page, content, paranum) VALUES('annya_niti_gantha_sangaho_e1010n',299,replace(replace('<p class="gatha1">Kesā <a name="M0.0299"></a> lomā nakhādantā,</p>\r\n<p class="gatha2">Taṇhāyāpica gocarā;</p>\r\n<p class="gatha3">Tasmā te daṭṭhukāmena,</p>\r\n<p class="gathalast">Taṇhā nivāritā sadā.</p>\r\n<p class="hangnum"><a name="para17"></a><span class="paranum">17</span>.</p>\r\n<p class="gatha1"> Laggikā chaviyaṃyeva, taṇhā bāhiragocarā;</p>\r\n<p class="gathalast">Tasmā ettha tacovāha, sambuddho na bahicchaviṃ.</p>\r\n<p class="hangnum"><a name="para18"></a><span class="paranum">18</span>.</p>\r\n<p class="gatha1"> </p>','\r',char(13)),'\n',char(10)),'-17-18-');
INSERT INTO pages (bookid, page, content, paranum) VALUES('annya_niti_gantha_sangaho_e1010n',300,replace(replace('<p class="gatha1">Esā <a name="M0.0300"></a> tacapariyanta, padenāpi nivāritā;</p>\r\n<p class="gathalast">Ato chavi manālamba, tacasīva manekare.</p>\r\n<p class="hangnum"><a name="para19"></a><span class="paranum">19</span>.</p>\r\n<p class="gatha1"> Jigucchitāni chādeti, aṭṭhi maṃsa tacādini;</p>\r\n<p class="gathalast">Ñāṇena chindi tabbāca, tasmā chavīti vuccati.</p>\r\n<p class="hangnum"><a name="para20"></a><span class="paranum">20</span>.</p>\r\n<p class="gatha1"> </p>','\r',char(13)),'\n',char(10)),'-19-20-');
INSERT INTO pages (bookid, page, content, paranum) VALUES('annya_niti_gantha_sangaho_e1010n',301,replace(replace('<p class="gatha1">Chaviṃ <a name="M0.0301"></a> chetvā tacaṃ passe,</p>\r\n<p class="gatha2">Taṃ chetvā maṃsakādayo;</p>\r\n<p class="gatha3">Gabbhevatthūni dīpena,</p>\r\n<p class="gathalast">Yathā paññāpadīpiko.</p>\r\n<p class="hangnum"><a name="para21"></a><span class="paranum">21</span>.</p>\r\n<p class="gatha1"> Jeguccho chaviyā kāyo,</p>\r\n<p class="gatha2">Asubhova subhāyate;</p>\r\n<p class="gatha3">Nicchavā tacamattena,</p>\r\n<p class="gathalast">Kathaṃ subhāyate ayaṃ.</p>\r\n<p class="hangnum"><a name="para22"></a><span class="paranum">22</span>.</p>\r\n<p class="gatha1"> </p>','\r',char(13)),'\n',char(10)),'-21-22-');
INSERT INTO pages (bookid, page, content, paranum) VALUES('annya_niti_gantha_sangaho_e1010n',302,replace(replace('<p class="gatha1">Nhārubandho <a name="M0.0302"></a> ṭṭhisaṅghāto, maṃsalohi ta limpito;</p>\r\n<p class="gathalast">Chaviyāva vimoheti, tacacchanno imaṃ pajaṃ.</p>\r\n<p class="hangnum"><a name="para23"></a><span class="paranum">23</span>.</p>\r\n<p class="gatha1"> Vaṇṇa saṇṭhāna toceva,</p>\r\n<p class="gatha2">Gandho kāsā sayehica;</p>\r\n<p class="gatha3">Jegucchā paṭikulyāca,</p>\r\n<p class="gathalast">Kesānāma na mepiyā.</p>\r\n<p class="hangnum"><a name="para24"></a><span class="paranum">24</span>.</p>\r\n<p class="gatha1"> </p>','\r',char(13)),'\n',char(10)),'-23-24-');
INSERT INTO pages (bookid, page, content, paranum) VALUES('annya_niti_gantha_sangaho_e1010n',303,replace(replace('<p class="gatha1">Ekekaṃ <a name="M0.0303"></a> manasīkatvā, naye nicceva mādinā;</p>\r\n<p class="gathalast">Bhāvetabbā samārambha, yathāpaññāyate tathā.</p>\r\n<p class="hangnum"><a name="para25"></a><span class="paranum">25</span>.</p>\r\n<p class="gatha1"> Pūritaṃ matthaluṅgassa, sīsaṭṭhipi jigucchitaṃ;</p>\r\n<p class="gathalast">Mukha nāsakkhi kaṇṇādi, chiddā vachidda duddasaṃ.</p>\r\n<p class="hangnum"><a name="para26"></a><span class="paranum">26</span>.</p>\r\n<p class="gatha1"> </p>','\r',char(13)),'\n',char(10)),'-25-26-');
INSERT INTO pages (bookid, page, content, paranum) VALUES('annya_niti_gantha_sangaho_e1010n',304,replace(replace('<p class="gatha1">Pūti <a name="M0.0304"></a> vāyu vicarita, kucchiṭṭhantāni lohitaṃ;</p>\r\n<p class="gathalast">Pittaṃ semhañca papphāsaṃ, hadayaṃ yakanampi dhī.</p>\r\n<p class="hangnum"><a name="para27"></a><span class="paranum">27</span>.</p>\r\n<p class="gatha1"> Anna pānaṃ manuññampi, kheḷa tinta madhopari;</p>\r\n<p class="gathalast">Dantehi pisitaṃ svāna, vamathūva jigucchitaṃ.</p>\r\n<p class="hangnum"><a name="para28"></a><span class="paranum">28</span>.</p>\r\n<p class="gatha1"> </p>','\r',char(13)),'\n',char(10)),'-27-28-');
INSERT INTO pages (bookid, page, content, paranum) VALUES('annya_niti_gantha_sangaho_e1010n',305,replace(replace('<p class="gatha1">Yāvatāyu <a name="M0.0305"></a> adhotevā, māsaye gilitaṃ ṭhitaṃ;</p>\r\n<p class="gathalast">Kimikūla samākiṇṇe, tahimevā sitāsitaṃ.</p>\r\n<p class="hangnum"><a name="para29"></a><span class="paranum">29</span>.</p>\r\n<p class="gatha1"> Etaṃ udariyaṃ nāma, tamhā pakkāsayaṃ gataṃ;</p>\r\n<p class="gathalast">Dinaccaye karīsantaṃ, sā sayaṃ taṃdvayampi dhī.</p>\r\n<p class="hangnum"><a name="para30"></a><span class="paranum">30</span>.</p>\r\n<p class="gatha1"> </p>','\r',char(13)),'\n',char(10)),'-29-30-');
INSERT INTO pages (bookid, page, content, paranum) VALUES('annya_niti_gantha_sangaho_e1010n',306,replace(replace('<p class="gatha1">Pakāsetvā <a name="M0.0306"></a> paveseti, annapānaṃ mahārahaṃ;</p>\r\n<p class="gathalast">Paṭicchanno niharati, tameva nto ṭhitaṃ jano.</p>\r\n<p class="hangnum"><a name="para31"></a><span class="paranum">31</span>.</p>\r\n<p class="gatha1"> Pavese taṃ parivato,</p>\r\n<p class="gatha2">Nihareko raho lino;</p>\r\n<p class="gatha3">Manuññaṃva pavīsante,</p>\r\n<p class="gathalast">Nikkhamante jigucchitaṃ.</p>\r\n<p class="hangnum"><a name="para32"></a><span class="paranum">32</span>.</p>\r\n<p class="gatha1"> </p>','\r',char(13)),'\n',char(10)),'-31-32-');
INSERT INTO pages (bookid, page, content, paranum) VALUES('annya_niti_gantha_sangaho_e1010n',307,replace(replace('<p class="gatha1">Jeguccha <a name="M0.0307"></a> paṭikulyāni, maṃsanhāru tacaṭṭhini;</p>\r\n<p class="gathalast">Napiyāni na tuṭṭhāni, nevaitthī napūpiso.</p>\r\n<p class="hangnum"><a name="para33"></a><span class="paranum">33</span>.</p>\r\n<p class="gatha1"> Hattha pāda mukhādīni,</p>\r\n<p class="gatha2">Natthaññāni jigucchitā;</p>\r\n<p class="gatha3">Tatthā kumārikā kaññā,</p>\r\n<p class="gathalast">Mohena atthisaññitā.</p>\r\n<p class="hangnum"><a name="para34"></a><span class="paranum">34</span>.</p>\r\n<p class="gatha1"> </p>','\r',char(13)),'\n',char(10)),'-33-34-');
INSERT INTO pages (bookid, page, content, paranum) VALUES('annya_niti_gantha_sangaho_e1010n',308,replace(replace('<p class="gatha1">Paccekaṃ <a name="M0.0308"></a> vinibhuttesa, kesa loma nakhādisu;</p>\r\n<p class="gathalast">Natthikaññā kumārīvā, sampiṇḍitesu sā kuto.</p>\r\n<p class="hangnum"><a name="para35"></a><span class="paranum">35</span>.</p>\r\n<p class="gatha1"> </p>','\r',char(13)),'\n',char(10)),'-35-');
INSERT INTO pages (bookid, page, content, paranum) VALUES('annya_niti_gantha_sangaho_e1010n',309,replace(replace('<p class="gatha1">Ākāsoyeva <a name="M0.0309"></a> kāyāṅkhyo,</p>\r\n<p class="gatha2">Tacādi parivārito;</p>\r\n<p class="gatha3">Tathāsīsaṃ mukhaṃhattho,</p>\r\n<p class="gathalast">Pādoru kaṭiādayo.</p>\r\n<p class="hangnum"><a name="para36"></a><span class="paranum">36</span>.</p>\r\n<p class="gatha1"> Thambhādīsviva gehoti,</p>\r\n<p class="gatha2">Piṇḍite svesu sammuti;</p>\r\n<p class="gatha3">Kāyoti itthiposoti,</p>\r\n<p class="gathalast">Saṃmuḷho tāyarajjati.</p>\r\n<p class="hangnum"><a name="para37"></a><span class="paranum">37</span>.</p>\r\n<p class="gatha1"> </p>','\r',char(13)),'\n',char(10)),'-36-37-');
INSERT INTO pages (bookid, page, content, paranum) VALUES('annya_niti_gantha_sangaho_e1010n',310,replace(replace('<p class="gatha1">Santaṃ <a name="M0.0310"></a> cinteyya nāsantaṃ, santaṃ cintayato sukhaṃ;</p>\r\n<p class="gathalast">Asantaṃ anucintento, nānādukkhehi tappati.</p>\r\n<p class="hangnum"><a name="para38"></a><span class="paranum">38</span>.</p>\r\n<p class="gatha1"> Javatyā vijjamāneva, nāvijjā vijjamānake;</p>\r\n<p class="gathalast">Tasmātaṃnāmako moho, taṇhāpica tadanvitā.</p>\r\n<p class="hangnum"><a name="para39"></a><span class="paranum">39</span>.</p>\r\n<p class="gatha1"> </p>','\r',char(13)),'\n',char(10)),'-38-39-');
INSERT INTO pages (bookid, page, content, paranum) VALUES('annya_niti_gantha_sangaho_e1010n',311,replace(replace('<p class="gatha1">Puṃkāyovāthīkāyovā<a name="M0.0311"></a>, malāsucijigucchito;</p>\r\n<p class="gathalast">Tassamaṃ natthigārayhaṃ, yvāmalampi malaṃkare.</p>\r\n<p class="hangnum"><a name="para40"></a><span class="paranum">40</span>.</p>\r\n<p class="gatha1"> </p>','\r',char(13)),'\n',char(10)),'-40-');
INSERT INTO pages (bookid, page, content, paranum) VALUES('annya_niti_gantha_sangaho_e1010n',312,replace(replace('<p class="gatha1">Natthi <a name="M0.0312"></a> kāyasamoverī,</p>\r\n<p class="gatha2">Mahānatthakaro cīraṃ;</p>\r\n<p class="gatha3">Natthi kāyasamo vañco,</p>\r\n<p class="gathalast">Asubhova subhāyate.</p>\r\n<p class="hangnum"><a name="para41"></a><span class="paranum">41</span>.</p>\r\n<p class="gatha1"> Thīpuṃ saparakāyoti, passatipi napassati;</p>\r\n<p class="gathalast">Jeguccha paṭikulyoti, sammā passati passati.</p>\r\n<p class="hangnum"><a name="para42"></a><span class="paranum">42</span>.</p>\r\n<p class="gatha1"> </p>','\r',char(13)),'\n',char(10)),'-41-42-');
INSERT INTO pages (bookid, page, content, paranum) VALUES('annya_niti_gantha_sangaho_e1010n',313,replace(replace('<p class="gatha1">Subhosubhoti <a name="M0.0313"></a> maññantā,</p>\r\n<p class="gatha2">Dhīti dhīti jinerite;</p>\r\n<p class="gatha3">Lokālokā nadhīyesaṃ,</p>\r\n<p class="gathalast">Bhavā bhavā vacārino.</p>\r\n<p class="hangnum"><a name="para43"></a><span class="paranum">43</span>.</p>\r\n<p class="gatha1"> Bhiyyobhiyyova rāgaggi,</p>\r\n<p class="gatha2">Subhosubhotipassato;</p>\r\n<p class="gatha3">Mandomandova soaggi,</p>\r\n<p class="gathalast">Dhīvadhīvavipassato.</p>\r\n<p class="hangnum"><a name="para44"></a><span class="paranum">44</span>.</p>\r\n<p class="gatha1"> </p>','\r',char(13)),'\n',char(10)),'-43-44-');
INSERT INTO pages (bookid, page, content, paranum) VALUES('annya_niti_gantha_sangaho_e1010n',314,replace(replace('<p class="gatha1">Bahussutopi <a name="M0.0314"></a> bālova, asubhe subhamaññako;</p>\r\n<p class="gathalast">Asubhoti vipassanto, appassutopipaṇḍito.</p>\r\n<p class="hangnum"><a name="para45"></a><span class="paranum">45</span>.</p>\r\n<p class="gatha1"> Yoca sippāni jāneyya, satāni sahassānipi;</p>\r\n<p class="gathalast">Kāyekajānanaṃ seyyo, yañce añña vijānaṃnaṃ.</p>\r\n<p class="hangnum"><a name="para46"></a><span class="paranum">46</span>.</p>\r\n<p class="gatha1"> </p>','\r',char(13)),'\n',char(10)),'-45-46-');
INSERT INTO pages (bookid, page, content, paranum) VALUES('annya_niti_gantha_sangaho_e1010n',315,replace(replace('<p class="gatha1">Kāyamekampi <a name="M0.0315"></a> naññāmi, buddhāladdhanayo api;</p>\r\n<p class="gathalast">Sutāca paṇḍitātyamhā, yuttoyevā tilajjituṃ.</p>\r\n<p class="hangnum"><a name="para47"></a><span class="paranum">47</span>.</p>\r\n<p class="gatha1"> Subhatoyeva maññāmi, evaṃ jigucchitampinaṃ;</p>\r\n<p class="gathalast">Mañca ñe paṇḍito tyāhu, alamevātilajjituṃ.</p>\r\n<p class="hangnum"><a name="para48"></a><span class="paranum">48</span>.</p>\r\n<p class="gatha1"> </p>','\r',char(13)),'\n',char(10)),'-47-48-');
INSERT INTO pages (bookid, page, content, paranum) VALUES('annya_niti_gantha_sangaho_e1010n',316,replace(replace('<p class="gatha1">Kāye <a name="M0.0316"></a> asubhasaññaṃyo, nalabhāmi kadācipi;</p>\r\n<p class="gathalast">Suladdha sugato vādo, svārahovātilajjituṃ.</p>\r\n<p class="hangnum"><a name="para49"></a><span class="paranum">49</span>.</p>\r\n<p class="gatha1"> Kāyena saṃsarantopi, tadākāraṃ yathātathaṃ;</p>\r\n<p class="gathalast">Bhavebhave ajānanto, mamāyitvāva taṃ cajiṃ.</p>\r\n<p class="hangnum"><a name="para50"></a><span class="paranum">50</span>.</p>\r\n<p class="gatha1"> </p>','\r',char(13)),'\n',char(10)),'-49-50-');
INSERT INTO pages (bookid, page, content, paranum) VALUES('annya_niti_gantha_sangaho_e1010n',317,replace(replace('<p class="gatha1">Kāyena <a name="M0.0317"></a> saṃsarantopi, naññā kāya jiguccataṃ;</p>\r\n<p class="gathalast">Niccupādā mamāyanto, piyāyitvāva taṃ cajiṃ.</p>\r\n<p class="hangnum"><a name="para51"></a><span class="paranum">51</span>.</p>\r\n<p class="gatha1"> Kubhāraṃ sārasaññāya, piyāyitvāva hiṃsakaṃ;</p>\r\n<p class="gathalast">Anantadukkha māpādiṃ, vipallāso bhavebhave.</p>\r\n<p class="hangnum"><a name="para52"></a><span class="paranum">52</span>.</p>\r\n<p class="gatha1"> </p>','\r',char(13)),'\n',char(10)),'-51-52-');
INSERT INTO pages (bookid, page, content, paranum) VALUES('annya_niti_gantha_sangaho_e1010n',318,replace(replace('<p class="gatha1">Mahājānīya <a name="M0.0318"></a> pattoti, saṃvejetvā sakaṃmanaṃ;</p>\r\n<p class="gathalast">Dirokata jinovādo, anivattita vīriyo.</p>\r\n<p class="hangnum"><a name="para53"></a><span class="paranum">53</span>.</p>\r\n<p class="gatha1"> Adiṭṭhapubba metassa, tathākāraṃva passatu;</p>\r\n<p class="gathalast">Kicca mañña mupekkhāya, saṃsāra bhaya bhīruko.</p>\r\n<p class="hangnum"><a name="para54"></a><span class="paranum">54</span>.</p>\r\n<p class="gatha1"> </p>','\r',char(13)),'\n',char(10)),'-53-54-');
INSERT INTO pages (bookid, page, content, paranum) VALUES('annya_niti_gantha_sangaho_e1010n',319,replace(replace('<p class="gatha1">Yañhikiccaṃ <a name="M0.0319"></a> apaviṭṭhaṃ, akiccaṃ pana kayirā;</p>\r\n<p class="gathalast">Unnaḷānaṃ pamattānaṃ, tesaṃ vaḍḍhanti āsavā.</p>\r\n<p class="hangnum"><a name="para55"></a><span class="paranum">55</span>.</p>\r\n<p class="gatha1"> Yesañca susamāraddhā, niccaṃ kāyagatā sati;</p>\r\n<p class="gatha2">Akiccaṃ te nasevanti, kicce sātata kārino;</p>\r\n<p class="gathalast">Satānaṃ sampajānānaṃ, atthaṃ gacchanti āsavāti.</p>\r\n<p class="hangnum"><a name="para56"></a><span class="paranum">56</span>.</p>\r\n<p class="gatha1"> </p>','\r',char(13)),'\n',char(10)),'-55-56-');
INSERT INTO pages (bookid, page, content, paranum) VALUES('annya_niti_gantha_sangaho_e1010n',320,replace(replace('<p class="gatha1">Thomentā <a name="M0.0320"></a> soṇṇaṃ kāyora,</p>\r\n<p class="gatha2">Mukhakkhi tyādinā imaṃ;</p>\r\n<p class="gatha3">Ratte muṭṭhe karontete,</p>\r\n<p class="gathalast">Aññejane sayaṃviya.</p>\r\n<p class="hangnum"><a name="para57"></a><span class="paranum">57</span>.</p>\r\n<p class="gatha1"> Kāyasobhya pakāsetā,</p>\r\n<p class="gatha2">Vācā ve māradesanā;</p>\r\n<p class="gatha3">Tadasobhya pakāsetā,</p>\r\n<p class="gathalast">Vācā sammuddha desanā.</p>\r\n<p class="hangnum"><a name="para58"></a><span class="paranum">58</span>.</p>\r\n<p class="gatha1"> </p>','\r',char(13)),'\n',char(10)),'-57-58-');
INSERT INTO pages (bookid, page, content, paranum) VALUES('annya_niti_gantha_sangaho_e1010n',321,replace(replace('<p class="gatha1">Asubhoti <a name="M0.0321"></a> jinuddiṭṭhaṃ, kāyaṃ subhoti gāhino;</p>\r\n<p class="gathalast">Saṃmuḷhāte na muccanti, bhavā buddha virodhino.</p>\r\n<p class="hangnum"><a name="para59"></a><span class="paranum">59</span>.</p>\r\n<p class="gatha1"> Asubhoti jinuddiṭṭhaṃ, kāyaṃ tatheva gāhino;</p>\r\n<p class="gathalast">Paṇḍitā teva muccanti, bhavā buddhamatānugā.</p>\r\n<p class="hangnum"><a name="para60"></a><span class="paranum">60</span>.</p>\r\n<p class="gatha1"> </p>','\r',char(13)),'\n',char(10)),'-59-60-');
INSERT INTO pages (bookid, page, content, paranum) VALUES('annya_niti_gantha_sangaho_e1010n',322,replace(replace('<p class="gatha1">Sodhentelaṅkaronteva<a name="M0.0322"></a>, malāsavantikāyato;</p>\r\n<p class="gathalast">Alaṃ kāyavisodhena, bālova taṃ garuṃ karo.</p>\r\n<p class="hangnum"><a name="para61"></a><span class="paranum">61</span>.</p>\r\n<p class="gatha1"> Gopenteva arogāya,</p>\r\n<p class="gatha2">Kāyo rogenasaṃvase;</p>\r\n<p class="gatha3">Gāyaguttaṃ mudhāyeva,</p>\r\n<p class="gathalast">Cittaguttaṃva sātthakaṃ.</p>\r\n<p class="hangnum"><a name="para62"></a><span class="paranum">62</span>.</p>\r\n<p class="gatha1"> </p>','\r',char(13)),'\n',char(10)),'-61-62-');
INSERT INTO pages (bookid, page, content, paranum) VALUES('annya_niti_gantha_sangaho_e1010n',323,replace(replace('<p class="gatha1">Candanādi <a name="M0.0323"></a> vilittopi,</p>\r\n<p class="gatha2">Muttomaṇi vibhūsito;</p>\r\n<p class="gatha3">Taṃsabhāvova sokāyo,</p>\r\n<p class="gathalast">Vissavanto tatotato.</p>\r\n<p class="hangnum"><a name="para63"></a><span class="paranum">63</span>.</p>\r\n<p class="gatha1"> </p>','\r',char(13)),'\n',char(10)),'-63-');
INSERT INTO pages (bookid, page, content, paranum) VALUES('annya_niti_gantha_sangaho_e1010n',324,replace(replace('<p class="gatha1">Patiteca <a name="M0.0324"></a> apatite,</p>\r\n<p class="gatha2">Viseso natthi kiñcipi;</p>\r\n<p class="gatha3">Kāyo cemanuñño tamhā,</p>\r\n<p class="gathalast">Patitopi tathāsiyā.</p>\r\n<p class="hangnum"><a name="para64"></a><span class="paranum">64</span>.</p>\r\n<p class="gatha1"> Kāyo manussajātīnaṃ, tiracchāna ttabhāvato;</p>\r\n<p class="gathalast">Jegucchita tarohoti, dubbisodhoca dubbharo.</p>\r\n<p class="hangnum"><a name="para65"></a><span class="paranum">65</span>.</p>\r\n<p class="gatha1"> </p>','\r',char(13)),'\n',char(10)),'-64-65-');
INSERT INTO pages (bookid, page, content, paranum) VALUES('annya_niti_gantha_sangaho_e1010n',325,replace(replace('<p class="gatha1">Yathājātena <a name="M0.0325"></a> kāyena, sakkā viharituṃ naca;</p>\r\n<p class="gathalast">Paccahaṃ sodhanīyoca, dhovana majjanādibhi.</p>\r\n<p class="hangnum"><a name="para66"></a><span class="paranum">66</span>.</p>\r\n<p class="gatha1"> Rattaṃ pātuṃ chaviṃ chetvā, sakkā ḍaṃsādayopinaṃ;</p>\r\n<p class="gathalast">Chetvā maṃsa ṭṭhikādīni, dhīro nālambituṃ kathaṃ.</p>\r\n<p class="hangnum"><a name="para67"></a><span class="paranum">67</span>.</p>\r\n<p class="gatha1"> </p>','\r',char(13)),'\n',char(10)),'-66-67-');
INSERT INTO pages (bookid, page, content, paranum) VALUES('annya_niti_gantha_sangaho_e1010n',326,replace(replace('<p class="gatha1">Lagganti <a name="M0.0326"></a> chavimatte ye, makkhikā sedapā yathā;</p>\r\n<p class="gathalast">Thīpuṃ mukhādi saññāya, te pamuḷhā mahātapā.</p>\r\n<p class="hangnum"><a name="para68"></a><span class="paranum">68</span>.</p>\r\n<p class="gatha1"> Cārī agocare kāme, laggālepe kapīriva;</p>\r\n<p class="gathalast">Bahūhi pīḷitā rīhi, maranti atidukkhino.</p>\r\n<p class="hangnum"><a name="para69"></a><span class="paranum">69</span>.</p>\r\n<p class="gatha1"> </p>','\r',char(13)),'\n',char(10)),'-68-69-');
INSERT INTO pages (bookid, page, content, paranum) VALUES('annya_niti_gantha_sangaho_e1010n',327,replace(replace('<p class="gatha1">Rāgāriṃ <a name="M0.0327"></a> dujjayaṃ jeyyuṃ, jayabhummāsubhe carā;</p>\r\n<p class="gathalast">Sītānissita laṭukī, senakaṃva mahabbalaṃ.</p>\r\n<p class="hangnum"><a name="para70"></a><span class="paranum">70</span>.</p>\r\n<p class="gatha1"> </p>','\r',char(13)),'\n',char(10)),'-70-');
INSERT INTO pages (bookid, page, content, paranum) VALUES('annya_niti_gantha_sangaho_e1010n',328,replace(replace('<p class="gatha1">Kāyadhi <a name="M0.0328"></a> ggocaro veso,</p>\r\n<p class="gatha2">Jayabhūbuddha duttiyā;</p>\r\n<p class="gatha3">Ettheva gocarā hontu,</p>\r\n<p class="gathalast">Mābho kāme jayatthikā.</p>\r\n<p class="hangnum"><a name="para71"></a><span class="paranum">71</span>.</p>\r\n<p class="gatha1"> </p>','\r',char(13)),'\n',char(10)),'-71-');
INSERT INTO pages (bookid, page, content, paranum) VALUES('annya_niti_gantha_sangaho_e1010n',329,replace(replace('<p class="gatha1">Kāyā <a name="M0.0329"></a> subhaṃ vipassantu, dibba kkhināpya passiyaṃ;</p>\r\n<p class="gathalast">Āyatiṃ maggalābhāya, taṃ dassanaṃ bhavissati.</p>\r\n<p class="hangnum"><a name="para72"></a><span class="paranum">72</span>.</p>\r\n<p class="gatha1"> Dhīcakkhunāva dhikkāyaṃ, passe na maṃsacakkhunā;</p>\r\n<p class="gathalast">Ummilitvāva dhīcakkhuṃ, vivekaṭṭho udikkhatu.</p>\r\n<p class="hangnum"><a name="para73"></a><span class="paranum">73</span>.</p>\r\n<p class="gatha1"> </p>','\r',char(13)),'\n',char(10)),'-72-73-');
INSERT INTO pages (bookid, page, content, paranum) VALUES('annya_niti_gantha_sangaho_e1010n',330,replace(replace('<p class="gatha1">Pañcaṅgāni <a name="M0.0330"></a> yathā kummo, cakkhādīni nigūhaye;</p>\r\n<p class="gathalast">Verī labhatu mokāsaṃ, pañcadvārā arakkhitā.</p>\r\n<p class="hangnum"><a name="para74"></a><span class="paranum">74</span>.</p>\r\n<p class="gatha1"> </p>','\r',char(13)),'\n',char(10)),'-74-');
INSERT INTO pages (bookid, page, content, paranum) VALUES('annya_niti_gantha_sangaho_e1010n',331,replace(replace('<p class="gatha1">Cakkhurūpena <a name="M0.0331"></a> saṃvāsā, rāgaputtaṃ vijāyati;</p>\r\n<p class="gathalast">Mahānatthakaro soca, saṃvāsaṃ tena vāraye.</p>\r\n<p class="hangnum"><a name="para75"></a><span class="paranum">75</span>.</p>\r\n<p class="gatha1"> Rūpādīsusañjantīti, sattā itthyādi saññāya;</p>\r\n<p class="gathalast">Natveva khandhasaññāya, taṃsaññihi virāgino.</p>\r\n<p class="hangnum"><a name="para76"></a><span class="paranum">76</span>.</p>\r\n<p class="gatha1"> </p>','\r',char(13)),'\n',char(10)),'-75-76-');
INSERT INTO pages (bookid, page, content, paranum) VALUES('annya_niti_gantha_sangaho_e1010n',332,replace(replace('<p class="gatha1">Sakāyeparakāyeca<a name="M0.0332"></a>,</p>\r\n<p class="gatha2">Āsaṃ chindeyya paṇḍito;</p>\r\n<p class="gatha3">Āsaṃ chetvā sukhaṃseti,</p>\r\n<p class="gathalast">Āsāya dukkhitā pajā.</p>\r\n<p class="hangnum"><a name="para77"></a><span class="paranum">77</span>.</p>\r\n<p class="gatha1"> Dassane savane kāya,</p>\r\n<p class="gatha2">Saṃsagge methunepica;</p>\r\n<p class="gatha3">Nirāso sukhito hoti,</p>\r\n<p class="gathalast">Anirāsotidukkhito.</p>\r\n<p class="hangnum"><a name="para78"></a><span class="paranum">78</span>.</p>\r\n<p class="gatha1"> </p>','\r',char(13)),'\n',char(10)),'-77-78-');
INSERT INTO pages (bookid, page, content, paranum) VALUES('annya_niti_gantha_sangaho_e1010n',333,replace(replace('<p class="gatha1">Bahīva <a name="M0.0333"></a> sodhitaṃ yassa, na vanto jeguccha puñjakaṃ;</p>\r\n<p class="gathalast">Taṃkāyaṃ asutaṃjāna, tanurāgo siyāttani.</p>\r\n<p class="hangnum"><a name="para79"></a><span class="paranum">79</span>.</p>\r\n<p class="gatha1"> Kāyevirāga micchanto, nupasseyya tadantaraṃ;</p>\r\n<p class="gathalast">Antodassī atappanto, labhe saṃsāramocanaṃ.</p>\r\n<p class="hangnum"><a name="para80"></a><span class="paranum">80</span>.</p>\r\n<p class="gatha1"> </p>','\r',char(13)),'\n',char(10)),'-79-80-');
INSERT INTO pages (bookid, page, content, paranum) VALUES('annya_niti_gantha_sangaho_e1010n',334,replace(replace('<p class="gatha1">Sattā <a name="M0.0334"></a> sattā bahiṭṭhevā, sāraṃsāraṃ mamāyino;</p>\r\n<p class="gathalast">Santosanto vipassanto, navānavāyatiṃbhave.</p>\r\n<p class="hangnum"><a name="para81"></a><span class="paranum">81</span>.</p>\r\n<p class="gatha1"> </p>','\r',char(13)),'\n',char(10)),'-81-');
INSERT INTO pages (bookid, page, content, paranum) VALUES('annya_niti_gantha_sangaho_e1010n',335,replace(replace('<p class="gatha1">Alaṃ <a name="M0.0335"></a> alaṃ katvā kāyaṃ, malāmalāsavantito;</p>\r\n<p class="gathalast">Sobhaṃ sobhaṃ naye ṭhānaṃ, manaṃ manaṃ pyalaṃ kataṃ.</p>\r\n<p class="hangnum"><a name="para82"></a><span class="paranum">82</span>.</p>\r\n<p class="gatha1"> Saṃsaggajātassa bhavanti snehā,</p>\r\n<p class="gatha2">Snehānvayaṃ dukkha midaṃ pahoti;</p>\r\n<p class="gatha3">Ādinavaṃ snehajaṃpekkha māno,</p>\r\n<p class="gathalast">Eko carekhagga visāṇa kappo.</p>\r\n<p class="hangnum"><a name="para83"></a><span class="paranum">83</span>.</p>\r\n<p class="gatha1"> </p>','\r',char(13)),'\n',char(10)),'-82-83-');
INSERT INTO pages (bookid, page, content, paranum) VALUES('annya_niti_gantha_sangaho_e1010n',336,replace(replace('<p class="gatha1">Khiṭṭā <a name="M0.0336"></a> rati hoti sahāya majjhe,</p>\r\n<p class="gatha2">Puttesuca vipulaṃ hoti pemaṃ;</p>\r\n<p class="gatha3">Piyavippayogaṃ vijigucchamāno,</p>\r\n<p class="gathalast">Eko care khaggavisāṇa kappo.</p>\r\n<p class="hangnum"><a name="para84"></a><span class="paranum">84</span>.</p>\r\n<p class="gatha1"> </p>','\r',char(13)),'\n',char(10)),'-84-');
INSERT INTO pages (bookid, page, content, paranum) VALUES('annya_niti_gantha_sangaho_e1010n',337,replace(replace('<p class="gatha1">Vaṃso <a name="M0.0337"></a> visāloyathā visatto,</p>\r\n<p class="gatha2">Puttesu dāresuca yāapekkhā;</p>\r\n<p class="gatha3">Vaṃsakaḷirova asajjamāno,</p>\r\n<p class="gathalast">Eko care khaggavisāṇa kappo.</p>\r\n<p class="hangnum"><a name="para85"></a><span class="paranum">85</span>.</p>\r\n<p class="gatha1"> </p>','\r',char(13)),'\n',char(10)),'-85-');
INSERT INTO pages (bookid, page, content, paranum) VALUES('annya_niti_gantha_sangaho_e1010n',338,replace(replace('<p class="gatha1">Kāmaṃ <a name="M0.0338"></a> kāmaya mānassa, tassacetaṃ samijjhati;</p>\r\n<p class="gathalast">Addhā pītimano hoti, macco laddhā yadicchati.</p>\r\n<p class="hangnum"><a name="para86"></a><span class="paranum">86</span>.</p>\r\n<p class="gatha1"> Tassace kāmayānassa, chandajātassa jantuno;</p>\r\n<p class="gathalast">Tekāmā parihāyanti, sallaviddhova ruppati.</p>\r\n<p class="hangnum"><a name="para87"></a><span class="paranum">87</span>.</p>\r\n<p class="gatha1"> </p>','\r',char(13)),'\n',char(10)),'-86-87-');
INSERT INTO pages (bookid, page, content, paranum) VALUES('annya_niti_gantha_sangaho_e1010n',339,replace(replace('<p class="gatha1">Yokāme <a name="M0.0339"></a> parivajjeti, sappasseva padā siro;</p>\r\n<p class="gathalast">Somaṃ visattikaṃ loke, sato samativattati.</p>\r\n<p class="hangnum"><a name="para88"></a><span class="paranum">88</span>.</p>\r\n<p class="gatha1"> Khettaṃ vatthuṃ taḷākaṃvā, gavassaṃ dāsaporisaṃ;</p>\r\n<p class="gathalast">Thiyo bandhū puthukāme, yonaro anugijjhati.</p>\r\n<p class="hangnum"><a name="para89"></a><span class="paranum">89</span>.</p>\r\n<p class="gatha1"> Abalā naṃ balīyanti, maddantenaṃ parissayā;</p>\r\n<p class="gathalast">Tatonaṃ dukkhamanveti, nāvaṃ bhinna mivodakaṃ.</p>\r\n<p class="hangnum"><a name="para90"></a><span class="paranum">90</span>.</p>\r\n<p class="gatha1"> </p>','\r',char(13)),'\n',char(10)),'-88-89-90-');
INSERT INTO pages (bookid, page, content, paranum) VALUES('annya_niti_gantha_sangaho_e1010n',340,replace(replace('<p class="gatha1">Tasmājantu <a name="M0.0340"></a> sadāsato, kāmāni parivajjaye;</p>\r\n<p class="gathalast">Te pahāya tare oghaṃ, nāvaṃ sitvāva pāragū.</p>\r\n<p class="hangnum"><a name="para91"></a><span class="paranum">91</span>.</p>\r\n<p class="gatha1"> </p>','\r',char(13)),'\n',char(10)),'-91-');
INSERT INTO pages (bookid, page, content, paranum) VALUES('annya_niti_gantha_sangaho_e1010n',341,replace(replace('<p class="gatha1">Kāmato <a name="M0.0341"></a> jāyate soko,</p>\r\n<p class="gatha2">Kāmato jāyate bhayaṃ;</p>\r\n<p class="gatha3">Kāmato vippamuttassa,</p>\r\n<p class="gathalast">Natthi soko kuto bhayaṃ.</p>\r\n<p class="hangnum"><a name="para92"></a><span class="paranum">92</span>.</p>\r\n<p class="gatha1"> </p>','\r',char(13)),'\n',char(10)),'-92-');
INSERT INTO pages (bookid, page, content, paranum) VALUES('annya_niti_gantha_sangaho_e1010n',342,replace(replace('<p class="gatha1">Subhānupassiṃ <a name="M0.0342"></a> viharantaṃ, indriyesu asaṃvutaṃ;</p>\r\n<p class="gatha2">Bhojanamhi amattaññuṃ, kusitaṃ hīna vīriyaṃ;</p>\r\n<p class="gathalast">Taṃve pasahati māro, vāto rukkhaṃva dubbalaṃ.</p>\r\n<p class="hangnum"><a name="para93"></a><span class="paranum">93</span>.</p>\r\n<p class="gatha1"> Asubhānupassiṃ viharantaṃ, indriyesu susaṃvutaṃ;</p>\r\n<p class="gatha3">Bhojanamhica mattaññuṃ, saddhaṃ āraddha vīriyaṃ;</p>\r\n<p class="gathalast">Taṃve nappasahati māro, vāto selaṃva pabbataṃ.</p>\r\n<p class="hangnum"><a name="para94"></a><span class="paranum">94</span>.</p>\r\n<p class="gatha1"> </p>','\r',char(13)),'\n',char(10)),'-93-94-');
INSERT INTO pages (bookid, page, content, paranum) VALUES('annya_niti_gantha_sangaho_e1010n',343,replace(replace('<p class="gatha1">Yathā <a name="M0.0343"></a> agāraṃ ducchannaṃ, vuṭṭhi samati vijjhati;</p>\r\n<p class="gathalast">Evaṃ abhāvitaṃ cittaṃ, rāgo samativijjhati.</p>\r\n<p class="hangnum"><a name="para95"></a><span class="paranum">95</span>.</p>\r\n<p class="gatha1"> </p>','\r',char(13)),'\n',char(10)),'-95-');
INSERT INTO pages (bookid, page, content, paranum) VALUES('annya_niti_gantha_sangaho_e1010n',344,replace(replace('<p class="gatha1">Tadevaṃ <a name="M0.0344"></a> paccavekkhanti, ye te rāgaggidubbalā;</p>\r\n<p class="gathalast">Patiṭṭhaṃ sāsane laddhā, nukkaṇṭhā nalasā ratā.</p>\r\n<p class="hangnum"><a name="para96"></a><span class="paranum">96</span>.</p>\r\n<p class="gatha1"> </p>','\r',char(13)),'\n',char(10)),'-96-');
INSERT INTO pages (bookid, page, content, paranum) VALUES('annya_niti_gantha_sangaho_e1010n',345,replace(replace('<p class="gatha1">Buddhāvādaṃ <a name="M0.0345"></a> labhitvāpi, nāhaṃsakkā navomhiti;</p>\r\n<p class="gatha2">Dosaṃ taṇhaṃ anāsento, paripakko kadābhave;</p>\r\n<p class="gathalast">Puññakammaṃ akaronto, paravajjaṃ akhamanto.</p>\r\n<p class="hangnum"><a name="para97"></a><span class="paranum">97</span>.</p>\r\n<p class="gatha1"> Kāya saṅkhārikā taṇhā, nīcānīcakarāca sā;</p>\r\n<p class="gathalast">Cittasaṅkhārikā saddhā, uccā uccakarāca sā.</p>\r\n<p class="hangnum"><a name="para98"></a><span class="paranum">98</span>.</p>\r\n<p class="gatha1"> </p>','\r',char(13)),'\n',char(10)),'-97-98-');
INSERT INTO pages (bookid, page, content, paranum) VALUES('annya_niti_gantha_sangaho_e1010n',346,replace(replace('<p class="gatha1">Dassanīye <a name="M0.0346"></a> ratā taṇhā, saddhāsvācārabhattikā;</p>\r\n<p class="gathalast">Vikiṇṇacārikā taṇhā, saddhā visadacārinī.</p>\r\n<p class="hangnum"><a name="para99"></a><span class="paranum">99</span>.</p>\r\n<p class="gatha1"> Manokilesikā taṇhā, sānugānanta dukkhadā;</p>\r\n<p class="gathalast">Cittappasādikā saddhā, attānuga sukhāvahā.</p>\r\n<p class="hangnum"><a name="para100"></a><span class="paranum">100</span>.</p>\r\n<p class="gatha1"> </p>','\r',char(13)),'\n',char(10)),'-99-100-');
INSERT INTO pages (bookid, page, content, paranum) VALUES('annya_niti_gantha_sangaho_e1010n',347,replace(replace('<p class="gatha1">Taṇhā <a name="M0.0347"></a> saddhāna miccevaṃ, visesaṃ jāna tatvato;</p>\r\n<p class="gathalast">Ñatvā taṇhaṃ vināseyya, saddhaṃbhāveyya cetasi.</p>\r\n<p class="hangnum"><a name="para101"></a><span class="paranum">101</span>.</p>\r\n<p class="gatha1"> Ucchukaṃ yantapattampi, sañcuṇṇitampi candanaṃ;</p>\r\n<p class="gathalast">Madhuraṃva sugandhaṃva, mettiva hiṃsitopi saṃ.</p>\r\n<p class="hangnum"><a name="para102"></a><span class="paranum">102</span>.</p>\r\n<p class="gatha1"> </p>','\r',char(13)),'\n',char(10)),'-101-102-');
INSERT INTO pages (bookid, page, content, paranum) VALUES('annya_niti_gantha_sangaho_e1010n',348,replace(replace('<p class="gatha1">Attacchedampi <a name="M0.0348"></a> vāseti, sugandheniva candanaṃ;</p>\r\n<p class="gathalast">Santo mettāsugandhena, attahiṃsampi vāsaye.</p>\r\n<p class="hangnum"><a name="para103"></a><span class="paranum">103</span>.</p>\r\n<p class="gatha1"> Kadācipi na duggandhi, sukkhaṃ cuṇṇampi candanaṃ;</p>\r\n<p class="gathalast">Tatheva dukkhapattopi, na santo pāpakārako.</p>\r\n<p class="hangnum"><a name="para104"></a><span class="paranum">104</span>.</p>\r\n<p class="gatha1"> </p>','\r',char(13)),'\n',char(10)),'-103-104-');
INSERT INTO pages (bookid, page, content, paranum) VALUES('annya_niti_gantha_sangaho_e1010n',349,replace(replace('<p class="gatha1">Khame <a name="M0.0349"></a> vajjaṃ kareyyatthaṃ, buddhakhanti manussaraṃ;</p>\r\n<p class="gathalast">Mettātintena verīpi, nupanāho siyattani.</p>\r\n<p class="hangnum"><a name="para105"></a><span class="paranum">105</span>.</p>\r\n<p class="gatha1"> Nagacchati ta makkoso, mamevā natthakārako;</p>\r\n<p class="gathalast">Iti ñatvāva sappañño, neva kkoseyya kiñcanaṃ.</p>\r\n<p class="hangnum"><a name="para106"></a><span class="paranum">106</span>.</p>\r\n<p class="gatha1"> </p>','\r',char(13)),'\n',char(10)),'-105-106-');
INSERT INTO pages (bookid, page, content, paranum) VALUES('annya_niti_gantha_sangaho_e1010n',350,replace(replace('<p class="gatha1">Akkoso <a name="M0.0350"></a> maṃ naāgacche,</p>\r\n<p class="gatha2">Tassevā natthakārako;</p>\r\n<p class="gatha3">Iti ñatvā titikkheyya,</p>\r\n<p class="gathalast">Na paccakkosanaṃ kare.</p>\r\n<p class="hangnum"><a name="para107"></a><span class="paranum">107</span>.</p>\r\n<p class="gatha1"> Akkosaka nayaṃ gaṇhi,</p>\r\n<p class="gatha2">Paccakkoso na so varo;</p>\r\n<p class="gatha3">Budho taṃ nānugāheyya,</p>\r\n<p class="gathalast">Mā sova pāpiyo bhave.</p>\r\n<p class="hangnum"><a name="para108"></a><span class="paranum">108</span>.</p>\r\n<p class="gatha1"> </p>','\r',char(13)),'\n',char(10)),'-107-108-');
INSERT INTO pages (bookid, page, content, paranum) VALUES('annya_niti_gantha_sangaho_e1010n',351,replace(replace('<p class="gatha1">Taṇhāvijjāca <a name="M0.0351"></a> mūlādve, saṃsāravisapādape;</p>\r\n<p class="gathalast">Sabbhatti saddhammassutaṃ, dveyeva madhurā phalā.</p>\r\n<p class="hangnum"><a name="para109"></a><span class="paranum">109</span>.</p>\r\n<p class="gatha1"> Sodhe citta mupakkamma, suddhaṃ upakkamena taṃ;</p>\r\n<p class="gathalast">Vahe sukhaṃ asaṅkheyyaṃ, dukkhaṃ asodhitaṃ mali.</p>\r\n<p class="hangnum"><a name="para110"></a><span class="paranum">110</span>.</p>\r\n<p class="gatha1"> </p>','\r',char(13)),'\n',char(10)),'-109-110-');
INSERT INTO pages (bookid, page, content, paranum) VALUES('annya_niti_gantha_sangaho_e1010n',352,replace(replace('<p class="gatha1">Sodhitaṃ <a name="M0.0352"></a> sugatiṃneti, duggatiṃva asodhitaṃ;</p>\r\n<p class="gathalast">Cittaṃ sodhetu mālimpe, rāgadosa malehi taṃ.</p>\r\n<p class="hangnum"><a name="para111"></a><span class="paranum">111</span>.</p>\r\n<p class="gatha1"> Dosejā nāsitā yena,</p>\r\n<p class="gatha2">Sāsanevatthi sonayo;</p>\r\n<p class="gatha3">Natthaññattha tamādāya,</p>\r\n<p class="gathalast">Budho nāsetu taṃdvayaṃ.</p>\r\n<p class="hangnum"><a name="para112"></a><span class="paranum">112</span>.</p>\r\n<p class="gatha1"> </p>','\r',char(13)),'\n',char(10)),'-111-112-');
INSERT INTO pages (bookid, page, content, paranum) VALUES('annya_niti_gantha_sangaho_e1010n',353,replace(replace('<p class="gatha1">Ranakunavāsi <a name="M0.0353"></a> katāvāse, daguṃcetī puratthime;</p>\r\n<p class="gathalast">Vasatā aggadhammena, therena racito ayanti.</p>','\r',char(13)),'\n',char(10)),'');
DELETE FROM books where id='annya_niti_gantha_sangaho_e1008n';
INSERT INTO books VALUES('annya_niti_gantha_sangaho_e1008n','annya','annya_niti_gantha_sangaho','Cāṇakyanītipāḷi',1,80,78);
DELETE FROM tocs where book_id='annya_niti_gantha_sangaho_e1008n';
INSERT INTO tocs VALUES('annya_niti_gantha_sangaho_e1008n','Cāṇakyanītipāḷi','chapter',1);
DELETE FROM paragraphs where book_id='annya_niti_gantha_sangaho_e1008n';
INSERT INTO paragraphs VALUES('annya_niti_gantha_sangaho_e1008n',1,1);
INSERT INTO paragraphs VALUES('annya_niti_gantha_sangaho_e1008n',2,1);
INSERT INTO paragraphs VALUES('annya_niti_gantha_sangaho_e1008n',3,1);
INSERT INTO paragraphs VALUES('annya_niti_gantha_sangaho_e1008n',4,2);
INSERT INTO paragraphs VALUES('annya_niti_gantha_sangaho_e1008n',5,3);
INSERT INTO paragraphs VALUES('annya_niti_gantha_sangaho_e1008n',6,4);
INSERT INTO paragraphs VALUES('annya_niti_gantha_sangaho_e1008n',7,4);
INSERT INTO paragraphs VALUES('annya_niti_gantha_sangaho_e1008n',8,5);
INSERT INTO paragraphs VALUES('annya_niti_gantha_sangaho_e1008n',9,6);
INSERT INTO paragraphs VALUES('annya_niti_gantha_sangaho_e1008n',10,6);
INSERT INTO paragraphs VALUES('annya_niti_gantha_sangaho_e1008n',11,7);
INSERT INTO paragraphs VALUES('annya_niti_gantha_sangaho_e1008n',12,8);
INSERT INTO paragraphs VALUES('annya_niti_gantha_sangaho_e1008n',13,9);
INSERT INTO paragraphs VALUES('annya_niti_gantha_sangaho_e1008n',14,10);
INSERT INTO paragraphs VALUES('annya_niti_gantha_sangaho_e1008n',15,11);
INSERT INTO paragraphs VALUES('annya_niti_gantha_sangaho_e1008n',16,11);
INSERT INTO paragraphs VALUES('annya_niti_gantha_sangaho_e1008n',17,12);
INSERT INTO paragraphs VALUES('annya_niti_gantha_sangaho_e1008n',18,13);
INSERT INTO paragraphs VALUES('annya_niti_gantha_sangaho_e1008n',19,13);
INSERT INTO paragraphs VALUES('annya_niti_gantha_sangaho_e1008n',20,14);
INSERT INTO paragraphs VALUES('annya_niti_gantha_sangaho_e1008n',21,15);
INSERT INTO paragraphs VALUES('annya_niti_gantha_sangaho_e1008n',22,16);
INSERT INTO paragraphs VALUES('annya_niti_gantha_sangaho_e1008n',23,16);
INSERT INTO paragraphs VALUES('annya_niti_gantha_sangaho_e1008n',24,17);
INSERT INTO paragraphs VALUES('annya_niti_gantha_sangaho_e1008n',25,18);
INSERT INTO paragraphs VALUES('annya_niti_gantha_sangaho_e1008n',26,18);
INSERT INTO paragraphs VALUES('annya_niti_gantha_sangaho_e1008n',27,19);
INSERT INTO paragraphs VALUES('annya_niti_gantha_sangaho_e1008n',28,20);
INSERT INTO paragraphs VALUES('annya_niti_gantha_sangaho_e1008n',29,21);
INSERT INTO paragraphs VALUES('annya_niti_gantha_sangaho_e1008n',30,22);
INSERT INTO paragraphs VALUES('annya_niti_gantha_sangaho_e1008n',31,22);
INSERT INTO paragraphs VALUES('annya_niti_gantha_sangaho_e1008n',32,23);
INSERT INTO paragraphs VALUES('annya_niti_gantha_sangaho_e1008n',33,24);
INSERT INTO paragraphs VALUES('annya_niti_gantha_sangaho_e1008n',34,24);
INSERT INTO paragraphs VALUES('annya_niti_gantha_sangaho_e1008n',35,25);
INSERT INTO paragraphs VALUES('annya_niti_gantha_sangaho_e1008n',36,26);
INSERT INTO paragraphs VALUES('annya_niti_gantha_sangaho_e1008n',37,26);
INSERT INTO paragraphs VALUES('annya_niti_gantha_sangaho_e1008n',38,27);
INSERT INTO paragraphs VALUES('annya_niti_gantha_sangaho_e1008n',39,28);
INSERT INTO paragraphs VALUES('annya_niti_gantha_sangaho_e1008n',40,29);
INSERT INTO paragraphs VALUES('annya_niti_gantha_sangaho_e1008n',41,29);
INSERT INTO paragraphs VALUES('annya_niti_gantha_sangaho_e1008n',42,30);
INSERT INTO paragraphs VALUES('annya_niti_gantha_sangaho_e1008n',43,31);
INSERT INTO paragraphs VALUES('annya_niti_gantha_sangaho_e1008n',44,31);
INSERT INTO paragraphs VALUES('annya_niti_gantha_sangaho_e1008n',45,32);
INSERT INTO paragraphs VALUES('annya_niti_gantha_sangaho_e1008n',46,33);
INSERT INTO paragraphs VALUES('annya_niti_gantha_sangaho_e1008n',47,34);
INSERT INTO paragraphs VALUES('annya_niti_gantha_sangaho_e1008n',48,34);
INSERT INTO paragraphs VALUES('annya_niti_gantha_sangaho_e1008n',49,35);
INSERT INTO paragraphs VALUES('annya_niti_gantha_sangaho_e1008n',50,36);
INSERT INTO paragraphs VALUES('annya_niti_gantha_sangaho_e1008n',51,37);
INSERT INTO paragraphs VALUES('annya_niti_gantha_sangaho_e1008n',52,38);
INSERT INTO paragraphs VALUES('annya_niti_gantha_sangaho_e1008n',53,38);
INSERT INTO paragraphs VALUES('annya_niti_gantha_sangaho_e1008n',54,39);
INSERT INTO paragraphs VALUES('annya_niti_gantha_sangaho_e1008n',55,40);
INSERT INTO paragraphs VALUES('annya_niti_gantha_sangaho_e1008n',56,41);
INSERT INTO paragraphs VALUES('annya_niti_gantha_sangaho_e1008n',57,42);
INSERT INTO paragraphs VALUES('annya_niti_gantha_sangaho_e1008n',58,42);
INSERT INTO paragraphs VALUES('annya_niti_gantha_sangaho_e1008n',59,43);
INSERT INTO paragraphs VALUES('annya_niti_gantha_sangaho_e1008n',60,44);
INSERT INTO paragraphs VALUES('annya_niti_gantha_sangaho_e1008n',61,44);
INSERT INTO paragraphs VALUES('annya_niti_gantha_sangaho_e1008n',62,45);
INSERT INTO paragraphs VALUES('annya_niti_gantha_sangaho_e1008n',63,46);
INSERT INTO paragraphs VALUES('annya_niti_gantha_sangaho_e1008n',64,47);
INSERT INTO paragraphs VALUES('annya_niti_gantha_sangaho_e1008n',65,47);
INSERT INTO paragraphs VALUES('annya_niti_gantha_sangaho_e1008n',66,48);
INSERT INTO paragraphs VALUES('annya_niti_gantha_sangaho_e1008n',67,49);
INSERT INTO paragraphs VALUES('annya_niti_gantha_sangaho_e1008n',68,50);
INSERT INTO paragraphs VALUES('annya_niti_gantha_sangaho_e1008n',69,50);
INSERT INTO paragraphs VALUES('annya_niti_gantha_sangaho_e1008n',70,51);
INSERT INTO paragraphs VALUES('annya_niti_gantha_sangaho_e1008n',71,52);
INSERT INTO paragraphs VALUES('annya_niti_gantha_sangaho_e1008n',72,52);
INSERT INTO paragraphs VALUES('annya_niti_gantha_sangaho_e1008n',73,53);
INSERT INTO paragraphs VALUES('annya_niti_gantha_sangaho_e1008n',74,54);
INSERT INTO paragraphs VALUES('annya_niti_gantha_sangaho_e1008n',75,54);
INSERT INTO paragraphs VALUES('annya_niti_gantha_sangaho_e1008n',76,55);
INSERT INTO paragraphs VALUES('annya_niti_gantha_sangaho_e1008n',77,56);
INSERT INTO paragraphs VALUES('annya_niti_gantha_sangaho_e1008n',78,56);
INSERT INTO paragraphs VALUES('annya_niti_gantha_sangaho_e1008n',79,57);
INSERT INTO paragraphs VALUES('annya_niti_gantha_sangaho_e1008n',80,58);
INSERT INTO paragraphs VALUES('annya_niti_gantha_sangaho_e1008n',81,59);
INSERT INTO paragraphs VALUES('annya_niti_gantha_sangaho_e1008n',82,59);
INSERT INTO paragraphs VALUES('annya_niti_gantha_sangaho_e1008n',83,60);
INSERT INTO paragraphs VALUES('annya_niti_gantha_sangaho_e1008n',84,61);
INSERT INTO paragraphs VALUES('annya_niti_gantha_sangaho_e1008n',85,61);
INSERT INTO paragraphs VALUES('annya_niti_gantha_sangaho_e1008n',86,62);
INSERT INTO paragraphs VALUES('annya_niti_gantha_sangaho_e1008n',87,63);
INSERT INTO paragraphs VALUES('annya_niti_gantha_sangaho_e1008n',88,63);
INSERT INTO paragraphs VALUES('annya_niti_gantha_sangaho_e1008n',89,63);
INSERT INTO paragraphs VALUES('annya_niti_gantha_sangaho_e1008n',90,65);
INSERT INTO paragraphs VALUES('annya_niti_gantha_sangaho_e1008n',91,66);
INSERT INTO paragraphs VALUES('annya_niti_gantha_sangaho_e1008n',92,66);
INSERT INTO paragraphs VALUES('annya_niti_gantha_sangaho_e1008n',93,67);
INSERT INTO paragraphs VALUES('annya_niti_gantha_sangaho_e1008n',94,68);
INSERT INTO paragraphs VALUES('annya_niti_gantha_sangaho_e1008n',95,68);
INSERT INTO paragraphs VALUES('annya_niti_gantha_sangaho_e1008n',96,69);
INSERT INTO paragraphs VALUES('annya_niti_gantha_sangaho_e1008n',97,70);
INSERT INTO paragraphs VALUES('annya_niti_gantha_sangaho_e1008n',98,71);
INSERT INTO paragraphs VALUES('annya_niti_gantha_sangaho_e1008n',99,72);
INSERT INTO paragraphs VALUES('annya_niti_gantha_sangaho_e1008n',100,73);
INSERT INTO paragraphs VALUES('annya_niti_gantha_sangaho_e1008n',101,73);
INSERT INTO paragraphs VALUES('annya_niti_gantha_sangaho_e1008n',102,74);
INSERT INTO paragraphs VALUES('annya_niti_gantha_sangaho_e1008n',103,74);
INSERT INTO paragraphs VALUES('annya_niti_gantha_sangaho_e1008n',104,74);
INSERT INTO paragraphs VALUES('annya_niti_gantha_sangaho_e1008n',105,76);
INSERT INTO paragraphs VALUES('annya_niti_gantha_sangaho_e1008n',106,76);
INSERT INTO paragraphs VALUES('annya_niti_gantha_sangaho_e1008n',107,78);
INSERT INTO paragraphs VALUES('annya_niti_gantha_sangaho_e1008n',108,78);
INSERT INTO paragraphs VALUES('annya_niti_gantha_sangaho_e1008n',109,79);
INSERT INTO paragraphs VALUES('annya_niti_gantha_sangaho_e1008n',110,80);
DELETE FROM pages where bookid='annya_niti_gantha_sangaho_e1008n';
INSERT INTO pages (bookid, page, content, paranum) VALUES('annya_niti_gantha_sangaho_e1008n',1,replace(replace('<p class="centered"> Namo tassa bhagavato arahato sammāsambuddhassa</p>\r\n<p class="chapter">Cāṇakyanītipāḷi</p>\r\n<p class="hangnum"><a name="para1"></a><span class="paranum">1</span>.</p>\r\n<p class="gatha1"> </p>','\r',char(13)),'\n',char(10)),'-1-');
INSERT INTO pages (bookid, page, content, paranum) VALUES('annya_niti_gantha_sangaho_e1008n',1,replace(replace('<p class="gatha1">Nānāsattho <a name="M0.0001"></a> ddhataṃ vakkhe,</p>\r\n<p class="gatha2">Rāja nīti samuccayaṃ;</p>\r\n<p class="gatha3">Sabba bīja midaṃ satthaṃ,</p>\r\n<p class="gathalast">Cāṇakyaṃ sārasaṅgahaṃ.</p>\r\n<p class="hangnum"><a name="para2"></a><span class="paranum">2</span>.</p>\r\n<p class="gatha1"> Mūlasuttaṃ pavakkhāmi,</p>\r\n<p class="gatha2">Cāṇakyena yathoditaṃ;</p>\r\n<p class="gatha3">Yassa viññāna mattena,</p>\r\n<p class="gathalast">Mūḷho bhavati paṇḍito.</p>\r\n<p class="hangnum"><a name="para3"></a><span class="paranum">3</span>.</p>\r\n<p class="gatha1"> </p>','\r',char(13)),'\n',char(10)),'-2-3-');
INSERT INTO pages (bookid, page, content, paranum) VALUES('annya_niti_gantha_sangaho_e1008n',2,replace(replace('<p class="gatha1">Viduttaṃ <a name="M0.0002"></a> narapaccañca,</p>\r\n<p class="gatha2">Nevatulyaṃ kudācanaṃ;</p>\r\n<p class="gatha3">Sadese pujjate rājā,</p>\r\n<p class="gathalast">Vidū sabbattha pujjate.</p>\r\n<p class="hangnum"><a name="para4"></a><span class="paranum">4</span>.</p>\r\n<p class="gatha1"> </p>','\r',char(13)),'\n',char(10)),'-4-');
INSERT INTO pages (bookid, page, content, paranum) VALUES('annya_niti_gantha_sangaho_e1008n',3,replace(replace('<p class="gatha1">Paṇḍite <a name="M0.0003"></a> ca guṇā sabbe,</p>\r\n<p class="gatha2">Mūḷhe dosā hi kevalaṃ;</p>\r\n<p class="gatha3">Tasmā mūḷhasahassesu,</p>\r\n<p class="gathalast">Pañño eko visisyate.</p>\r\n<p class="hangnum"><a name="para5"></a><span class="paranum">5</span>.</p>\r\n<p class="gatha1"> </p>','\r',char(13)),'\n',char(10)),'-5-');
INSERT INTO pages (bookid, page, content, paranum) VALUES('annya_niti_gantha_sangaho_e1008n',4,replace(replace('<p class="gatha1">Mātariva <a name="M0.0004"></a> paradāresu,</p>\r\n<p class="gatha2">Paradabbesu leṭṭuva;</p>\r\n<p class="gatha3">Attaniva sabbabhūtesu,</p>\r\n<p class="gathalast">Yo passati sapaṇḍito.</p>\r\n<p class="hangnum"><a name="para6"></a><span class="paranum">6</span>.</p>\r\n<p class="gatha1"> Kiṃkulena visālena,</p>\r\n<p class="gatha2">Guṇahīno tu yonaro;</p>\r\n<p class="gatha3">Akulinopi satthañño,</p>\r\n<p class="gathalast">Devatāhipi pujjate.</p>\r\n<p class="hangnum"><a name="para7"></a><span class="paranum">7</span>.</p>\r\n<p class="gatha1"> </p>','\r',char(13)),'\n',char(10)),'-6-7-');
INSERT INTO pages (bookid, page, content, paranum) VALUES('annya_niti_gantha_sangaho_e1008n',5,replace(replace('<p class="gatha1">Rūpayobbanasampannā<a name="M0.0005"></a>,</p>\r\n<p class="gatha2">Visālakulasambhavā;</p>\r\n<p class="gatha3">Vijjāhīnā nasobhante,</p>\r\n<p class="gathalast">Niggandhā iva kiṃsukā.</p>\r\n<p class="hangnum"><a name="para8"></a><span class="paranum">8</span>.</p>\r\n<p class="gatha1"> </p>','\r',char(13)),'\n',char(10)),'-8-');
INSERT INTO pages (bookid, page, content, paranum) VALUES('annya_niti_gantha_sangaho_e1008n',6,replace(replace('<p class="gatha1">Tārānaṃ <a name="M0.0006"></a> bhūsaṇaṃ cando,</p>\r\n<p class="gatha2">Nārīnaṃ bhūsaṇaṃ pati;</p>\r\n<p class="gatha3">Puthabyā bhūsaṇaṃ rājā,</p>\r\n<p class="gathalast">Vijjā sabbassa bhūsaṇaṃ.</p>\r\n<p class="hangnum"><a name="para9"></a><span class="paranum">9</span>.</p>\r\n<p class="gatha1"> Mātā sattu pitā verī,</p>\r\n<p class="gatha2">Yena bālo napāṭṭhito;</p>\r\n<p class="gatha3">Na sobhate sabhāmajjhe,</p>\r\n<p class="gathalast">Haṃsamajjhe bakoyathā.</p>\r\n<p class="hangnum"><a name="para10"></a><span class="paranum">10</span>.</p>\r\n<p class="gatha1"> </p>','\r',char(13)),'\n',char(10)),'-9-10-');
INSERT INTO pages (bookid, page, content, paranum) VALUES('annya_niti_gantha_sangaho_e1008n',7,replace(replace('<p class="gatha1">Varameko <a name="M0.0007"></a> guṇī putto,</p>\r\n<p class="gatha2">Na ca mūḷhasatehipi;</p>\r\n<p class="gatha3">Eko cando tamo hanti,</p>\r\n<p class="gathalast">Na ca tāragaṇehipi.</p>\r\n<p class="hangnum"><a name="para11"></a><span class="paranum">11</span>.</p>\r\n<p class="gatha1"> </p>','\r',char(13)),'\n',char(10)),'-11-');
INSERT INTO pages (bookid, page, content, paranum) VALUES('annya_niti_gantha_sangaho_e1008n',8,replace(replace('<p class="gatha1">Lālaye <a name="M0.0008"></a> pañcavassāni,</p>\r\n<p class="gatha2">Dasavassāni tālaye;</p>\r\n<p class="gatha3">Patte tu soḷase vasse,</p>\r\n<p class="gathalast">Puttaṃ mittaṃva ācare.</p>\r\n<p class="hangnum"><a name="para12"></a><span class="paranum">12</span>.</p>\r\n<p class="gatha1"> </p>','\r',char(13)),'\n',char(10)),'-12-');
INSERT INTO pages (bookid, page, content, paranum) VALUES('annya_niti_gantha_sangaho_e1008n',9,replace(replace('<p class="gatha1">Lālane <a name="M0.0009"></a> bahavo dosā,</p>\r\n<p class="gatha2">Tālane bahavo guṇā;</p>\r\n<p class="gatha3">Tasmā puttañca sissañca,</p>\r\n<p class="gathalast">Tālaye na tu lālaye.</p>\r\n<p class="hangnum"><a name="para13"></a><span class="paranum">13</span>.</p>\r\n<p class="gatha1"> </p>','\r',char(13)),'\n',char(10)),'-13-');
INSERT INTO pages (bookid, page, content, paranum) VALUES('annya_niti_gantha_sangaho_e1008n',10,replace(replace('<p class="gatha1">Ekenāpi <a name="M0.0010"></a> suvakkhena,</p>\r\n<p class="gatha2">Pupphitena sugandhinā;</p>\r\n<p class="gatha3">Vāsitassa vanaṃ sabbaṃ,</p>\r\n<p class="gathalast">Suputtena kulaṃyathā.</p>\r\n<p class="hangnum"><a name="para14"></a><span class="paranum">14</span>.</p>\r\n<p class="gatha1"> </p>','\r',char(13)),'\n',char(10)),'-14-');
INSERT INTO pages (bookid, page, content, paranum) VALUES('annya_niti_gantha_sangaho_e1008n',11,replace(replace('<p class="gatha1">Ekassāpi <a name="M0.0011"></a> kuvakkhassa,</p>\r\n<p class="gatha2">Koṭaraṭṭhena agginā;</p>\r\n<p class="gatha3">Dayhate hi vanaṃ sabbaṃ,</p>\r\n<p class="gathalast">Kuputtena kulaṃ yathā.</p>\r\n<p class="hangnum"><a name="para15"></a><span class="paranum">15</span>.</p>\r\n<p class="gatha1"> Dūrato sobhate mūḷho,</p>\r\n<p class="gatha2">Lambamāna paṭāvuto;</p>\r\n<p class="gatha3">Tāvañca sobhate mūḷho,</p>\r\n<p class="gathalast">Yāva kiñci nabhāsate.</p>\r\n<p class="hangnum"><a name="para16"></a><span class="paranum">16</span>.</p>\r\n<p class="gatha1"> </p>','\r',char(13)),'\n',char(10)),'-15-16-');
INSERT INTO pages (bookid, page, content, paranum) VALUES('annya_niti_gantha_sangaho_e1008n',12,replace(replace('<p class="gatha1">Visato <a name="M0.0012"></a> amataṃ gāyhaṃ,</p>\r\n<p class="gatha2">Amejjhāapi kañcanaṃ;</p>\r\n<p class="gatha3">Nīcato uttamā vijjā,</p>\r\n<p class="gathalast">Thīratnaṃ dukkulāapi.</p>\r\n<p class="hangnum"><a name="para17"></a><span class="paranum">17</span>.</p>\r\n<p class="gatha1"> </p>','\r',char(13)),'\n',char(10)),'-17-');
INSERT INTO pages (bookid, page, content, paranum) VALUES('annya_niti_gantha_sangaho_e1008n',13,replace(replace('<p class="gatha1">Ussave <a name="M0.0013"></a> byasaneceva,</p>\r\n<p class="gatha2">Dubbhikkhe sattuviggahe;</p>\r\n<p class="gatha3">Rājadvāre susāneca,</p>\r\n<p class="gathalast">Yo tiṭṭhati sabandhavo.</p>\r\n<p class="hangnum"><a name="para18"></a><span class="paranum">18</span>.</p>\r\n<p class="gatha1"> Parokkhe kiccahantāraṃ,</p>\r\n<p class="gatha2">Paccakkhe piyavādinaṃ;</p>\r\n<p class="gatha3">Vajjaye tādisaṃ mittaṃ,</p>\r\n<p class="gathalast">Visakumbhaṃ payomukhaṃ.</p>\r\n<p class="hangnum"><a name="para19"></a><span class="paranum">19</span>.</p>\r\n<p class="gatha1"> </p>','\r',char(13)),'\n',char(10)),'-18-19-');
INSERT INTO pages (bookid, page, content, paranum) VALUES('annya_niti_gantha_sangaho_e1008n',14,replace(replace('<p class="gatha1">Sakiṃ <a name="M0.0014"></a> duṭṭhañca mittaṃ yo,</p>\r\n<p class="gatha2">Puna sandhātu micchati;</p>\r\n<p class="gatha3">Samaccu mupagaṇhāti,</p>\r\n<p class="gathalast">Gabbha massatarī yathā.</p>\r\n<p class="hangnum"><a name="para20"></a><span class="paranum">20</span>.</p>\r\n<p class="gatha1"> </p>','\r',char(13)),'\n',char(10)),'-20-');
INSERT INTO pages (bookid, page, content, paranum) VALUES('annya_niti_gantha_sangaho_e1008n',15,replace(replace('<p class="gatha1">Na <a name="M0.0015"></a> vissase avissatthaṃ,</p>\r\n<p class="gatha2">Mittañcāpi na vissase;</p>\r\n<p class="gatha3">Kadāci kupitaṃ mittaṃ,</p>\r\n<p class="gathalast">Sabbadosaṃ pakāsaye.</p>\r\n<p class="hangnum"><a name="para21"></a><span class="paranum">21</span>.</p>\r\n<p class="gatha1"> </p>','\r',char(13)),'\n',char(10)),'-21-');
INSERT INTO pages (bookid, page, content, paranum) VALUES('annya_niti_gantha_sangaho_e1008n',16,replace(replace('<p class="gatha1">Jāniyā <a name="M0.0016"></a> pesane bhacce,</p>\r\n<p class="gatha2">Bandhave byasanāgame;</p>\r\n<p class="gatha3">Mittañcā padikāleca,</p>\r\n<p class="gathalast">Bhariyañca vibhavakkhaye.</p>\r\n<p class="hangnum"><a name="para22"></a><span class="paranum">22</span>.</p>\r\n<p class="gatha1"> Upakāraggahitena,</p>\r\n<p class="gatha2">Sattunāsattumuddhare;</p>\r\n<p class="gatha3">Pādalaggaṃ karaṭṭhena,</p>\r\n<p class="gathalast">Kaṇṭakeneva kaṇṭakaṃ.</p>\r\n<p class="hangnum"><a name="para23"></a><span class="paranum">23</span>.</p>\r\n<p class="gatha1"> </p>','\r',char(13)),'\n',char(10)),'-22-23-');
INSERT INTO pages (bookid, page, content, paranum) VALUES('annya_niti_gantha_sangaho_e1008n',17,replace(replace('<p class="gatha1">Na <a name="M0.0017"></a> mittaṃ koci kassaci,</p>\r\n<p class="gatha2">Na koci ripu kassaci;</p>\r\n<p class="gatha3">Kāraṇena hi ñāyati,</p>\r\n<p class="gathalast">Mittāni ca ripū tathā.</p>\r\n<p class="hangnum"><a name="para24"></a><span class="paranum">24</span>.</p>\r\n<p class="gatha1"> </p>','\r',char(13)),'\n',char(10)),'-24-');
INSERT INTO pages (bookid, page, content, paranum) VALUES('annya_niti_gantha_sangaho_e1008n',18,replace(replace('<p class="gatha1">Dujjano <a name="M0.0018"></a> piyavādī ca,</p>\r\n<p class="gatha2">Netaṃ vissāsakāraṇaṃ;</p>\r\n<p class="gatha3">Madhu tiṭṭhati jivhagge,</p>\r\n<p class="gathalast">Hadaye tu halāhalaṃ.</p>\r\n<p class="hangnum"><a name="para25"></a><span class="paranum">25</span>.</p>\r\n<p class="gatha1"> Dujjano parihantabbo,</p>\r\n<p class="gatha2">Vijjāyā laṅkatopi saṃ;</p>\r\n<p class="gatha3">Maṇinā bhūsito sappo,</p>\r\n<p class="gathalast">Kime so nabhayaṃ karo.</p>\r\n<p class="hangnum"><a name="para26"></a><span class="paranum">26</span>.</p>\r\n<p class="gatha1"> </p>','\r',char(13)),'\n',char(10)),'-25-26-');
INSERT INTO pages (bookid, page, content, paranum) VALUES('annya_niti_gantha_sangaho_e1008n',19,replace(replace('<p class="gatha1">Sappo <a name="M0.0019"></a> kūro khalo kūro,</p>\r\n<p class="gatha2">Sappā kūrataro khalo;</p>\r\n<p class="gatha3">Manto sadhivaso sappo,</p>\r\n<p class="gathalast">Khalo kena nivāyyate.</p>\r\n<p class="hangnum"><a name="para27"></a><span class="paranum">27</span>.</p>\r\n<p class="gatha1"> </p>','\r',char(13)),'\n',char(10)),'-27-');
INSERT INTO pages (bookid, page, content, paranum) VALUES('annya_niti_gantha_sangaho_e1008n',20,replace(replace('<p class="gatha1">Nakhīnañca <a name="M0.0020"></a> nadīnañca,</p>\r\n<p class="gatha2">Siṅgīnaṃ satthapāṇinaṃ;</p>\r\n<p class="gatha3">Vissāso nevakātabbo,</p>\r\n<p class="gathalast">Thīsu rājakulesu ca.</p>\r\n<p class="hangnum"><a name="para28"></a><span class="paranum">28</span>.</p>\r\n<p class="gatha1"> </p>','\r',char(13)),'\n',char(10)),'-28-');
INSERT INTO pages (bookid, page, content, paranum) VALUES('annya_niti_gantha_sangaho_e1008n',21,replace(replace('<p class="gatha1">Hatthī <a name="M0.0021"></a> hatthasahassena,</p>\r\n<p class="gatha2">Satahatthena vājino;</p>\r\n<p class="gatha3">Siṅgino dasahatthena,</p>\r\n<p class="gathalast">Ṭhānacāgena dujjano.</p>\r\n<p class="hangnum"><a name="para29"></a><span class="paranum">29</span>.</p>\r\n<p class="gatha1"> </p>','\r',char(13)),'\n',char(10)),'-29-');
INSERT INTO pages (bookid, page, content, paranum) VALUES('annya_niti_gantha_sangaho_e1008n',22,replace(replace('<p class="gatha1">Āpadatthaṃ <a name="M0.0022"></a> dhanaṃ rakkhe,</p>\r\n<p class="gatha2">Dāraṃ rakkhe dhanehipi;</p>\r\n<p class="gatha3">Attānaṃ satataṃ rakkhe,</p>\r\n<p class="gathalast">Dārehipi dhanehipi.</p>\r\n<p class="hangnum"><a name="para30"></a><span class="paranum">30</span>.</p>\r\n<p class="gatha1"> Paradāraṃ paradabbaṃ,</p>\r\n<p class="gatha2">Parivādaṃ parassa ca;</p>\r\n<p class="gatha3">Parihāsaṃ guruṭṭhāne,</p>\r\n<p class="gathalast">Cāpalyañca vivajjaye.</p>\r\n<p class="hangnum"><a name="para31"></a><span class="paranum">31</span>.</p>\r\n<p class="gatha1"> </p>','\r',char(13)),'\n',char(10)),'-30-31-');
INSERT INTO pages (bookid, page, content, paranum) VALUES('annya_niti_gantha_sangaho_e1008n',23,replace(replace('<p class="gatha1">Caje <a name="M0.0023"></a> ekaṃ kulassatthe,</p>\r\n<p class="gatha2">Gāmassatthe kulaṃ caje;</p>\r\n<p class="gatha3">Gāma janapadassatthe,</p>\r\n<p class="gathalast">Attatthe pathaviṃ caje.</p>\r\n<p class="hangnum"><a name="para32"></a><span class="paranum">32</span>.</p>\r\n<p class="gatha1"> </p>','\r',char(13)),'\n',char(10)),'-32-');
INSERT INTO pages (bookid, page, content, paranum) VALUES('annya_niti_gantha_sangaho_e1008n',24,replace(replace('<p class="gatha1">Calatyekena <a name="M0.0024"></a> pādena,</p>\r\n<p class="gatha2">Tiṭṭha tyekena buddhimā;</p>\r\n<p class="gatha3">Nāsamikkhya paraṃ ṭhānaṃ,</p>\r\n<p class="gathalast">Pubbamāyatanaṃ caje.</p>\r\n<p class="hangnum"><a name="para33"></a><span class="paranum">33</span>.</p>\r\n<p class="gatha1"> Luddha matthena gaṇheyya,</p>\r\n<p class="gatha2">Thaddha mañjalī kammunā;</p>\r\n<p class="gatha3">Mūḷhaṃ chando nuvattena,</p>\r\n<p class="gathalast">Tathā tathena paṇḍitaṃ.</p>\r\n<p class="hangnum"><a name="para34"></a><span class="paranum">34</span>.</p>\r\n<p class="gatha1"> </p>','\r',char(13)),'\n',char(10)),'-33-34-');
INSERT INTO pages (bookid, page, content, paranum) VALUES('annya_niti_gantha_sangaho_e1008n',25,replace(replace('<p class="gatha1">Atthanāsaṃ <a name="M0.0025"></a> manotāpaṃ,</p>\r\n<p class="gatha2">Gehe duccaritāni ca;</p>\r\n<p class="gatha3">Vañcanañca pamāṇañca,</p>\r\n<p class="gathalast">Matimā na pakāsaye.</p>\r\n<p class="hangnum"><a name="para35"></a><span class="paranum">35</span>.</p>\r\n<p class="gatha1"> </p>','\r',char(13)),'\n',char(10)),'-35-');
INSERT INTO pages (bookid, page, content, paranum) VALUES('annya_niti_gantha_sangaho_e1008n',26,replace(replace('<p class="gatha1">Dhanadhaññappayogesu<a name="M0.0026"></a>,</p>\r\n<p class="gatha2">Tathā vijjāgamesu ca;</p>\r\n<p class="gatha3">Āhāre byavahāre ca,</p>\r\n<p class="gathalast">Cattalajjo sadā bhave.</p>\r\n<p class="hangnum"><a name="para36"></a><span class="paranum">36</span>.</p>\r\n<p class="gatha1"> Dhanino sotthiyo rājā,</p>\r\n<p class="gatha2">Nadī vejjo tu pañcamo;</p>\r\n<p class="gatha3">Pañca yatra navijjante,</p>\r\n<p class="gathalast">Tatra vāsaṃ nakāraye.</p>\r\n<p class="hangnum"><a name="para37"></a><span class="paranum">37</span>.</p>\r\n<p class="gatha1"> </p>','\r',char(13)),'\n',char(10)),'-36-37-');
INSERT INTO pages (bookid, page, content, paranum) VALUES('annya_niti_gantha_sangaho_e1008n',27,replace(replace('<p class="gatha1">Yasmiṃdese <a name="M0.0027"></a> na sammānaṃ,</p>\r\n<p class="gatha2">Na pīti naca bandhavā;</p>\r\n<p class="gatha3">Na ca vijjāgamo koci,</p>\r\n<p class="gathalast">Taṃdesaṃ parivajjaye.</p>\r\n<p class="hangnum"><a name="para38"></a><span class="paranum">38</span>.</p>\r\n<p class="gatha1"> </p>','\r',char(13)),'\n',char(10)),'-38-');
INSERT INTO pages (bookid, page, content, paranum) VALUES('annya_niti_gantha_sangaho_e1008n',28,replace(replace('<p class="gatha1">Manasā <a name="M0.0028"></a> cintitaṃ kammaṃ,</p>\r\n<p class="gatha2">Vacasā napakāsaye;</p>\r\n<p class="gatha3">Aññalakkhita kāriyassa,</p>\r\n<p class="gathalast">Yato siddhi najāyate.</p>\r\n<p class="hangnum"><a name="para39"></a><span class="paranum">39</span>.</p>\r\n<p class="gatha1"> </p>','\r',char(13)),'\n',char(10)),'-39-');
INSERT INTO pages (bookid, page, content, paranum) VALUES('annya_niti_gantha_sangaho_e1008n',29,replace(replace('<p class="gatha1">Kudesañca <a name="M0.0029"></a> kuvuttiñca,</p>\r\n<p class="gatha2">Kubhariyaṃ kunadiṃ tathā;</p>\r\n<p class="gatha3">Kudabbañca kubhojjañca,</p>\r\n<p class="gathalast">Vajjaye tu vicakkhaṇo.</p>\r\n<p class="hangnum"><a name="para40"></a><span class="paranum">40</span>.</p>\r\n<p class="gatha1"> Iṇasesoggi seso ca,</p>\r\n<p class="gatha2">Byādhiseso tatheva ca;</p>\r\n<p class="gatha3">Puna ca vaḍḍhate yasmā,</p>\r\n<p class="gathalast">Tasmā sesaṃ nakāraye.</p>\r\n<p class="hangnum"><a name="para41"></a><span class="paranum">41</span>.</p>\r\n<p class="gatha1"> </p>','\r',char(13)),'\n',char(10)),'-40-41-');
INSERT INTO pages (bookid, page, content, paranum) VALUES('annya_niti_gantha_sangaho_e1008n',30,replace(replace('<p class="gatha1">Cintā <a name="M0.0030"></a> jaro manussānaṃ,</p>\r\n<p class="gatha2">Vatthānaṃ ātapo jaro;</p>\r\n<p class="gatha3">Asobhagyaṃ jaro thīnaṃ,</p>\r\n<p class="gathalast">Assānaṃ methunaṃ jaro.</p>\r\n<p class="hangnum"><a name="para42"></a><span class="paranum">42</span>.</p>\r\n<p class="gatha1"> </p>','\r',char(13)),'\n',char(10)),'-42-');
INSERT INTO pages (bookid, page, content, paranum) VALUES('annya_niti_gantha_sangaho_e1008n',31,replace(replace('<p class="gatha1">Atthi <a name="M0.0031"></a> putto vase yassa,</p>\r\n<p class="gatha2">Bhacco bhariyā tatheva ca;</p>\r\n<p class="gatha3">Abhāve pyatisantoso,</p>\r\n<p class="gathalast">Saggaṭṭho so mahītale.</p>\r\n<p class="hangnum"><a name="para43"></a><span class="paranum">43</span>.</p>\r\n<p class="gatha1"> Duṭṭhā bhariyā saṭhaṃ mittaṃ,</p>\r\n<p class="gatha2">Bhacco cuttaradāyako;</p>\r\n<p class="gatha3">Sa sappeca gahe vāso,</p>\r\n<p class="gathalast">Maccureva nasaṃsayo.</p>\r\n<p class="hangnum"><a name="para44"></a><span class="paranum">44</span>.</p>\r\n<p class="gatha1"> </p>','\r',char(13)),'\n',char(10)),'-43-44-');
INSERT INTO pages (bookid, page, content, paranum) VALUES('annya_niti_gantha_sangaho_e1008n',32,replace(replace('<p class="gatha1">Mātā <a name="M0.0032"></a> yassa gehe natthi,</p>\r\n<p class="gatha2">Bhariyācā piyavādinī;</p>\r\n<p class="gatha3">Araññaṃ tena gantabbaṃ,</p>\r\n<p class="gathalast">Yathā raññaṃ tathāgahaṃ.</p>\r\n<p class="hangnum"><a name="para45"></a><span class="paranum">45</span>.</p>\r\n<p class="gatha1"> </p>','\r',char(13)),'\n',char(10)),'-45-');
INSERT INTO pages (bookid, page, content, paranum) VALUES('annya_niti_gantha_sangaho_e1008n',33,replace(replace('<p class="gatha1">Iṇakattā <a name="M0.0033"></a> pitā sattu,</p>\r\n<p class="gatha2">Mātā ca byabhicārinī;</p>\r\n<p class="gatha3">Bhariyā rūpavatī sattu,</p>\r\n<p class="gathalast">Putto sattu apaṇḍito.</p>\r\n<p class="hangnum"><a name="para46"></a><span class="paranum">46</span>.</p>\r\n<p class="gatha1"> </p>','\r',char(13)),'\n',char(10)),'-46-');
INSERT INTO pages (bookid, page, content, paranum) VALUES('annya_niti_gantha_sangaho_e1008n',34,replace(replace('<p class="gatha1">Kokilānaṃ <a name="M0.0034"></a> saro rūpaṃ,</p>\r\n<p class="gatha2">Nārī rūpaṃ patibbatā;</p>\r\n<p class="gatha3">Vijjā rūpaṃ kurūpānaṃ,</p>\r\n<p class="gathalast">Khamā rūpaṃ tapassinaṃ.</p>\r\n<p class="hangnum"><a name="para47"></a><span class="paranum">47</span>.</p>\r\n<p class="gatha1"> Avijjaṃ jīvanaṃ suññaṃ,</p>\r\n<p class="gatha2">Disā suññā abandhavā;</p>\r\n<p class="gatha3">Puttahīnaṃ gahaṃ suññaṃ,</p>\r\n<p class="gathalast">Sabbasuññā daliddatā.</p>\r\n<p class="hangnum"><a name="para48"></a><span class="paranum">48</span>.</p>\r\n<p class="gatha1"> </p>','\r',char(13)),'\n',char(10)),'-47-48-');
INSERT INTO pages (bookid, page, content, paranum) VALUES('annya_niti_gantha_sangaho_e1008n',35,replace(replace('<p class="gatha1">Adātā<a name="M0.0035"></a> vaṃsadosena,</p>\r\n<p class="gatha2">Kammadosā daliddatā;</p>\r\n<p class="gatha3">Ummādā mātudosena,</p>\r\n<p class="gathalast">Pitudosena mūḷhatā.</p>\r\n<p class="hangnum"><a name="para49"></a><span class="paranum">49</span>.</p>\r\n<p class="gatha1"> </p>','\r',char(13)),'\n',char(10)),'-49-');
INSERT INTO pages (bookid, page, content, paranum) VALUES('annya_niti_gantha_sangaho_e1008n',36,replace(replace('<p class="gatha1">Guru <a name="M0.0036"></a> aggi dvijādīnaṃ,</p>\r\n<p class="gatha2">Vaṇṇānaṃ brāhmaṇo guru;</p>\r\n<p class="gatha3">Pati reko gurutthīnaṃ,</p>\r\n<p class="gathalast">Sabbassābhyāgato guru.</p>\r\n<p class="hangnum"><a name="para50"></a><span class="paranum">50</span>.</p>\r\n<p class="gatha1"> </p>','\r',char(13)),'\n',char(10)),'-50-');
INSERT INTO pages (bookid, page, content, paranum) VALUES('annya_niti_gantha_sangaho_e1008n',37,replace(replace('<p class="gatha1">Atidabbe <a name="M0.0037"></a> hatā laṅkā,</p>\r\n<p class="gatha2">Atimāne ca koravā;</p>\r\n<p class="gatha3">Atidāne balībaddho,</p>\r\n<p class="gathalast">Sabbamaccanta gahitaṃ.</p>\r\n<p class="hangnum"><a name="para51"></a><span class="paranum">51</span>.</p>\r\n<p class="gatha1"> </p>','\r',char(13)),'\n',char(10)),'-51-');
INSERT INTO pages (bookid, page, content, paranum) VALUES('annya_niti_gantha_sangaho_e1008n',38,replace(replace('<p class="gatha1">Vatthahīno <a name="M0.0038"></a> tvalaṅkāro,</p>\r\n<p class="gatha2">Ghatahīnañca bhojanaṃ;</p>\r\n<p class="gatha3">Thanahīnā ca yānārī,</p>\r\n<p class="gathalast">Vijjāhīnañca jīvanaṃ.</p>\r\n<p class="hangnum"><a name="para52"></a><span class="paranum">52</span>.</p>\r\n<p class="gatha1"> Bhojjaṃ bhojanasatti ca,</p>\r\n<p class="gatha2">Ratisatti varā thiyo;</p>\r\n<p class="gatha3">Vibhavo dānasatti ca,</p>\r\n<p class="gathalast">Nāppassa tapaso phalaṃ.</p>\r\n<p class="hangnum"><a name="para53"></a><span class="paranum">53</span>.</p>\r\n<p class="gatha1"> </p>','\r',char(13)),'\n',char(10)),'-52-53-');
INSERT INTO pages (bookid, page, content, paranum) VALUES('annya_niti_gantha_sangaho_e1008n',39,replace(replace('<p class="gatha1">Puttappayojanā <a name="M0.0039"></a> dārā,</p>\r\n<p class="gatha2">Putto piṇḍappayojano;</p>\r\n<p class="gatha3">Hitappayojanaṃ mittaṃ,</p>\r\n<p class="gathalast">Dhanaṃ sabbappayojanaṃ.</p>\r\n<p class="hangnum"><a name="para54"></a><span class="paranum">54</span>.</p>\r\n<p class="gatha1"> </p>','\r',char(13)),'\n',char(10)),'-54-');
INSERT INTO pages (bookid, page, content, paranum) VALUES('annya_niti_gantha_sangaho_e1008n',40,replace(replace('<p class="gatha1">Dullabhaṃ <a name="M0.0040"></a> pākatikaṃ vākyaṃ,</p>\r\n<p class="gatha2">Dullabho khemakaro suto;</p>\r\n<p class="gatha3">Dullabhā sadisī jāyā,</p>\r\n<p class="gathalast">Dullabho sajano piyo.</p>\r\n<p class="hangnum"><a name="para55"></a><span class="paranum">55</span>.</p>\r\n<p class="gatha1"> </p>','\r',char(13)),'\n',char(10)),'-55-');
INSERT INTO pages (bookid, page, content, paranum) VALUES('annya_niti_gantha_sangaho_e1008n',41,replace(replace('<p class="gatha1">Selesele <a name="M0.0041"></a> namāṇikkaṃ,</p>\r\n<p class="gatha2">Muttikaṃ na gajegaje;</p>\r\n<p class="gatha3">Sādhavo na hi sabbatra,</p>\r\n<p class="gathalast">Candanaṃ na vanevane.</p>\r\n<p class="hangnum"><a name="para56"></a><span class="paranum">56</span>.</p>\r\n<p class="gatha1"> </p>','\r',char(13)),'\n',char(10)),'-56-');
INSERT INTO pages (bookid, page, content, paranum) VALUES('annya_niti_gantha_sangaho_e1008n',42,replace(replace('<p class="gatha1">Asoco <a name="M0.0042"></a> niddhano pañño,</p>\r\n<p class="gatha2">Asoco paṇḍitabandhavo;</p>\r\n<p class="gatha3">Asocā vidhavā nārī,</p>\r\n<p class="gathalast">Puttanatta patiṭṭhitā.</p>\r\n<p class="hangnum"><a name="para57"></a><span class="paranum">57</span>.</p>\r\n<p class="gatha1"> Avijjo puriso soco,</p>\r\n<p class="gatha2">Socaṃ methuna mappajaṃ;</p>\r\n<p class="gatha3">Nirāhārā pajā socā,</p>\r\n<p class="gathalast">Socaṃ rajja marājakaṃ.</p>\r\n<p class="hangnum"><a name="para58"></a><span class="paranum">58</span>.</p>\r\n<p class="gatha1"> </p>','\r',char(13)),'\n',char(10)),'-57-58-');
INSERT INTO pages (bookid, page, content, paranum) VALUES('annya_niti_gantha_sangaho_e1008n',43,replace(replace('<p class="gatha1">Kulehi <a name="M0.0043"></a> saha sampakkaṃ,</p>\r\n<p class="gatha2">Paṇḍitehi ca mittataṃ;</p>\r\n<p class="gatha3">Ñātībhi ca samaṃ melaṃ,</p>\r\n<p class="gathalast">Kubbāno navinassati.</p>\r\n<p class="hangnum"><a name="para59"></a><span class="paranum">59</span>.</p>\r\n<p class="gatha1"> </p>','\r',char(13)),'\n',char(10)),'-59-');
INSERT INTO pages (bookid, page, content, paranum) VALUES('annya_niti_gantha_sangaho_e1008n',44,replace(replace('<p class="gatha1">Kaṭṭhā <a name="M0.0044"></a> vutti parādhinā,</p>\r\n<p class="gatha2">Kaṭṭho vāso nirāsayo;</p>\r\n<p class="gatha3">Niddhano byavasāyo ca,</p>\r\n<p class="gathalast">Sabbakaṭṭhā daliddatā.</p>\r\n<p class="hangnum"><a name="para60"></a><span class="paranum">60</span>.</p>\r\n<p class="gatha1"> Takkarassa kuto dhammo,</p>\r\n<p class="gatha2">Dujjanassa kuto khamā;</p>\r\n<p class="gatha3">Vesiyā ca kuto sneho,</p>\r\n<p class="gathalast">Kuto saccañca kāminaṃ.</p>\r\n<p class="hangnum"><a name="para61"></a><span class="paranum">61</span>.</p>\r\n<p class="gatha1"> </p>','\r',char(13)),'\n',char(10)),'-60-61-');
INSERT INTO pages (bookid, page, content, paranum) VALUES('annya_niti_gantha_sangaho_e1008n',45,replace(replace('<p class="gatha1">Pesitassa <a name="M0.0045"></a> kuto mānaṃ,</p>\r\n<p class="gatha2">Kopanassa kuto sukhaṃ;</p>\r\n<p class="gatha3">Thīnaṃ kuto satittañca,</p>\r\n<p class="gathalast">Kuto mettī khalassa ca.</p>\r\n<p class="hangnum"><a name="para62"></a><span class="paranum">62</span>.</p>\r\n<p class="gatha1"> </p>','\r',char(13)),'\n',char(10)),'-62-');
INSERT INTO pages (bookid, page, content, paranum) VALUES('annya_niti_gantha_sangaho_e1008n',46,replace(replace('<p class="gatha1">Dubbalassa <a name="M0.0046"></a> balaṃ rājā,</p>\r\n<p class="gatha2">Bālānaṃ rodanaṃ balaṃ;</p>\r\n<p class="gatha3">Balaṃmūḷhassa monittaṃ,</p>\r\n<p class="gathalast">Corānaṃ atathaṃ balaṃ.</p>\r\n<p class="hangnum"><a name="para63"></a><span class="paranum">63</span>.</p>\r\n<p class="gatha1"> </p>','\r',char(13)),'\n',char(10)),'-63-');
INSERT INTO pages (bookid, page, content, paranum) VALUES('annya_niti_gantha_sangaho_e1008n',47,replace(replace('<p class="gatha1">Yo <a name="M0.0047"></a> dhuvāni pariccajja,</p>\r\n<p class="gatha2">Adhuvaṃ parisevati;</p>\r\n<p class="gatha3">Dhuvāni tassa nassanti,</p>\r\n<p class="gathalast">Adhuvaṃ naṭṭhameva ca.</p>\r\n<p class="hangnum"><a name="para64"></a><span class="paranum">64</span>.</p>\r\n<p class="gatha1"> Sukkaṃ maṃsaṃ thiyo vuddhā,</p>\r\n<p class="gatha2">Bālakka taruṇaṃ dadhi;</p>\r\n<p class="gatha3">Pabhāte methunaṃ niddā,</p>\r\n<p class="gathalast">Sajju pāṇaharāni cha;</p>\r\n<p class="hangnum"><a name="para65"></a><span class="paranum">65</span>.</p>\r\n<p class="gatha1"> </p>','\r',char(13)),'\n',char(10)),'-64-65-');
INSERT INTO pages (bookid, page, content, paranum) VALUES('annya_niti_gantha_sangaho_e1008n',48,replace(replace('<p class="gatha1">Sajju <a name="M0.0048"></a> maṃsaṃ navannañca,</p>\r\n<p class="gatha2">Bālā thī khīrabhojanaṃ;</p>\r\n<p class="gatha3">Ghatamuṇhodakañceva,</p>\r\n<p class="gathalast">Sajju pāṇakarāni cha.</p>\r\n<p class="hangnum"><a name="para66"></a><span class="paranum">66</span>.</p>\r\n<p class="gatha1"> </p>','\r',char(13)),'\n',char(10)),'-66-');
INSERT INTO pages (bookid, page, content, paranum) VALUES('annya_niti_gantha_sangaho_e1008n',49,replace(replace('<p class="gatha1">Sīhādekaṃ <a name="M0.0049"></a> bakādekaṃ,</p>\r\n<p class="gatha2">Cha sunā tīṇi gadrabhā;</p>\r\n<p class="gatha3">Vāyasā catu sikkhetha,</p>\r\n<p class="gathalast">Cattāri kukkuṭādapi.</p>\r\n<p class="hangnum"><a name="para67"></a><span class="paranum">67</span>.</p>\r\n<p class="gatha1"> </p>','\r',char(13)),'\n',char(10)),'-67-');
INSERT INTO pages (bookid, page, content, paranum) VALUES('annya_niti_gantha_sangaho_e1008n',50,replace(replace('<p class="gatha1">Pabhūtamappakiccaṃ <a name="M0.0050"></a> vā,</p>\r\n<p class="gatha2">Yonaro kattumicchati;</p>\r\n<p class="gatha3">Saṃyatanena kattabbaṃ,</p>\r\n<p class="gathalast">Sīhādekaṃ pakittitaṃ.</p>\r\n<p class="hangnum"><a name="para68"></a><span class="paranum">68</span>.</p>\r\n<p class="gatha1"> Sabbindriyāni saṃyama,</p>\r\n<p class="gatha2">Bakova patito jano;</p>\r\n<p class="gatha3">Kāladesopapannāni,</p>\r\n<p class="gathalast">Sabbakiccāni sādhaye.</p>\r\n<p class="hangnum"><a name="para69"></a><span class="paranum">69</span>.</p>\r\n<p class="gatha1"> </p>','\r',char(13)),'\n',char(10)),'-68-69-');
INSERT INTO pages (bookid, page, content, paranum) VALUES('annya_niti_gantha_sangaho_e1008n',51,replace(replace('<p class="gatha1">Bahvāsī <a name="M0.0051"></a> sāppasantuṭṭho,</p>\r\n<p class="gatha2">Suniddo sīghacetano;</p>\r\n<p class="gatha3">Pabhubhatto ca sūro ca,</p>\r\n<p class="gathalast">Ñātabbā cha sunā guṇā.</p>\r\n<p class="hangnum"><a name="para70"></a><span class="paranum">70</span>.</p>\r\n<p class="gatha1"> </p>','\r',char(13)),'\n',char(10)),'-70-');
INSERT INTO pages (bookid, page, content, paranum) VALUES('annya_niti_gantha_sangaho_e1008n',52,replace(replace('<p class="gatha1">Avissāmaṃ <a name="M0.0052"></a> vahe bhāraṃ,</p>\r\n<p class="gatha2">Sītuṇhañca navindati;</p>\r\n<p class="gatha3">Sa santoso tathā niccaṃ,</p>\r\n<p class="gathalast">Tīṇi sikkhetha gadrabhā.</p>\r\n<p class="hangnum"><a name="para71"></a><span class="paranum">71</span>.</p>\r\n<p class="gatha1"> Guḷhamethunadhammañca,</p>\r\n<p class="gatha2">Kālekāle ca saṅgahaṃ;</p>\r\n<p class="gatha3">Appamādamanālasyaṃ,</p>\r\n<p class="gathalast">Catu sikkhetha vāyasā.</p>\r\n<p class="hangnum"><a name="para72"></a><span class="paranum">72</span>.</p>\r\n<p class="gatha1"> </p>','\r',char(13)),'\n',char(10)),'-71-72-');
INSERT INTO pages (bookid, page, content, paranum) VALUES('annya_niti_gantha_sangaho_e1008n',53,replace(replace('<p class="gatha1">Yuddhañca <a name="M0.0053"></a> pātaruṭṭhānaṃ,</p>\r\n<p class="gatha2">Bhojanaṃ saha bandhuhi;</p>\r\n<p class="gatha3">Thiyaṃ āpadaggataṃ rakkhe,</p>\r\n<p class="gathalast">Catu sikkhetha kukkuṭā.</p>\r\n<p class="hangnum"><a name="para73"></a><span class="paranum">73</span>.</p>\r\n<p class="gatha1"> </p>','\r',char(13)),'\n',char(10)),'-73-');
INSERT INTO pages (bookid, page, content, paranum) VALUES('annya_niti_gantha_sangaho_e1008n',54,replace(replace('<p class="gatha1">Kotibhāro <a name="M0.0054"></a> samatthānaṃ,</p>\r\n<p class="gatha2">Kiṃdūraṃ byavasāyinaṃ;</p>\r\n<p class="gatha3">Ko videso savijjānaṃ,</p>\r\n<p class="gathalast">Ko paro piyavādinaṃ.</p>\r\n<p class="hangnum"><a name="para74"></a><span class="paranum">74</span>.</p>\r\n<p class="gatha1"> Bhayassa kathito pantho,</p>\r\n<p class="gatha2">Indriyānamasaṃyamo;</p>\r\n<p class="gatha3">Tajjayo sampadāmaggo,</p>\r\n<p class="gathalast">Yeniṭṭhaṃ tena gamyate.</p>\r\n<p class="hangnum"><a name="para75"></a><span class="paranum">75</span>.</p>\r\n<p class="gatha1"> </p>','\r',char(13)),'\n',char(10)),'-74-75-');
INSERT INTO pages (bookid, page, content, paranum) VALUES('annya_niti_gantha_sangaho_e1008n',55,replace(replace('<p class="gatha1">Na <a name="M0.0055"></a> ca vijjāsamo bandhu,</p>\r\n<p class="gatha2">Na ca byādhisamo ripu;</p>\r\n<p class="gatha3">Nacāpaccasamo sneho,</p>\r\n<p class="gathalast">Na ca devā paraṃ balaṃ.</p>\r\n<p class="hangnum"><a name="para76"></a><span class="paranum">76</span>.</p>\r\n<p class="gatha1"> </p>','\r',char(13)),'\n',char(10)),'-76-');
INSERT INTO pages (bookid, page, content, paranum) VALUES('annya_niti_gantha_sangaho_e1008n',56,replace(replace('<p class="gatha1">Samuddāvaraṇā <a name="M0.0056"></a> bhūmi,</p>\r\n<p class="gatha2">Pākārāvaraṇaṃ gahaṃ;</p>\r\n<p class="gatha3">Narindāvaraṇā desā,</p>\r\n<p class="gathalast">Cārittāvaraṇā thiyo.</p>\r\n<p class="hangnum"><a name="para77"></a><span class="paranum">77</span>.</p>\r\n<p class="gatha1"> Ghatakumbhasamā nārī,</p>\r\n<p class="gatha2">Tattaṅgāra samo pumā;</p>\r\n<p class="gatha3">Tasmā ghatañca aggiñca,</p>\r\n<p class="gathalast">Nekatra thapaye budho.</p>\r\n<p class="hangnum"><a name="para78"></a><span class="paranum">78</span>.</p>\r\n<p class="gatha1"> </p>','\r',char(13)),'\n',char(10)),'-77-78-');
INSERT INTO pages (bookid, page, content, paranum) VALUES('annya_niti_gantha_sangaho_e1008n',57,replace(replace('<p class="gatha1">Āhāro <a name="M0.0057"></a> dviguṇo thīnaṃ,</p>\r\n<p class="gatha2">Buddhi tāsaṃ catugguṇo;</p>\r\n<p class="gatha3">Chaguṇo byavasāyo ca,</p>\r\n<p class="gathalast">Kāmocaṭṭhaguṇo mato.</p>\r\n<p class="hangnum"><a name="para79"></a><span class="paranum">79</span>.</p>\r\n<p class="gatha1"> </p>','\r',char(13)),'\n',char(10)),'-79-');
INSERT INTO pages (bookid, page, content, paranum) VALUES('annya_niti_gantha_sangaho_e1008n',58,replace(replace('<p class="gatha1">Jiṇṇamannaṃ <a name="M0.0058"></a> pasaṃseyya,</p>\r\n<p class="gatha2">Bhariyaṃ gatayobbanaṃ;</p>\r\n<p class="gatha3">Raṇā paccāgataṃ sūraṃ,</p>\r\n<p class="gathalast">Sassañca gehamāgataṃ.</p>\r\n<p class="hangnum"><a name="para80"></a><span class="paranum">80</span>.</p>\r\n<p class="gatha1"> </p>','\r',char(13)),'\n',char(10)),'-80-');
INSERT INTO pages (bookid, page, content, paranum) VALUES('annya_niti_gantha_sangaho_e1008n',59,replace(replace('<p class="gatha1">Asantuṭṭhā <a name="M0.0059"></a> dvijā naṭṭhā,</p>\r\n<p class="gatha2">Santuṭṭhāiva pāthivā;</p>\r\n<p class="gatha3">Salajjā gaṇikā naṭṭhā,</p>\r\n<p class="gathalast">Nillajjā ca kulitthiyo.</p>\r\n<p class="hangnum"><a name="para81"></a><span class="paranum">81</span>.</p>\r\n<p class="gatha1"> Avaṃsapatito rājā,</p>\r\n<p class="gatha2">Mūḷhaputto ca paṇḍito;</p>\r\n<p class="gatha3">Adhanena dhanaṃ pāpya,</p>\r\n<p class="gathalast">Tiṇaṃva maññate janaṃ.</p>\r\n<p class="hangnum"><a name="para82"></a><span class="paranum">82</span>.</p>\r\n<p class="gatha1"> </p>','\r',char(13)),'\n',char(10)),'-81-82-');
INSERT INTO pages (bookid, page, content, paranum) VALUES('annya_niti_gantha_sangaho_e1008n',60,replace(replace('<p class="gatha1">Brahmahāpi <a name="M0.0060"></a> naro pujjo,</p>\r\n<p class="gatha2">Yassatthi vipulaṃ dhanaṃ;</p>\r\n<p class="gatha3">Sasino tulyavaṃsopi,</p>\r\n<p class="gathalast">Niddhano paribhūyate.</p>\r\n<p class="hangnum"><a name="para83"></a><span class="paranum">83</span>.</p>\r\n<p class="gatha1"> </p>','\r',char(13)),'\n',char(10)),'-83-');
INSERT INTO pages (bookid, page, content, paranum) VALUES('annya_niti_gantha_sangaho_e1008n',61,replace(replace('<p class="gatha1">Potthakaṭṭhā <a name="M0.0061"></a> tu yāvijjā,</p>\r\n<p class="gatha2">Parahatthagataṃ dhanaṃ;</p>\r\n<p class="gatha3">Kiccakāle samuppanne,</p>\r\n<p class="gathalast">Na sāvijjā na taddhanaṃ.</p>\r\n<p class="hangnum"><a name="para84"></a><span class="paranum">84</span>.</p>\r\n<p class="gatha1"> Pādapānaṃ bhayaṃ vātā,</p>\r\n<p class="gatha2">Padmānaṃ sisirā bhayaṃ;</p>\r\n<p class="gatha3">Pabbatānaṃ vajīramhā,</p>\r\n<p class="gathalast">Sādhūnaṃ dujjanā bhayaṃ.</p>\r\n<p class="hangnum"><a name="para85"></a><span class="paranum">85</span>.</p>\r\n<p class="gatha1"> </p>','\r',char(13)),'\n',char(10)),'-84-85-');
INSERT INTO pages (bookid, page, content, paranum) VALUES('annya_niti_gantha_sangaho_e1008n',62,replace(replace('<p class="gatha1">Paññe <a name="M0.0062"></a> niyujjamāne tu,</p>\r\n<p class="gatha2">Santi rañño tayoguṇā;</p>\r\n<p class="gatha3">Yaso sagganivāso ca,</p>\r\n<p class="gathalast">Vipulo ca dhanāgamo.</p>\r\n<p class="hangnum"><a name="para86"></a><span class="paranum">86</span>.</p>\r\n<p class="gatha1"> </p>','\r',char(13)),'\n',char(10)),'-86-');
INSERT INTO pages (bookid, page, content, paranum) VALUES('annya_niti_gantha_sangaho_e1008n',63,replace(replace('<p class="gatha1">Mūḷhe <a name="M0.0063"></a> niyujjamānetu,</p>\r\n<p class="gatha2">Khattiyassāguṇā tayo;</p>\r\n<p class="gatha3">Ayaso catthanāso ca,</p>\r\n<p class="gathalast">Narake gamanaṃ tathā.</p>\r\n<p class="hangnum"><a name="para87"></a><span class="paranum">87</span>.</p>\r\n<p class="gatha1"> Bahūmūḷhasaṅghātehi,</p>\r\n<p class="gatha2">Aññoññapasuvuttibhi;</p>\r\n<p class="gatha3">Pacchādyante guṇā sabbe,</p>\r\n<p class="gathalast">Meghehiva divākaro.</p>\r\n<p class="hangnum"><a name="para88"></a><span class="paranum">88</span>.</p>\r\n<p class="gatha1"> Yassa khettaṃ nadītīre,</p>\r\n<p class="gatha2">Bhariyāpi parappiyā;</p>\r\n<p class="gatha3">Puttassa vinayo natthi,</p>\r\n<p class="gathalast">Maccureva nasaṃsayo.</p>\r\n<p class="hangnum"><a name="para89"></a><span class="paranum">89</span>.</p>\r\n<p class="gatha1"> </p>','\r',char(13)),'\n',char(10)),'-87-88-89-');
INSERT INTO pages (bookid, page, content, paranum) VALUES('annya_niti_gantha_sangaho_e1008n',65,replace(replace('<p class="gatha1">Asambhābyaṃ <a name="M0.0065"></a> navattabbaṃ,</p>\r\n<p class="gatha2">Paccakkhamapi dissate;</p>\r\n<p class="gatha3">Silā tarati pānīyaṃ,</p>\r\n<p class="gathalast">Gītaṃ gāyati vānaro.</p>\r\n<p class="hangnum"><a name="para90"></a><span class="paranum">90</span>.</p>\r\n<p class="gatha1"> </p>','\r',char(13)),'\n',char(10)),'-90-');
INSERT INTO pages (bookid, page, content, paranum) VALUES('annya_niti_gantha_sangaho_e1008n',66,replace(replace('<p class="gatha1">Subhikkhaṃ <a name="M0.0066"></a> kasake niccaṃ,</p>\r\n<p class="gatha2">Niccaṃ sukha marogike;</p>\r\n<p class="gatha3">Bhariyā bhattu piyā yassa,</p>\r\n<p class="gathalast">Tassa niccossavaṃ gahaṃ.</p>\r\n<p class="hangnum"><a name="para91"></a><span class="paranum">91</span>.</p>\r\n<p class="gatha1"> Helassa kammanāsāya,</p>\r\n<p class="gatha2">Buddhināsāya niddhanaṃ;</p>\r\n<p class="gatha3">Yācanā mānanāsāya,</p>\r\n<p class="gathalast">Kulanāsāya bhojanaṃ.</p>\r\n<p class="hangnum"><a name="para92"></a><span class="paranum">92</span>.</p>\r\n<p class="gatha1"> </p>','\r',char(13)),'\n',char(10)),'-91-92-');
INSERT INTO pages (bookid, page, content, paranum) VALUES('annya_niti_gantha_sangaho_e1008n',67,replace(replace('<p class="gatha1">Sevitabbo <a name="M0.0067"></a> mahāvakkho,</p>\r\n<p class="gatha2">Phalacchāyā samanvito;</p>\r\n<p class="gatha3">Yadi devā phalaṃ natthi,</p>\r\n<p class="gathalast">Chāyā kena nivāraye.</p>\r\n<p class="hangnum"><a name="para93"></a><span class="paranum">93</span>.</p>\r\n<p class="gatha1"> </p>','\r',char(13)),'\n',char(10)),'-93-');
INSERT INTO pages (bookid, page, content, paranum) VALUES('annya_niti_gantha_sangaho_e1008n',68,replace(replace('<p class="gatha1">Paṭhame <a name="M0.0068"></a> najjitā vijjā,</p>\r\n<p class="gatha2">Dutīye najjitaṃ dhanaṃ;</p>\r\n<p class="gatha3">Tatīye najjitaṃ puññaṃ,</p>\r\n<p class="gathalast">Catutthe kiṃkarissati.</p>\r\n<p class="hangnum"><a name="para94"></a><span class="paranum">94</span>.</p>\r\n<p class="gatha1"> Nadīkūleca ye vakkhā,</p>\r\n<p class="gatha2">Parahatthagataṃ dhanaṃ;</p>\r\n<p class="gatha3">Kiccaṃ thīgocaraṃ yassa,</p>\r\n<p class="gathalast">Sabbaṃ taṃ viphalaṃ bhave.</p>\r\n<p class="hangnum"><a name="para95"></a><span class="paranum">95</span>.</p>\r\n<p class="gatha1"> </p>','\r',char(13)),'\n',char(10)),'-94-95-');
INSERT INTO pages (bookid, page, content, paranum) VALUES('annya_niti_gantha_sangaho_e1008n',69,replace(replace('<p class="gatha1">Kudesamāsajja <a name="M0.0069"></a> kutotthasañcayo,</p>\r\n<p class="gatha2">Kuputtamāsajja kuto jalañjalī;</p>\r\n<p class="gatha3">Kugehiniṃ pāpya gahe kuto sukhaṃ,</p>\r\n<p class="gathalast">Kusissamajjhāpayato kuto yaso.</p>\r\n<p class="hangnum"><a name="para96"></a><span class="paranum">96</span>.</p>\r\n<p class="gatha1"> </p>','\r',char(13)),'\n',char(10)),'-96-');
INSERT INTO pages (bookid, page, content, paranum) VALUES('annya_niti_gantha_sangaho_e1008n',70,replace(replace('<p class="gatha1">Kūpodakaṃ <a name="M0.0070"></a> vaṭacchāyā,</p>\r\n<p class="gatha2">Sāmā thīciṭṭhakālayaṃ;</p>\r\n<p class="gatha3">Sītakāle bhave uṇhaṃ,</p>\r\n<p class="gathalast">Gimhakāle ca sītalaṃ.</p>\r\n<p class="hangnum"><a name="para97"></a><span class="paranum">97</span>.</p>\r\n<p class="gatha1"> </p>','\r',char(13)),'\n',char(10)),'-97-');
INSERT INTO pages (bookid, page, content, paranum) VALUES('annya_niti_gantha_sangaho_e1008n',71,replace(replace('<p class="gatha1">Visaṃ <a name="M0.0071"></a> caṅkamanaṃ rattiṃ,</p>\r\n<p class="gatha2">Visaṃ raññonukulatā;</p>\r\n<p class="gatha3">Visaṃ thīpi aññāsattā,</p>\r\n<p class="gathalast">Visaṃ byādhi avekkhito.</p>\r\n<p class="hangnum"><a name="para98"></a><span class="paranum">98</span>.</p>\r\n<p class="gatha1"> </p>','\r',char(13)),'\n',char(10)),'-98-');
INSERT INTO pages (bookid, page, content, paranum) VALUES('annya_niti_gantha_sangaho_e1008n',72,replace(replace('<p class="gatha1">Duradhītā <a name="M0.0072"></a> visaṃ vijjā,</p>\r\n<p class="gatha2">Ajiṇṇe bhojanaṃ visaṃ;</p>\r\n<p class="gatha3">Visaṃ goṭṭhī daliddassa,</p>\r\n<p class="gathalast">Vuddhassa taruṇī visaṃ.</p>\r\n<p class="hangnum"><a name="para99"></a><span class="paranum">99</span>.</p>\r\n<p class="gatha1"> </p>','\r',char(13)),'\n',char(10)),'-99-');
INSERT INTO pages (bookid, page, content, paranum) VALUES('annya_niti_gantha_sangaho_e1008n',73,replace(replace('<p class="gatha1">Padose <a name="M0.0073"></a> nihato pantho,</p>\r\n<p class="gatha2">Patitā nihatā thiyo;</p>\r\n<p class="gatha3">Appabījaṃ hataṃ khettaṃ,</p>\r\n<p class="gathalast">Bhaccadosā hato pabhū.</p>\r\n<p class="hangnum"><a name="para100"></a><span class="paranum">100</span>.</p>\r\n<p class="gatha1"> Hatamasottiyaṃ saddhaṃ,</p>\r\n<p class="gatha2">Hato yañño tvadakkhiṇo;</p>\r\n<p class="gatha3">Hatā rūpavatī vañjhā,</p>\r\n<p class="gathalast">Hataṃ senamanāyakaṃ.</p>\r\n<p class="hangnum"><a name="para101"></a><span class="paranum">101</span>.</p>\r\n<p class="gatha1"> </p>','\r',char(13)),'\n',char(10)),'-100-101-');
INSERT INTO pages (bookid, page, content, paranum) VALUES('annya_niti_gantha_sangaho_e1008n',74,replace(replace('<p class="gatha1">Vedavedaṅga <a name="M0.0074"></a> tattañño,</p>\r\n<p class="gatha2">Japahomaparāyano;</p>\r\n<p class="gatha3">Āsīvādavacoyutto,</p>\r\n<p class="gathalast">Esa rājapurohito.</p>\r\n<p class="hangnum"><a name="para102"></a><span class="paranum">102</span>.</p>\r\n<p class="gatha1"> Kulasīlaguṇopeto,</p>\r\n<p class="gatha2">Sabbadhammaparāyano;</p>\r\n<p class="gatha3">Pavīṇo pesanādyakkho,</p>\r\n<p class="gathalast">Dhammādyakkho vidhīyate.</p>\r\n<p class="hangnum"><a name="para103"></a><span class="paranum">103</span>.</p>\r\n<p class="gatha1"> Ayubbedakatābhyāso,</p>\r\n<p class="gatha2">Sabbesaṃ piyadassano;</p>\r\n<p class="gatha3">Ariyasīlaguṇopeto,</p>\r\n<p class="gathalast">Esa vajjo vidhīyate.</p>\r\n<p class="hangnum"><a name="para104"></a><span class="paranum">104</span>.</p>\r\n<p class="gatha1"> </p>','\r',char(13)),'\n',char(10)),'-102-103-104-');
INSERT INTO pages (bookid, page, content, paranum) VALUES('annya_niti_gantha_sangaho_e1008n',76,replace(replace('<p class="gatha1">Sakiṃdutta <a name="M0.0076"></a> gahitattho,</p>\r\n<p class="gatha2">Lahuhattho jitakkharo;</p>\r\n<p class="gatha3">Sabbasattha samālokī,</p>\r\n<p class="gathalast">Pakaṭṭho nāma lekhako.</p>\r\n<p class="hangnum"><a name="para105"></a><span class="paranum">105</span>.</p>\r\n<p class="gatha1"> Samattanītisattañño,</p>\r\n<p class="gatha2">Vāhane pūjitassamo;</p>\r\n<p class="gatha3">Sūravīraguṇopeto,</p>\r\n<p class="gathalast">Senādhyakkho vidhīyate.</p>\r\n<p class="hangnum"><a name="para106"></a><span class="paranum">106</span>.</p>\r\n<p class="gatha1"> </p>','\r',char(13)),'\n',char(10)),'-105-106-');
INSERT INTO pages (bookid, page, content, paranum) VALUES('annya_niti_gantha_sangaho_e1008n',78,replace(replace('<p class="gatha1">Sucī <a name="M0.0078"></a> vākyapaṭuppañño,</p>\r\n<p class="gatha2">Paracittopalakkhako;</p>\r\n<p class="gatha3">Dhīro yathāttha vādī ca,</p>\r\n<p class="gathalast">Esa dūto vidhīyate.</p>\r\n<p class="hangnum"><a name="para107"></a><span class="paranum">107</span>.</p>\r\n<p class="gatha1"> Puttanatta guṇopeto,</p>\r\n<p class="gatha2">Satthañño piṭṭhapācako;</p>\r\n<p class="gatha3">Sūro ca kathinoceva,</p>\r\n<p class="gathalast">Sūpakāro sa uccate.</p>\r\n<p class="hangnum"><a name="para108"></a><span class="paranum">108</span>.</p>\r\n<p class="gatha1"> </p>','\r',char(13)),'\n',char(10)),'-107-108-');
INSERT INTO pages (bookid, page, content, paranum) VALUES('annya_niti_gantha_sangaho_e1008n',79,replace(replace('<p class="gatha1">Iṅgitā <a name="M0.0079"></a> kāratattañño,</p>\r\n<p class="gatha2">Balavā piyadassano;</p>\r\n<p class="gatha3">Appamādī sadā dakkho,</p>\r\n<p class="gathalast">Patihāro sa uccate.</p>\r\n<p class="hangnum"><a name="para109"></a><span class="paranum">109</span>.</p>\r\n<p class="gatha1"> </p>','\r',char(13)),'\n',char(10)),'-109-');
INSERT INTO pages (bookid, page, content, paranum) VALUES('annya_niti_gantha_sangaho_e1008n',80,replace(replace('<p class="gatha1">Yassa <a name="M0.0080"></a> natthi sayaṃ paññā,</p>\r\n<p class="gatha2">Satthaṃ tassa karoti kiṃ;</p>\r\n<p class="gatha3">Locanehi vihīnassa,</p>\r\n<p class="gathalast">Dappaṇo kiṃkarissati.</p>\r\n<p class="hangnum"><a name="para110"></a><span class="paranum">110</span>.</p>\r\n<p class="gatha1"> Kiṃkarissanti vattāro,</p>\r\n<p class="gatha2">Sotaṃ yattha navijjate;</p>\r\n<p class="gatha3">Naggakapaṇake dese,</p>\r\n<p class="gathalast">Rajaṇo kiṃkarissati.</p>','\r',char(13)),'\n',char(10)),'-110-');