DELETE FROM category WHERE id='annya_buddha_vandana_gantha_sanggaho';
INSERT INTO category (id, name, basket) VALUES('annya_buddha_vandana_gantha_sanggaho', 'Buddha-vandanā gantha-saṅgaho', 'annya');
DELETE FROM books where id='annya_buddha_vandana_gantha_sanggaho_e0601n';
INSERT INTO books VALUES('annya_buddha_vandana_gantha_sanggaho_e0601n','annya','annya_buddha_vandana_gantha_sanggaho','Namakkārapāḷi',1,226,227);
DELETE FROM tocs where book_id='annya_buddha_vandana_gantha_sanggaho_e0601n';
INSERT INTO tocs VALUES('annya_buddha_vandana_gantha_sanggaho_e0601n','Namakkārapāḷi','chapter',1);
INSERT INTO tocs VALUES('annya_buddha_vandana_gantha_sanggaho_e0601n','Namakkāraṭīkā','chapter',6);
INSERT INTO tocs VALUES('annya_buddha_vandana_gantha_sanggaho_e0601n','Nigamana','subhead',224);
DELETE FROM paragraphs where book_id='annya_buddha_vandana_gantha_sanggaho_e0601n';
INSERT INTO paragraphs VALUES('annya_buddha_vandana_gantha_sanggaho_e0601n',1,1);
INSERT INTO paragraphs VALUES('annya_buddha_vandana_gantha_sanggaho_e0601n',2,1);
INSERT INTO paragraphs VALUES('annya_buddha_vandana_gantha_sanggaho_e0601n',3,1);
INSERT INTO paragraphs VALUES('annya_buddha_vandana_gantha_sanggaho_e0601n',4,1);
INSERT INTO paragraphs VALUES('annya_buddha_vandana_gantha_sanggaho_e0601n',5,1);
INSERT INTO paragraphs VALUES('annya_buddha_vandana_gantha_sanggaho_e0601n',6,1);
INSERT INTO paragraphs VALUES('annya_buddha_vandana_gantha_sanggaho_e0601n',7,2);
INSERT INTO paragraphs VALUES('annya_buddha_vandana_gantha_sanggaho_e0601n',8,2);
INSERT INTO paragraphs VALUES('annya_buddha_vandana_gantha_sanggaho_e0601n',9,2);
INSERT INTO paragraphs VALUES('annya_buddha_vandana_gantha_sanggaho_e0601n',10,2);
INSERT INTO paragraphs VALUES('annya_buddha_vandana_gantha_sanggaho_e0601n',11,2);
INSERT INTO paragraphs VALUES('annya_buddha_vandana_gantha_sanggaho_e0601n',12,2);
INSERT INTO paragraphs VALUES('annya_buddha_vandana_gantha_sanggaho_e0601n',13,2);
INSERT INTO paragraphs VALUES('annya_buddha_vandana_gantha_sanggaho_e0601n',14,3);
INSERT INTO paragraphs VALUES('annya_buddha_vandana_gantha_sanggaho_e0601n',15,3);
INSERT INTO paragraphs VALUES('annya_buddha_vandana_gantha_sanggaho_e0601n',16,3);
INSERT INTO paragraphs VALUES('annya_buddha_vandana_gantha_sanggaho_e0601n',17,3);
INSERT INTO paragraphs VALUES('annya_buddha_vandana_gantha_sanggaho_e0601n',18,3);
INSERT INTO paragraphs VALUES('annya_buddha_vandana_gantha_sanggaho_e0601n',19,3);
INSERT INTO paragraphs VALUES('annya_buddha_vandana_gantha_sanggaho_e0601n',20,3);
INSERT INTO paragraphs VALUES('annya_buddha_vandana_gantha_sanggaho_e0601n',21,4);
INSERT INTO paragraphs VALUES('annya_buddha_vandana_gantha_sanggaho_e0601n',22,4);
INSERT INTO paragraphs VALUES('annya_buddha_vandana_gantha_sanggaho_e0601n',23,4);
INSERT INTO paragraphs VALUES('annya_buddha_vandana_gantha_sanggaho_e0601n',24,4);
INSERT INTO paragraphs VALUES('annya_buddha_vandana_gantha_sanggaho_e0601n',25,5);
INSERT INTO paragraphs VALUES('annya_buddha_vandana_gantha_sanggaho_e0601n',26,5);
INSERT INTO paragraphs VALUES('annya_buddha_vandana_gantha_sanggaho_e0601n',27,5);
INSERT INTO paragraphs VALUES('annya_buddha_vandana_gantha_sanggaho_e0601n',28,5);
INSERT INTO paragraphs VALUES('annya_buddha_vandana_gantha_sanggaho_e0601n',29,6);
INSERT INTO paragraphs VALUES('annya_buddha_vandana_gantha_sanggaho_e0601n',30,6);
INSERT INTO paragraphs VALUES('annya_buddha_vandana_gantha_sanggaho_e0601n',31,6);
INSERT INTO paragraphs VALUES('annya_buddha_vandana_gantha_sanggaho_e0601n',32,6);
INSERT INTO paragraphs VALUES('annya_buddha_vandana_gantha_sanggaho_e0601n',33,6);
INSERT INTO paragraphs VALUES('annya_buddha_vandana_gantha_sanggaho_e0601n',1,6);
INSERT INTO paragraphs VALUES('annya_buddha_vandana_gantha_sanggaho_e0601n',2,7);
INSERT INTO paragraphs VALUES('annya_buddha_vandana_gantha_sanggaho_e0601n',3,7);
INSERT INTO paragraphs VALUES('annya_buddha_vandana_gantha_sanggaho_e0601n',4,7);
INSERT INTO paragraphs VALUES('annya_buddha_vandana_gantha_sanggaho_e0601n',5,7);
INSERT INTO paragraphs VALUES('annya_buddha_vandana_gantha_sanggaho_e0601n',6,7);
INSERT INTO paragraphs VALUES('annya_buddha_vandana_gantha_sanggaho_e0601n',7,7);
INSERT INTO paragraphs VALUES('annya_buddha_vandana_gantha_sanggaho_e0601n',1,7);
INSERT INTO paragraphs VALUES('annya_buddha_vandana_gantha_sanggaho_e0601n',1,7);
INSERT INTO paragraphs VALUES('annya_buddha_vandana_gantha_sanggaho_e0601n',1,9);
INSERT INTO paragraphs VALUES('annya_buddha_vandana_gantha_sanggaho_e0601n',2,22);
INSERT INTO paragraphs VALUES('annya_buddha_vandana_gantha_sanggaho_e0601n',2,22);
INSERT INTO paragraphs VALUES('annya_buddha_vandana_gantha_sanggaho_e0601n',3,31);
INSERT INTO paragraphs VALUES('annya_buddha_vandana_gantha_sanggaho_e0601n',3,31);
INSERT INTO paragraphs VALUES('annya_buddha_vandana_gantha_sanggaho_e0601n',4,36);
INSERT INTO paragraphs VALUES('annya_buddha_vandana_gantha_sanggaho_e0601n',4,37);
INSERT INTO paragraphs VALUES('annya_buddha_vandana_gantha_sanggaho_e0601n',5,42);
INSERT INTO paragraphs VALUES('annya_buddha_vandana_gantha_sanggaho_e0601n',5,42);
INSERT INTO paragraphs VALUES('annya_buddha_vandana_gantha_sanggaho_e0601n',6,46);
INSERT INTO paragraphs VALUES('annya_buddha_vandana_gantha_sanggaho_e0601n',6,46);
INSERT INTO paragraphs VALUES('annya_buddha_vandana_gantha_sanggaho_e0601n',7,57);
INSERT INTO paragraphs VALUES('annya_buddha_vandana_gantha_sanggaho_e0601n',7,57);
INSERT INTO paragraphs VALUES('annya_buddha_vandana_gantha_sanggaho_e0601n',8,61);
INSERT INTO paragraphs VALUES('annya_buddha_vandana_gantha_sanggaho_e0601n',8,61);
INSERT INTO paragraphs VALUES('annya_buddha_vandana_gantha_sanggaho_e0601n',9,68);
INSERT INTO paragraphs VALUES('annya_buddha_vandana_gantha_sanggaho_e0601n',9,69);
INSERT INTO paragraphs VALUES('annya_buddha_vandana_gantha_sanggaho_e0601n',10,73);
INSERT INTO paragraphs VALUES('annya_buddha_vandana_gantha_sanggaho_e0601n',10,74);
INSERT INTO paragraphs VALUES('annya_buddha_vandana_gantha_sanggaho_e0601n',11,77);
INSERT INTO paragraphs VALUES('annya_buddha_vandana_gantha_sanggaho_e0601n',11,78);
INSERT INTO paragraphs VALUES('annya_buddha_vandana_gantha_sanggaho_e0601n',12,83);
INSERT INTO paragraphs VALUES('annya_buddha_vandana_gantha_sanggaho_e0601n',12,84);
INSERT INTO paragraphs VALUES('annya_buddha_vandana_gantha_sanggaho_e0601n',13,88);
INSERT INTO paragraphs VALUES('annya_buddha_vandana_gantha_sanggaho_e0601n',13,89);
INSERT INTO paragraphs VALUES('annya_buddha_vandana_gantha_sanggaho_e0601n',14,94);
INSERT INTO paragraphs VALUES('annya_buddha_vandana_gantha_sanggaho_e0601n',14,95);
INSERT INTO paragraphs VALUES('annya_buddha_vandana_gantha_sanggaho_e0601n',15,99);
INSERT INTO paragraphs VALUES('annya_buddha_vandana_gantha_sanggaho_e0601n',15,100);
INSERT INTO paragraphs VALUES('annya_buddha_vandana_gantha_sanggaho_e0601n',16,105);
INSERT INTO paragraphs VALUES('annya_buddha_vandana_gantha_sanggaho_e0601n',16,105);
INSERT INTO paragraphs VALUES('annya_buddha_vandana_gantha_sanggaho_e0601n',17,109);
INSERT INTO paragraphs VALUES('annya_buddha_vandana_gantha_sanggaho_e0601n',17,109);
INSERT INTO paragraphs VALUES('annya_buddha_vandana_gantha_sanggaho_e0601n',18,115);
INSERT INTO paragraphs VALUES('annya_buddha_vandana_gantha_sanggaho_e0601n',18,115);
INSERT INTO paragraphs VALUES('annya_buddha_vandana_gantha_sanggaho_e0601n',19,123);
INSERT INTO paragraphs VALUES('annya_buddha_vandana_gantha_sanggaho_e0601n',19,123);
INSERT INTO paragraphs VALUES('annya_buddha_vandana_gantha_sanggaho_e0601n',20,133);
INSERT INTO paragraphs VALUES('annya_buddha_vandana_gantha_sanggaho_e0601n',20,133);
INSERT INTO paragraphs VALUES('annya_buddha_vandana_gantha_sanggaho_e0601n',21,153);
INSERT INTO paragraphs VALUES('annya_buddha_vandana_gantha_sanggaho_e0601n',21,154);
INSERT INTO paragraphs VALUES('annya_buddha_vandana_gantha_sanggaho_e0601n',22,161);
INSERT INTO paragraphs VALUES('annya_buddha_vandana_gantha_sanggaho_e0601n',22,162);
INSERT INTO paragraphs VALUES('annya_buddha_vandana_gantha_sanggaho_e0601n',23,168);
INSERT INTO paragraphs VALUES('annya_buddha_vandana_gantha_sanggaho_e0601n',24,168);
INSERT INTO paragraphs VALUES('annya_buddha_vandana_gantha_sanggaho_e0601n',25,168);
INSERT INTO paragraphs VALUES('annya_buddha_vandana_gantha_sanggaho_e0601n',23,169);
INSERT INTO paragraphs VALUES('annya_buddha_vandana_gantha_sanggaho_e0601n',24,179);
INSERT INTO paragraphs VALUES('annya_buddha_vandana_gantha_sanggaho_e0601n',25,185);
INSERT INTO paragraphs VALUES('annya_buddha_vandana_gantha_sanggaho_e0601n',23,193);
INSERT INTO paragraphs VALUES('annya_buddha_vandana_gantha_sanggaho_e0601n',24,193);
INSERT INTO paragraphs VALUES('annya_buddha_vandana_gantha_sanggaho_e0601n',25,194);
INSERT INTO paragraphs VALUES('annya_buddha_vandana_gantha_sanggaho_e0601n',1,195);
INSERT INTO paragraphs VALUES('annya_buddha_vandana_gantha_sanggaho_e0601n',26,195);
INSERT INTO paragraphs VALUES('annya_buddha_vandana_gantha_sanggaho_e0601n',26,196);
INSERT INTO paragraphs VALUES('annya_buddha_vandana_gantha_sanggaho_e0601n',27,201);
INSERT INTO paragraphs VALUES('annya_buddha_vandana_gantha_sanggaho_e0601n',28,202);
INSERT INTO paragraphs VALUES('annya_buddha_vandana_gantha_sanggaho_e0601n',27,202);
INSERT INTO paragraphs VALUES('annya_buddha_vandana_gantha_sanggaho_e0601n',28,208);
INSERT INTO paragraphs VALUES('annya_buddha_vandana_gantha_sanggaho_e0601n',29,217);
INSERT INTO paragraphs VALUES('annya_buddha_vandana_gantha_sanggaho_e0601n',30,217);
INSERT INTO paragraphs VALUES('annya_buddha_vandana_gantha_sanggaho_e0601n',31,217);
INSERT INTO paragraphs VALUES('annya_buddha_vandana_gantha_sanggaho_e0601n',32,217);
INSERT INTO paragraphs VALUES('annya_buddha_vandana_gantha_sanggaho_e0601n',33,217);
INSERT INTO paragraphs VALUES('annya_buddha_vandana_gantha_sanggaho_e0601n',29,217);
INSERT INTO paragraphs VALUES('annya_buddha_vandana_gantha_sanggaho_e0601n',30,219);
INSERT INTO paragraphs VALUES('annya_buddha_vandana_gantha_sanggaho_e0601n',31,220);
INSERT INTO paragraphs VALUES('annya_buddha_vandana_gantha_sanggaho_e0601n',32,220);
INSERT INTO paragraphs VALUES('annya_buddha_vandana_gantha_sanggaho_e0601n',33,223);
DELETE FROM pages where bookid='annya_buddha_vandana_gantha_sanggaho_e0601n';
INSERT INTO pages (bookid, page, content, paranum) VALUES('annya_buddha_vandana_gantha_sanggaho_e0601n',1,replace(replace('<p class="centered"> Namo tassa bhagavato arahato sammāsambuddhassa</p>\r\n<p class="chapter">Namakkārapāḷi</p>\r\n<p class="hangnum"><a name="para1"></a><span class="paranum">1</span>.</p>\r\n<p class="gatha1"> </p>','\r',char(13)),'\n',char(10)),'-1-');
INSERT INTO pages (bookid, page, content, paranum) VALUES('annya_buddha_vandana_gantha_sanggaho_e0601n',1,replace(replace('<p class="gatha1">Sugataṃ <a name="M0.0001"></a> sugataṃ seṭṭhaṃ, kusalaṃkusalaṃ jahaṃ;</p>\r\n<p class="gathalast">Amataṃ amataṃ santaṃ, asamaṃ asamaṃ dadaṃ.</p>\r\n<p class="gatha1">Saraṇaṃ saraṇaṃ lokaṃ, araṇaṃ araṇaṃ karaṃ;</p>\r\n<p class="gathalast">Abhayaṃ abhayaṃ ṭhānaṃ, nāyakaṃ nāyakaṃ name.</p>\r\n<p class="hangnum"><a name="para2"></a><span class="paranum">2</span>.</p>\r\n<p class="gatha1"> Nayanasubhagakāyaṅgaṃ,</p>\r\n<p class="gatha2">Madhuravarasaropetaṃ;</p>\r\n<p class="gatha3">Amitaguṇagaṇādhāraṃ,</p>\r\n<p class="gathalast">Dasabalamatulaṃ vande.</p>\r\n<p class="hangnum"><a name="para3"></a><span class="paranum">3</span>.</p>\r\n<p class="gatha1"> Yo buddho dhitimāññadhārako,</p>\r\n<p class="gatha2">Saṃsāre anubhosi kāyikaṃ;</p>\r\n<p class="gatha3">Dukkhaṃ cetasikañca lokato,</p>\r\n<p class="gathalast">Taṃ vande naradevamaṅgalaṃ.</p>\r\n<p class="hangnum"><a name="para4"></a><span class="paranum">4</span>.</p>\r\n<p class="gatha1"> Bāttiṃsatilakkhaṇacitradehaṃ,</p>\r\n<p class="gatha2">Dehajjutiniggatapajjalantaṃ;</p>\r\n<p class="gatha3">Paññādhitisīlaguṇoghavindaṃ,</p>\r\n<p class="gathalast">Vande munimantimajātiyuttaṃ.</p>\r\n<p class="hangnum"><a name="para5"></a><span class="paranum">5</span>.</p>\r\n<p class="gatha1"> Pātodayaṃ bāladivākaraṃva,</p>\r\n<p class="gatha2">Majjhe yatīnaṃ lalitaṃ sirīhi;</p>\r\n<p class="gatha3">Puṇṇindusaṅkāsamukhaṃ anejaṃ,</p>\r\n<p class="gathalast">Vandāmi sabbaññumahaṃ munindaṃ.</p>\r\n<p class="hangnum"><a name="para6"></a><span class="paranum">6</span>.</p>\r\n<p class="gatha1"> </p>','\r',char(13)),'\n',char(10)),'-2-3-4-5-6-');
INSERT INTO pages (bookid, page, content, paranum) VALUES('annya_buddha_vandana_gantha_sanggaho_e0601n',2,replace(replace('<p class="gatha1">Upetapuñño <a name="M0.0002"></a> varabodhimūle,</p>\r\n<p class="gatha2">Sasenamāraṃ sugato jinitvā;</p>\r\n<p class="gatha3">Abojjhi bodhiṃ aruṇodayamhi,</p>\r\n<p class="gathalast">Namāmi taṃ mārajinaṃ abhaṅgaṃ.</p>\r\n<p class="hangnum"><a name="para7"></a><span class="paranum">7</span>.</p>\r\n<p class="gatha1"> Rāgādichedāmalañāṇakhaggaṃ,</p>\r\n<p class="gatha2">Satīsamaññāphalakābhigāhaṃ;</p>\r\n<p class="gatha3">Sīloghalaṅkāravibhūsitaṃ taṃ,</p>\r\n<p class="gathalast">Namāmibhiññāvaramiddhupetaṃ.</p>\r\n<p class="hangnum"><a name="para8"></a><span class="paranum">8</span>.</p>\r\n<p class="gatha1"> Dayālayaṃ sabbadhi dukkaraṃ karaṃ,</p>\r\n<p class="gatha2">Bhavaṇṇavātikkamamaggataṃ gataṃ;</p>\r\n<p class="gatha3">Tilokanāthaṃ susamāhitaṃ hitaṃ,</p>\r\n<p class="gathalast">Samantacakkhuṃ paṇamāmi taṃmitaṃ.</p>\r\n<p class="hangnum"><a name="para9"></a><span class="paranum">9</span>.</p>\r\n<p class="gatha1"> Tahiṃ tahiṃ pāramisañcayaṃ cayaṃ,</p>\r\n<p class="gatha2">Gataṃ gataṃ sabbhi sukhappadaṃ padaṃ;</p>\r\n<p class="gatha3">Narānarānaṃ sukhasambhavaṃ bhavaṃ,</p>\r\n<p class="gathalast">Namānamānaṃ jinapuṅgavaṃ gavaṃ.</p>\r\n<p class="hangnum"><a name="para10"></a><span class="paranum">10</span>.</p>\r\n<p class="gatha1"> Maggaṅganāvaṃ munidakkhanāviko,</p>\r\n<p class="gatha2">Īhāphiyaṃ ñāṇakarena gāhako;</p>\r\n<p class="gatha3">Āruyha yo tāya bahū bhavaṇṇavā,</p>\r\n<p class="gathalast">Tāresi taṃ buddhamaghappahaṃ name.</p>\r\n<p class="hangnum"><a name="para11"></a><span class="paranum">11</span>.</p>\r\n<p class="gatha1"> Samatiṃsatipāramisambharaṇaṃ,</p>\r\n<p class="gatha2">Varabodhidume catusaccadasaṃ;</p>\r\n<p class="gatha3">Varamiddhigataṃ naradevahitaṃ,</p>\r\n<p class="gathalast">Tibhavūpasamaṃ paṇamāmi jinaṃ.</p>\r\n<p class="hangnum"><a name="para12"></a><span class="paranum">12</span>.</p>\r\n<p class="gatha1"> Satapuññajalakkhaṇikaṃ virajaṃ,</p>\r\n<p class="gatha2">Gaganūpamadhiṃ dhitimerusamaṃ;</p>\r\n<p class="gatha3">Jalajūpamasītalasīlayutaṃ,</p>\r\n<p class="gathalast">Pathavīsahanaṃ paṇamāmi jinaṃ.</p>\r\n<p class="hangnum"><a name="para13"></a><span class="paranum">13</span>.</p>\r\n<p class="gatha1"> </p>','\r',char(13)),'\n',char(10)),'-7-8-9-10-11-12-13-');
INSERT INTO pages (bookid, page, content, paranum) VALUES('annya_buddha_vandana_gantha_sanggaho_e0601n',3,replace(replace('<p class="gatha1">Yo <a name="M0.0003"></a> buddho sumati dive divākarova,</p>\r\n<p class="gatha2">Sobhanto ratijanane silāsanamhi;</p>\r\n<p class="gatha3">Āsīno sivasukhadaṃ adesi dhammaṃ,</p>\r\n<p class="gathalast">Devānaṃ tamasadisaṃ namāmi niccaṃ.</p>\r\n<p class="hangnum"><a name="para14"></a><span class="paranum">14</span>.</p>\r\n<p class="gatha1"> Yo pādapaṅkajamuduttalarājikehi,</p>\r\n<p class="gatha2">Lokehi tīhivikalehi nirākulehi;</p>\r\n<p class="gatha3">Sampāpuṇe nirupameyyatameva nātho,</p>\r\n<p class="gathalast">Taṃ sabbalokamahitaṃ asamaṃ namāmi.</p>\r\n<p class="hangnum"><a name="para15"></a><span class="paranum">15</span>.</p>\r\n<p class="gatha1"> Buddhaṃ narānarasamosaraṇaṃ dhitattaṃ,</p>\r\n<p class="gatha2">Paññāpadīpajutiyā vihatandhakāraṃ;</p>\r\n<p class="gatha3">Atthābhikāmanaradevahitāvahaṃ taṃ,</p>\r\n<p class="gathalast">Vandāmi kāruṇikamaggamanantañāṇaṃ.</p>\r\n<p class="hangnum"><a name="para16"></a><span class="paranum">16</span>.</p>\r\n<p class="gatha1"> Akhilaguṇanidhāno yo munindopagantvā,</p>\r\n<p class="gatha2">Vanamisipatanavhaṃ saññatānaṃ niketaṃ;</p>\r\n<p class="gatha3">Tahimakusalachedaṃ dhammacakkaṃ pavatto,</p>\r\n<p class="gathalast">Tamatulamabhikantaṃ vandaneyyaṃ namāmi.</p>\r\n<p class="hangnum"><a name="para17"></a><span class="paranum">17</span>.</p>\r\n<p class="gatha1"> Suciparivāritaṃ surucirappabhāhi rattaṃ,</p>\r\n<p class="gatha2">Sirivisarālayaṃ gupitamindriyehupetaṃ;</p>\r\n<p class="gatha3">Ravisasimaṇḍalappabhutilakkhaṇopacittaṃ,</p>\r\n<p class="gathalast">Suranarapūjitaṃ sugatamādaraṃ namāmi.</p>\r\n<p class="hangnum"><a name="para18"></a><span class="paranum">18</span>.</p>\r\n<p class="gatha1"> Maggoḷumpena muhapaṭighāsādiullolavīciṃ,</p>\r\n<p class="gatha2">Saṃsāroghaṃ tari tamabhayaṃ pārapattaṃ pajānaṃ;</p>\r\n<p class="gatha3">Tāṇaṃ leṇaṃ asamasaraṇaṃ ekatitthaṃ patiṭṭhaṃ,</p>\r\n<p class="gathalast">Puññakkhettaṃ paramasukhadaṃ dhammarājaṃ namāmi.</p>\r\n<p class="hangnum"><a name="para19"></a><span class="paranum">19</span>.</p>\r\n<p class="gatha1"> Kaṇḍambaṃmūle parahitakaro yo munindo nisinno,</p>\r\n<p class="gatha2">Accheraṃ sīghaṃ nayanasubhagaṃ ākulaṇṇaggijālaṃ;</p>\r\n<p class="gatha3">Dujjāladdhaṃsaṃ munibhijahitaṃ pāṭiheraṃ akāsi,</p>\r\n<p class="gathalast">Vande taṃ seṭṭhaṃ paramaratijaṃ iddhidhammehupetaṃ.</p>\r\n<p class="hangnum"><a name="para20"></a><span class="paranum">20</span>.</p>\r\n<p class="gatha1"> </p>','\r',char(13)),'\n',char(10)),'-14-15-16-17-18-19-20-');
INSERT INTO pages (bookid, page, content, paranum) VALUES('annya_buddha_vandana_gantha_sanggaho_e0601n',4,replace(replace('<p class="gatha1">Munindakko <a name="M0.0004"></a> yveko dayudayaruṇo ñāṇavitthiṇṇabimbo,</p>\r\n<p class="gatha2">Vineyyappāṇoghaṃ kamalakathitaṃ dhammaraṃsīvarehi;</p>\r\n<p class="gatha3">Subodhesī suddhe tibhavakuhare byāpitakkittinañca,</p>\r\n<p class="gathalast">Tilokekaccakkhuṃ dukhamasahanaṃ taṃ mahesiṃ namāmi.</p>\r\n<p class="hangnum"><a name="para21"></a><span class="paranum">21</span>.</p>\r\n<p class="gatha1"> Yo jino anekajātiyaṃ saputtadāramaṅgajīvitampi,</p>\r\n<p class="gatha2">Bodhipemato alaggamānaso adāsiyeva atthikassa;</p>\r\n<p class="gatha3">Dānapāramiṃ tato paraṃ apūri sīlapāramādikampi,</p>\r\n<p class="gathalast">Tāsamiddhiyopayātamaggataṃ tamekadīpakaṃ namāmi.</p>\r\n<p class="hangnum"><a name="para22"></a><span class="paranum">22</span>.</p>\r\n<p class="gatha1"> Devādevātidevaṃ nidhanavapudharaṃ mārabhaṅgaṃ abhaṅgaṃ,</p>\r\n<p class="gatha2">Dīpaṃ dīpaṃ pajānaṃ jayavarasayane bodhipattaṃdhipattaṃ;</p>\r\n<p class="gatha3">Brahmābrahmāgatānaṃ varagirakathikaṃ pāpahīnaṃ pahīnaṃ,</p>\r\n<p class="gathalast">Lokālokābhirāmaṃ satatamabhiname taṃ munindaṃ munindaṃ.</p>\r\n<p class="hangnum"><a name="para23"></a><span class="paranum">23</span>.</p>\r\n<p class="gatha1"> Buddho nigrodhabimbo mudukaracaraṇo brahmaghoseṇijaṅgho,</p>\r\n<p class="gatha2">Kosacchādaṅgajāto punarapi sugato suppatiṭṭhitapādo;</p>\r\n<p class="gatha3">Mūdodātuṇṇalomo athamapi sugato brahmujuggattabhāvo,</p>\r\n<p class="gathalast">Nīlakkhī dīghapaṇhī sukhumamalachavī thomyarasaggasaggī.</p>\r\n<p class="hangnum"><a name="para24"></a><span class="paranum">24</span>.</p>\r\n<p class="gatha1"> Cattālīsaggadanto samakalapanajo antaraṃsappapīno,</p>\r\n<p class="gathalast">Cakkenaṅkitapādo aviraḷadasano mārajussaṅkhapādo.</p>','\r',char(13)),'\n',char(10)),'-21-22-23-24-');
INSERT INTO pages (bookid, page, content, paranum) VALUES('annya_buddha_vandana_gantha_sanggaho_e0601n',5,replace(replace('<p class="gatha1">Tiṭṭhanto <a name="M0.0005"></a> nonamantobhayakaramudunā jaṇṇukānāmasanto,</p>\r\n<p class="gathalast">Vaṭṭakkhandho jino gotaruṇapakhumako sīhapubbaḍḍhakāyo.</p>\r\n<p class="hangnum"><a name="para25"></a><span class="paranum">25</span>.</p>\r\n<p class="gatha1"> Sattappīno ca dīghaṅguli matha sugato lomakūpekalomo,</p>\r\n<p class="gathalast">Sampannodātadāṭho kanakasamataco nīlamuddhaggalomo.</p>\r\n<p class="gatha1">Sambuddho thūlajivho atha sīhahanuko jālikappādahattho,</p>\r\n<p class="gathalast">Nātho uṇhīsasīso itiguṇasahitaṃ taṃ mahesiṃ namāmi.</p>\r\n<p class="hangnum"><a name="para26"></a><span class="paranum">26</span>.</p>\r\n<p class="gatha1"> Buddhobuddhotighoso atidulabhataro kā kathā buddhabhāvo,</p>\r\n<p class="gathalast">Loke tasmā vibhāvī vividhahitasukhaṃ sādhavo patthayantā.</p>\r\n<p class="gatha1">Iṭṭhaṃ atthaṃ vahantaṃ suranaramahitaṃ nibbhayaṃ dakkhiṇeyyaṃ,</p>\r\n<p class="gathalast">Lokānaṃ nandivaḍḍhaṃ dasabalamasamaṃ taṃ namassantu niccaṃ.</p>\r\n<p class="hangnum"><a name="para27"></a><span class="paranum">27</span>.</p>\r\n<p class="gatha1"> Puññenetena sohaṃ nipuṇamati sato samparāye ca titto,</p>\r\n<p class="gathalast">Dakkho diṭṭhujjupañño avikalavīriyo bhogavā saṃvibhāgī.</p>\r\n<p class="gatha1">Tikkho sūro dhitatto saparahitacaro dīghajīvī arogo,</p>\r\n<p class="gathalast">Dhañño vaṇṇo yasassī atibalavadharo kittimā khantupeto.</p>\r\n<p class="hangnum"><a name="para28"></a><span class="paranum">28</span>.</p>\r\n<p class="gatha1"> </p>','\r',char(13)),'\n',char(10)),'-25-26-27-28-');
INSERT INTO pages (bookid, page, content, paranum) VALUES('annya_buddha_vandana_gantha_sanggaho_e0601n',6,replace(replace('<p class="gatha1">Saddho <a name="M0.0006"></a> dātaṅgupeto paramasiridharo diṭṭhadhamme viratto,</p>\r\n<p class="gathalast">Lajjī kalyāṇamitto abhiratakusalo pañcasīlādirakkho.</p>\r\n<p class="gatha1">Appiccho appakodho ativujuhadayo iddhimā appameyyo,</p>\r\n<p class="gathalast">Pāsaṃso pemavāco sujanaguṇavidū māmako so bhaveyyaṃ.</p>\r\n<p class="hangnum"><a name="para29"></a><span class="paranum">29</span>.</p>\r\n<p class="gatha1"> Itthaṃ asaṅkhaye nātha, guṇe lakkhaṇadīpite;</p>\r\n<p class="gathalast">Gāthāsu sūcakāsveka, gāthampi sarate budho.</p>\r\n<p class="hangnum"><a name="para30"></a><span class="paranum">30</span>.</p>\r\n<p class="gatha1"> Caturāpāyamutto so, sādhakatthadvayassa ca;</p>\r\n<p class="gathalast">Hatūpaddavajālo ca, lābhī hitasukhassa ca.</p>\r\n<p class="hangnum"><a name="para31"></a><span class="paranum">31</span>.</p>\r\n<p class="gatha1"> Adhipo naradevānaṃ, catudīpissaropi vā;</p>\r\n<p class="gathalast">Bhaveyya antime dehe, tamaññaṃ setachattakaṃ.</p>\r\n<p class="hangnum"><a name="para32"></a><span class="paranum">32</span>.</p>\r\n<p class="gatha1"> Bhāvanāyānamāruyha, samamessati subbato;</p>\r\n<p class="gathalast">Imasmiṃ attabhāvepi, arogo dīghajīviko.</p>\r\n<p class="hangnum"><a name="para33"></a><span class="paranum">33</span>.</p>\r\n<p class="gatha1"> Pūjito sabbalokehi, bhāvanābhiratīmano;</p>\r\n<p class="gathalast">Janappiyo manāpo ca, kā kathākhiladhāraṇe.</p>\r\n<p class="centered">Namakkārapāḷi niṭṭhitā.</p>\r\n<p class="chapter">Namakkāraṭīkā</p>\r\n<p class="centered"> Namo tassa bhagavato arahato sammāsambuddhassa</p>\r\n<p class="hangnum"><a name="para1"></a><span class="paranum">1</span>.</p>\r\n<p class="gatha1"> </p>','\r',char(13)),'\n',char(10)),'-29-30-31-32-33-1-');
INSERT INTO pages (bookid, page, content, paranum) VALUES('annya_buddha_vandana_gantha_sanggaho_e0601n',7,replace(replace('<p class="gatha1">Sugatantyādivaṇṇehi<a name="M0.0007"></a>, pasatthañca sukhaddadaṃ;</p>\r\n<p class="gathalast">Vandantānaṃ jinaṃ natvā, dhammaṃ suddhaṃ gaṇuttamaṃ.</p>\r\n<p class="hangnum"><a name="para2"></a><span class="paranum">2</span>.</p>\r\n<p class="gatha1"> Namakkāraṃ hitatthīhi, porāṇācariyehi ca;</p>\r\n<p class="gathalast">Likhitvā ṭhapitaṃ puñña, buddhiyā tena vandinaṃ.</p>\r\n<p class="hangnum"><a name="para3"></a><span class="paranum">3</span>.</p>\r\n<p class="gatha1"> Tassatthavaṇṇanaṃ kassaṃ, gambhīratthasubodhanaṃ;</p>\r\n<p class="gathalast">Movipunāmena santena, sīlupetena yācito.</p>\r\n<p class="hangnum"><a name="para4"></a><span class="paranum">4</span>.</p>\r\n<p class="gatha1"> Vaṇṇantopi ca tassatthaṃ, taṃ taṃ aṭṭhakathādisu;</p>\r\n<p class="gathalast">Vuttañāyena kassāmi, saddhā suṇātha sādhavo.</p>\r\n<p class="hangnum"><a name="para5"></a><span class="paranum">5</span>.</p>\r\n<p class="gatha1"> Namanaṃ namatītī vā, namatī tena vā namo;</p>\r\n<p class="gathalast">Tassa kāronti tāhīti, namakkāroti vuccati.</p>\r\n<p class="hangnum"><a name="para6"></a><span class="paranum">6</span>.</p>\r\n<p class="gatha1"> Tañca buddhaghosācari, yena pubbasutaṃ kataṃ;</p>\r\n<p class="gathalast">Buddhaghosuppattiyañca, taṃ taṃ pana kathādisu.</p>\r\n<p class="hangnum"><a name="para7"></a><span class="paranum">7</span>.</p>\r\n<p class="gatha1"> Na diṭṭhaṃ katakāraṇaṃ, tasmā hitatthikehi ca;</p>\r\n<p class="gatha2">Porāṇācariyehī ca, ṭhapitanti mayā vuttaṃ;</p>\r\n<p class="gathalast">Taṃ kāraṇaṃ viññūhī ca, vicāretvā vijānitanti.</p>\r\n<p class="hangnum"><a name="para1"></a><span class="paranum">1</span>.</p>\r\n<p class="gatha1"> Sugataṃ sugataṃ seṭṭhaṃ, kusalaṃkusalaṃ jahaṃ;</p>\r\n<p class="gathalast">Amataṃ amataṃ santaṃ, asamaṃ asamaṃ dadaṃ.</p>\r\n<p class="gatha1">Saraṇaṃ saraṇaṃ lokaṃ, araṇaṃ araṇaṃ karaṃ;</p>\r\n<p class="gathalast">Abhayaṃ abhayaṃ ṭhānaṃ, nāyakaṃ nāyakaṃ name.</p>\r\n<p class="bodytext"><a name="para1"></a><span class="paranum">1</span>. [Ka] </p>','\r',char(13)),'\n',char(10)),'-2-3-4-5-6-7-1-1-');
INSERT INTO pages (bookid, page, content, paranum) VALUES('annya_buddha_vandana_gantha_sanggaho_e0601n',8,replace(replace('<p class="bodytext">idāni <a name="M0.0008"></a> paṭhamaṃ tāva sugatantyādīhi aṭṭhārasahi guṇehi thometvā buddhassa vanditukāmena sugatantiādi gāthādvayaṃ āraddhaṃ. Ayaṃ pana sabbapādādiyamakapathyā vattagāthāti daṭṭhabbaṃ. Taṃ pana yamakaṃ <span class="bld">subodhālaṅkāre</span> kiliṭṭhadosanti vuttaṃ.</p>\r\n<p class="bodytext">Vuttañhi tattha –</p>\r\n<p class="gatha1">‘‘Yaṃ kiliṭṭhapadaṃ mandā, bhidheyyaṃ yamakādikaṃ;</p>\r\n<p class="gathalast">Kiliṭṭhapadadoseva, tampi anto karīyatī’’ti.</p>\r\n<p class="bodytext">Ayaṃ panettha patītasaddaracitattāyeva pasādaguṇa saṅkhātena saddālaṅkārena saṃyuttā hoti. Tasmā taṃ yamakaṃ suvuttanti daṭṭhabbaṃ. Evaṃ parāsu yamakagāthāsu. Tena vuttaṃ punā <span class="bld">laṅkāre</span> –</p>\r\n<p class="gatha1">‘‘Patītasaddaracitaṃ, siliṭṭhapadasandhikaṃ;</p>\r\n<p class="gathalast">Pasādaguṇasaṃyuttaṃ, yamakaṃ matamedisa’’nti.</p>\r\n<p class="bodytext">Tattha <span class="bld">sugata</span>nti sobhanagamanattā sundaraṃ ṭhānaṃ gatattā sammā gatattā ca sugato, so hi sobhanaṃ ariyamaggena gacchatīti sugatoti vuccati, supubbo gamudhātu ta. Susaddo sobhanattho. Ariyamaggagamanena parisuddhaṃ anavajjaṃ khemaṃ disaṃ asajjamāno gatoti attho. Tañca gamanaṃ duvidhaṃ hoti kāyagamanaṃ, ñāṇagamanañcāti. Tattha bhagavato veneyyajanupasaṅkamanaṃ ekantena tesaṃ hitasukhassa nipphāda nato sobhanaṃ kāyena gamanaṃ kāyagamanaṃ nāma. Sayambhū ñāṇena pana sakalampi lokaṃ pariññābhisamayavasena parijānanato ñāṇena gamanaṃ ñāṇagamanaṃ nāma. Idha pana ñāṇagamanaṃ adhippetaṃ. <span class="bld">Aṅguttaraṭīkāyaṃ</span> pana ‘‘sobhanaṃ gataṃ gamanaṃ etassāti sugato’’ti vuttaṃ. Sundaraṃ ṭhānaṃ gacchatīti sugatoti ca vuccati, ārammaṇakaraṇavasena amataṃ nibbānaṃ </p>','\r',char(13)),'\n',char(10)),'');
INSERT INTO pages (bookid, page, content, paranum) VALUES('annya_buddha_vandana_gantha_sanggaho_e0601n',9,replace(replace('<p class="bodytext">gatoti <a name="M0.0009"></a> attho. Sammā aviparītaṃ cesa gacchatīti sugatoti vuccati. Susaddo sammāsaddattho. Tena tena maggena ye kilesā pahīnā, te kilese na puneti na pacceti na paccāgacchatīti attho. Atha vā sammā āgacchatīti sugatoti ca vuccati, dīpaṅkarapādamūlato pabhuti yāva bodhimaṇḍā tāva samatiṃsapāramipūrikāya sammāpaṭipattiyā sabbalokassa hitasukhameva karonto sassataṃ ucchedaṃ kāmasukhaṃ attakilamathañcāti ime cante anupagacchanto āgatoti attho. Taṃ sugataṃ buddhaṃ name namāmīti sambandho.</p>\r\n<p class="bodytext">Puna <span class="bld">sugata</span>nti sammā gadattā sugato. So hi sammā gadati bhāsatīti sugatoti vuccati. Supubbagadadhātu bhāsāyaṃ viyattiyaṃ vācāyaṃ vā, ta, dassa to. Chasu vācāsu yuttaṭṭhāne yuttameva dvivācaṃ bhāsatīti attho. Vuttañhi majjhimapaṇṇāsapāḷiyaṃ <span class="bld">abhayarājakumārasutte</span> –</p>\r\n<p class="bodytext"><a name="para1"></a><span class="paranum">1</span></p>\r\n<p class="bodytext">. ‘‘Rājakumāra yaṃ tathāgato taṃ vācaṃ jānāti abhūtaṃ atacchaṃ anatthasaṃhitaṃ, sā ca paresaṃ appiyā amanāpā, na taṃ tathāgato vācaṃ bhāsati. 2. Yampi tathāgato vācaṃ jānāti bhūtaṃ tacchaṃ anatthasaṃhitaṃ, sā ca paresaṃ appiyā amanāpā. Tampi tathāgato vācaṃ na bhāsati. 3. Yañca kho tathāgato vācaṃ jānāti bhūtaṃ tacchaṃ atthasaṃhitaṃ, sā ca paresaṃ appiyā amanāpā, tatrakālaññū tathāgato hoti tassā vācāya veyyākaraṇāya. 4. Yaṃ tathāgato vācaṃ jānāti abhūtaṃ atacchaṃ anatthasaṃhitaṃ, sā ca paresaṃ piyā manāpā, na taṃ tathāgato vācaṃ bhāsati. 5. Yampi tathāgato jānāti bhūtaṃ tacchaṃ anatthasaṃhitaṃ, sā ca paresaṃ piyā manāpā, tampi tathāgato vācaṃ na bhāsati. 6. Yañca kho tathāgato vācaṃ jānāti bhūtaṃ tacchaṃ atthasaṃhitaṃ, sā ca paresaṃ piyā </p>','\r',char(13)),'\n',char(10)),'-1-');
INSERT INTO pages (bookid, page, content, paranum) VALUES('annya_buddha_vandana_gantha_sanggaho_e0601n',10,replace(replace('<p class="bodytext">manāpā<a name="M0.0010"></a>. Tatra kālaññū tathāgato hoti tassā vācāya veyyākaraṇāyā’’ti.</p>\r\n<p class="bodytext">Ettha pāḷiyaṃ panesā sukhaggahaṇatthaṃ saṅkhepena veditabbā. Kathaṃ hesā abhūtā anatthasaṃhitā appiyā vācā ca, bhūtā anatthasaṃhitā appiyā vācā ca, bhūtā attha saṃhitā appiyā vācā ca, abhūtā anatthasaṃhitā piyā vācā ca, bhūtā anatthasaṃhitā piyā vācā ca, bhūtā atthasaṃhitā piyā vācā cāti chabbidhā hotīti. Tattha acoraṃyeva coro ayantiādivasena vattabbavācā paṭhamavācā nāma. Coraṃyeva coro ayantiādivasena vattabbavācā dutiyavācā nāma. Akatapuññatāya duggato dubbaṇṇo appesakkho, idha pana ṭhatvāpi puna puññaṃ na karoti, dutiyacittavāre kathaṃ catūhi apāyehi muccissatīti evaṃ mahājanassa atthapurekkhārena dhammapurekkhārena anusāsanīpurekkhārena vattabbavācā tatiyavācā nāma. Eko dhutto āha-mayhaṃ bho mātu mayi kucchigate kapiṭṭhaphaladohaḷo ahosi. Sā aññaṃ kapiṭṭhahārakaṃ alabhamānā maṃyeva pesesi. Ahaṃ gantvā rukkhaṃ abhiruhituṃ asakkonto attanāva attānaṃ pāde gahetvā muggaraṃ viya rukkhassa upari khipiṃ. Atha sākhato sākhaṃ vicaranto phalāni gahetvā otarituṃ asakkonto gharaṃ gantvā nisseṇiṃ āharitvā oruyha mātu santike gantvā phalāni mātuyā adāsiṃ. Tāni pana mahantāni honti cāṭippa māṇāni. Tato me mātarā ekāsane nisinnāya samasaṭṭhiphalāni khāditānīti. Evamādivasena vattabbavācā catutthavācā nāma. Āmisahetu cāṭukamyatādivasena nānappakārakaṃ paresaṃ thomanā vācā ceva rājakathaṃ corakathantiādinayappavattā tiracchānakathā ca pañcamavācā nāma. Ariyasaccasannissitā dhammakathā chaṭṭhamavācā nāma. Taṃ pana vassasatampi suṇantā paṇḍitā neva tittiṃ </p>','\r',char(13)),'\n',char(10)),'');
INSERT INTO pages (bookid, page, content, paranum) VALUES('annya_buddha_vandana_gantha_sanggaho_e0601n',11,replace(replace('<p class="bodytext">gacchanti<a name="M0.0011"></a>. Tāsu pana bhagavā tatiyachaṭṭhamā dvivācāeva bhāsati. Tasmā sappurisehi sāyeva dvivācā vattabbāti. Ayaṃ tadaṭṭhakathāyaṃ āgato saṅkhepanayo. Visuddhimagga mahāṭīkāyaṃ pana sāratthadīpanīṭīkāyañca tadaññākārena vaṇṇito. Tāsu pana taṃ oloketvā gahetabbanti. Ayaṃ panettha saṅgahagāthā –</p>\r\n<p class="gatha1">‘‘Yo bhūtamatthasaṃhītaṃ, paresamappiyā vācaṃ;</p>\r\n<p class="gatha2">Bhūtamatthasahītañca, paresaṃ piyavācanti;</p>\r\n<p class="gatha3">Dvivācaṃ yuttaṭṭhāneva, vadatīti sugatoti;</p>\r\n<p class="gathalast">Vuccatī ca dakārassa, katvā takāraviññunā’’ti.</p>\r\n<p class="bodytext"><span class="bld">Seṭṭha</span>nti guṇamahantattā pasatthataraṃ. So hi pasatthānaṃ visesena pasatthoti seṭṭhoti vuccati. Pasatthapadaṃ, visesataddhite iṭṭhapaccayo. Pasatthasaddassa so, pasatthānaṃ paccekabuddhāriyasāvakādīnaṃ sīlasamādhipaññādi guṇehi visesena pasatthoti attho. Atha vā sundare satipaṭṭhānādibhede dhamme esati gavesati esiṃ gavesinti vā seṭṭho, buddho. Supubboesa gavesane ta. Tassa raṭṭho. Susaddo sundarattho. Santehi sappurisehi esitabbo gavesitabboti vā seṭṭho. Santasaddūpapado isa gavesane ta, santasaddassa so, ikārasse, tassa ṭṭho. Santehi sappurisehi icchiyati kantiya tīti vā seṭṭho. Santasaddūpapado isu icchākantīsu ta. Atha vā santānaṃ sappurisānaṃ hitasukhaṃ icchatīti seṭṭho, buddho. Kattusādhanoyaṃ. Sundare satipaṭṭhānā dibhede dhamme eseti buddhetīti vā seṭṭho. Hetu kattusādhanoyaṃ. Supubbaesadhātu buddhiyaṃ ta. Taṃ seṭṭhaṃ.</p>\r\n<p class="bodytext"><span class="bld">Kusalaṃkusalaṃ jaha</span>nti ettha kusalaṃ akusalaṃ jahanti padavibhāgo kātabbo. Kucchitaṃ pāpadhammaṃ salayati </p>','\r',char(13)),'\n',char(10)),'');
INSERT INTO pages (bookid, page, content, paranum) VALUES('annya_buddha_vandana_gantha_sanggaho_e0601n',12,replace(replace('<p class="bodytext">calayati <a name="M0.0012"></a> kampeti viddhaṃsetīti kusalaṃ, catubhūmikakusalaṃ labbhati. Kupubbo saladhātu a. Tattha kāmāvacarakusalaṃ tadaṅgappahānena pāpadhammaṃ salayati calayati, mahaggata kusalaṃ vikkhambhanappahānena salayati kampeti, lokuttara kusalaṃ samucchedappahānena salayati viddhaṃsetīti attho.</p>\r\n<p class="bodytext">Atha vā kucchitaṃ apāyadvāraṃ salanti saṃvaranti pidahanti sādhavo etenāti kusalaṃ, karaṇasādhanoyaṃ. Idha pana jahanti vuttattā tebhūmakakusalamevādhippetaṃ. Taṃ pana anavajjasukhavipākalakkhaṇaṃ, akusalaviddhaṃsanarasaṃ, vodāna paccupaṭṭhānaṃ, iṭṭhavipākapaccupaṭṭhānaṃ vā, yonisomanasikāra padaṭṭhānaṃ. Na kusalaṃ akusalaṃ, mittapaṭipakkho amitto viya pahāyakapahātabbabhāvena kusalapaṭipakkhanti attho. Taṃ pana sāvajjadukkhavipākalakkhaṇaṃ, sāvajjāniṭṭhavipāka lakkhaṇaṃ vā, anatthajananarasaṃ, aniṭṭhavipākapaccupaṭṭhānaṃ, ayonisomanasikārapadaṭṭhānaṃ. Puññābhisaṅkhāraāneñjā bhisaṅkhārasaṅkhātaṃ kusalaṃ apuññābhisaṅkhārasaṅkhātaṃ akusalañca kusalaṃkusalaṃ. Taṃ pana padaṃ jahantipade kammaṃ.</p>\r\n<p class="bodytext">Jahanti maggakkhaṇe samucchedappahānena phalakkhaṇe paṭippassambhanappahānena pajahantaṃ viddhaṃsentanti attho. Tañhi arahattamaggañāṇena jahati pajahati, phalañāṇena jahiṃ pajahiṃ paṭippassambhinti vā jaho, buddho. Hādhātu cāge a. Kiñcāpi panettha kusalaṃ maggena pahātabbadhamme na vuttaṃ, vaṭṭamūlabhūte avijjātaṇhādikilese pana arahattamagga ñāṇena jahite lokiyakusaluppattiyā mūlabhūtāya avijjātaṇhāya abhāvā puññābhisaṅkhāro saṃsāre puna paṭisandhiyā nibbattetuṃ na sakkoti, tasmā vaṭṭamūlabhūte kilese jahite phalūpacārena kusalampi jahitaṃ nāma hoti. Rūpaṃ bhikkhave na tumhākaṃ taṃ pajahathātiādīsu </p>','\r',char(13)),'\n',char(10)),'');
INSERT INTO pages (bookid, page, content, paranum) VALUES('annya_buddha_vandana_gantha_sanggaho_e0601n',13,replace(replace('<p class="bodytext">viya<a name="M0.0013"></a>. Arahantena hi abhisamācārikavattaṃ katampi kusalanti na vuttaṃ, kriyāti pana vuttanti veditabbaṃ.</p>\r\n<p class="bodytext">Vuttañhi <span class="bld">nidānavaggasaṃyuttaṭṭhakathāyaṃ</span> ‘‘khīṇāsavena hi kataṃ kammaṃ neva kusalaṃ hoti nākusalaṃ, avipākaṃ hutvā kriyamatte tiṭṭhatī’’ti.</p>\r\n<p class="bodytext"><span class="bld">Aṅguttaraṭṭhakathāyañca</span> ‘‘arahattamaggo ca kusalākusala kammakkhayāya saṃvattatīti evaṃ tena taṃ bhijjatī’’ti vuttaṃ.</p>\r\n<p class="bodytext">Tena vuttaṃ <span class="bld">cūḷaniddesapāḷiyaṃ</span> ‘‘arahattamaggañāṇena abhisaṅkhāraviññāṇassa nirodhena ye uppajjeyyuṃ nāmañca rūpañca, etthete nirujjhanti vūpasamanti atthaṃ gacchanti paṭippassambhantī’’ti.</p>\r\n<p class="bodytext"><span class="bld">Amata</span>nti maraṇavirahitaṃ. So jino hi na mato amato, maraṇadhammassa nibbattakānaṃ kilesānaṃ arahatta maggena samucchinditattā puna maraṇato virahitoti vā amato. Atha vā nibbāne ārammaṇakaraṇavasena adhigate natthi mataṃ maraṇaṃ yassa jinassāti amatoti vuccati. Jinena hi khandhamaccumāraṃ ajitopi kilesamāraṃ jayitvā tesaṃ avassaṃ jiyamānattā phalūpacārena amatoti vuccatīti veditabbaṃ.</p>\r\n<p class="bodytext">Puna <span class="bld">amata</span>nti amatanibbānasamannāgataṃ. Natthi mataṃ maraṇaṃ etthāti amataṃ, nibbānaṃ. Taṃ pana santilakkhaṇaṃ, accutarasaṃ, animittapaccupaṭṭhānaṃ, nissaraṇapaccupaṭṭhānaṃ vā, nibbānassa pana padaṭṭhānaṃ na labbhati.</p>\r\n<p class="bodytext">Vuttañhi <span class="bld">milindapañhe</span> nāgasenattherena ‘‘na kenaci kāraṇena nibbānaṃ uppajjatī’’ti.</p>\r\n<p class="bodytext">Taṃ assa atthīti amato, jino. Saddhādito ṇāti suttena assathyatthe ṇapaccayo. Saddho paññotiādīsu </p>','\r',char(13)),'\n',char(10)),'');
INSERT INTO pages (bookid, page, content, paranum) VALUES('annya_buddha_vandana_gantha_sanggaho_e0601n',14,replace(replace('<p class="bodytext">viya<a name="M0.0014"></a>. Assa jinassa catumaggañāṇena sacchikataṃ amataṃ nibbānaṃ atthīti attho, taṃ amataṃ.</p>\r\n<p class="bodytext"><span class="bld">Santa</span>nti sabbakilesadarathehi ca vaṭṭadukkhehi ca suvūpasantaṃ. So hi buddho sabbakilesadarathavaṭṭadukkhehi samittha vūpasamitthāti santoti vuccati. Samudhātu upasame ta. Dhātvantassa lopaṃ tapaccayassantoādesaṃ katvā padasiddhi veditabbā. Saṃsāravaṭṭe darathakārakānaṃ kilesānaṃ bodhimaṇḍe arahattamaggañāṇena samucchinditattā sītibhūto santakāyacittoti vuttaṃ hoti, taṃ santaṃ.</p>\r\n<p class="bodytext"><span class="bld">Asama</span>nti sīlādiguṇehi kenaci puggalena asadisaṃ, so hi buddho natthi sīlādiguṇehi samo sadiso etassāti asamoti vuccati. Imasmiṃ sattaloke sīla samādhipaññādiguṇehi buddhena sadiso koci manusso vā devo vā brahmā vā natthīti attho. Bhagavato hi asīti anubyañjanapaṭimaṇḍita bāttiṃsa mahāpurisalakkhaṇehi vicitrarūpakāyo ca sabbākārehi parisuddhasīlakkhandhādiguṇa ratanasamiddho dhammakāyo ca puññamahattathāmamahatta iddhimahattayasamahattapaññāmahattādiguṇehi ca paramukkaṃsagato ca atthi, tasmā bhagavā sīlādiguṇehi kenaci asamo asadisoti vuttaṃ hoti.</p>\r\n<p class="bodytext"><span class="bld">Asamaṃ dada</span>nti lokiyadhammena asadisaṃ maggaphalanibbāna dhammaṃ veneyyānaṃ sattānaṃ desanāñāṇena dāyakaṃ. Ettha ca asamanti natthi ettha etesaṃ vā samo sadiso lokiyadhammoti asamo, maggaphalanibbānaṃ labbhati. Atha vā asamanti aññesaṃ dhammānaṃ aggabhāvato catubbidhena ariya maggena sacchikātabbaṃ nibbānaṃ vuccati. Vuttañhetaṃ bhagavatā ‘‘yāvatā bhikkhave dhammā saṅkhatā vā asaṅkhatā vā, virāgo tesaṃ aggamakkhāyatī’’ti. Tassa pana padassa </p>','\r',char(13)),'\n',char(10)),'');
INSERT INTO pages (bookid, page, content, paranum) VALUES('annya_buddha_vandana_gantha_sanggaho_e0601n',15,replace(replace('<p class="bodytext">dadantipadena <a name="M0.0015"></a> kammabhāvena sambandho. Dadātīti dado, buddho. Dādhātu a, so kenaci lokiyadhammena asamaṃ asadisaṃ maggaphalanibbānasaṅkhātaṃ lokuttaradhammaṃ mahākaruṇāppadhānena amatādhigamapaṭipattidassanena desanāñāṇena veneyyānaṃ sattānaṃ dātāti attho. Taṃ asamaṃ dadaṃ.</p>\r\n<p class="bodytext">(Kha) dutiyagāthāyaṃ pana <span class="bld">saraṇa</span>nti sabbasattalokassa paṭisaraṇabhūto parāyaṇo leṇo tāṇoti vuttaṃ hoti. So hi buddho saranti paṭisaranti ettha sattalokāti saraṇoti vuccati. Saradhātu yu. Atha vā saranti osaranti samosaranti ettha sattalokāti saraṇoti vuccati. Saranti cintenti ettha saddhā pasannā devamanussā saraṇamidanti saraṇoti ca. Saranti paṭivijjhanti etthupagatā devamanussā saddhammanti saraṇoti ca vuccati. Sara cintāyaṃ yu. Saraṇagamanaṭṭhāne pana sarati hiṃsati bhayaṃ santāpaṃ dukkhaṃ kilesañcāti saraṇaṃ. Ratanatta yanti aṭṭhakathāsu vuttaṃ. Taṃ saraṇaṃ.</p>\r\n<p class="bodytext">Puna <span class="bld">saraṇaṃ loka</span>nti sattasaṅkhārokāsasaṅkhataṃ lokaṃ sarantaṃ jānantaṃ. Ettha hi lokayati patiṭṭhayati ettha puññāpuññañca tabbipāko cāti loko, satta loko labbhati. Lokadhātu patiṭṭhāyaṃ ṇa. Lujjati palujjatīti loko, saṅkhāraloko. Lujadhātuṇa. Lokiyati vicittākārena dissatīti loko, lokiyanti patiṭṭhiyanti ettha vā jaṅgamā ca thāvarā cāti loko, cakkavāḷasaṅkhato okāsaloko labbhati. Lokadhātuṇa. Ettha ca sassato lokoti vā asassato lokoti vāti āgataṭṭhāne indriyabaddhānaṃ rūpādīnaṃ khandhānaṃ samūho santāno ca sattoyeva loko sattalokoti vacanatthena sattalokoti veditabbo. Eko loko sabbe sattā āhā </p>','\r',char(13)),'\n',char(10)),'');
INSERT INTO pages (bookid, page, content, paranum) VALUES('annya_buddha_vandana_gantha_sanggaho_e0601n',16,replace(replace('<p class="bodytext">raṭṭhitikāti <a name="M0.0016"></a> āgataṭṭhāne indriyabaddhānaṃ vā anindriyabaddhānaṃ vā khandhānaṃ samūho santāno ca paccayehi saṅkhariyantīti saṅkhārā, saṅkhārāeva loko saṅkhāralokoti vacanatthena saṅkhāralokoti.</p>\r\n<p class="gatha1">‘‘Yāvatā candimasūriyā pariharanti,</p>\r\n<p class="gatha2">Disā bhanti virocamānā;</p>\r\n<p class="gatha3">Tāva sahassadhā loko,</p>\r\n<p class="gathalast">Ettha te vattati vaso’’ti.</p>\r\n<p class="bodytext">Āgataṭṭhāne anindriyabaddhānaṃ rūpādīnaṃ samūho santāno ca avakasanti patiṭṭhahanti etthāti okāso, soyeva loko okāsalokoti vacanatthena okāsa lokoti veditabbo, taṃ lokaṃ. Sarati jānāti ajānīti vā saraṇo, buddho. Sara cintāyaṃ yu. Lokaṃ saraṇanti sambandho. Buddho pana sattalokaṃ, saṅkhāralokaṃ, okāsalokaṃ, kilesalokaṃ, bhavalokaṃ, indriya lokaṃ, khandhalokaṃ, āyatanalokaṃ dhātulokañcātiādimanekalokaṃ anāvaraṇañāṇena paṭivijjhatīti vuttaṃ hoti.</p>\r\n<p class="bodytext"><span class="bld">Araṇa</span>nti nikkilesaṃ, kilesasaṅkhātaraṇavirahitaṃ vā. Raṇasaddo ca kilesesu ca yuddhe cuṇṇavicuṇṇakaraṇe ca dissati. Tathā hi saraṇā dhammā araṇā dhammātiādīsu kilesesu dissati. Te hi raṇanti kandanti sattā etehīti raṇāti vuccanti.</p>\r\n<p class="gatha1">‘‘Dhanuggaho asadiso, rājaputto mahabbalo;</p>\r\n<p class="gathalast">Sabbāmitte raṇaṃ katvā, saṃyamaṃ ajjhupāgamī’’ti.</p>\r\n<p class="bodytext">Asadisajātake yuddhe dissati. Raṇaṃ katvāti hi yuddhaṃ katvā, saṃyamanti saṃyataṃ isipabbajjaṃ ajjhupāgamīti attho. Tiṇañca kaṭṭhañca raṇaṃ karonto, dhāviṃsu te </p>','\r',char(13)),'\n',char(10)),'');
INSERT INTO pages (bookid, page, content, paranum) VALUES('annya_buddha_vandana_gantha_sanggaho_e0601n',17,replace(replace('<p class="bodytext">aṭṭhadisā <a name="M0.0017"></a> samantatoti chaddantajātake cuṇṇavicuṇṇakaraṇe dissati. Raṇaṃ karontoti hi cuṇṇaṃ vicuṇṇaṃ karonto. Teti sabbe aṭṭhasahassanāgāti attho. Idha pana kilese daṭṭhabbo. Ayaṃ panettha vacanattho. Raṇanti satte rāgādayo cuṇṇenti pīḷentīti raṇā, raṇanti sattā etehi kandanti paridevantīti vā raṇā, kilesā. Raṇadhātu sadde a. Natthi raṇā kilesā etassāti araṇoti vuccati. Jinassa kilesamārassa bodhimūle jiyamānattā raṇā kilesā na santīti attho. Taṃ araṇaṃ.</p>\r\n<p class="bodytext"><span class="bld">Araṇaṃ kara</span>nti veneyyasantāne raṇasaṅkhatakilesassa abhāvakaraṇaṃ. Ettha ca raṇanti etaṃ yehi abhibhūtā sattā kandanti paridavanti etesaṃ rāgādīnaṃ adhivacanaṃ. Tesaṃ abhāvaṃ veneyyasantāne desanāñāṇena karoti attho. Atha vā karotīti karo, buddho. Taṃ karaṃ.</p>\r\n<p class="bodytext"><span class="bld">Abhaya</span>nti jātibhayādīnaṃ abhāvato nibbhayaṃ. Ettha hi bhayaṃ cittutrāsabhayaṃ, ñāṇabhayaṃ, ārammaṇabhayaṃ, ottappa bhayañcāti catubbidhaṃ hoti. Tattha bhāyati cittenāti bhayaṃ, cittutrāsabhayaṃ. Ñāṇena tīretvā bhāyatīti bhayaṃ, ñāṇaṃ. Bhāyati etasmāti bhayaṃ, ārammaṇabhayaṃ. Bhāyati etena pāpatoti bhayaṃ, ottappabhayaṃ. Bhīdhātu bhaye ṇa.</p>\r\n<p class="bodytext"><span class="bld">Mahāniddesapāḷiyaṃ</span> pana āgatāni jātibhayaṃ, jarābhayaṃ, byādhibhayaṃ, maraṇabhayaṃ, rājabhayaṃ, corabhayaṃ, aggibhayaṃ, udakabhayaṃ, attānuvādabhayaṃ, parānuvādabhayaṃ, daṇḍabhayaṃ, duggatibhayaṃ, ūmibhayaṃ, kumbhīḷabhayaṃ, āvaṭṭabhayaṃ, susukabhayaṃ, ājīvikabhayaṃ, asilokabhayaṃ, parisayasārajjabhayaṃ, madana bhayaṃ, duggatibhayantiādīni gahitāni. Natthi bhayāni etassāti abhayo, buddho. Tassa bhayānaṃ kāraṇa </p>','\r',char(13)),'\n',char(10)),'');
INSERT INTO pages (bookid, page, content, paranum) VALUES('annya_buddha_vandana_gantha_sanggaho_e0601n',18,replace(replace('<p class="bodytext">bhūtānaṃ <a name="M0.0018"></a> sabbakilesānaṃ arahattamaggena samucchinditattā sabbabhayaṃ natthīti attho.</p>\r\n<p class="bodytext">Puna <span class="bld">abhayaṃ ṭhānaṃ nāyaka</span>nti ettha abhayantipadaṃ ṭhānantipade visesanaṃ. Ṭhānantipadaṃ nāyakantipade kammaṃ. Bhayasaddassa attho heṭṭhā vuttoyeva. Natthi sabbabhayaṃ ettha nibbāneti abhayaṃ, nibbānaṃ. Buddhapaccekabuddha arahantā ṭhanti uppajjanti etthāti ṭhānaṃ, nibbānaṃ. Veneyyasatte netīti nāyako, buddho. Nīdhātu nayane ṇvu. So buddho bhabbe kulaputte maggādhi gamappattiyā dhammadesanāya maggaphalañāṇaṃ adhigamento nibbānaṭṭhānaṃ netīti attho, taṃ nāyakaṃ.</p>\r\n<p class="bodytext">Puna <span class="bld">nāyakaṃ name</span>ti nāyakaṃ buddhaṃ ahaṃ name namāmīti sambandho. Tattha nāyakanti veneyyasatte saṃsāraṇṇavato nibbānapāraṃ netīti nāyako, buddho. So hi yathā nāviko jane nāvāya orimatīrato pārimatīraṃ neti, evaṃ satte maggaṅganāvāya saṃsāraṇṇavato nibbāna pāraṃ neti pāpuṇetīti attho. Atha vā nāyakanti tiṇṇaṃ lokānaṃ jeṭṭhabhāvagamanattā nāyako jeṭṭha seṭṭhavuḍḍhataro. So hi jeṭṭhabhāvaṃ neti gacchati pāpuṇātīti nāyakoti vuccati. Nīdhātu gatimhi ṇvu. So pana idha loke avijjaṇḍagatānaṃ sabbapajānaṃ paṭhamataraṃ avijjaṇḍakosaṃ arahattamaggena padāletvā ariyāya jātiyā jātattā sabbasattānaṃ seṭṭhajeṭṭhavuḍḍhatarabhāvaṃ gatoti attho. Taṃ nāyakaṃ. Nameti ahaṃ tīhi dvārehi sakkaccaṃ namāmīti attho. Ettha hi vattamānamivibhattiyā kvacidhātutyādisuttena eādeso hoti. Ayaṃ panettha vāccatthādinayo. Nametipadassa ākhyātapadattā vacanattho na kātabbo. Vuttañhi <span class="bld">saddavidūhi</span> –</p>\r\n<p class="gatha1">‘‘Ruḷhīkhyātaṃ nipātañcu, pasaggālapanaṃ tathā;</p>\r\n<p class="gathalast">Sabbanāmantimetesu, na kato viggaho chasū’’ti.</p>','\r',char(13)),'\n',char(10)),'');
INSERT INTO pages (bookid, page, content, paranum) VALUES('annya_buddha_vandana_gantha_sanggaho_e0601n',19,replace(replace('<p class="bodytext">Taṃ <a name="M0.0019"></a> pana padaṃ namudhātuvattamānaamhayogaparassapadamivibhatyantaṃ ākhyātapadaṃ. Namudhātuyā vāccattho namanakriyā saṅkhāto kusalacittuppādo padhānavasena labbhati. Mivibhattiyā vāccattho tena cittuppādena upalakkhito uppāda vanto tadākāro puggalo appadhānavasena labbhati. Padasamudāyassa pana vāccattho kattukammabhāvesu kattubhūto atītādikālesu paccuppannakālabhūto dhātvattha kiriyāvisesova labbhati. Ayamettha saṅkhepo.</p>\r\n<p class="bodytext">Vitthāro panevaṃ veditabbo. Namudhātuyā vaccaṃ sugatādi buddhaguṇaṃ ārammaṇaṃ katvā vandanākārappavatto kāyavacī viññattisamuṭṭhāpako saddhācetanāpaññāpadhāno kusala cittuppādo ca dve viññattiyo asamuṭṭhāpetvā manodvāre vandanākārappavatto kusalacittuppādo ca mukhyena labbhati. Buddhaguṇānussaraṇavasena pavatto yonisomanasikā rādipurecarānucarakusalacittuppādo phalūpacārena. Diṭṭhadhammi kasamparāyikasaṅkhātaṃ pacchimapacchimaphalaṃ rogādiantarāyānaṃ abhāvañca vā saggamokkhasampattisukhañca kāraṇūpacārena, pure pure vandanā sadisyūpacārena, vandanassa nāmapaññatti ṭhānūpacārena, vatthudvārārammaṇaṃ ṭhānūpacārena, vandana guṇena lakkhitaṃ puggaladabbaṃ guṇūpacārena. Ukkaṭṭhamajjha muduttamattabhāvo guṇyūpacārena, avayavabhūtā vandanā ekadesūpacārena. Samūhabhūtā vandanā ekadesyūpacārena, pubbapubbakusalacittuppādo samīpūpacārena, pacchimapacchima kusalacittuppādo samīpyūpacārena, paṇāmakusalacittuppādabhūtānaṃ paramatthadhammānaṃ nibyāpārabhāvo taddhammūpacārena. Tesaṃ evaṃ dhammatābhāvo ataddhammūpacārena, vandanākāro abhedabhedūpacārena. Vandanasatti bhedaabhedūpacārena labbhati. Mivibhattiyā vāccaṃ taṃmukhyādīhi lakkhito kattu kriyāvisesena ca vattamānavibhattisaṅkhātena vibhattivise </p>','\r',char(13)),'\n',char(10)),'');
INSERT INTO pages (bookid, page, content, paranum) VALUES('annya_buddha_vandana_gantha_sanggaho_e0601n',20,replace(replace('<p class="bodytext">sena <a name="M0.0020"></a> ca parassapadasaṅkhātena padavisesena ca uttamapurisa visesena ca amhayogavisesena ca sabbadhātuvisesena ca ekavacanavisesena ca paccuppannakālavisesena ca dhātvatthakriyāvisesena ca aliṅga visesena ca bhūvādigaṇa visesena ca novikaraṇavisesena ca bhāvakammakattūsukattuvisesena ca lakkhito ahaṃsaṅkhāto khandhasaṅkhato santāno appadhānena labbhati. Kriyāpadassa kriyāya padhānena vācakattā dhātvatthova padhānena labbhati. Apaccayassa vāccaṃ bhūvādigaṇajotakā rūpasiddhimattā pada siliṭṭhatā labbhati.</p>\r\n<p class="bodytext">Atha vā yo ahaṃ namāmīti so name. Sāmaññattha viggahoyaṃ. Vāccattho pana vuttanayena veditabbo. Namanañcettha buddhassa sīlādianantaguṇesu ninnapabbhāratāvasena paṇāmakriyābhinipphādikā kusalacetanā. Sā ca vandaneyya vandanakānaṃ khettajjhāsayasampadāhi diṭṭhadhammavedanīyabhūtā yathāladdhasampattinimittakassa purimakammassa anubalappadāna vasena tannibbattitavipākasantatiyā antarāyakarāni upapīḷakaupacchedakakammāni paṭibāhitvā pavattikāle rogādiantarāyānamappavattiṃ sādheti. Samparāye ca upapajjavedanīyabhūtā saggamokkhasampattisukhaṃ nibbattetīti.</p>\r\n<p class="bodytext">Ayaṃ panettha <span class="bld">dassanatthanayo</span>. Nametiiminā buddhassa sugatādiguṇaṃ ārabbha pavattā tividhā paṇāmakusala cetanā mukhyena dasseti. Taṃ dassanena tassā kāraṇabhūtā yonisomanasikārādayo ca catucakkasampattiñca buddhuppādanavamakhettañca pubbabhāge pavattaṃ saddhāpaññāpadhānaṃ kusalacittuppādañca phalūpacārena dīpeti. Taddīpanena tassā phalabhūtaṃ diṭṭhadhammarogādiantarāyavisosanañca saggamokkha sukhañca paṭhamakāraṇūpacārena pakāseti. Tappakāsanena buddhassa paṇāmārahabhāvaṃ dutiyakāraṇūpacārena </p>','\r',char(13)),'\n',char(10)),'');
INSERT INTO pages (bookid, page, content, paranum) VALUES('annya_buddha_vandana_gantha_sanggaho_e0601n',21,replace(replace('<p class="bodytext">vibhāveti<a name="M0.0021"></a>. Taṃvibhāvanena vandakassa me khettaṅgatabhāvañca paṇāme tabbabhāvañca tatiyakāraṇūpacārena anubhāveti.</p>\r\n<p class="bodytext">Ayaṃ panettha <span class="bld">alaṅkāranayo</span>. Nametivācakapadassa vāccabhūtā tividhā buddhapaṇāmakusalacetanā samaṭṭhāyī bhāvo nāma. Kasmā, sarīrattā. Atha vā tividhāya buddhapaṇā makusalacetanāya sampayutto samādhippadhāno mahā kusalacittuppādo samaṭṭhāyībhāvo nāma. Kasmā, buddhassa sugatādiguṇārammaṇe ekaggattā samāhitacittattā vā. Soyeva pana santaraso nāma. Kasmā, buddhapaṇāmacetanā kusalaṅgena akusalaṅgassa pahīnattā. Buddhantipāṭhasesa padassa vāccabhūto buddhadabbo ārammaṇavibhāvo nāma. Kasmā, tassa paṇāmakusalacittuppādassa ārammaṇapaccayena upakārattā. Buddhassa sugatantyādiguṇo uddīpanavibhāvo nāma. Kasmā, paṇāmassa kāraṇattā. Kāraṇabhūtaṃ taṃ samaṭṭhāyībhāvaṃ upādāya jānitabbo diṭṭhadhammarogā diantarāyābhāvo ca samparāye saggamokkhasukhasampatti ca ānubhāvo nāma. Kasmā, ānisaṃsaphalattā.</p>\r\n<p class="bodytext">Tattha hi kiñcāpi ānubhāvadīpakaṃ padaṃ natthi. Kāraṇassa pana phalena vinābhāvato kāraṇassa phalaṃ viññeyyanti. Atha vā nametipadassa sāmatthiyato ānubhāvo dassitoyevāti daṭṭhabbo. Āvibhūto ussuko ca buddhapaṇāmassa ānisaṃsapajānanā mati ca alasābhāvo ca cittappasādo ca samādhityādi ca byabhicārībhāvo nāma. Lomahaṃsādibhāvo satvaṃkābhāvo nāmāti alaṅkāra nayo veditabbo. Evaṃ pacchimapacchimagāthāsūti.</p>\r\n<p class="bodytext">Ayaṃ panettha <span class="bld">saṅkhepayojanā</span>. Sugataṃ sobhanagataṃ sundaranibbānaṭṭhānaṃ gataṃ vā sammā gataṃ vā, sugataṃ sammā vacanaṃ gadaṃ bhāsanaṃ, seṭṭhaṃ pasatthataraṃ satipaṭṭhānādibhede </p>','\r',char(13)),'\n',char(10)),'');
INSERT INTO pages (bookid, page, content, paranum) VALUES('annya_buddha_vandana_gantha_sanggaho_e0601n',22,replace(replace('<p class="bodytext">dhamme <a name="M0.0022"></a> gavesantaṃ vā santehi gavesitabbaṃ vā sattānaṃ hitasukhaṃ icchitaṃ vā, kusalaṃkusalaṃ kusalaṃakusalaṃ, jahaṃ jahitaṃ, amataṃ maraṇavirahitaṃ amataṃ amatanibbānasamannā gataṃ, santaṃ kilesadarathavūpasamaṃ, asamaṃ lokiyadhammena asadisaṃ maggaphalanibbānadhammaṃ. Dadaṃ dātaṃ dāyakaṃ vā, saraṇaṃ sabbasattalokassa paṭisaraṇabhūtaṃ. Lokaṃ sattasaṅkha rokāsasaṅkhataṃ tilokaṃ, saraṇaṃ jānantaṃ, araṇaṃ nikkilesaṃ, kilesasaṅkhātaraṇavirahitaṃ vā. Araṇaṃ sattesu kilesarajassābhāvaṃ, karaṃ desanāñāṇena kataṃ, abhayaṃ nibbhayaṃ, abhayaṃ nibbhayaṭṭhānaṃ nibbānadisaṃ, nāyakaṃ satte nibbānapāraṃ nentaṃ, nāyakaṃ tilokānaṃ jeṭṭhaṃ pāmokkhaṃ buddhaṃ sakkaccaṃ tīhi dvārehi ahaṃ name namāmīti.</p>\r\n<p class="centered">Paṭhamavandanagāthādvayavaṇṇanā samattā.</p>\r\n<p class="hangnum"><a name="para2"></a><span class="paranum">2</span>.</p>\r\n<p class="gatha1"> Nayanasubhagakāyaṅgaṃ,</p>\r\n<p class="gatha2">Madhuravarasaropetaṃ;</p>\r\n<p class="gatha3">Amitaguṇagaṇādhāraṃ,</p>\r\n<p class="gathalast">Dasabalamatulaṃ vande.</p>\r\n<p class="bodytext"><a name="para2"></a><span class="paranum">2</span>. Evaṃ paṭhamaṃ gāthādvayena buddhassa namassitvā idāni nayanasubhagakāyaṅgantyādīhi pañcahi guṇehi thomitvā buddhaṃ vandituṃ <span class="bld">nayanasubhagakāyaṅga</span>ntiādigāthamāha. Ayaṃ pana na na magaṇayuttattā navakkharehi lakkhitā bhujagasu sugāthāti daṭṭhabbā. Vuttañhi <span class="bld">vuttodaye</span> ‘‘bhujagasusumatā nāmo’’ti.</p>\r\n<p class="bodytext">Ayaṃ panettha yojanā. Yassaṃ paṭipādaṃ nā ca dve nagaṇāmo ca magaṇo ca yadi siyā. Sā bhujagasusu gāthāti matā ñātabbāti. Tattha pana <span class="bld">nayanasubhagakāyaṅga</span>nti sabbasattānaṃ cakkhussa sobhanaṃ gatena kāyaṅgenasamannāgataṃ. </p>','\r',char(13)),'\n',char(10)),'-2-2-');
INSERT INTO pages (bookid, page, content, paranum) VALUES('annya_buddha_vandana_gantha_sanggaho_e0601n',23,replace(replace('<p class="bodytext">Ettha <a name="M0.0023"></a> hi nayananti samavisamaṃ dassentaṃ attabhāvaṃ netīti nayanaṃ, cakkhu labbhati. Nīdhātu yu. Subhaṃ sobhanaṃ gacchatīti subhagaṃ, kāyaṅgaṃ labbhati. Subhasaddūpapado gamudhātu kvi. Kāyassa aṅgaṃ avayavaṃ kāyaṅgaṃ. Bhagavato kāyaṅgaṃ labbhati. Chaṭṭhītappurisasamāsoyaṃ. Nayanassa subhagaṃ nayanasubhagaṃ, taṃ kāyaṅgaṃ yassa buddhassāti nayanasubhaga kāyaṅgo, buddho. So hi rūpakāyassa dassanā nuttariyaguṇayogato sabbasattānaṃ pasādacakkhussa sobhanaṃ gatena dvattiṃsamahāpurisalakkhaṇehi ca asītyā nubyañjanalakkhaṇehi ca lakkhitena kāyaṅgena samannāgatoti attho.</p>\r\n<p class="bodytext"><span class="bld">Madhuravarasaropeta</span>nti piyapemanīyauttamasaddena samannāgataṃ, so hi bhagavā madhiyati piyati pemiyati vāti madhuro. Madhadhātu uro. Vuttañhi <span class="bld">majjhimapaṇṇāsaṭīkāyaṃ</span> ‘‘madhuroti piyo pemanīyo apalibuddho’’ti. Atha vā madhiyati assādiyatīti madhuro, madhati sabbasattānaṃ pītiṃ undeti vaḍḍhetīti madhuro, madhadhātu unde uro. Tena vuttaṃ <span class="bld">saddanītiyaṃ</span> ‘‘madha unde’’ti. Varitabbo icchitabbo patthitabbo vāti varo, saro. Varadhātu icchāyaṃ a. Sarati gacchati sotaviññāṇārammaṇabhāvanti saro, saddo. Saradhātu gatiyaṃ a. Sarati gacchati suyyamānatanti vā saro, sariyati suṇiyatīti vā saro, bhagavato aṭṭhaṅgasamannāgato saddo labbhati. Upasampajjatīti upeto, upapubbaidhātu ta. Madhuro ca varo ca so saro cāti madhuravarasaro, tena upeto sampanno samannāgatoti madhuravarasaropetoti vuccati. Bhagavato pana hadaya vatthuno suvisuddhattā pittasemhādīhi apalibuddhattā deva manussehi madhurena piyena manāpiyena varena icchitapatthi tena aṭṭhaṅgasamannāgatena sarena saddena upeto sampanno samannāgatoti vuttaṃ hoti.</p>','\r',char(13)),'\n',char(10)),'');
INSERT INTO pages (bookid, page, content, paranum) VALUES('annya_buddha_vandana_gantha_sanggaho_e0601n',24,replace(replace('<p class="bodytext">Ettha <a name="M0.0024"></a> ca kiñcāpi saropetanti sāmaññavasena vuttaṃ, bhagavato saro pana visaṭṭho ca, viññeyyo, mañju, savanīyo, bindu, avisārī, gambhīro, ninnādi cāti visesena aṭṭhaṅgasamannāgatoti attho daṭṭhabbo. Vuttañhi majjhima paṇṇāse <span class="bld">brahmāyusutte</span> ‘‘aṭṭhaṅgasamannāgato kho panassa gotamassa mukhato ghoso niccharati visaṭṭho ca, viññeyyo ca, mañju ca, savanīyo ca, bindu ca, avisārī ca, gambhīro ca, ninnādi ca. Yathāparisaṃ kho pana so bhavaṃ gotamo sarena viññāpeti, na cassa bahiddhā parisāya ghoso na niccharatī’’ti.</p>\r\n<p class="bodytext">Tassāṭṭhakathāyaṃ pana visaṭṭhoti siniddho apalibuddho. Viññeyyoti viññāpanīyo pākaṭo. Visaṭṭhattāyeva cesa viññeyyo hoti. Mañjūti madhuro. Savanīyoti sotasukho, madhurattāyeva cesa savanīyo hoti. Bindūti sampiṇḍito. Avisārīti avisaṭo. Binduttāyeva cesa avisārī hoti. Gambhīroti gambhīrasamuṭṭhito. Ninnādīti ninnadavā. Gambhīrattāyeva cesa ninnādi hoti. Yathāparisanti cakkavāḷapariyantāpi ekabaddhaṃ parisaṃ viññāpeti. Bahiddhāti aṅgulimattampi parisato bahiddhā na gacchati. Kasmā. So evarūpo madhurasaro akāraṇā mā nassīti. Iti bhagavato ghoso parisāya mattakeneva caratīti vaṇṇitoti. <span class="bld">Abhidhānappadīpikāyañca</span> vuttā saṅgahagāthā –</p>\r\n<p class="gatha1">‘‘Visaṭṭhamañjuviññeyyā, savanīyāvisārino;</p>\r\n<p class="gathalast">Bindugambhīraninnādi, tyevamaṭṭhaṅgiko saro’’ti.</p>\r\n<p class="bodytext">Yathā hi brahmuno saro pittasemhehi apalibuddhattā visuddho madhuro hoti. Yathā ca sīhabyagghādīhi vāḷamigehi anubandhā dhāvantā khuddakamigā karavīkasakuṇassa vikūjamānaṃ saddaṃ sutvā sarassa madhurattā maraṇabhayaṃ hitvā adhāvitvā </p>','\r',char(13)),'\n',char(10)),'');
INSERT INTO pages (bookid, page, content, paranum) VALUES('annya_buddha_vandana_gantha_sanggaho_e0601n',25,replace(replace('<p class="bodytext">ukkhittapādaṃ <a name="M0.0025"></a> anikkhipitvā tiṭṭhantā suṇanti, evaṃ karavīkassa saddo dhammatābhāvena madhuro piyo manāpo hoti. Evaṃ bhagavatā kataṃ kammaṃ vatthuṃ sodheti, vatthussa suddhattā pittasemhehi ca apalibuddhattā bhagavato nābhito samuṭṭhahanto saropi aṭṭhaṅgasamannāgato suvisuddho atimadhuro atipiyo atimanāpo hoti. Sā panesā hīnūpamā hoti, bhagavato hi saro tehi saddehi satabhāgena sahassabhāgena atimadhuro atipiyo atimanāpo hoti, tathā hi dhammāso karañño asandhimittā devī karavīkasakuṇassa madhurasaddaṃ sutvā cintesi ‘‘imassa tiracchānassa madhuro saddo, ko nāma sabbaññutañāṇasiriṃ pattassa bhagavato atimadhuro saddo’’ti, pītiṃ uppādetvā taṃ pītiṃ avijahitvā sattahi jaṅghasatehi saddhiṃ sotāpattiphale patiṭṭhāti, tasmā bhagavato madhuravarasaropetanti thometīti.</p>\r\n<p class="bodytext"><span class="bld">Amitaguṇagaṇādhāra</span>nti aparimiṇitabbasīlādiguṇasamūhānaṃ patiṭṭhānabhūtaṃ. Ettha ca samitoti parimiṇitabboti mito, mādhātu parimāṇe ta, na mito amito. Guṇoti sīlādayo dhammā. Te hi guṇenti taṃsamaṅgīpuggalaṃ pakāsentīti guṇāti vuccanti. Guṇadhātu pakāsane a. <span class="bld">Maṇisāramañjūsāṭīkāyaṃ</span> pana ‘‘guṇanti attano ādhāraṃ pākaṭaṃ karontīti guṇā’’ti vuttaṃ.</p>\r\n<p class="bodytext"><span class="bld">Saddanītidhātumālāyañca</span> ‘‘guṇa āmantane, guṇoti sīlādayo dhammā, kenaṭṭhena te guṇā, goṇāpiyati āmantāpiyati attani patiṭṭhito puggalo daṭṭhuṃ sotuṃ pūjituñca icchantehi janehīti guṇo. Ettha kiñcāpi sīlādi dhammānaṃ āmantāpanaṃ natthi, tathāpi taṃhetu āmantanaṃ nimantanañca teyeva karonti nāmāti evaṃ vuttaṃ. Aññe pana guñjante abyayante iti guṇāti atthaṃ vadanti. Tadanurūpaṃ pana dhātusaddaṃna </p>','\r',char(13)),'\n',char(10)),'');
INSERT INTO pages (bookid, page, content, paranum) VALUES('annya_buddha_vandana_gantha_sanggaho_e0601n',26,replace(replace('<p class="bodytext">passāma<a name="M0.0026"></a>. Guṇa āmantane icceva passāma. Vicāretvā gahetabba’’nti vuttaṃ. Amito guṇo amitaguṇo, tesaṃ gaṇo samūho amitaguṇagaṇo, tesaṃ. Ādhārati tiṭṭhati etthāti amitaguṇagaṇādhāro, jino labbhati. So pana samuddodakaṃ nāḷipattena aparimitaṃ viya kenaci aparimitānaṃ sīlādiguṇasamūhānaṃ ādhāro patiṭṭhānabhūtoti attho.</p>\r\n<p class="bodytext"><span class="bld">Dasabala</span>nti aññehi asādhāraṇaṃ tathāgatadasabalasampannaṃ. Ettha hi balanti kehici viruddhehi kāraṇe hi balanti na kampenti thirantīti balaṃ, dasa balāni yassa soti dasabalo, buddho. Taṃ pana duvidhaṃ hoti tathā gatassa dasabalaṃ kāyadasabalañca, ñāṇadasabalañcāti. Tesu hi kāyabalaṃ hatthikulānusārena veditabbaṃ. Vuttañhetaṃ <span class="bld">porāṇehi</span> –</p>\r\n<p class="gatha1">‘‘Kāḷā vakañca gaṅgeyyaṃ, paṇḍaraṃ tambapiṅgalaṃ;</p>\r\n<p class="gathalast">Gandha maṅgalahemañca, uposathaṃ chaddantime dasā’’ti.</p>\r\n<p class="bodytext">Imāni hi dasa hatthikulāni. Tattha kāḷāvakanti pakatihatthikulaṃ daṭṭhabbaṃ. Yaṃ dasannaṃ purisānaṃ kāyabalaṃ, taṃ ekassa kāḷāvakahatthino. Yaṃ dasannaṃ kāḷāvakānaṃ balaṃ, taṃ ekassa gaṅgeyyassa. Yaṃ dasannaṃ gaṅgeyyānaṃ, taṃ ekassa paṇḍarassa. Yaṃ dasannaṃ paṇḍarānaṃ, taṃ ekassa tambassa. Yaṃ dasannaṃ tambānaṃ, taṃ ekassa piṅgalassa. Yaṃ dasannaṃ piṅgalānaṃ, taṃ ekassa gandhahatthino. Yaṃ dasannaṃ gandhahatthīnaṃ, taṃ ekassa maṅgalassa. Yaṃ dasannaṃ maṅgalānaṃ, taṃ ekassa hemavatassa. Yaṃ dasannaṃ hemavatānaṃ, taṃ uposathassa. Yaṃ dasannaṃ uposathānaṃ, taṃ ekassa chaddantassa. Yaṃ dasannaṃ chaddantānaṃ, taṃ ekassa tathāgatassa, nārāyanasaṅghātabalantipi idameva vuccati. Tadetaṃ pakatihatthīnaṃ gaṇanāya </p>','\r',char(13)),'\n',char(10)),'');
INSERT INTO pages (bookid, page, content, paranum) VALUES('annya_buddha_vandana_gantha_sanggaho_e0601n',27,replace(replace('<p class="bodytext">hatthikoṭisahassānaṃ<a name="M0.0027"></a>. Purisagaṇanāya dasannaṃ purisakoṭisahassānaṃ balaṃ hoti. Idaṃ tathāgatassa kāyabalaṃ hoti. Idaṃ pana tāsu tāsu pāḷīsu na āgataṃ. Aṭṭhakathāsuyeva āgataṃ. Tena vuttaṃ dasaka nipāta <span class="bld">aṅguttaraṭīkāyaṃ</span> ‘‘dasa balañāṇaṃ pana pāḷiyaṃ āgatameva. Na kāyabalaṃ viya aṭṭha kathārūḷhamevāti adhippāyo’’ti. Ettha ca nārāyana saṅghāta balanti ettha nārā vuccanti rasmiyo, tā bahū nānāvidhā ito uppajjantīti nārāyanaṃ, vajiraṃ. Tasmā nārāyanasaṅghāta balanti vajirasaṅghātabalanti atthoti.</p>\r\n<p class="bodytext">Ñāṇadasabalaṃ pana vibhaṅgapāḷiyañca mūlapaṇṇāse mahā sīhanādasutte dasakanipātaaṅguttarapāḷiyañca vitthārena āgatameva. Sukhaggahaṇatthaṃ pana saṅkhepena dassayissāmi. Seyyathidaṃ. Ṭhānāṭṭhānañāṇañca, kammasamādānānaṃ vipākañāṇaṃ, sabbatthagāminipaṭipadāñāṇaṃ, anekadhātu nānādhātu loka ñāṇaṃ, sattānaṃ nānādhimuttikataṃ ñāṇaṃ, parasattānaṃ parapuggalānaṃ indriyaparopariyattiñāṇaṃ, jhānavimokkhasamādhisamāpattīnaṃ saṃkilesaṃ vodānaṃ vuṭṭhānaṃ ñāṇaṃ, pubbenivāsānussatiñāṇaṃ, sattānaṃ cutūpapātaṃ ñāṇaṃ, āsavānaṃ khayañāṇañcāti. Ayaṃ pana kamo abhidhammavibhaṅgapāḷiyaṃ āgatakkamo.</p>\r\n<p class="bodytext">Cutūpapātañāṇaṭṭhāne pana mūlapaṇṇāsapāḷiyaṃ mahāsīhanādasutte ca dasakanipātaaṅguttarapāḷiyaṃ dibbacakkhuñāṇaṃ āgataṃ. Atthato pana dibbacakkhuñāṇena cutūpapātassa passitattā sadisamevāti. Tattha hi ṭhānāṭṭhānañāṇanti kāraṇākāraṇaṃ yathābhūtaṃ jānanañāṇaṃ. Kāraṇañhi yasmā tattha phalaṃ tiṭṭhati tadāyattavuttitāya uppajjati ceva pavattati ca, tasmā ṭhānanti vuccati. Kammasamādānānaṃ vipākañāṇanti samādiyitvā katānaṃ atītānāgata paccuppannānaṃ kusalākusalakammānaṃ sugatiduggatipaṭisandhisaṅkhātaṃ vipākaṃ nibbānaphalañca yathābhūtaṃ pajānanañāṇaṃ. Sabbattha </p>','\r',char(13)),'\n',char(10)),'');
INSERT INTO pages (bookid, page, content, paranum) VALUES('annya_buddha_vandana_gantha_sanggaho_e0601n',28,replace(replace('<p class="bodytext">gāminipaṭipadaṃ <a name="M0.0028"></a> ñāṇanti sabbagatigāminiñca paṭipadaṃ maggaṃ yathābhūtaṃ pajānanañāṇaṃ. Tattha ca paṭipadanti paṭipajjati pāpuṇāti etenāti paṭipadaṃ, maggaṃ. Gatigāmininti nirayādipañcagatigāminiṃ. Agatigāmininti nibbānagāminiṃ. Vuttañhi ‘‘nibbānañcāhaṃ sāriputta pajānāmi nibbānagāminiñca paṭipada’’nti.</p>\r\n<p class="bodytext">Anekadhātunānādhātulokaṃ ñāṇanti ettha aneka dhātūti cakkhudhātuādīhi kāmadhātūhi vā bahudhātuṃ. Nānādhātūti tāsaṃyeva dhātūnaṃ vilakkhaṇattā visadisa sabhāvattā nānāppakāradhātuṃ. Lokanti khandhāyatana dhātulokaṃ. Ñāṇanti yathābhūtaṃ pajānanañāṇaṃ. Sattānaṃ adhimuttikataṃ ñāṇanti sattānaṃ hīnādīhi adhimuttīhi nānādhimuttikabhāvaṃ yathābhūtaṃ pajānanañāṇaṃ. Parasattānaṃ parapuggalānaṃ indriyaparopariyattiñāṇanti ettha parasattānanti padhānasattānaṃ. Parapuggalānanti tato paresaṃ hīnasattānaṃ. Ekatthameva vā etaṃ padadvayaṃ veneyyavasena dvedhā vuttaṃ. Indriyaparopariyattiñāṇanti saddhādīnaṃ indriyānaṃ parabhāvaṃ vaḍḍhañca aparabhāvaṃ hāniñca yathābhūtaṃ pajānanañāṇaṃ.</p>\r\n<p class="bodytext">Jhānavimokkhasamādhisamāpattīnaṃ saṃkilesaṃ vodānaṃ vuṭṭhānaṃ ñāṇanti ettha jhānavimokkhasamādhisamāpattīnanti paṭhamādīnaṃ catunnaṃ jhānānaṃ, rūpī rūpāni passatītiādīnaṃ aṭṭhannaṃ vimokkhānaṃ, savitakkasavicārādīnaṃ tiṇṇaṃ samādhīnaṃ, paṭhamajjhāna samāpattiādīnañca navannaṃ anupubbasamāpattīnaṃ. Saṃkilesanti hānabhāgiyadhammaṃ. Vodānanti visesabhāgiyadhammaṃ. Vuṭṭhānanti yena kāraṇena jhānādīhi vuṭṭhahanti, taṃ kāraṇaṃ. Ñāṇanti yathābhūtaṃ pajānanañāṇaṃ. Pubbenivāsānussatiñāṇanti pubbe nivutthakkhandhānussaraṇasaṅkhātaṃ pajānanañāṇaṃ. Sattānaṃ cutūpapātaṃ ñāṇanti sattānaṃ cutiñca upapātañca pajānanaṃ dibbacakkhuñāṇaṃ. Āsavānaṃ khayañāṇanti kāmāsavādīnaṃ khayasaṅkhātaṃ āsavanirodhaṃ nibbānaṃ yathābhūtaṃ pajānana </p>','\r',char(13)),'\n',char(10)),'');
INSERT INTO pages (bookid, page, content, paranum) VALUES('annya_buddha_vandana_gantha_sanggaho_e0601n',29,replace(replace('<p class="bodytext">ñāṇanti<a name="M0.0029"></a>. Imāni pana ñāṇāni aññehi asādhāraṇāni tathāgatassa dasabalañāṇānīti daṭṭhabbāni.</p>\r\n<p class="bodytext">Honti cettha –</p>\r\n<p class="gatha1">‘‘Ṭhānāṭṭhānaṃ vipākañca, ñāṇaṃ paṭipadaṃ ñāṇaṃ;</p>\r\n<p class="gathalast">Anekadhātulokañca, sattānaṃ adhimuttikaṃ. [sā panesā setavavipulāgāthāti daṭṭhabbā;]</p>\r\n<p class="gatha1">Indriyaparāparañca, jhānādinaṃ saṃkilesaṃ;</p>\r\n<p class="gatha2">Vodānaṃ vuṭṭhānaṃ ñāṇaṃ, pubbenivāsānussatiṃ;</p>\r\n<p class="gatha3">Sattānaṃ cutūpapātaṃ, āsavakkhayaṃ ñāṇanti;</p>\r\n<p class="gathalast">Dasimāni buddhassa cā, sādhāraṇāni ñāṇānī’’ti. [sā panesā sāmaññagāthāti daṭṭhabbā;]</p>\r\n<p class="bodytext">Nanu dasabalañāṇaṃ nāma pāṭiyekkaṃ natthi, sabbaññutañāṇameva hoti, atha kasmā taṃ ñāṇaṃ dasabhedena vuttanti. Vuccate. Aññameva hi dasabalañāṇaṃ, aññaṃ sabbaññutañāṇaṃ, dasabalañhi sakasakakiccameva jānāti. Sabbaññutañāṇaṃ pana tampi tato avasesampi pajānāti. Dasabalañāṇesu hi paṭhamaṃ kāraṇākāraṇameva jānāti. Dutiyaṃ kammantara vipākantarameva. Tatiyaṃ kammaparicchedameva. Catutthaṃ dhātu nānattakāraṇameva. Pañcamaṃ sattānaṃ ajjhāsayādhimuttimeva. Chaṭṭhaṃ indriyānaṃ tikkhamudubhāvameva. Sattamaṃ jhānādīhi saddhiṃ tesaṃ saṃkilesādimeva. Aṭṭhamaṃ pubbe nivutthakhandhasantatimeva. Navamaṃ sattānaṃ cutipaṭisandhimeva. Dasamaṃ saccaparicchedameva. Sabbaññutañāṇaṃ pana etehi jānitabbañca tato uttariñca pajānāti. Etesaṃ pana kiccaṃ na sabbaṃ karoti. Tañhi jhānaṃ hutvā appetuṃ na sakkoti. Iddhi hutvā vikubbituṃ na sakkoti. Maggo hutvā kilese khepetuṃ na sakkoti. Evaṃ tesaṃ ñāṇadvayānaṃ visesoti. Taṃ pana idha ñāṇadvayaṃ adhippetanti.</p>','\r',char(13)),'\n',char(10)),'');
INSERT INTO pages (bookid, page, content, paranum) VALUES('annya_buddha_vandana_gantha_sanggaho_e0601n',30,replace(replace('<p class="bodytext"><span class="bld">Atulanti</span> <a name="M0.0030"></a> sīlādīhi guṇehi kenaci puggalena asadisaṃ. Ayaṃ panettha vacanattho. Tulanaṃ ummānaṃ tulā, tula sadisyaṃ. <span class="bld">Saddanītiya</span>ñhi ‘‘tula ummāne’’ti vuttaṃ. Atha vā tuliyati pamiyati etāyāti tulā, pakatitulā. Tulā viyāti tulā, ñāṇaṃ. Tāya sammito tulo. Sammita taddhite apaccayo. Tulasadisañāṇena sammito puggalo. Na tulo atulo. Kammadhārayamissakatappurisa samāsoyaṃ. Sīlādiguṇehi kenaci puggalena asadiso bhagavā labbhati. Atha vā natthi tulo sadiso puggalo etassāti atulo, bhagavā. Atagguṇasaṃviññāṇoyaṃ bahubbīhi. Sīlādiguṇehi kenaci asadiso aggapuggaloti attho. Sadevake loke aggapuggalabhāvato. Yathāha ‘‘yāvatā bhikkhave sattā apadā vā dvipadā vā catuppadā vā, tathāgato tesaṃ aggamakkhāyati, virāgo seṭṭho dhammānaṃ dvipadānañca cakkhumā’’ti. Taṃ atulaṃ buddhanti sambandho. <span class="bld">Vande</span>ti buddhassa nayanasubhagakāyaṅgādiguṇaṃ anussaritvā tīhi dvārehi sakkaccaṃ ahaṃ vandāmīti attho. Ettha ca mivibhattiyā mahāvisayasuttena ekārā desoti daṭṭhabbo. Vandanā pana tividhā hoti kāyavacīmanovandanāvasenāti. Yathāha ‘‘tisso imā bhikkhave vandanā. Katamā tisso. Kāyena vandati, vācāya vandati, manasā vandatī’’ti.</p>\r\n<p class="bodytext">Tattha yoniso manasikāracittaṃ paccupaṭṭhāpetvā jāṇudvayakapparadvayanalāṭasaṅkhātāni pañca aṅgāni bhūmiyaṃ patiṭṭhāpetvā vandaneyyānaṃ abhimukhaṃ nipatanto kāyena vandati nāma. Yaṃ sandhāya ‘‘pañcapatiṭṭhitena vanditvā’’ti aṭṭha kathādīsu vuttaṃ. Buddhaguṇapadāni vācāya pavattento vācāya vandati nāma. Vipassissa namatthu, sikhissāpi namatthu, vessa bhussa namatthu, kakusandhassa namatthu, koṇāgamanassa </p>','\r',char(13)),'\n',char(10)),'');
INSERT INTO pages (bookid, page, content, paranum) VALUES('annya_buddha_vandana_gantha_sanggaho_e0601n',31,replace(replace('<p class="bodytext">namatthu<a name="M0.0031"></a>, kassapassa namatthu, aṅgīrassassa namatthu tyādīsupi vācāvandanāyeva. Buddhādi guṇāni anussaranto manasā vandati nāmāti.</p>\r\n<p class="bodytext">Ayaṃ panettha <span class="bld">saṅkhepayojanā</span>. Nayanasubhagakāyaṅgaṃ sabbasattānaṃ cakkhussa sobhanaṃ gatena kāyaṅgena samannāgataṃ, madhuravarasaropetaṃ piyapemanīyena assādi yena uttamasaddena samannāgataṃ, amitaguṇagaṇādhāraṃ aparimiṇitabbasīlādiguṇasamūhānaṃ patiṭṭhānabhūtaṃ, dasabalaṃ anaññasādhāraṇena tathāgatassa kāyañāṇadasa balena samannāgataṃ, atulaṃ sīlādiguṇehi kenaci asadisaṃ buddhaṃ tīhi dvārehi sakkaccaṃ ahaṃ vande vandāmīti.</p>\r\n<p class="centered">Dutiyavandanagāthāvaṇṇanā samattā.</p>\r\n<p class="hangnum"><a name="para3"></a><span class="paranum">3</span>.</p>\r\n<p class="gatha1"> Yo buddho dhitimāññadhārako,</p>\r\n<p class="gatha2">Saṃsāre anubhosi kāyikaṃ;</p>\r\n<p class="gatha3">Dukkhaṃ cetasikañca lokato,</p>\r\n<p class="gathalast">Taṃ vande naradeva maṅgalaṃ.</p>\r\n<p class="bodytext"><a name="para3"></a><span class="paranum">3</span>. Evaṃ tatiyagāthāya buddhassa vanditvā idāni samādhi ādīhi catūhi guṇehi thomitvā vanditukāmo <span class="bld">yo buddho dhitimāññadhārako</span> tiādigāthamāha. Ayaṃ pana masajagaṇa garuyuttattā dasakkharehi lakkhitā suddhavirā jitagāthāti daṭṭhabbā. Vuttañhi <span class="bld">vuttodaye</span>-msā jgā suddhavirā jitaṃ matanti. Tassattho. Yassaṃ paṭipādaṃ msā masagaṇā ca jgā jagaṇagarukā ca ce siyyuṃ, taṃ vuttaṃ suddhavirājitanti mataṃ ñātabbanti. Dhitimā aññadhārako yo buddho lokato saṃsāre kāyikaṃ dukkhañca cetasikaṃ dukkhañca anubhosi naradevamaṅgalaṃ, taṃ buddhaṃ ahaṃ vandeti sambandho.</p>','\r',char(13)),'\n',char(10)),'-3-3-');
INSERT INTO pages (bookid, page, content, paranum) VALUES('annya_buddha_vandana_gantha_sanggaho_e0601n',32,replace(replace('<p class="bodytext">Tattha <a name="M0.0032"></a> hi <span class="bld">yo</span>ti aniyamaniddeso. Yo yādisoti attho. Tassa ca aniyamavācaka sabbanāmapadattā vacanattho na kātabbo. Tassa pana ya oti padavibhāgo kātabbo. Tesu ca yasaddassa vāccaṃ aniyamo buddhadabbo appadhānena labbhati, tassa yādisayuttajaccanāmagottasīlavihārī gocarasaṅkhātaṃ aniyamasāmaññākārattaguṇameva padhānena labbhati. Paṭhamāsivibhattiyā kāriyabhūtassa okārassa vāccaṃ pakatūpanissayasaṅkhātaṃ kattukārakekavacanasaṅkhyaṃ labbhati. Atha vā sabbanāmabhāvaṃ yāti gacchatīti yo, aniyamavācakabhāvaṃ yāti gacchatīti vā yo, sabbanāma bhāvena yāti pavattatīti vā yo, sabbanāmabhāvena yātabbo ñātabboti vā yo, yātabbo ñātabbo etena vā aniyamatthoti yo.</p>\r\n<p class="bodytext">Tenāhu <span class="bld">porāṇā</span> –</p>\r\n<p class="gatha1">‘‘Nānākāraṇaṃ paṭicca, dhātupaccayaviggahaṃ;</p>\r\n<p class="gathalast">Cintakānaṃ pabhāvova, padhānaṃ hoti cintane’’ti.</p>\r\n<p class="bodytext"><span class="bld">Buddho</span>ti paṭividdhacatusaccadhammo. Ayaṃ panettha vacanattho. Bujjhati cattāri saccānīti buddho, bhagavā. Suddhakattusādhanoyaṃ. Budhadhātu ta. Bodhetā pajāyāti vā buddho, hetu kattusādhanoyaṃ. Aññesaṃ cattāri saccāni bodhetīti attho. Atha vā anaññabodhito hutvā savāsanāya sammohaniddāya bujjhati jāgarotīti buddho, dinakarakiraṇa samāgamena paramarucirasirīsobhaggappattiyā vikasitamiva padumaṃ aggamaggañāṇasamāgamena aparimitaguṇagaṇālaṅkata sabbaññutañāṇappattiyā bujjhati vikasatīti vā buddho, nibbāna saṅkhātaṃ ekāyanamaggaṃ bujjhati gacchatīti vā buddho. Budhasaddo hi ñāṇādīsu catūsvatthesu vattati.</p>','\r',char(13)),'\n',char(10)),'');
INSERT INTO pages (bookid, page, content, paranum) VALUES('annya_buddha_vandana_gantha_sanggaho_e0601n',33,replace(replace('<p class="bodytext">Tena <a name="M0.0033"></a> vuttaṃ –</p>\r\n<p class="gatha1">‘‘Ñāṇe vikasane ceva, gamane cāpi jāgare;</p>\r\n<p class="gathalast">Catūsvetesu atthesu, budhasaddo pavattatī’’ti.</p>\r\n<p class="bodytext">Atha vā sabbañeyyadhamme bujjhati jānātīti buddho, pārami bhāvitāya paññāya sabbe saṅkhatāsaṅkhatadhamme bujjhati abujjhi bujjhissatīti vā buddho, sammāsambuddho vata so bhagavāti adhigatañāṇaguṇavisesehi bujjhitabboti vā buddho, bhagavatā bujjhitabbaṃ ñātabbanti buddhaṃ. Kiṃ taṃ, sabbaññuta ñāṇaṃ, tadassatthīti buddho, bhagavā. Atthato pana pāramitā bhāvito sayambhūñāṇena saha vāsanāya vihataviddhasta niravasesakleso mahākaruṇāsabbaññutañāṇādiapari meyyaguṇagaṇādhāro khandhasantāno buddho. Yathāha ‘‘buddhoti yo so bhagavā sayambhū anācariyako pubbe ananussutesu dhammesu sāmaṃ saccāni abhisambujjhi, tattha ca sabbaññutaṃ patto, balesu ca vasībhāva’’nti.</p>\r\n<p class="bodytext">Ettha ca buddho nāma sabbaññubuddha, paccekabuddha, catusaccabuddha, suta buddhavasena catubbidho hoti. Tattha kappasatasahassādhikāni cattāri asaṅkhyeyyāni samatiṃsapāramiyo pūretvā sambodhippatto sabbaññubuddho nāma. Kappasatasahassādhikāni dve asaṅkhyeyyāni pāramiyo pūretvā sayambhūpatto paccekabuddho nāma. Avasesā khīṇāsavā catusaccabuddho nāma. Bahussuto sutabuddho nāma. Idha pana sabbaññubuddho adhippeto.</p>\r\n<p class="bodytext"><span class="bld">Dhitimāññadhārako</span>ti ettha dhitimā aññadhārakoti padacchedo kātabbo. Dhitimāti samādhivanto, sampayutta dhamme ekārammaṇe dhāretīti dhiti, samādhi. Dhādhātuti. Ākārassa ikārādeso. Dhiyati ṭhapeti ekārammaṇe sampayuttadhammeti dhiti, cittena yogeneveso ekā </p>','\r',char(13)),'\n',char(10)),'');
INSERT INTO pages (bookid, page, content, paranum) VALUES('annya_buddha_vandana_gantha_sanggaho_e0601n',34,replace(replace('<p class="bodytext">rammaṇe <a name="M0.0034"></a> patiṭṭhāpanavasena cittassa ārammaṇe niccalabhāvena patiṭṭhāpetīti attho. Dhiti assa atthīti dhitimā, buddho. So hi yathā mahāmeru catūhi disāhi bhusaṃ āgatehi vātehi na samiñjati, evaṃ paṭipakkhehi micchāvāda vātehi ca iṭṭhāniṭṭhārammaṇehi ca lābhālābha yasāyasa nindā pasaṃsa sukhadukkhasaṅkhātehi lokadhammehi ca na samiñjati, samādhivantoyeva hotīti vuttaṃ hoti.</p>\r\n<p class="bodytext"><span class="bld">Aññadhārako</span>ti arahattaphalahārako. Vimuttisaṅkhātaṃ arahattaphalasetacchattaṃ dhārento vā. Jānāti paṭhama maggena diṭṭhasaccassa āmariyādaṃ anatikkamitvā vāti aññaṃ, arahattaphalaṃ. Āpubbañādhātu kvi. Āsaddo mariyādattho. Saṃyogaparattā ākārassa rasso, taṃ dhāretīti aññadhārako. Aññasaddūpapadadharadhātu ṇvu. <span class="bld">Saṃsāre</span>ti khandhadhātuāyatanānaṃ abbocchinnaṃ pavattamāne saṃsāravaṭṭe.</p>\r\n<p class="bodytext">Vuttañhi <span class="bld">aṭṭhakathāyaṃ</span> –</p>\r\n<p class="gatha1">‘‘Khandhānañca paṭipāṭi, dhātuāyatanāna ca;</p>\r\n<p class="gathalast">Abbocchinnaṃ vattamānā, saṃsāroti pavuccatī’’ti.</p>\r\n<p class="bodytext">Khandhadhātuāyatanānaṃ aññamaññasambandhena saṃpunappunaṃ sarati gacchati pavattatīti saṃsāro. Saṃpubbasaradhātu gatimhi ṇa. Atha vā khandhāyatanadhātuyo saṃ abbocchinnaṃ saranti gacchanti pavattanti etthāti saṃsāroti vacanattho kātabbo, tasmiṃ. <span class="bld">Anubhosī</span>ti anupunappunaṃ abhuñji, avedayīti attho. <span class="bld">Kāyika</span>nti kāye sarīre pavattaṃ kāyikaṃ. <span class="bld">Cetasika</span>nti cetasi pavattaṃ cetasikaṃ. Taṃ pana padadvayaṃ dukkhantipade visesanaṃ. <span class="bld">Dukkha</span>nti vaṭṭadukkhaṃ. Dukkhanaṃ dukkhaṃ, atha vā dukkhayatīti dukkhaṃ, dukkhadhātu a. Idaṃ pana nibbacanaṃ kāritavasena vuttaṃ. Yassa uppajjati, taṃ dukkhitaṃ karotīti vuttaṃ hoti. <span class="bld">Lokato</span>ti sattalokahetu. </p>','\r',char(13)),'\n',char(10)),'');
INSERT INTO pages (bookid, page, content, paranum) VALUES('annya_buddha_vandana_gantha_sanggaho_e0601n',35,replace(replace('<p class="bodytext">Lokiyanti <a name="M0.0035"></a> pavattanti ettha puññāpuññāni tabbipāko cāti loko. Lokadhātu ṇa. Atha vā kusalādīni lāti gaṇhātīti loko. Lādhātu okapaccayo. Satta lokova labbhati. Dhitimā aññadhārako yo buddho saṃsāravaṭṭe nimuggānaṃ sattānamanudayāya saṃsāravaṭṭadukkhato pamocetukāmo kappasatasahassādhikāni cattāri asaṅkhyeyyāni atidukkarāni samatiṃsapāramiyo pañca mahā pariccāge ca karonto sattalokahetu kāyikaṃ cetasikaṃ saṃsāravaṭṭadukkhaṃ anubhavasīti vuttaṃ hoti. <span class="bld">Ta</span>nti tādisaṃ buddhaṃ. <span class="bld">Vande</span>ti vandāmi.</p>\r\n<p class="bodytext"><span class="bld">Naradevamaṅgala</span>nti naradevānaṃ maṅgalabhūtaṃ. Ayaṃ panettha vacanatto. Nirayaṃ neti pāpuṇātīti naro, manusso. Nidhātu pāpunane aro. Ariyamanusso pana bhūtapubbagatika nayena naro nāmāti. Atha vā seṭṭhabhāvaṃ netīti naro, uttamaṃ pabbajjaṃ netīti attho. <span class="bld">Vimānavatthuaṭṭhakathāyaṃ</span> pana jeṭṭhabhāvaṃ netīti naro. Puttabhātubhūtopi hi puggalo mātujeṭṭhabhaginīnaṃ pituṭṭhāne tiṭṭhati, pageva bhattubhūto itarāsanti vuttaṃ. <span class="bld">Visuddhimaggamahāṭīkāyaṃ</span> pana naratīti naro, puriso. Yathā hi paṭhamapakatibhūto satto itarāya pakatiyā seṭṭhaṭṭhena puriucce ṭhāne seti pavattatīti purisoti vuccati, evaṃ nayanaṭṭhena naroti vuccati. Puttabhātu bhūtopi hi puggalo mātujeṭṭhabhaginīnaṃ pituṭhāne tiṭṭhati. Pageva itarā itarāsanti vuttaṃ. Tasmā idha pana naranti sāmaññena vuttampi visesena purisanaranti viññāyati padhānanayena gahaṇassa yuttattā. Dibbanti kāmaguṇa jhānābhiññācittissariyādīhi kīḷantīti devā. Divudhātu ṇa. Atha vā sarīrālaṅkārajutiyā dibbantīti devā. Devā ca nāma tividhā honti sammutidevā, upapattidevā, visuddhidevā cāti. Tattha mahāsammatakālato paṭṭhāya </p>','\r',char(13)),'\n',char(10)),'');
INSERT INTO pages (bookid, page, content, paranum) VALUES('annya_buddha_vandana_gantha_sanggaho_e0601n',36,replace(replace('<p class="bodytext">lokena <a name="M0.0036"></a> devāti sammatattā rājāno deviyo rājakumārā ca sammutidevā nāma. Devaloke upapannā upapattidevā nāma. Buddhapaccekabuddhakhīṇāsavā visuddhidevā nāma. Idha pana upapattidevā adhippetā.</p>\r\n<p class="bodytext"><span class="bld">Maṅgala</span>nti maṅgalabhūtaṃ. Tantipade visesanaṃ. Maṅganti vaḍḍhenti sabbasampattīhi sattānaṃ etenāti maṅgalo, buddho. Maṅgala dhātu vaḍḍhane alo. Atha vā maṅgaṃ vuccati pāpaṃ, taṃ veneyyānaṃ desanāya lunāti chindatīti maṅgalo, buddho. Maṅgasaddūpapadaludhātu kvi. Narā ca devā ca naradevā, tesaṃ maṅgalo naradevamaṅgalo, buddho. So pana manussadevabrahmānaṃ pūjanīyattā ca saṅkhe, cakkaṃ, puṇṇakumbho, garā, sirī, setacchattaṃ, aṅkuso, dhajaṃ, sovattikañcāti aṭṭhahi lokiyamaṅgalehi seṭṭhattā uttamattā ca maṅgalo nāmāti vuccati, tasmā buddhassa naradevamaṅgalanti thometīti adhippāyoti.</p>\r\n<p class="bodytext">Ayaṃ panettha <span class="bld">saṅkhepayojanā</span>. Dhitimā samādhivanto aññadhārako arahattaphaladhārako arahattaphalase tacchattaṃ dhārento vā, yo yādiso buddho, saṃsāre saṃsāravaṭṭe, kāyikaṃ kāye pavattaṃ dukkhañca vaṭṭadukkhañca cetasi pavattaṃ dukkhañca vaṭṭadukkhañca, lokato lokahetu, anubhosi punappunaṃ abhavasi avedayi, naradevamaṅgalaṃ naradevānaṃ maṅgalabhūtaṃ, taṃ tādisaṃ buddhaṃ ahaṃ vande vandāmīti.</p>\r\n<p class="centered">Tatiyavandanagāthāvaṇṇanā samattā.</p>\r\n<p class="hangnum"><a name="para4"></a><span class="paranum">4</span>.</p>\r\n<p class="gatha1"> Bāttiṃsatilakkhaṇacitradehaṃ,</p>\r\n<p class="gatha2">Dehajjutiniggatapajjalantaṃ;</p>\r\n<p class="gatha3">Paññādhitisīlaguṇoghavindaṃ,</p>\r\n<p class="hangnum">Vande munimantimajātiyuttaṃ.</p>\r\n<p class="gathalast"></p>','\r',char(13)),'\n',char(10)),'-4-');
INSERT INTO pages (bookid, page, content, paranum) VALUES('annya_buddha_vandana_gantha_sanggaho_e0601n',37,replace(replace('<p class="bodytext"><a name="para4"></a><span class="paranum">4</span>. Evaṃ <a name="M0.0037"></a> tatiyagāthāya buddhassa natvā idāni bāttiṃsatilakkhaṇacitradehantyādīhi chahi guṇehi thomitvā munino vanditukāmo <span class="bld">bāttiṃsati lakkhaṇa citra deha</span> ntyādigāthamāha. Ayaṃ pana ta ja ja gaṇa garudvaya yuttattā ekādasakkharehi lakkhitā upaṭṭhitā gāthāti daṭṭhabbā. Vuttañhi <span class="bld">vuttodaye</span> tjā jgā garunāyamupaṭṭhitā sā’’ti. Tassattho. Yassaṃ paṭipādaṃ tjā tajagaṇā ca jgājagaṇagarū ca garunā pādantagarunā ce yuttā, sā ayaṃ gāthā upaṭṭhitā nāmāti. Ettha ca eka garuke satipi dvigarukepi lakkhaṇasamānattā upaṭṭhitā gāthā nāmāti daṭṭhabbā. Tattha <span class="bld">bāttiṃsati lakkhaṇa citra deha</span>nti dvattiṃsamahāpurisalakkhaṇehi vicitraṃ sarīravantaṃ. Ettha ca dvīhi adhikaṃ tiṃsaṃ bāttiṃsati. Dvisaddassa bādeso. Lakkhiyati lakkhitabbaṃ buddhasarīraṃ etenāti lakkhaṇaṃ. Dihati upacayati vaḍḍhati vā ettha kusalā kusalanti dehaṃ, sarīraṃ. Dihadhātu upacaye vaḍḍhane vā ṇa. Bāttiṃsati mahāpurisalakkhaṇehi citraṃ vicitraṃ dehaṃ sarīraṃ yassa soti bāttiṃsatilakkhaṇacitradeho, muni labbhati.</p>\r\n<p class="bodytext">Idaṃ panettha dvattiṃsamahāpurisalakkhaṇasarūpassa <span class="bld">saṅkhepa dassanaṃ.</span> Suppatiṭṭhitapādo ca, āyatapaṇhi, dīghaṅguli, muduta luṇahatthapādo, jālahatthapādo, ussaṅkhapādo, eṇijaṅgho, ṭhitakova anonamanto ubhohi pāṇitalehi jāṇu kāni parimasati parimajjati, kosohitavatthaguyho, suvaṇṇa vaṇṇo kañcanasannibhattaco, sukhumacchavī, ekekalomo, uddhaggalomo, brahmujugatto, sattussado, sīhapubbaddha kāyo, citantaraṃso, nigrodhaparimaṇḍalo, samavaṭṭakkhandho, rasaggarasī, sīhahanu, cattālīsadanto, samadanto, aviraḷadanto, susukkadāṭho, pahūtajivho, brahmassaro karavīkabhāṇi, atinīlanetto, gopakhumo, uṇṇā bhamu </p>','\r',char(13)),'\n',char(10)),'-4-');
INSERT INTO pages (bookid, page, content, paranum) VALUES('annya_buddha_vandana_gantha_sanggaho_e0601n',38,replace(replace('<p class="bodytext">kantare <a name="M0.0038"></a> jāto, uṇhīsasīso cāti dvattiṃsavidhāni honti mahāpurisalakkhaṇāni.</p>\r\n<p class="bodytext">Tena vuttaṃ pātheyyavagge <span class="bld">lakkhaṇasutte</span> ‘‘katamāni tāni bhikkhave dvattiṃsamahāpurisassa mahāpurisalakkhaṇāni, yehi samannāgatassa mahāpurisassa dve gatiyo bhavanti, anaññā. Sace agāraṃ ajjhāvasati rājā hoti cakkavatti…pe… sace khopana agārasmā anagāriyaṃ pabbajati, arahaṃ hoti sammā sambuddho loke vivaṭacchado 1. idha bhikkhave mahā puriso suppatiṭṭhitapādo hoti. Yampi bhikkhave mahā puriso suppatiṭṭhitapādo hoti. Idampi bhikkhave mahā purisassa mahāpurisalakkhaṇaṃ bhavati 2. puna caparaṃ bhikkhave mahāpurisassa heṭṭhāpādatalesu cakkāni jātāni honti sahassārāni sanemikāni sanābhikāni sabbā kāraparipūrāni. Idampi bhikkhave mahāpurisassa mahāpurisa lakkhaṇaṃ bhavati 3. puna caparaṃ bhikkhave mahāpuriso āyatapaṇhī hoti 4. dīghaṅgulī hoti 5. mudutaluṇa hatthapādo hoti 6. jālahatthapādo hoti 7. ussaṅkhapādo hoti 8. eṇijaṅgho hoti 9. ṭhitakova anonamanto ubhohi pāṇitalehi jāṇukāni parimasati parimajjati 10. kosohitavatthaguyho hoti 11. suvaṇṇavaṇṇo kañcanasannibhattaco 12. sukhumacchavī hoti sukhumattā chaviyā rajojallaṃ kāye na upalimpati 13. ekekalomo hoti, ekekāni lomāni lomakūpesu jātāni 14. uddhaggalomo hoti. Uddhaggāni lomāni jātāni nīlāni añjanavaṇṇāni kuṇḍalā vattāni padakkhiṇāvattakajātāni 15. brahmujugatto hoti 16. sattussado hoti 17. sīhapubbaddha kāyo hoti 18. citantaraṃso hoti 19. nigrodhaparimaṇḍalo hoti, yāvatakvassa byāmo, tāva </p>','\r',char(13)),'\n',char(10)),'');
INSERT INTO pages (bookid, page, content, paranum) VALUES('annya_buddha_vandana_gantha_sanggaho_e0601n',39,replace(replace('<p class="bodytext">takvassa <a name="M0.0039"></a> kāyo 20. samavaṭṭakkhandho hoti 21. rasagga saggī hoti 22. sīhahanu hoti 23. cattālīsadanto hoti 24. samadanto hoti 25. aviraḷadanto hoti 26. susukkadāṭho hoti 27. pahūtajivho hoti 28. brahmassaro hoti karavīkabhāṇi 29. atinīlanetto hoti 30. gopakhumo hoti 31. uṇṇā bhamukantare jātā hoti odātā mudutūla sannibhā. Yampi bhikkhave mahāpurisassa uṇṇā bhamukantare jātā hoti odātā mudutūlasannibhā. Idampi bhikkhave mahāpurisassa mahāpurisalakkhaṇaṃ bhavati 32. puna caparaṃ bhikkhave mahāpuriso uṇhīsasīso hoti. Yampi bhikkhave mahāpuriso uṇhīsasīso hoti. Idampi bhikkhave mahāpurisassa mahāpurisalakkhaṇaṃ bhavati. Imāni kho tāni bhikkhave dvattiṃsamahāpurisassa mahāpurisa lakkhaṇānī’’ti. Etesaṃ pana dvattiṃsamahāpurisalakkhaṇānaṃ attho pacchā āvibhavissatīti.</p>\r\n<p class="bodytext"><span class="bld">Dehajjutiniggatapajjalanta</span>nti bhagavato rūpakāyato nikkhantehi chabbaṇṇaraṃsīsaṅkhātehi obhāsehi parisamantato vijjotavantaṃ. Javati dibbatīti juti. Judhātuti. Nigacchati niccharatīti niggatā, rasmi. Nipubbagamudhātu ta. Pakārena jalate dibbate pajjalantaṃ. Ettha ca dehaniggatajutīti vattabbe chandānurakkhaṇatthaṃ padavipariyāyena dehajjutiniggatanti vuttaṃ. Tasmā dehato niggatā jutīti samāso daṭṭhabbo. Dehato rūpakāyato niggatehi niccharehi jutīhi raṃsīhi pajjalantaṃ yassa soti dehajjuti niggatapajjalanto, muni labbhati. Munino hi puratthimakāyato chabbaṇṇarasmiyo uṭṭhahitvā asītihatthaṭṭhānaṃ agga hesi. Pacchimakāyato dakkhiṇahatthato vāmahatthato chabbaṇṇā rasmiyo uṭṭhahitvā asītihatthaṭṭhānaṃ aggahesi. Upari kesantato paṭṭhāya sabbakesavattehi moragīvavaṇṇā </p>','\r',char(13)),'\n',char(10)),'');
INSERT INTO pages (bookid, page, content, paranum) VALUES('annya_buddha_vandana_gantha_sanggaho_e0601n',40,replace(replace('<p class="bodytext">rasmi <a name="M0.0040"></a> uṭṭhahitvā gaganatale asītihatthaṭṭhānaṃ aggahesi. Heṭṭhāpādatalehi pavāḷavaṇṇā rasmi uṭṭhahitvā ghanapathaviyaṃ asītihatthaṭṭhānaṃ aggahesi, evaṃ samantā asītihatthamattaṃ ṭhānaṃ chabbaṇṇā buddharasmiyo vijjotamānā vipphandamānā kañcanadaṇḍadīpikāhi niccharitvā ākāsaṃ pakkhandajālā viya catuddīpika mahāmeghato nikkhantavijjulatā viya vidhāviṃsūti vuttaṃ hoti. Tasmā dehajjutiniggatapajjalantanti thometīti.</p>\r\n<p class="bodytext"><span class="bld">Paññādhiti sīla guṇoghavinda</span>nti ettha paññāti sabbaññuta ñāṇaṃ. Dhitīti jhānamaggaphalasampayuttasamādhi. Sīlanti pacceka buddhāriyasāvakehi asādhāraṇaṃ suvisuddhaṃ catupārisuddhisīlaṃ. Oghanti samūhaṃ. Vindanti laddhaṃ. Pakārena yathāsabhāvaṃ sabbañeyyadhammaṃ vā jānāti paṭivijjhatīti paññā. Sabbaññuta ñāṇaṃ. Papubbañādhātu a. Sā panesā pajānanalakkhaṇā paṭivedhalakkhaṇā obhāsanalakkhaṇā ca, visayobhāsa rasā, asammohapaccupaṭṭhānā, samādhipadaṭṭhānā. Dhitisaddassa vacanattho heṭṭhā vuttoyeva. Sīlatīti sīlaṃ. Kāyavacīkammāni sammā dahati sammā ṭhapetīti attho. Atha vā sīlati samādhiyati kāyakammādīnaṃ susilya bhāvena na vippakiratīti sīlaṃ, sīlanti samādahanti cittaṃ etenāti vā sīlaṃ, catupārisuddhisīlaṃ. Sīladhātu a. Idaṃ pana patiṭṭhāpanalakkhaṇaṃ, dussilyaviddhaṃsanarasaṃ anavajjarasaṃ vā, soceyyapaccupaṭṭhānaṃ, hiriottappapadaṭṭhānaṃ. Guṇasaddassa vacanattho heṭṭhā vuttoyeva. Uhanati samūhaṃ karoti ettha avayavanti ogho, samūho. Upubbahanadhātu ṇa. Ussa o. Hanassa gho. <span class="bld">Abhidhānappadīpikāṭīkāyaṃ</span> pana ‘‘avayavaṃ byapiyati gacchatīti ogho’’ti vuttaṃ. Vindanaṃlabhanaṃ vindaṃ, vindiyittha labbhitthāti vā vindaṃ, paññā ca dhiti ca sīlañca taṃ guṇañcāti paññādhitisīlaguṇā, tesaṃ ogho samūhoti tathā, taṃ vindaṃ labhanaṃ yassāti paññādhitisīlaguṇoghavindo, </p>','\r',char(13)),'\n',char(10)),'');
INSERT INTO pages (bookid, page, content, paranum) VALUES('annya_buddha_vandana_gantha_sanggaho_e0601n',41,replace(replace('<p class="bodytext">muni<a name="M0.0041"></a>. Atha vā vindaṃ labhitabbaṃ paññādhitisīlaguṇoghaṃ yenāti paññādhitisīlaguṇoghavindo. Tatiyābahubbīhi samāsoyaṃ. Vindānaṃ labhitabbānaṃ paññādhitisīla saṅkhātānaṃ guṇānaṃ samūho atthīti attho. Taṃ.</p>\r\n<p class="bodytext"><span class="bld">Vande</span>ti ahaṃ vandāmi. <span class="bld">Muni</span>nti buddhaṃ. Munāti jānāti paricchindati vā hitāhitanti muni, buddho. Munadhātu ñāṇe i. Atha vā munāti jānāti ubho attheti muni, khandhādi loke tulaṃ āropetvā minanto viya ime ajjhattikā khandhā ime bāhirātiādinā nayena idhalokatthañca paralokatthañca bhagavā jānātīti attho. So panesa agāriyamuni, anāgāriyamuni, sekhamuni, asekhamuni, paccekamuni, munimuni cāti anekavidho. Tattha agāriyamunīti gihipi āgataphalo viññātasāsano. Anāgāriyamunīti tathārūpova pabbajito. Sekhamunīti satta sekkhā. Asekhamunīti khīṇāsavo. Paccekamunīti paccekabuddho. Munimunīti sammāsambuddho. Tesu pana idha munimuni adhippeto, taṃ muniṃ. <span class="bld">Antimajātiyutta</span>nti antimena carimabhavena yuttaṃ. Avasānaṃ amati gacchatīti antaṃ. Amadhātu ta. Massa no. Ante bhavo antimo, carimabhavo. Jānanaṃ nibbattanaṃ jāti, khandhānaṃ pavatti. Kammena janiyati nibbattiyatīti vā jāti. Upapattibhavo labbhati. Jānidhātuti. Dhātvanta lopo. Antimajātiyā yuttoti antimajātiyutto, muni. Āyatiñhi tīsu bhavesu paṭisandhijanakānaṃ sabba kilesānaṃ bodhipallaṅkeyeva aggamaggena samucchinditattā bhagavato anāgate punabbhavo natthi, tasmā ayaṃ ariyajāti pacchimattabhāvayuttoti vuttaṃ hoti.</p>\r\n<p class="bodytext">Tena vuttaṃ <span class="bld">dhammacakkapavattanasutte</span> –</p>\r\n<p class="bodytext">‘‘Ñāṇañca medassanaṃ udapādi, akuppāme vimutti, ayamantimā jāti, natthidāni punabbhavo’’ti.</p>','\r',char(13)),'\n',char(10)),'');
INSERT INTO pages (bookid, page, content, paranum) VALUES('annya_buddha_vandana_gantha_sanggaho_e0601n',42,replace(replace('<p class="bodytext">Ayaṃ <a name="M0.0042"></a> panettha <span class="bld">saṅkhepayojanā</span>. Bāttiṃsatilakkhaṇacitraṃ dehaṃ dvattiṃsamahāpurisalakkhaṇehi vicitraṃ rūpakāyavantaṃ, dehajjutiniggata pajjalantaṃ rūpakāyato niggatehi chabbaṇṇaraṃ sīhi parisamantato vijjotavantaṃ, paññādhitisīlaguṇo ghavindaṃ paññādhitisīlasaṅkhatānaṃ guṇānaṃ samūhaṃ labhanavantaṃ, vinditabbānaṃ paññādhitisīlasaṅkhātānaṃ guṇānaṃ samūhavantaṃ vā, antimajātiyuttaṃ carimabhavena carimattabhāvena vā yuttaṃ muniṃ buddhaṃ ahaṃ tīhi dvārehi sakkaccaṃ vande vandāmīti.</p>\r\n<p class="centered">Catutthavandanagāthāvaṇṇanā samattā.</p>\r\n<p class="hangnum"><a name="para5"></a><span class="paranum">5</span>.</p>\r\n<p class="gatha1"> Pātodayaṃ bāladivākaraṃva,</p>\r\n<p class="gatha2">Majjhe yatīnaṃ lalitaṃ sirīhi;</p>\r\n<p class="gatha3">Puṇṇindusaṅkāsamukhaṃ anejaṃ,</p>\r\n<p class="gathalast">Vandāmi sabbaññumahaṃ munindaṃ.</p>\r\n<p class="bodytext"><a name="para5"></a><span class="paranum">5</span>. Evaṃ catutthagāthāya buddhaṃ vanditvā idāni sirīhi lalitantyādīhi catūhi guṇehi thomitvā vanditukāmo <span class="bld">pātodaya</span>ntyādigāthamāha. Ayaṃ pana ta ta ja gaṇadvigarūhi yuttattā ekādasakkharehi lakkhitā indavajirā gāthāti daṭṭhabbā. Vuttañhi <span class="bld">vuttodaye</span> ‘‘indādikā tā vajirā jagāgo’’ti. Tassattho, yassaṃ paṭipādaṃ tā dveta gaṇā ca jagā jagaṇa garu ca go garu ca ce bhavanti, sā indā dikā indasaddaādikā vajirā vajirāgāthā nāmāti.</p>\r\n<p class="bodytext">Tattha <span class="bld">pātodaya</span>nti ettha pāto udayanti padacchedo kātabbo. Page pubbaṇhasamaye pācīnalokadhātuto uggatanti attho. Pāto page pācīnalokadhātuto udeti uggacchatīti pātodayo, sūriyo. Pātopubba udadhātu uggamane ayo, taṃ pātodayaṃ. <span class="bld">Bāladivā </p>','\r',char(13)),'\n',char(10)),'-5-5-');
INSERT INTO pages (bookid, page, content, paranum) VALUES('annya_buddha_vandana_gantha_sanggaho_e0601n',43,replace(replace('<p class="bodytext">karaṃ <a name="M0.0043"></a> <span class="bld">vā</span>ti bāladivākaraṃ ivātipadacchedo. Bāladivākaraṃ vāti niggatābhinavasūriyaṃ viya. Ettha ca bāloti sampati jāto taruṇadārako potako vā. So hi balati assasitapassasitamattena jīvati na seṭṭhena paññājīvitenāti bālo, taruṇadārako. Baladhātu pāṇane jīvāyaṃ vā. Sūriyaraṃsinā divati dibbatīti divā. Divudhātu a. Atha vā dīyati khīyati andhakāro etenāti divā. Dīdhātu khaye a, vāgamo. Taṃ karotīti divākaro, divā divase vā karo ābhā yassāti divākaro, sūriyo. Bālasadiso divākaro bāladivākaro. Atha vā bālo iva divākaroti bāladivākaro, navuggatasūriyo. So pana ākāse nakkhattatārānaṃ majjhe sahassaraṃsīhi lalati vilāsati viyāti attho.</p>\r\n<p class="bodytext"><span class="bld">Yatīna</span>nti bhikkhūnaṃ. Te hi yatanti uṭṭhahanti ghaṭanti vāyamanti kusale dhammeti yatīti vuccanti. Yata dhātu patiyatane vāyāme vā i. Atha vā yamanti uparamanti akusale dhammeti yatīti vuccanti. Yamudhātu uparame i. Dhātvantalopo. Tesaṃ yatīnaṃ. <span class="bld">Lalita</span>nti vilāsitaṃ. Lalati vilāsetīti lalito, muni. Laladhātu vilāse ta. Taṃ. <span class="bld">Sirīhī</span>ti bhagavato kāyaṅgasobhaggapattehi sirīhi, bāttiṃsalakkhaṇāsītyā nubyañjanachabbaṇṇaraṃsīsaṅkhatehi sampattisirīhi vā. Katapuññe nissayatīti sirī. Sidhātu sevāyaṃ rapaccayo itthi liṅgajotakaīpaccayo ca. Katapuññehi seviyatīti vā sirī, sampatti. <span class="bld">Mūlaṭīkāyaṃ</span> pana ‘‘sirīti paññāpuññāna metaṃ adhivacana’’nti vuttaṃ. Yatīnaṃ bhikkhūnaṃ majjhe sirīhi lalitaṃ vilāsitanti sambandho. Ettha ca idaṃ vuttaṃ hoti, yathā pāto udito uggato sūriyo ākāse </p>','\r',char(13)),'\n',char(10)),'');
INSERT INTO pages (bookid, page, content, paranum) VALUES('annya_buddha_vandana_gantha_sanggaho_e0601n',44,replace(replace('<p class="bodytext">nakkhattatārānaṃ <a name="M0.0044"></a> majjhe sahassaraṃsīhi lalati vilāsati, evaṃ muni loke yatīnaṃ bhikkhūnaṃ majjhe bāttiṃsalakkhaṇā sītyānubyañjanachabbaṇṇaraṃsīhi alaṅkatehi sarīrasobhagga pattīhi sampattisirīhi lalati vilāsatīti.</p>\r\n<p class="bodytext"><span class="bld">Puṇṇindusaṅkāsamukha</span>nti puṇṇacandena sadisaṃ ānanasampannaṃ. Yathā hi cando kāḷapakkhe pāṭipadadivasato paṭṭhāya dine dine ūno hoti, evaṃ na munino mukhaṃ ānanaṃ ūnaṃ. Bhagavato pana mukhaṃ niccaṃ paripuṇṇacandamaṇḍalaṃ viya anūnaṃ hutvā sobhati, tasmā puṇṇasaddena visesetvā puṇṇindusaṅkāsamukhanti thometi. Soḷasakalehi pūretīti puṇṇaṃ. Pūradhātu ta, tassa ṇṇo. Idati nakkhattatārānaṃ issariyaṃ karotīti indu, ididhātu issariyaṃ u. Puṇṇaṃ paripuṇṇaṃ indu puṇṇindu, cando. Saṅkāsanti sadisaṃ. Saṅkāsasaddo hi upamāvācako nipāto. Vuttañhi</p>\r\n<p class="bodytext"><span class="bld">Subodhālaṅkāre</span> –</p>\r\n<p class="gatha1">‘‘Ivādi iva vā tulya, samānanibhasannibhā;</p>\r\n<p class="gathalast">Yathā saṅkāsa tulita, ppakāsa patirūpakā’’tyādi.</p>\r\n<p class="bodytext">Puṇṇacandaṃ viya mukhati sobhatīti mukhaṃ, ānanaṃ. Mukhadhātu a. Puṇṇindunā saṅkāsaṃ sadisaṃ mukhaṃ ānanaṃ yassa soti puṇṇindusaṅkāsamukho, munindo. Taṃ. Munindassa pana puṇṇa candassa sahassaraṃsīhi sassiriko viya bhikkhūnaṃ majjhe bāttiṃsa mahāpurisa lakkhaṇāsītyānubyañjana paṭimaṇḍitehi sirīhi ca byāmappabhāparikkhittehi āveḷāveḷā yamakāyamakā gumbāgumbā hutvā viniccharantīhi ghanabuddharasmisaṅkhātehi alaṅkito sassirikamukho hotīti vuttaṃ hoti. Tasmā puṇṇindusaṅkāsamukhanti thometi.</p>\r\n<p class="bodytext"><span class="bld">Aneja</span>nti nittaṇhaṃ. Lābhālābhādiṃ paṭicca ejati kampatīti ejā, taṇhā. Ejadhātu kampane a, natthi ejā </p>','\r',char(13)),'\n',char(10)),'');
INSERT INTO pages (bookid, page, content, paranum) VALUES('annya_buddha_vandana_gantha_sanggaho_e0601n',45,replace(replace('<p class="bodytext">yassāti <a name="M0.0045"></a> anejo, munindo. Vuttañhi <span class="bld">mahāniddesapāḷiyaṃ</span> ‘‘lābhālābha yasāyasa nindāninda sukhadukkhehi na iñjatīti anejo, bhagavā labbhatī’’ti.</p>\r\n<p class="bodytext"><span class="bld">Sabbaññu</span>nti paṭividdha sabbañeyyadhammaṃ. Saṅkharavikāralakkhaṇanibbāna paññattivasena pañcavidhaṃ sabbaṃ ñeyyadhammaṃ jānāti paṭivijjhati sīlenāti sabbaññū, munindo. Sabbasaddūpapada ñādhātu rū. Ettha ca sabbe saṅkhatadhammā saṅkharā nāma sakasakapaccayehi saṅkhariyantīti katvā. Viññattidvayaṃ lahutādittayañca vikāro nāma catūhi mahābhūtehi virūpaṃ kariyatīti katvā. Viññattidvayassa yathākkamaṃ cittajavāyodhātu cittajapathavī dhātūnaṃ visesaguṇattā, lahutādittayassa ca citto tvāhārajanipphannarūpānaṃ visesaguṇattā. Phassādidhammānaṃ phusanādilakkhaṇañca pathavīdhātvādīnaṃ kakkhaḷādilakkhaṇañca, cittassa ārammaṇavijānanalakkhaṇañca, nibbānassa santilakkhaṇañca, rūpassa ruppanalakkhaṇañca, nāmassa namanalakkhaṇañca, aniccatādittayāni ca upacayādicattāri lakkhaṇarūpāni ca lakkhaṇāni nāma lakkhiyanti etena lakkhitabbā dhammāti katvā. Asaṅkhatadhātunibbānaṃ nāma vānaṃ vuccati taṇhā, tato nikkhantanti katvā. Paricchedarūpaṃ itthipurisādighaṭapaṭādayo sabba vohāratthā ca paññatti nāma paññāpiyati pakārena ñāpiyatīti katvā. Ettha ca saṅkhāranibbānāni paramatthadhammā honti. Vikārādīsu pana vikāralakkhaṇāni paññattivisesattā visuṃ vuttāni. Imehi dvīhi vinimuttā pana paricchedarūpā sabbavohāratthā paññattīti vuttāti veditabbā. <span class="bld">Apadāna aṭṭhakathāyaṃ</span> pana ‘‘sabbaṃ atītādibhedaṃ hatthāmalakaṃ viya jānātīti sabbaññū’’ti vuttaṃ.</p>\r\n<p class="bodytext">Sabbaññūti ca kamasabbaññū, sakiṃ sabbaññū, satatasabbaññū, satti sabbaññū, ñātasabbaññū cāti pañcavidhā hoti sabbaññū. Tattha yathākkamaṃ sabbaṃ jānanadhammo kamasabbaññū nāma. Ekāvajjanena </p>','\r',char(13)),'\n',char(10)),'');
INSERT INTO pages (bookid, page, content, paranum) VALUES('annya_buddha_vandana_gantha_sanggaho_e0601n',46,replace(replace('<p class="bodytext">javanavārena <a name="M0.0046"></a> jānitabbaṃ catusaccadhammaṃ jānanadhammo sakiṃsabbaññū nāma. Cakkhuviññāṇādīnaṃ niyatārammaṇattaṃ jānanadhammo satatasabbaññū nāma. Ekappahārena sabbadhammaṃ jānanasamattho dhammo sattisabbaññū nāma. Āvajjanābhedena jānitabbaṃ sabbadhammaṃ jānanadhammo ñātasabbaññū nāma. Tesu ca sakiṃ sabbaññū sattisabbaññūvasena dve dhammā maggañāṇāniyeva. Tadavasesā sabbaññutañāṇāni honti. Taṃ sabbaññuṃ.</p>\r\n<p class="bodytext"><span class="bld">Muninda</span>nti ettha munisaddassa attho heṭṭhā vuttoyeva. Munīnaṃ indo issaro munindo, taṃ munindaṃ ahaṃ vandāmīti sambandhoti.</p>\r\n<p class="bodytext">Ayaṃ panettha <span class="bld">saṅkhepayojanā</span>. Pātodayaṃ pageva udayaṃ uggataṃ, bāladivākaraṃva navuggatasūriyamāṇavoiva, yatīnaṃ bhikkhūnaṃ majjhe sirīhi bāttiṃsamahāpurisalakkhaṇā sītyānubyañjanasampattisaṅkhātehi sirīhi lalitaṃ vilāsitaṃ, puṇṇindusaṅkāsamukhaṃ puṇṇacandena sadisaṃ ānanavantaṃ, anejaṃ nittaṇhaṃ, lokadhammehi aniñjanaṃ vā, sabbaññuṃ sabbadhamma vijānantaṃ, munindaṃ buddhaṃ sakkaccaṃ tīhi dvārehi ahaṃ vandāmīti.</p>\r\n<p class="centered">Pañcamavandanagāthāvaṇṇanā samattā.</p>\r\n<p class="hangnum"><a name="para6"></a><span class="paranum">6</span>.</p>\r\n<p class="gatha1"> Upetapuñño varabodhimūle,</p>\r\n<p class="gatha2">Sasenamāraṃ sugato jinitvā;</p>\r\n<p class="gatha3">Abojjhi bodhiṃ aruṇodayamhi,</p>\r\n<p class="gathalast">Namāmi taṃ mārajinaṃ abhaṅgaṃ.</p>\r\n<p class="bodytext"><a name="para6"></a><span class="paranum">6</span>. Evaṃ pañcamagāthāya munindaṃ vanditvā idāni mārajinaguṇena thomitvā vanditukāmo <span class="bld">upetapuñño</span> tyādigāthamāha. Ayaṃ pana ja ta ja gaṇa dvigaruyuttattā ekādasakkharehi lakkhitā upendavajirāgāthāti daṭṭhabbā. Vuttañhi <span class="bld">vuttodaye</span> </p>','\r',char(13)),'\n',char(10)),'-6-6-');
INSERT INTO pages (bookid, page, content, paranum) VALUES('annya_buddha_vandana_gantha_sanggaho_e0601n',47,replace(replace('<p class="bodytext">‘‘upādikā <a name="M0.0047"></a> sāva jatā jagā go’’ti. Tassattho, yassaṃ paṭipādaṃ jatā jagaṇa tagaṇā ca jagā jagaṇagarū ca go garu ca ce siyā, sāva sāgāthāeva upādikā upasaddādikā indavajirāgāthā nāmāti.</p>\r\n<p class="bodytext">Upetapuñño yo sugato varabodhimūle sasena māraṃ jinitvā aruṇodayamhi bodhiṃ abojjhi mārajinaṃ abhaṅgaṃ, taṃ sugataṃ ahaṃ namāmīti sambandho. Tattha <span class="bld">upetapuñño</span>ti sampannadānasīlādipāramīpuññavā. Dānasīlādi pāramīpuññena samannāgato vā. Dānasīlādipāramīpuññena upeto samupeto upagato samupagato sampanno samannāgatoti attho. Ayaṃ panettha vacanattho, upanno sampanno hutvā eti gacchati pavattatīti upetaṃ, puññaṃ. Upapubbaidhātu gatiyaṃ ta. Punāti attano kārakanti puññaṃ, pāramīpuññaṃ labbhati. Pudhātu pīṇane sodhane vā ṇyo. Tassa ño. Tattha attano kārakanti punappunaṃ pavattiyā sacittasantatiñca saṃjanitapaṇītarūpavisaṭena sanissaya rūpasantatiñca punāti pīṇeti sodheti vāti attho. Ayaṃ <span class="bld">paṭisambhidāmaggagaṇṭhipade</span> vutto. Pūreti ajjhāsayanti vā puññaṃ. Pūradhātu ṇya. Yo puggalo puññaṃ karoti tassa ajjhāsayaṃ pūretīti attho.</p>\r\n<p class="bodytext">Atha vā pujjañca bhavaṃ nibbattetīti puññaṃ. Nibbattitaddhitāyaṃ. Pūja padaṃ ṇyapaccayo. Yo puññaṃ karoti, tassa pūjitabbaṃ bhavaṃ pavattetīti attho. Tena vuttaṃ <span class="bld">sammohavinodanī aṭṭhakathāyaṃ</span> ‘‘punāti attano kārakaṃ pūreti cassa ajjhāsayaṃ pujjañca bhavaṃ nibbattetīti puñño’’ti. <span class="bld">Mūlaṭīkāyañca</span> ‘‘punātīti sodheti apuññaphalato dukkhasaṃkilesato ca hitajjhāsayena puññaṃ karotīti taṃ nipphādanena kārakassajjhāsayaṃ pūretīti puñño. Pūrako pujjanibbattako ca niruttilakkhaṇena puññoti veditabbo’’ti </p>','\r',char(13)),'\n',char(10)),'');
INSERT INTO pages (bookid, page, content, paranum) VALUES('annya_buddha_vandana_gantha_sanggaho_e0601n',48,replace(replace('<p class="bodytext">vuttaṃ<a name="M0.0048"></a>. <span class="bld">Visuddhimaggamahāṭīkāyañca</span>- ‘‘punāti attano santānaṃ apuññaphalato dukkhasaṃkilesato ca visodhetīti puññaṃ. Hitasukhajjhāsayena puññaṃ karotīti taṃnipphādanena kārakassa ajjhāsayaṃ pūreti, pujjabhavaṃ nibbattetīti vā puññaṃ. Iti pūrako pujjanibbattako ca niruttinayena puññanti veditabbo’’ti vuttaṃ. Upetaṃ sampannaṃ puññaṃ pāramīpuññaṃ yassa soti upetapuñño, sugato labbhati.</p>\r\n<p class="bodytext"><span class="bld">Varabodhimūle</span>ti uttamassa bodhirukkhassa samīpe. Tattha <span class="bld">varo</span>ti varitabbo patthitabbo icchitabboti vā varo. <span class="bld">Bodhimūle</span>ti ettha bodhīti vuccati rukkhopi, maggopi, sabbaññutañāṇampi, nibbānampi. Tattha hi bodhirukkhamūle paṭhamābhi sambuddhoti ca, antarā ca bodhiṃ antarā ca gayanti ca āgataṭṭhāne rukkho. Bodhīti vuccati catūsu maggesu ñāṇanti āgataṭṭhāne maggo. Pappoti bodhiṃ varabhūri medhasoti āgataṭṭhāne sabbaññutañāṇaṃ. Patvāna bodhiṃ amataṃ asaṅkhatanti āgataṭṭhāne nibbānaṃ bodhīti vuccati. Idha pana bodhirukkhoti adhippeto. Ayaṃ pana tesaṃ vacanattho. Bujjhati abujjhi bujjhissati cattāri ariyasaccāni sabbaṃ ñeyyadhammampi etthāti bodhi, bodhirukkho. Budhadhātu ṇi. Bujjhati cattāri saccānīti bodhi, maggo. Bujjhati sabbañeyyadhammanti bodhi, sabbaññutañāṇaṃ. Ariyena bujjhitabbanti bodhi, nibbānaṃ labbhati. Varo uttamo bodhirukkhoti varabodhi, tassa mūlaṃ samīpaṃ varabodhimūlaṃ, tasmiṃ.</p>\r\n<p class="bodytext"><span class="bld">Sasenamāra</span>nti saha senāya pavattaṃ mārarājaṃ. Tattha siyati bandhiyatīti senā. Sidhātu bandhaneyu. Tāya saha pavattatīti saseno, mārarājā. Anatthe niyojento guṇamāraṇena satte māretīti māro. Maradhātu ṇa. Sattānaṃ kusalaṃ māreti vināsetīti vā māro. Saseno ca so māro cāti sasenamāro, mārarājā. </p>','\r',char(13)),'\n',char(10)),'');
INSERT INTO pages (bookid, page, content, paranum) VALUES('annya_buddha_vandana_gantha_sanggaho_e0601n',49,replace(replace('<p class="bodytext">Taṃ<a name="M0.0049"></a>. Jinitvāti pade kammaṃ. Upetapuñño yo sugatoti sambandho. Sugatasaddassa attho heṭṭhā vuttoyeva.</p>\r\n<p class="bodytext"><span class="bld">Jinitvā</span>ti visākhapuṇṇamiyaṃ buddhadine anatthaṅgateyeva sūriye pāramīpuññatejena vijayitvāti attho. <span class="bld">Abojjhī</span>ti paṭivijjhi adhigami vā. <span class="bld">Bodhi</span>nti anuttaraṃ sammā sambodhiṃ, arahattamaggasabbaññutañāṇanti attho. Sabbaññuta ñāṇapadaṭṭhānañhi maggañāṇaṃ, maggañāṇapadaṭṭhānañca sabbaññutañāṇaṃ bodhīti vuccati. Taṃ bodhiṃ.</p>\r\n<p class="bodytext"><span class="bld">Aruṇodayamhī</span>ti aruṇaudayamhīti padacchedo. Aruṇuggamanavelāyanti attho. Tattha āsamantato ālokaṃ karonto unati gacchatīti aruṇo. Āpubbaunadhātu gatimhi ṇa. Ākārassa rasso. Rakārāgamo. Nassa ṇo. Sūriyassa udayato pubbe uggataraṃsi aruṇo nāmāti attho. Vuttañhi dasakanipāta <span class="bld">aṅguttarapāḷiyaṃ</span> ‘‘sūriyassa bhikkhave udayato etaṃ pubbaṅgamaṃ etaṃ pubbanimittaṃ yadidaṃ aruṇuggaṃ, evameva kho bhikkhave kusalānaṃ dhammānaṃ etaṃ pubbaṅgamaṃ etaṃ pubbanimittaṃ yadidaṃ sammādiṭṭhī’’ti. Yaṃ sandhāya vuttaṃ <span class="bld">abhidhānappadīpikāyaṃ</span> ‘‘sūrassodayato pubbu, ṭṭhitaraṃsi siyāruṇo’’ti. <span class="bld">Abhidhānappadīpikāṭīkāyaṃ</span> pana ‘‘aruṇavaṇṇatāya arati gacchatīti aruṇo’’ti vuttaṃ. Udeti uggacchatīti udayo, sūriyo. Udidhātu a. Udayassa sūriyassa aruṇo uggataraṃsīti aruṇodayo. Tassaṃ aruṇuggamanavelāyaṃ. Bodhiṃ abojjhīti sambandho.</p>\r\n<p class="bodytext">Bhagavā hi visākhapuṇṇamiyaṃ anatthaṅgateyeva sūriye mārabalaṃ vidhametvā cīvarūpari patamānehi bodhirukkhaṅkarehi rattapavāḷapallavehi viya pūjayamāno rattiyā paṭhamayāme pubbenivāsaṃ anussaritvā majjhimayāme dibbacakkhuṃ visodhetvā pacchimayāme paṭiccasamuppādaṃ anulomapaṭilomaṃ manasikaritvā ānāpānacatutthajjhānaṃ nibbattetvā tadeva pādakaṃ katvā </p>','\r',char(13)),'\n',char(10)),'');
INSERT INTO pages (bookid, page, content, paranum) VALUES('annya_buddha_vandana_gantha_sanggaho_e0601n',50,replace(replace('<p class="bodytext">mahāvajirañāṇasaṅkhātaṃ <a name="M0.0050"></a> vipassanaṃ vaḍḍhetvā maggapaṭipāṭiyā adhigatena catutthamaggañāṇena sabbakilese khepetvā yadā aruṇo uggamissati, tadā sabbaññutañāṇādisabba buddhaguṇe paṭivijjhi adhigamīti vuttaṃ hoti.</p>\r\n<p class="bodytext"><span class="bld">Mārajina</span>nti pañcamārānaṃ vijitāviṃ. Devaputta kilesābhi saṅkhārakhandhamaccusaṅkhāte pañcamāre jināti ajini jinissatīti mārajino, sugato. Devaputtakilesābhisaṅkharasaṅkhataṃ mārattayaṃ jināti ajini, khandhamaccusaṅkhataṃ māradvayaṃ avassaṃ jinissatīti attho. Yadi evaṃ kasmā vijitāvinti vuttanti. Aviraddhaṃ ekantena jiyamānattāti. <span class="bld">Abhaṅga</span>nti sasenamārassa bhañjituṃ viddhaṃsituṃ asamatthaṃ. Yassa kassaci bhañjituṃ viddhaṃsituṃ asamatthaṃ vā. Tatrāyaṃ vacanattho. Mārena yena kenaci bhañjituṃ na sakkotīti abhaṅgo, tena vā na bhañjiyati na viddhaṃsiyatīti abhaṅgo, sugato. Napubba bhanjadhātu ta. Tassa dhātvantena gakārādeso. Atha vā bhanjati viddhaṃsatīti bhaṅgo, māro. Yo koci vā. Natthi bhaṅgo māro yo koci vā yassāti abhaṅgo, sugato. Taṃ abhaṅgaṃ. <span class="bld">Ta</span>nti sugataṃ. Mārajinaṃ abhaṅgaṃ taṃ sugataṃ ahaṃ namāmīti sambandho.</p>\r\n<p class="bodytext">Imissaṃ pana gāthāyaṃ <span class="bld">ekanipātajātakaṭṭhakathāyaṃ, apadānaṭṭhakathāyañca</span> āgatanayena buddhassa māravijayādiṃ sotujanānaṃ bahussutatthaṃ saṅkhepena veditabbaṃ. Bodhi satto hi mahāsampattiṃ anubhavitvā hatthagataṃ cakkavattirajjaṃ kheḷapiṇḍaṃ viya anapekkho chaṭṭetvā ekūnatiṃsavasse āsaḷhipuṇṇamāya uttarasaḷhanakkhattena yutte mahābhinikkhamaṃ nikkhamitvā anomanadītīre ghaṭīkārabrahmunā dinnaṃ arahatta dhajabhūtaṃ aṭṭhaparikkhāraṃ paṭiggahetvā nivāsetvā samaṇapabbajjaṃ katvā chabbassāni dukkarakārikaṃ caritvā nigrodharukkhamūle senanigame senakuṭumbikassa dhītarāya sujātāya saha </p>','\r',char(13)),'\n',char(10)),'');
INSERT INTO pages (bookid, page, content, paranum) VALUES('annya_buddha_vandana_gantha_sanggaho_e0601n',51,replace(replace('<p class="bodytext">satasahassagghiyā <a name="M0.0051"></a> suvaṇṇapātiyā dinnaṃ sabbaṃ appodakaṃ madhupāyāsaṃ ekaṭṭhitālapakkappamāṇaṃ ekūnapaññāsālopaṃ paribhuñjitvā sāyanhasamaye devatāhi alaṅkatena maggena bodhirukkhābhimukho gacchante antaramagge sotthiyena nāma tiṇahārakena dinnaṃ aṭṭhamuṭṭhikatiṇaṃ gahetvā bodhimaṇḍaṃ āruyha idaṃ ṭhānaṃ sabbabuddhānaṃ avijahitaṃ acalaṭṭhānaṃ kilesabhañjanaṭṭhānanti ñatvā tāni tiṇāni agge gahetvā cālesi. Tāvadeva cuddasahattho pallaṅko ahosi. Tānipi tiṇāni tathārūpena saṇṭhānena santhariṃsu saṇṭhahiṃsu vā. Yathārūpaṃ sukusalopi vicittakāro vā potthatāro vā ālikhitumpi samattho natthi. Bodhi satto bodhikhandhaṃ piṭṭhito katvā puratthābhimukho daḷhamānaso hutvā –</p>\r\n<p class="gatha1">‘‘Kāmaṃ taco ca nhāru ca, aṭṭhi ca avasussatu;</p>\r\n<p class="gathalast">Upasussatu nisesaṃ, sarīre maṃsalohita’’nti.</p>\r\n<p class="bodytext">Na tveva sammāsambodhiṃ apatvā imaṃ pallaṅkaṃ bhindissāmīti asanisatasannipātenapi abhejjarūpaṃ taṃ pallaṅkaṃ abhañjitvā nisīdi. Tasmiṃ samaye māro devaputto siddhatthakumāro ‘‘mayhaṃ vasaṃ atikkamitukāmo, na dāni assa atikkamituṃ dassāmī’’ti mārabalassa santikaṃ gantvā etamatthaṃ ārocetvā māraghosanaṃ nāma ghosāpetvā mārabalaṃ ādāya nikkhami. Sā mārasenā mārassa purato dvādasa yojanā honti. Dakkhiṇato ca vāmato ca dvādasa yojanā. Pacchato cakkavāḷapariyantaṃ katvā ṭhitā, uddhaṃ navayojanubbedhā. Yassā unnādantiyā unnādasaddo yojanasahassato paṭṭhāya pathavīundriyasaddo viya suyyati. Atha māro devaputto diyaḍḍhayojanasatikaṃ girimekhalaṃ nāma hatthiṃ abhirūhitvā bāhusahassaṃ māpetvā nānāvudhāni aggahesi. Avasesāyapi māraparisāya dve janā </p>','\r',char(13)),'\n',char(10)),'');
INSERT INTO pages (bookid, page, content, paranum) VALUES('annya_buddha_vandana_gantha_sanggaho_e0601n',52,replace(replace('<p class="bodytext">ekasadisaṃ <a name="M0.0052"></a> āvudhaṃ na gaṇhiṃsu. Nānappakāravaṇṇā nānappakāra mukhā hutvā mahāsattaṃ ajjhottharamānā āgamaṃsu.</p>\r\n<p class="bodytext">Dasasahassacakkavāḷadevatā pana mahāsattassa thuti yo vadamānā aṭṭhaṃsu. Sakko devarājā vijayuttarasaṅkhaṃ dhamamāno aṭṭhāsi. So kira saṅkho vīsahatthasatiko hoti. Sakiṃ vātaṃ gāhāpetvā dhamanto cattāro māse saddaṃ karitvā nissaddo hoti. Mahākāḷanāga rājā atirekapadasatena vaṇṇaṃ vadanto aṭṭhāsi. Mahābrahmā setacchattaṃ dhārayamāno aṭṭhāsi. Māra bale pana bodhimaṇḍalaṃ upasaṅkamante tesaṃ ekopi ṭhātuṃ nāsakkhi. Sammukha sammukhaṭṭhāneneva palāyiṃsu. Kāḷo nāma nāgarājā pathaviṃ nimujjitvā pañcayojanasatikaṃ mantirakanāgabhavanaṃ gantvā ubhohi hatthehi mukhaṃ pidahitvā nipanno. Sakko vijayuttarasaṅkhaṃ piṭṭhiyaṃ katvā cakkavāḷamukha vaṭṭiyaṃ aṭṭhāsi. Mahābrahmā setacchattaṃ koṭiyaṃ gahetvā brahmalokameva agamāsi. Ekadevatāpi ṭhātuṃ samattho nāma nāhosi. Mahāpuriso ekakova nisīdi. Māropi attano parisaṃ āha ‘‘tāta suddhodanaputtena siddhatthena sadiso añño puriso nāma natthi, mayaṃ sammukhā yuddhaṃ dātuṃ na sakkhissāma, pacchā bhāgena dassāmā’’ti. Mahāpurisopi tīṇi passāni oloketvā sabbadevatānaṃ palāyitattā suññāni addasa. Puna uttarapassena mārabalaṃ ajjhottharamānaṃ disvā ‘‘ayaṃ ettako jano maṃ ekakaṃ sandhāya mahantaṃ vāyāmaṃ karoti, imasmiṃ ṭhāne mayhaṃ mātā vā pitā vā bhātā vā añño koci ñātako vā natthi, imā pana dasa pāramiyova mayhaṃ dīgharattaṃ puttaparijanasadisā, tasmā mayā pāramiyova phalakaṃ katvā pāramisattheneva paharitvā ayaṃ balakāyo mayā viddhaṃsetuṃ vaṭṭatī’’ti dasa pāramiyo āvajjamāno nisīdi.</p>','\r',char(13)),'\n',char(10)),'');
INSERT INTO pages (bookid, page, content, paranum) VALUES('annya_buddha_vandana_gantha_sanggaho_e0601n',53,replace(replace('<p class="bodytext">Atha <a name="M0.0053"></a> māro devaputto eteneva siddhatthaṃ palāpessāmīti vātamaṇḍalaṃ samuṭṭhāpesi. Taṅkhaṇaññeyeva puratthimā dibhedā vātā samuṭṭhahitvā aḍḍhayojanaekayojana dviyojanatiyojanappamāṇāni pabbatakūṭāni padāletvā vanagaccharukkhādīni uddhaṃ mūlāni katvā sāmantā gāmanigame cuṇṇavicuṇṇaṃ kātuṃ samatthāpi mahāpurisassa puññatejena mahānubhāvena bodhisattaṃ patvā cīvarakaṇṇamattampi cāletuṃ nāsakkhiṃsu. Tato udakena ajjhottharitvā māressāmāti mahāvassaṃ samuṭṭhāpesi. Tassānubhāvena uparūpari satapaṭalasahassapaṭalādibhedā vaḷāhakā uṭṭhahitvā vassiṃsu. Vuṭṭhidhārāvegena pathavī bhinnā ahosi. Vanarukkhādīnaṃ uparibhāgena mahāmegho āgantvā mahā sattassa cīvare ussāvabinduggahaṇamattampi temetuṃ nāsakkhi. Tato pāsāṇavassaṃ samuṭṭhāpesi. Mahantāni pabbatakūṭāni dhūmāyantāni pajjalantāni ākāsenāgantvā bodhisattassa pādamūle dibbamālāguḷabhāvaṃ āpajjiṃsu. Tato paharavassaṃ samuṭṭhāpesi. Ekatodhārā ubhatodhārā asisattikhurappādayo dhūmāyantā pajjalantā ākāsenāgantvā bodhisattaṃ patvā dibbapupphāni ahesuṃ. Tato aṅgāravassaṃ samuṭṭhāpesi. Kiṃsukavaṇṇā aṅgārā ākāsenāgantvā bodhisattassa pādamūle dibba pupphāni hutvā vikiriṃsu. Tato kukkuḷavassaṃ samuṭṭhāpesi. Accuṇho aggivaṇṇo kukkuḷo ākāsenāgantvā bodhisattassa pādamūle dibbacandanacuṇṇaṃ hutvā nipatati. Tato vāḷukavassaṃ samuṭṭhāpesi. Atisukhumavāḷikā dhūmāyantā pajjalantā ākāsenāgantvā bodhisattassa pādamūle dibbapupphāni hutvā nipatiṃsu. Tato kalalavassaṃ samuṭṭhāpesi. Taṃ kalalavassaṃ dhūmāyantaṃ pajjalantaṃ ākāse nāgantvā bodhisattassa pādamūle dibbavilepanaṃ hutvā patati. Tato iminā bhiṃsetvā siddhatthaṃ palāpessāmīti andhakāraṃ <a name="M0.0054"></a> samuṭṭhāpesi. Taṃ caturaṅgasamannāgataṃ andhakāraṃ viya mahātamaṃ hutvā bodhisattaṃ patvā sūriyappabhā vihataṃ viya antaradhāyati.</p>','\r',char(13)),'\n',char(10)),'');
INSERT INTO pages (bookid, page, content, paranum) VALUES('annya_buddha_vandana_gantha_sanggaho_e0601n',54,replace(replace('<p class="bodytext">andhakāraṃ <a name="M0.0054"></a> samuṭṭhāpesi. Taṃ caturaṅgasamannāgataṃ andhakāraṃ viya mahātamaṃ hutvā bodhisattaṃ patvā sūriyappabhā vihataṃ viya antaradhāyati.</p>\r\n<p class="bodytext">Evaṃ māro imāhi navahi vātavassapāsāṇapaharaaṅgāra kukkuḷavāḷuka kalalaandhakāravuṭṭhīhi bodhisattaṃ palāpetuṃ asakkonto ‘‘kiṃ bhaṇe tiṭṭhatha imaṃ siddhatthakumāraṃ gaṇhatha hanatha palāpethā’’ti parisaṃ āṇāpetvā sayampi girimekhalassa hatthino khandhe nisinno cakkāvudhaṃ ādāya bodhisattaṃ upasaṅkamitvā ‘‘siddhattha uṭṭhāhi etasmā pallaṅkā, nāyaṃ tumhākaṃ pāpuṇāti, mayhaṃeva pāpuṇātī’’ti āha. Mahāsatto tassa vacanaṃ sutvā avoca ‘‘māra neva tayā dasapāramiyo pūritā, na upapāramiyo na paramattha pāramiyo nāpi pañcamahāpariccāgā pariccattā na ñātatthacariyā na lokatthacariyā na buddhatthacariyā pūritā, sabbā tā mayāyeva pūritā, tasmā nāyaṃ pallaṅko tuyhaṃ pāpuṇāti, mayhameva pāpuṇātī’’ti. Māro kuddho kodhavegaṃ asahanto mahāpurisassa cakkāvudhaṃ vissajjesi. Taṃ tassa dasapāramiyo āvajjantassa uparibhāge mālāvitānaṃ hutvā aṭṭhāsi. Taṃ kira khuracakkāvudhaṃ aññadā tena kuddhena vissaṭṭhaṃ ekaghanapāsāṇa thambhe vaṃsakaḷīre viya chindantaṃ gacchati. Idāni pana tasmiṃ mālāvitānaṃ hutvā ṭhite avasesā māraparisā idāni pallaṅkato vuṭṭhāya palāyissatīti mahantamahantāni selakūṭāni vissajjesuṃ. Tānipi mahāpurisassa pāramiyo āvajjantassa mālāguḷabhāvaṃ āpajjitvā bhūmiyaṃ patiṃsu.</p>\r\n<p class="bodytext">Devatā cakkavāḷamukhavaṭṭiyaṃ ṭhitā gīvaṃ pasāretvā sīsaṃ ukkhipitvā ‘‘naṭṭho vata bho siddhatthakumārassa rūpaggappatto attabhāvo, kiṃ nu kho karissatī’’ti olokenti. </p>','\r',char(13)),'\n',char(10)),'');
INSERT INTO pages (bookid, page, content, paranum) VALUES('annya_buddha_vandana_gantha_sanggaho_e0601n',55,replace(replace('<p class="bodytext">Tato <a name="M0.0055"></a> mahāpuriso pūritapāramīnaṃ bodhisattānaṃ abhi sambujjhanadivase pattapallaṅko mayhaṃva pāpuṇātīti vatvā ṭhitaṃ māraṃ āha ‘‘māra tuyhaṃ dānassa dinnabhāve ko sakkhī’’ti. Māro ‘‘ettakā janā sakkhino’’ti māra balābhimukhaṃ hatthaṃ pasāreti. Tasmiṃ khaṇe māraparisāya ‘‘ahaṃ sakkhī ahaṃ sakkhī’’ti pavattasaddo pathavīundriyasaddasadiso ahosi. Atha kho māro mahāpurisaṃ āha ‘‘siddhattha tuyhaṃ dānassa dinnabhāve ko sakkhī’’ti. Mahāpuriso ‘‘tuyhaṃ tāva dānassa dinnabhāve sacetanā sakkhino. Mayhaṃ pana imasmiṃ ṭhāne sacetano koci sakkhī nāma natthi. Tiṭṭhatu tāva me avasesattabhāvesu dinnadānaṃ, vessantarattabhāve pana ṭhatvā mayhaṃ sattasattaka mahādānassa dinnabhāve acetanāpi ghanamahāpathavī sakkhī’’ti cīvaragabbhantarato dakkhiṇahatthaṃ nīharitvā vessantarattabhāve mayhaṃ sattasattakamahādānassa dinnabhāve tvaṃ sakkhi na sakkhīti mahāpathaviyābhimukhaṃ hatthaṃ pasāresi. Mahā pathavī ‘‘ahaṃ te dānassa sakkhī’’ti viravasahassena viravasatasahassena mārabalaṃ avattharamānā viya unnadi.</p>\r\n<p class="bodytext">Tato mahāpurise dinnaṃ te siddhattha mahādānaṃ uttama dānanti vessantaradānaṃ sammasante diyaḍḍhayojanasatiko girimekhalo hatthī jāṇukehi patiṭṭhāsi. Māraparisā disāvidisā palāyiṃsu. Dve ekamaggena gatā nāma natthi. Sīsābharaṇāni ceva vatthābharaṇāni ca pahāya sammukha sammukhaṭṭhāne disāvidisāhiyeva palāyiṃsu. Tato devasaṅgho palāyamānaṃ mārabalaṃ disvā mārassa parājayo jāto. Siddhatthakumārassa jayo. Jayapūjaṃ karissāmāti nāgā nāgānaṃ, supaṇṇā supaṇṇānaṃ, devatā devatānaṃ, brahmāno brahmānaṃ pesetvā gandhamālādi hatthā mahāpurisassa santikaṃ bodhipallaṅkaṃ āgamaṃsu. Evaṃ gatesu ca panetesu –</p>','\r',char(13)),'\n',char(10)),'');
INSERT INTO pages (bookid, page, content, paranum) VALUES('annya_buddha_vandana_gantha_sanggaho_e0601n',56,replace(replace('<p class="gatha1">‘‘Jayo <a name="M0.0056"></a> hi buddhassa sirīmato ayaṃ,</p>\r\n<p class="gatha2">Mārassa ca pāpimato parājayo;</p>\r\n<p class="gatha3">Ugghosisuṃ bodhimaṇḍe pamoditā,</p>\r\n<p class="gathalast">Jayaṃ tadā nāgagaṇā mahesino.</p>\r\n<p class="gatha1">Jayo hi buddhassa sirīmato ayaṃ,</p>\r\n<p class="gatha2">Mārassa ca pāpimato parājayo;</p>\r\n<p class="gatha3">Ugghosisuṃ bodhimaṇḍe pamoditā,</p>\r\n<p class="gathalast">Jayaṃ tadā supaṇṇasaṅghā mahesino.</p>\r\n<p class="gatha1">Jayo hi buddhassa sirīmato ayaṃ,</p>\r\n<p class="gatha2">Mārassa ca pāpimato parājayo;</p>\r\n<p class="gatha3">Ugghosisuṃ bodhimaṇḍe pamoditā,</p>\r\n<p class="gathalast">Jayaṃ tadā devagaṇā mahesino.</p>\r\n<p class="gatha1">Jayo hi buddhassa sirīmato ayaṃ,</p>\r\n<p class="gatha2">Mārassa ca pāpimato parājayo;</p>\r\n<p class="gatha3">Ugghosisuṃ bodhimaṇḍe pamoditā,</p>\r\n<p class="gathalast">Jayaṃ tadā brahmagaṇāpi tādino’’ti.</p>\r\n<p class="bodytext">Avasesesu dasasu cakkavāḷasahassesu devatā mālāgandhavilepanehi ca pūjayamānā nānappakāra thutiyo ca vadamānā aṭṭhaṃsu. Evaṃ anatthaṅgateyeva sūriye mahāpuriso mārabalaṃ vidhametvā cīvarūpari pata mānehi bodhirukkhaṅkurehi rattapavāḷapallavehi viya pūjayamāno paṭhamayāme pubbenivāsañāṇaṃ anussaritvā majjhimayāme dibbacakkhuṃ visodhetvā pacchimayāme paṭicca samuppāde ñāṇaṃ otāresi. Athassa dvādasapadikaṃ paccayā kāraṃ vaṭṭavivaṭṭavasena anulomato paṭilomato sammasantassa dasasahassilokadhātu udakapariyantaṃ katvā dvādasakkhattuṃ sampakampi. Mahāpurisena pana dasasahassi lokadhātuṃ unnādetvā aruṇuggamanavelāyaṃ sabbaññuta </p>','\r',char(13)),'\n',char(10)),'');
INSERT INTO pages (bookid, page, content, paranum) VALUES('annya_buddha_vandana_gantha_sanggaho_e0601n',57,replace(replace('<p class="bodytext">ñāṇaṃ <a name="M0.0057"></a> paṭivijjhīti vuttaṃ hoti. Idha pana vuttāvasesaṃ tāsu ca oloketvā gahetabbanti.</p>\r\n<p class="bodytext">Ayaṃ panettha <span class="bld">saṅkhepayojanā</span>. Upetapuñño sampanna dānādipāramīpuññavā dānādipāramīpuññena sampanno vā, yo sugato varabodhimūle uttamassa bodhirukkhassa samīpe, sasenamāraṃ senāya saha pavattaṃ mārarājaṃ, jinitvā pāramīpuññatejena vijayitvā, aruṇodayamhi visākhapuṇṇamiyaṃ aruṇuggamanavelāyaṃ, bodhiṃ arahattamaggañāṇa sabbaññutañāṇasaṅkhātaṃ bodhiṃ, abojjhi paṭivijjhi adhigami vā, mārajinaṃ pañcamārānaṃ vijitāviṃ, abhaṅgaṃ sasenamāro yo koci vā bhindituṃ asamatthaṃ taṃ sugataṃ ahaṃ namāmīti.</p>\r\n<p class="centered">Chaṭṭhamavandanagāthāvaṇṇanā samattā.</p>\r\n<p class="hangnum"><a name="para7"></a><span class="paranum">7</span>.</p>\r\n<p class="gatha1"> Rāgādi chedāmalañāṇakhaggaṃ,</p>\r\n<p class="gatha2">Satīsamaññāphalakābhigāhaṃ;</p>\r\n<p class="gatha3">Sīloghalaṅkāravibhūsitaṃ taṃ,</p>\r\n<p class="gathalast">Namāmibhiññāvaramiddhupetaṃ.</p>\r\n<p class="bodytext"><a name="para7"></a><span class="paranum">7</span>. Evaṃ chaṭṭhamagāthāya sugataṃ vanditvā idāni arahatta maggañāṇādīhi catūhi guṇehi thomitvā vanditukāmo <span class="bld">rāgādi</span>tyādigāthamāha. Ayaṃ pana indavajira upendavajira gāthādvayassa lakkhaṇassa missakattā ekādasakkharehi lakkhitā upajātigāthāti daṭṭhabbā. Vuttañhi <span class="bld">vuttodaye</span> ‘‘anantarodīritalakkhaṇā ce, pādāvimissā upajātiyo tā’’ti. Tassattho. Yassā vuttiyā anantaro dīritalakkhaṇā anantare udīritaṃ vuttaṃ indavajiropenda vajiragāthānaṃ lakkhaṇavantā pādā vimissā saṃsaṭṭhā ce bhavanti, tā vuttiyo upajātiyo nāmāti.</p>','\r',char(13)),'\n',char(10)),'-7-7-');
INSERT INTO pages (bookid, page, content, paranum) VALUES('annya_buddha_vandana_gantha_sanggaho_e0601n',58,replace(replace('<p class="bodytext">Tattha <a name="M0.0058"></a> <span class="bld">rāgādichedāmala ñāṇakhagga</span>nti ettha rāgaādicheda amalañāṇakhaggantipadacchedo. Rāgādikilesaṃ chindantaṃ malavira hitaṃ arahattamaggañāṇasaṅkhātaṃ asivantanti attho. Tatrāyaṃ vacanattho. Rūpādīsu rañjatīti rāgo. Ranjadhātu rāge ṇa. Rāgo ādi yesanteti rāgādayo, kilesā. Te chindatīti rāgādichedaṃ, arahattamaggañāṇaṃ. Apāyaṃ malati dhāretīti malaṃ, rāgādi. Atha vā malati saṃkilissati etenāti malaṃ. Maladhātu saṃkilesane a. Malato virahitaṃ amalaṃ, ñāṇaṃ. Cattāri saccāni jānāti paṭivijjhatīti ñāṇaṃ, arahattamaggañāṇaṃ. Rāgādichedañca amalañca taṃ ñāṇañcāti rāgādichedāmalañāṇaṃ. Rukkhādiṃ khaggati chindati etenāti vā khaggaṃ, pakatiasi. Khaggaṃ viyāti khaggaṃ, ñāṇaṃ. Rāgādichedāmalañāṇasaṅkhataṃ khaggaṃ yassa soti rāgādichedāmalañāṇakhaggo, buddho. Rāgādikilesaṃ chindantena malavira hitena aggamaggañāṇasaṅkhatena asinā samannāgatoti attho. Taṃ.</p>\r\n<p class="bodytext"><span class="bld">Satīsamaññā phalakābhigāha</span>nti ettha satisamaññāphalaka abhigāhantipadacchedo. Sammāsatināmikaṃ phalakaṃ daḷhagāha kanti attho. Tatrāyaṃ vacanattho. Saraṇaṃ sati, sarati sampayuttadhammā etāyāti, saratīti vā sati. Saradhātuti. Atha vā pamādaṃ sarati hiṃsatīti sati, sammāsati. Saradhātu hiṃsāyaṃti. Sammā ājānāti etāyāti samaññā, satiiti samaññā satisamaññā, asiādisatthaṃ phalati nivāretīti phalakaṃ, kheṭakaṃ. Phaladhātu nivāraṇe ṇvu. Satisamaññaṃ phalakaṃ abhidaḷhaṃ gaṇhatīti satisamaññāphala kābhigāho, buddho labbhati. Yathā hi senāya phalakaṃ asiādisatthaṃ rakkhati, evaṃ satisaṃvaro cakkhādi dvāresu rūpādiārammaṇaṃ pavisituṃ adatvā rakkhati. Tasmā bhagavā satidhammo sabbākusalānaṃ rakkhakattā sabbakusala dhammānaṃ upakārattā sabbatthānaṃ sādhakattā ca satiphalakaṃ </p>','\r',char(13)),'\n',char(10)),'');
INSERT INTO pages (bookid, page, content, paranum) VALUES('annya_buddha_vandana_gantha_sanggaho_e0601n',59,replace(replace('<p class="bodytext">daḷhaṃ <a name="M0.0059"></a> gaṇhatīti vuttaṃ hoti. Vuttañhi ‘‘ye keci kusalā dhammā, sabbe te appamādamūlakā appamādasamosaraṇā, appamādo tesaṃ dhammānaṃ aggamakkhāyatī’’ti ca. ‘‘Satiṃ khvāhaṃ bhikkhave sabbatthikaṃ vadāmī’’ti ca.</p>\r\n<p class="bodytext"><span class="bld">Sīloghalaṅkāravibhūsita</span>nti sīlaoghaalaṅkāra vibhū sitanti padacchedo. Visuddhasīlānaṃ samūhasaṅkhātena alaṅkārena vibhūsitanti attho. Tattha sīlanti lokuttara sīlaṃ. Tassa attho heṭṭhā vuttoyeva. Taṃ pana cetanā sīlaṃ, cetasikaṃ sīlaṃ, saṃvaro sīlaṃ, avītikkamo sīlañcāti catubbidhaṃ hoti. Tattha cetanā sīlaṃ nāma pāṇātipātā dīhi vā viramantassa vattapaṭipattiṃ vā pūrentassa cetanā. Cetasikasīlaṃ nāma pāṇātipātādīhi viramantassa virati. Saṃvaro sīlanti ettha saṃvaro pātimokkhasaṃvaro, sati saṃvaro, ñāṇasaṃvaro, khantisaṃvaro, vīriyasaṃvaro cāti pañcavidho hoti, sabbametaṃ saṃvaro sīlaṃ nāma. Avītikkamo sīlaṃ nāma samādinnasīlassa kāyikavācasiko anatikkamoti. Vuttañhetaṃ <span class="bld">paṭisambhidāyaṃ</span> ‘‘kiṃsīlanticetanā sīlaṃ, cetasikaṃ sīlaṃ, saṃvaro sīlaṃ, avītikkamo sīla’’nti. Idha pana avītikkamo sīlaṃ nādhippetaṃ. Kasmā. Bhagavato samādinnasikkhāpadassa abhāvato. Buddhānañhi sikkhāpadaṃ nāma natthīti. <span class="bld">Ogho</span>ti samūho. Oghasaddo hi samūhavācako. Tena vuttaṃ <span class="bld">abhidhānappadīpikāyaṃ</span> –</p>\r\n<p class="gatha1">‘‘Samūho gaṇasaṅghātā, samudāyo ca sañcayo;</p>\r\n<p class="gathalast">Sandoho nivaho ogho, visaro nikaro cayo’’tyādi.</p>\r\n<p class="bodytext">Avahanati gacchati pavattati avayavaṃ etthāti ogho, samūho. Avapubbahanadhātu gatimhi ṇo. Avassa o, hanassa gho. <span class="bld">Abhidhānappadīpikāṭīkāyaṃ</span> pana ‘‘avayavaṃ </p>','\r',char(13)),'\n',char(10)),'');
INSERT INTO pages (bookid, page, content, paranum) VALUES('annya_buddha_vandana_gantha_sanggaho_e0601n',60,replace(replace('<p class="bodytext">katvā <a name="M0.0060"></a> byāpiyati gacchatīti ogho’’ti vuttaṃ. Sīlānaṃ ogho samūho sīlogho. <span class="bld">Alaṅkāro</span>ti piḷandhano. Alaṃ vibhusaṃ taṃ samaṅgīpuggalaṃ karoti anenāti alaṅkāro, sīlaṃ. Alaṃsaddūpapadakaradhātu ṇo. Sīlogho eva alaṅkāro sīloghālaṅkāro, tena vibhū siyatīti sīloghalaṅkāravibhūsito, buddho. Tena pana aññehi asādhāraṇena lokuttarasīlālaṅkārena vibhūsito. Na cīvarādinālaṅkārenāti attho. Sīlālaṅkārena hi sadiso alaṅkāro nāma natthi. Taṃ sīloghalaṅkāravibhūsitaṃ.</p>\r\n<p class="bodytext"><span class="bld">Namāmibhiññāvaramiddhupeta</span>nti ettha namāmi abhiññāvaraṃ iddhi upetanti padacchedo. Tattha namāmīti vandāmi. Abhiññāvaramiddhupetanti abhiññāsaṅkhātāya uttamāya iddhiyā samannāgatanti attho. Abhivisesena jānātīti abhiññā, chabbidhaṃ ñāṇaṃ. Tañhi iddhividhadibbasota paracitta vijānana pubbenivāsānussati cutūpapāta āsavakkhaya ñāṇavasena chabbidhaṃ hoti. Tattha iddhividhañāṇanti ekopi hutvā bahudhā hotītiādinayappavatte iddhividhe jānana ñāṇaṃ. Dibbasotañāṇanti dūrasantikādibhedasaddārammaṇāya dibbasotadhātuyā jānanañāṇaṃ. Paracittavijānanañāṇanti parasattānaṃ cittaparicchedassa vijānanañāṇaṃ. Pubbenivāsā nussatiñāṇanti attasantāne vutthavasena ceva gocara nivāsavasena ca pubbe atītabhavesu khandhādīnaṃ anussaraṇa satiyā sampayuttaṃ ñāṇaṃ. Cutūpapātañāṇanti sattānaṃ cutiyañca upapāte ca jānanañāṇaṃ. Ettha ca aṭṭhakathāsu cutūpapātañāṇaṭṭhāne tassa sādhakattā dibbacakkhuñāṇanti vuttaṃ. Āsavakkhayañāṇanti saccaparicchedassa jānanaṃ arahatta maggañāṇanti. Varanti uttamaṃ. Iddhīti ijjhanaṃ samijjhanaṃ. Ijjhati samijjhatīti vā iddhi. Idhadhātuti. Abhiññāsaṅkhātāya </p>','\r',char(13)),'\n',char(10)),'');
INSERT INTO pages (bookid, page, content, paranum) VALUES('annya_buddha_vandana_gantha_sanggaho_e0601n',61,replace(replace('<p class="bodytext">varāya <a name="M0.0061"></a> iddhiyā upeto samupeto samannāgatoti abhiññāvaramiddhupeto, buddho. Taṃ abhiññāvaramiddhupetaṃ. Taṃ buddhaṃ ahaṃ namāmīti sambandho.</p>\r\n<p class="bodytext">Ayaṃ panettha <span class="bld">saṅkhepayojanā</span>. Rāgādichedāmalañāṇa khaggaṃ rāgādikilesaṃ chindantaṃ malavirahitaṃ arahattamaggañāṇa saṅkhātaṃ asivantaṃ, satīsamaññāphalakābhigāhaṃ sammā satināmikaṃ phalakaṃ daḷhagahaṇaṃ, sīloghalaṅkāravibhūsitaṃ sīlānaṃ samūhasaṅkhātena alaṅkārena vibhūsitaṃ, abhiññā varamiddhupetaṃ abhiññāsaṅkhātāya varāya uttamāya iddhiyā upetaṃ samupetaṃ samannāgataṃ taṃ buddhaṃ ahaṃ namāmīti.</p>\r\n<p class="centered">Sattamavandanagāthāvaṇṇanā samattā.</p>\r\n<p class="hangnum"><a name="para8"></a><span class="paranum">8</span>.</p>\r\n<p class="gatha1"> Dayālayaṃ sabbadhi dukkaraṃ karaṃ,</p>\r\n<p class="gatha2">Bhavaṇṇavātikkamamaggataṃ gataṃ;</p>\r\n<p class="gatha3">Tilokanāthaṃ susamāhitaṃ hitaṃ,</p>\r\n<p class="gathalast">Samantacakkhuṃ paṇamāmi taṃmitaṃ.</p>\r\n<p class="bodytext"><a name="para8"></a><span class="paranum">8</span>. Evaṃ sattamagāthāya buddhaṃ vanditvā idāni mahākaruṇā dīhi navahi guṇehi thomitvā vanditukāmo <span class="bld">dayālaya</span>ntyādigāthamāha. Ayaṃ pana ja ta ja ragaṇehi yuttattā dvādasakkharehi lakkhitā catupādantayamakā vaṃsaṭṭhagāthāti daṭṭhabbā. Vuttañhi <span class="bld">vuttodaye</span> ‘‘vadanti vaṃsaṭṭhamidaṃ jatā jarā’’ti. Tassattho, yassaṃ paṭipādaṃ jatā jatagaṇā ca jarā jaragaṇā ca ce bhavanti, idaṃ vuttaṃ vaṃsaṭṭhaṃ vaṃsaṭṭhagāthā nāmāti munayo isayo vadantīti.</p>\r\n<p class="bodytext">Tattha <span class="bld">dayālaya</span>nti mahākaruṇāya ca, mettāya ca ādhāraṃ. Dayāsaddo hi karuṇāya ca, mettāya ca vattati. Adayāpannoti ettha hi karuṇāya vattati. </p>','\r',char(13)),'\n',char(10)),'-8-8-');
INSERT INTO pages (bookid, page, content, paranum) VALUES('annya_buddha_vandana_gantha_sanggaho_e0601n',62,replace(replace('<p class="bodytext">Nikkaruṇikataṃ <a name="M0.0062"></a> āpannoti attho. Dayāpannoti ettha mettāya mettacittataṃ āpannoti attho. Idha pana tadubhayampi vaṭṭati. Tasmā dayā ca dayā ca dayāti saddasarūpekaseso kātabbo. Vacanattho panettha evaṃ veditabbo. Dayati hiṃsati kāruṇikanti dayā, mahākaruṇā. Dayadhātu hiṃsāyaṃ a. Yā karuṇā yāva yathādhippetaṃ parassa hitanipphattiṃ na pāpuṇāti, tāva kāruṇikaṃ hiṃsatīti attho. Dayati hiṃsati apaneti paradukkhanti vā dayā. Atha vā dayati attano sukhampi pahāya khedaṃ gaṇhāti sajjano etāyāti dayā, dayati anuggaṇhāti pāpajanampi etāyāti vā dayā, dayanti gaṇhanti bodhisattā sammāsambodhiṃ etāyāti vā dayā, bodhisattā buddhabhāvāya abhinīhārakaraṇa kāle hatthagatampi aggaphalaṃ chaṭṭetvā mahākaruṇāya saṃsārasāgarato satte samuddharitukāmā anassāsa karaṃ mahantaṃ saṃsāradukkhañca pacchimabhave saha amata dhātupaṭilābhena anekaguṇasamalaṅkataṃ sabbaññutañāṇañca gaṇhantīti attho. Dayati dadāti sattānaṃ abhayaṃ etāyāti dayā, mettā. Dayadhātu dāne a. Dayati gacchati vibhāgaṃ akatvā sattesu samaṃ pavattatīti dayā. Yathā udakaṃ sabbasattesu sītena samaṃ pharati rajomalañca pavāheti, evaṃ mettā pāpakalyāṇajanesu vibhāgaṃ akatvā samaṃ pavattatīti attho.</p>\r\n<p class="bodytext">Aparo nayo. Dayanti anurakkhanti satte etāya, sayaṃ vā anuddayati anuddayamattameva vā etanti dayā, karuṇāmettā labbhanti. Tāya ālayati patiṭṭhati etthāti dayālayo, buddho. Bhagavā hi devadattādīsu virodhi sattesu ca avirodhisattesu orase rāhule ca samaṃ niccaṃ hitajjhāsayatāya mahākaruṇāya mettāya ca </p>','\r',char(13)),'\n',char(10)),'');
INSERT INTO pages (bookid, page, content, paranum) VALUES('annya_buddha_vandana_gantha_sanggaho_e0601n',63,replace(replace('<p class="bodytext">ṭhito<a name="M0.0063"></a>, tasmā dayālayanti thometīti vuttaṃ hoti. Vuttañhetaṃ <span class="bld">apadānapāḷiyaṃ</span> –</p>\r\n<p class="gatha1">‘‘Vadhake devadatte ca, core aṅgulimālake;</p>\r\n<p class="gathalast">Dhanapāle rāhule ca, samacitto mahāmunī’’ti.</p>\r\n<p class="bodytext"><span class="bld">Sabbadhī</span>ti sabbasmiṃ attabhāve. Buddhabhāvāya abhinīhārato paṭṭhāya sabbattabhāvesūti attho. <span class="bld">Dukkara</span>nti dukkhena karitabbaṃ pañcamahāpariccāgādikammaṃ dukkhena karitabbanti dukkaraṃ, pañcamahāpariccāgādikammaṃ labbhati. Ettha ca pañcamahā pariccāgoti dhanapariccāgo, aṅgapariccāgo, puttapariccāgo, bhariyapariccāgo, jīvitapariccāgo cāti pañcavidho hoti. Tattha hatthiassa dāsidāsādi saviññāṇakassa dhanassa vā muttāmaṇirajatādi aviññāṇakassa dhanassa vā pariccāgo dhanapariccāgo nāma. Hatthapādacakkhukaṇṇanāsādisarīrāva yavassa pariccāgo aṅgapariccāgo nāma. Puttassa ca dhītuyā ca pariccāgo puttapariccāgo nāma. Bhariyāya pariccāgo bhariyapariccāgo nāma. Jīvitindriyapaṭibaddhassa sarīrassa pariccāgo jīvitapariccāgo nāma. Kiñcāpi pana dhanapariccāgā dayo dānapāramiyaṃyeva antogadhā, tathāpi pariccāga visesabhāvadassanatthañceva sudukkarabhāvadassanatthañca mahāpariccāgavasena visuṃ katanti adhippāyo. <span class="bld">Mahāpadānasuttaṭīkāyaṃ</span> pana ‘‘aṅgapariccāgo, nayanapariccāgo, attapariccāgo, rajjapariccāgo, puttadārapariccāgoti ime pañca mahāpariccāgā. Tatthapi kāmaṃ aṅgapariccāgādayopi dānapāramīyeva. Tathāpi pariccāgavisesabhāvadassanatthañceva sudukkarabhāvadassanatthañca mahāpariccāgānaṃ visuṃ gahaṇaṃ. Tatoyeva ca aṅgapariccāgatopi visuṃ nayanapariccāgaggahaṇaṃ. Pariccāgabhāvasāmaññepi rajjapariccāga puttadārapariccāgaggahaṇaṃ kata’’nti vuttaṃ. Taṃ dukkaraṃ. Idaṃ pana karanti etassa kammapadaṃ. <span class="bld">Kara</span>nti karontaṃ, karotīti karo, buddho. Taṃ.</p>','\r',char(13)),'\n',char(10)),'');
INSERT INTO pages (bookid, page, content, paranum) VALUES('annya_buddha_vandana_gantha_sanggaho_e0601n',64,replace(replace('<p class="bodytext"><span class="bld">Bhavaṇṇavātikkamamaggata</span>nti <a name="M0.0064"></a> ettha bhavaaṇṇavaatikkamaṃ aggatanti padacchedo. Bhavaṇṇavātikkamanti kāmarūpaarūpabhavasaṅkhatā aṇṇavā samuddato atikkantaṃ. Bhavanti sattā etthāti bhavo. Aṇṇo vuccati udakaṃ. Taṃ etasmiṃ atthīti aṇṇavā, samuddo. Bhavasaṅkhāto aṇṇavoti bhavaṇṇavā, mahāsamuddo. Bahūhi ūmivegādīhi bhayehi okiṇṇo viya tividhopi bhavo bahūhi jātijarāmaraṇādīhi dukkhabhayehi okiṇṇo hoti, tasmā bhavaṇṇavāti vuccati. Taṃ atikkamittha uttaritthāti bhavaṇṇavātikkamo, buddho. Tassa hi gambhīre mahāudakakkhandhe mahāsamudde udakaṃ abbocchinnaṃ pavattati sandatiiva tibhavasaṅkhate saṃsāre paṭisandhicutiyo abbocchinnaṃ nibbattakānaṃ diyaḍḍhasahassakilesānaṃ bodhimaṇḍe arahattamaggañāṇena asesaṃ viddhaṃsitattā tīsu bhavesu punabbhavo natthi. Tasmā buddhaṃ bhavaṇṇavātikkamanti abhitthavituṃ arahatīti vuttaṃ hoti. Taṃ bhavaṇṇavātikkamaṃ.</p>\r\n<p class="bodytext"><span class="bld">Aggata</span>nti sabbasattānaṃ seṭṭhabhāvaṃ. Ayaṃ panettha aggasaddo ādikoṭikoṭṭhāsaseṭṭhesu dissati. Tathā hesa ajjatagge pāṇupetaṃ saraṇaṃ gatantiādīsu ādimhi dissati. Teneva aṅgulaggena taṃ aṅgulaggaṃ parāmaseyyātiādīsu koṭiyaṃ. Anujānāmi bhikkhave vihāraggena vā pariveṇaggena vā bhājetuntiādīsu koṭṭhāse. Aggo hamasmi lokassātiādīsu seṭṭhe. Svāyamidhapi soyeva daṭṭhabbo. Devamanussānaṃ seṭṭhabhāvaṃ ajati gacchatīti aggo, buddho. Asadisaṭṭhena guṇavisiṭṭhaṭṭhena asamasamaṭṭhena ca aggo seṭṭho nāmāti attho. Atha vā dullabhapātu bhāvato acchariyamanussabhāvato bahujanahitasukhāvahato adutiyaasahāyādibhāvato ca bhagavā loke aggo seṭṭho nāmāti attho. Vuttañhi <span class="bld">aṅguttarapāḷiyaṃ</span> ‘‘yāvatā bhikkhave sattā apadā vā </p>','\r',char(13)),'\n',char(10)),'');
INSERT INTO pages (bookid, page, content, paranum) VALUES('annya_buddha_vandana_gantha_sanggaho_e0601n',65,replace(replace('<p class="bodytext">dvipadā <a name="M0.0065"></a> vā catuppadā vā bahuppadā vā, tathāgato tesaṃ aggamakkhāyatī’’ti. Aggassa bhāvo aggataṃ. Taṃ pana gatantietassa kammapadaṃ. <span class="bld">Gata</span>nti pattaṃ, pāpuṇantanti attho.</p>\r\n<p class="bodytext"><span class="bld">Tilokanātha</span>nti kāmarūpaarūpasaṅkhatānaṃ tiṇṇaṃ lokānaṃ paṭisaraṇaṃ. Ettha ca lokasaddassa attho heṭṭhā vuttoyeva. Tayo lokā tilokā. Nāthasaddo pana nipphannānipphannavasena duvidho hoti. Tattha anipphannanāthasaddo paṭisaraṇattho hoti saṅketavasena. Tathā hi vuttaṃ <span class="bld">aṭṭhakathāyaṃ</span> ‘‘saṅketavacanaṃ saccaṃ, lokasammutikāraṇa’’nti. Tilokānaṃ nātho paṭisaraṇoti tilokanātho, buddho. Sabbānatthaparihāra pubbaṅgamāya niravasesahitasukhavidhānatapparāyaniratisayāya payogasampattiyā ca sadevamanussāya pajāya accantupakāritāya aparimitanirupamappabhāvaguṇavisesasamaṅgitāya ca sabbasattuttamo bhagavā aparimāṇāsu lokadhātūsu aparimāṇānaṃ sattānaṃ ekapaṭisaraṇo nāmāti attho.</p>\r\n<p class="bodytext">Nipphannanāthasaddo pana yācane, upatāpe, issariye, āsīse cāti catūsvatthesu vattati. Tattha yācane nāthati yācatīti nātho, buddho. Nāthadhātu a. So pana veneyyasatte attano hitakaraṇe yācitvāpi niyojetīti attho. Atha vā bhagavā sādhu bhikkhave bhikkhu kālena kālaṃ attasampattiṃ paccavekkheyyātiādinā sattānaṃ taṃ taṃ hitapaṭipattiṃ yācitvāpi karuṇāya samussāhito te tattha niyojeti. Tasmā nātho nāmāti attho. Upatāpe nāthati veneyyagate kilese upatāpetīti nātho, buddho. Dhammadesanāya veneyyasantāne kilese viddhaṃsāpetīti attho. Issariye nāthati issariyati satteti nātho. Paramena </p>','\r',char(13)),'\n',char(10)),'');
INSERT INTO pages (bookid, page, content, paranum) VALUES('annya_buddha_vandana_gantha_sanggaho_e0601n',66,replace(replace('<p class="bodytext">pana <a name="M0.0066"></a> cittissariyena samannāgato bhagavā sabbasatte dhammena isati abhibhavatīti attho. Āsīse pana nāthati āsīsatīti nātho. Veneyyānaṃ hitasukhaṃ mettāya navasena patthetīti attho. Tilokānaṃ nātho tilokanātho, buddho. Taṃ tilokanāthaṃ.</p>\r\n<p class="bodytext"><span class="bld">Susamāhita</span>nti lābhālābhādilokadhammehi acala mānattā sundarasamādhivantaṃ. Saṃsamaṃ ādhiyati ekārammaṇe sampayuttadhamme ṭhapeti etenāti samādhi. Saṃpubba dhā dhātu i. Sundaro pasattho vā samādhi susamādhi. Taṃ assa atthīti susamāhito, buddho. Assathyatthe to. Pabbatotiādīsu viya. Dhassa ho. Catūhi disāhi āgatehi vātehi acalamāno mahāmerupabbato viya bhagavā lābhālābhādilokadhammehi ca micchāvāda vātehi ca acalamānena samādhinā samannāgatoti attho. Taṃ susamāhitaṃ.</p>\r\n<p class="bodytext"><span class="bld">Hita</span>nti manussadevabrahmasaṅkhātānaṃ sabbasattānaṃ payojana dhārentaṃ. Kāraṇānurūpaṃ hinoti pavattatīti hitaṃ, payojanaṃ. Hidhātu gatiyaṃ ta. Taṃ dhāretīti hito, buddho. Kitanta samāsoyaṃ. Hitadharanti vattabbe chandānurakkhaṇatthāya uttara padalopena hitanti vattabbaṃ. Yathā samajjanī padīpoti. Atha vā dukkhaṃ hiṃsatīti hitaṃ. Hiṃsadhātu hiṃsāyaṃ tapaccayo. Yathā ca byādhiyā osamaṃ rogīnaṃ hitanti vuccati, evaṃ dukkhahananato hitaṃ nāma hoti. Sukhaṃ vidadhātīti vā hitaṃ. Dhādhātu dhāraṇe ta. Yathā ca rudhiramaṃsādi dhātu vaḍḍhanaṃ rasāyatanaṃ kissānaṃ hitanti vuccati, evaṃ sukhavahanato hitanti vuccati. Payojanaṃ taṃ dhāretīti hito, buddho. So pana dhammadesanāya veneyyajanānaṃ dukkhāpanayanampi ñāṇaparipācanampi katvā lokiyalokuttarahitasukhaṃ dhāretīti vuttaṃ hoti. Taṃ hitaṃ.</p>','\r',char(13)),'\n',char(10)),'');
INSERT INTO pages (bookid, page, content, paranum) VALUES('annya_buddha_vandana_gantha_sanggaho_e0601n',67,replace(replace('<p class="bodytext"><span class="bld">Samantacakkhu</span>nti <a name="M0.0067"></a> ettha cakkhu nāma buddhacakkhu, dhammacakkhu, ñāṇa cakkhu, samantacakkhu, dibbacakkhūti pañcavidhaṃ hoti. Tattha addasaṃ kho ahaṃ bhikkhave buddhacakkhunā lokaṃ volokentoti idaṃ buddhacakkhu nāma. Virajaṃ vītamalaṃ dhammacakkhunti idaṃ heṭṭhimamaggatta yasaṅkhātaṃ dhammacakkhu nāma. Cakkhuṃ udapādīti idaṃ ñāṇacakkhu nāma. Samantacakkhu vuccati sabbaññutañāṇanti idaṃ samantacakkhu nāma. Addasaṃ kho ahaṃ bhikkhave dibbena cakkhunā visuddhenāti idaṃ dibbacakkhu nāma. Idha pana samantacakkhu adhippetaṃ. Parisamantato sabbañeyyadhammaṃ passantaṃ sabbaññutañāṇavantanti attho. Ayaṃ panettha vacanattho. Samantato sabbañeyyadhammaṃ cakkhati passatīti samantacakkhu, sabbaññutañāṇaṃ. Cakkhadhātu u. Tena vuttaṃ <span class="bld">mahāniddesapāḷiyaṃ</span> ‘‘samantacakkhu vuccati sabbaññutañāṇa’’nti. Samantacakkhu assa atthīti samantacakkhu, buddho. Vuttañhetaṃ <span class="bld">paṭisambhidāmagge</span> –</p>\r\n<p class="gatha1">‘‘Na tassa addiṭṭhamidhatthi kiñci,</p>\r\n<p class="gatha2">Atho aviññātamajānitabbaṃ;</p>\r\n<p class="gatha3">Sabbaṃ abhiññāsi yadatthi neyyaṃ,</p>\r\n<p class="gathalast">Tathāgato tena samantacakkhū’’ti.</p>\r\n<p class="bodytext">Tassattho. Tassa tathāgatassa addiṭṭhaṃ apassantaṃ kiñci dhammajātaṃ idhaloke na atthi. Atho aviññātaṃ aviditaṃ apākaṭaṃ vā ajānitabbaṃ dhammajātaṃ na atthi. Neyyaṃ ñātabbaṃ yaṃ dhammajātaṃ atthi. Sabbaṃ taṃ dhammajātaṃ tathāgato abhiññāsi paṭivijjhi. Tena tasmā tathāgato samantacakkhu nāmāti. Taṃ samantacakkhuṃ.</p>\r\n<p class="bodytext"><span class="bld">Paṇamāmi taṃmita</span>nti ettha paṇamāmi taṃ amitanti padacchedo. Amitaṃ taṃ buddhaṃ ahaṃ paṇamāmīti sambandho. Tattha amitanti aparimeyyaṃ ñāṇena aparicchinnaṃ vā, sīlasamādhi paññādiguṇavantaṃ. Amitabbaṃ ñāṇena aparicchinditabbanti vā amitaṃ, sīlādiguṇaṃ. Napubba mādhātu parimāṇe ta. Taṃ assa </p>','\r',char(13)),'\n',char(10)),'');
INSERT INTO pages (bookid, page, content, paranum) VALUES('annya_buddha_vandana_gantha_sanggaho_e0601n',68,replace(replace('<p class="bodytext">atthīti <a name="M0.0068"></a> amito, buddho. Yathā hi mahāsamudde na sukaraṃ udakassa pamāṇaṃ gaṇetuṃ ettakāni udakāḷhakānīti vā, ettakāni udakāḷhakasatānīti vā, ettakāni udakāḷhakasahassānīti vā, ettakāni udakāḷhakasatasahassānīti vāti. Atha kho asaṅkhyeyyo appameyyo mahāudakakkhandhotveva saṅkhyaṃ gacchati, evameva buddhassa na sukaraṃ sīlādiguṇassa pamāṇaṃ gaṇetuṃ ettakaṃ sīlaguṇaṃ, ettako samādhiguṇo, ettakā paññāguṇātiādināti. Atha kho asaṅkhyeyyo appameyyo mahāguṇakkhandhotveva saṅkhyaṃ gacchati. Tenavuttaṃ <span class="bld">apadānapāḷiyaṃ</span> –</p>\r\n<p class="gatha1">‘‘Buddhopi buddhassa bhaṇeyya vaṇṇaṃ,</p>\r\n<p class="gatha2">Kappampi ce aññamabhāsamāno;</p>\r\n<p class="gatha3">Khīyetha kappo ciradīghamantare,</p>\r\n<p class="gathalast">Vaṇṇo na khīyetha tathāgatāna’’nti ca.</p>\r\n<p class="gatha1">‘‘Asaṅkhyeyyāni nāmāni, saguṇena mahesino;</p>\r\n<p class="gathalast">Guṇena nāmamuddheyyaṃ, api nāmasahassato’’ti ca.</p>\r\n<p class="bodytext">Tena buddhaṃ amitanti thometīti.</p>\r\n<p class="bodytext">Ayaṃ panettha <span class="bld">saṅkhepayojanā</span>. Dayālayaṃ mahākaruṇāya mettāya ādhāraṃ. Sabbadhi sabbasmiṃ attabhāve, dukkaraṃ dukkhena karitabbaṃ pañcamahāpariccāgādikammaṃ karaṃ karontaṃ, bhavaṇṇavātikkamaṃ tibhavasaṅkhātasamuddato atikkantaṃ, aggataṃ sabbasattānaṃ seṭṭhabhāvaṃ, gataṃ pattaṃ, tilokanāthaṃ kāmarūpa arūpasaṅkhātassa tilokassa paṭisaraṇaṃ, susamāhitaṃ sundara samādhivantaṃ, hitaṃ sabbasattānaṃ lokiyalokuttarasaṅkhātaṃ atthadhāraṇaṃ, samantacakkhuṃ parisamantato sabbañeyyadhammaṃ passantaṃ sabbaññutañāṇavantaṃ, amitaṃ aparimeyyaṃ sīlādiguṇavantaṃ, taṃ buddhaṃ ahaṃ paṇamāmi vandāmīti.</p>\r\n<p class="centered">Aṭṭhamavandanagāthāvaṇṇanā samattā.</p>\r\n<p class="hangnum"><a name="para9"></a><span class="paranum">9</span>.</p>\r\n<p class="gatha1"> </p>','\r',char(13)),'\n',char(10)),'-9-');
INSERT INTO pages (bookid, page, content, paranum) VALUES('annya_buddha_vandana_gantha_sanggaho_e0601n',69,replace(replace('<p class="gatha1">Tahiṃ <a name="M0.0069"></a> tahiṃ pāramisañcayaṃ cayaṃ,</p>\r\n<p class="gatha2">Gataṃ gataṃ sabbhi sukhappadaṃ padaṃ;</p>\r\n<p class="gatha3">Narānarānaṃ sukhasambhavaṃ bhavaṃ,</p>\r\n<p class="gathalast">Namānamānaṃ jinapuṅgavaṃ gavaṃ.</p>\r\n<p class="bodytext"><a name="para9"></a><span class="paranum">9</span>. Evaṃ aṭṭhamagāthāya buddhaṃ vanditvā idāni pāramisañcayaṃ cayantyādīhi pañcahi guṇehi thomitvā vanditukāmo <span class="bld">tahiṃ tahiṃ pāramisañcayaṃcaya</span>ntyādigāthamāha. Ayaṃ pana jatajara gaṇehi yuttattā dvādasakkharehi lakkhitā sabbapādādyantayamakā vaṃsaṭṭhagāthāti daṭṭhabbā. Vuttañhi <span class="bld">vuttodaye</span> ‘‘vadanti vaṃsaṭṭhamidaṃ jatā jarā’’ti. Tassattho heṭṭhā vuttoyeva.</p>\r\n<p class="bodytext">Tattha <span class="bld">tahiṃ tahi</span>nti tasmiṃ tasmiṃ bhave attabhāve vā, buddhavaraṃ paṇidhānato paṭṭhāya tesu tesu bhavesu attabhāvesu vāti attho. <span class="bld">Pāramisañcaya</span>nti dānādipā ramīnaṃ samūhaṃ. Ettha ca pāramī nāma dānasīlanekkhammapaññā vīriya khantisaccaadhiṭṭhānamettāupekkhāvasena dasavidhā hoti. Vuttañca <span class="bld">buddhavaṃse</span> –</p>\r\n<p class="gatha1">‘‘Dānaṃ sīlañca nekkhammaṃ, paññā vīriyena pañcamaṃ;</p>\r\n<p class="gathalast">Khantisaccamadhiṭṭhānaṃ, mettupekkhāti te dasā’’ti.</p>\r\n<p class="bodytext">Ayaṃ pana pāramīsaddassa vacanattho. Dānasīlādiguṇa visesayogena sattuttamatāya mahābodhisatto paramo. Tassa ayaṃ bhāvo kammanti vā pāramī, dānādi kriyāva labbhati. Santakabhāvakammataddhite ṇapaccayo. Itthiliṅgajotaka īpaccayo ca. Atha vā dānādīni pūretīti paramo. Dānādiguṇānaṃ pūrako pālako ca bodhisatto. Pūradhātu amapaccayo. Pare satte mavati attani bandhati guṇavisesayogenāti vā paramo, bodhisatto. Parasaddūpapada mudhātu bandhane kvi. Paraṃ atirekaṃ majjati kilesamalatoti vā paramo. Parasaddūpa </p>','\r',char(13)),'\n',char(10)),'-9-');
INSERT INTO pages (bookid, page, content, paranum) VALUES('annya_buddha_vandana_gantha_sanggaho_e0601n',70,replace(replace('<p class="bodytext">pada <a name="M0.0070"></a> majjadhātu saṃsuddhiyaṃ kvi. Parasaddo atirekattho. Paraṃ seṭṭhaṃ nibbānaṃ visesena mayati gacchatīti vā paramo. Parasaddūpapada mayadhātu gatiyaṃ kvi. Dhātvantalopo. Para saddo seṭṭhattho. Paraṃ lokaṃ pamāṇabhūtena ñāṇa visesena idhalokamiva munāti paricchindatīti vā paramo. Parasaddūpa pada munadhātu paricchindane kvi. Paraṃ ati viya sīlādiguṇagaṇaṃ attano santāne minoti pakkhipatīti vā paramo. Parasaddūpapada midhātu pakkhipane kvi. Parasaddo atirekavācako. Paraṃ attabhūtadhammakāyato aññaṃ paṭipakkhaṃ vā tadanatthakaraṃ kilesacoragaṇaṃ mināti hiṃsatīti vā paramo, mahābodhisatto. Parasaddūpapada midhātu hiṃsāyaṃ kvi. Parasaddo aññavācako, paṭipakkhavācako vā. Paramassa ayantiādinā vuttanayena pāramīti. Api ca pāre nibbāne majjati sujjhatīti pāramī, mahābodhi satto. Suddhakattusādhanoyaṃ. Pārasaddūpapada majadhātu saṃsuddhiyaṃ kvi. Ī ca. Pāre nibbāne satte majjati sodhetīti vā pāramī, hetukattusādhanoyaṃ.</p>\r\n<p class="bodytext">Pārenibbāne satte mavati bandhati yojetīti vā pāramī. Pāraṃ nibbānaṃ mayati gacchati satte ca māyeti gameti vā pāramī. Pāraṃ nibbānaṃ yāthāvato munāti paricchindatīti vā pāramī. Pāre nibbāne satte minoti pakkhipatīti vā pāramī. Midhātu pakkhipane ī. Pāre nibbāne sattānaṃ mināti hiṃsatīti vā pāramī, mahābodhisatto. Tassa ayaṃ bhāvo kammanti dānādikriyā pāramīti. Iminā vuttanayena pāramīsaddassa vacanattho veditabbo. Kiñcāpi pana pāramīsaddassa nibbacanaṃ saṅkhepena vuttaṃ. Sotūnaṃ pana niruttinayakosallatthaṃ vitthārena vuttanti daṭṭhabbaṃ.</p>\r\n<p class="bodytext">Sā pana dasapāramī, dasaupapāramī, dasaparamatthapāramī cāti tividhā hoti. Tattha saviññāṇāviññāṇakaṃ dhanaṃ pariccāgaṃ </p>','\r',char(13)),'\n',char(10)),'');
INSERT INTO pages (bookid, page, content, paranum) VALUES('annya_buddha_vandana_gantha_sanggaho_e0601n',71,replace(replace('<p class="bodytext">katvā <a name="M0.0071"></a> pūritā bodhisambhārā dasapāramiyo nāma. Hattha pāda kaṇṇa nāsādiaṅgapaccaṅgapariccāgaṃ katvā pūritā bodhisambhārā dasaupapāramiyo nāma. Jīvitindriyapariccāgaṃ katvā pūritā bodhisambhārā dasa paramatthapāramiyo nāmāti. Dānādipāramīnaṃ pana attho cariyapiṭakaaṭṭhakathādīsu gahetabbo. Avayavaṃ saṅgahavasena cayati gacchati pavattatīti sañcayo, saṃpubba cidhātu gatiyaṃ ṇa. Sañcinoti avayavanti vā sañcayo, samūho. Pāramīnaṃ sañcayo samūhoti pāramisañcayo, taṃ pāramisañcayaṃ. Taṃ pana cayanti etassa kammaṃ. <span class="bld">Caya</span>nti upacitaṃ, parisambhūtanti attho. Cayati upacinātīti cayo, ciyittha upaciyitthāti vā cayo, buddho. Cidhātu upacaye ṇa. Taṃ cayaṃ. Sabbhigatanti sambandho.</p>\r\n<p class="bodytext">Tattha <span class="bld">sabbhī</span>ti santehi sappurisehi. Rāgādikilese samenti upasamentīti santā, sappurisā. Samudhātu upasameta, antapaccayo vā. Santehīti vattabbe smāhismiṃnaṃ mhā bhimhivāti suttena hivibhattiyā bhikāraṃ santasaddassa so bhe bo canteti suttena bhakāre pare santasaddassa sakāraṃ katvā ante ca bakārāgamaṃ katvā sabbhīti vuttaṃ. Tehi sabbhi. Taṃ pana gatanti etassa avuttakattā. <span class="bld">Gata</span>nti upagamitabbaṃ. Tañhi devamanussehi gamiyati upagamiyati upasaṅkamiyatīti gatoti vuccati. Taṃ buddhaṃ atthakāmehi sappurisehi devamanussehi sīlādianantaguṇikattā saraṇanti abhimānā payirupāsitabboti vuttaṃ hoti. Taṃ gataṃ. Sukhappadaṃ padaṃ gatanti sambandho. Tattha <span class="bld">sukhappada</span>nti accantasukhassa patiṭṭhānabhūtaṃ. Sukhanaṃ sukhaṃ, tassa pajjati tiṭṭhati etthāti sukhappadaṃ, nibbānaṃ. <span class="bld">Pada</span>nti nibbānaṃ. Tañhi buddhādīhi ariyehi pajjiyati gamiyatīti padanti vuccati. Gatanti agaminti gato, buddho. Dukkhādiasammissassa ekantasukhassa patiṭṭhānabhūtaṃ nibbānaṃ ārammaṇakaraṇavasena apāpuṇinti vuttaṃ hoti. Taṃ gataṃ.</p>','\r',char(13)),'\n',char(10)),'');
INSERT INTO pages (bookid, page, content, paranum) VALUES('annya_buddha_vandana_gantha_sanggaho_e0601n',72,replace(replace('<p class="bodytext"><span class="bld">Narānarāna</span>nti <a name="M0.0072"></a> naraanarānanti padacchedo. Manussadevānanti attho. Pabbajjādiseṭṭhabhāvaṃ narati netīti naro, narīyati sakena kammena niyatīti vā naro, manusso, satto vā. Naradhātu nayane a. Na naro anaro, devo. Naro ca anaro ca narānaro, tesaṃ narānarānaṃ. Taṃ pana sukhasambhavanti pade sambandho.</p>\r\n<p class="bodytext"><span class="bld">Sukhasambhava</span>nti lokiyalokuttarasukhassa kāraṇaṃ. Tividhasukhassa labhanakāraṇabhūtaṃ puññaṃ vā. Sukhayatīti sukhaṃ. Tividhasukhaṃ. Yassa uppajjati, taṃ sukhitaṃ karotīti attho. Atha vā suṭṭhu dukkhaṃ khanatīti sukhaṃ. Supubbakhanudhātu avadhāraṇe a. Sambhavati sukhasaṅkhātaṃ phalaṃ anena puññenāti sambhavaṃ, puññakaraṇaṃ. Saṃpubbabhūdhātu sattāyaṃṇa. Sukhassa sambhavaṃ sukhasambhavaṃ, taṃ pana bhavantipade kammaṃ. <span class="bld">Bhava</span>nti nibbattentaṃ. Taṃ sukhasambhavaṃ bhāveti nibbattetīti bhavo, buddho. Taṃ bhavaṃ. So hi mahākaruṇāpubbaṅgamāya dhammadesanāya devamanussānaṃ lokiyalokuttarasukhassa labhanakāraṇabhūtaṃ dānasīlabhāvanāsaṅkhātaṃ puññaṃ kāreti, tasmā bhagavato narānarānaṃ sukhasambhavaṃ bhavanti thometīti daṭṭhabbaṃ.</p>\r\n<p class="bodytext"><span class="bld">Namānamāna</span>nti padassa name anamānanti padacchedo. Nameti ahaṃ namāmīti attho. Ettha ca mivibhattiyā ekārādesoti veditabbo. Anamānanti anamentānaṃ avandantānaṃ anādarānanti attho. Taṃ pana gavantietassa visesanaṃ. <span class="bld">Gava</span>nti goṇasadisānaṃ bālānaṃ. Gavanti hi chaṭṭhībahuvacanantanāmapadaṃ. Tato namaṃ patimhālutte ca samāseti sutte samabhiniviṭṭhena caggahaṇena naṃvacanassa aṃ ādesañca goiccetassa okārassa avādesaṃ katvā rūpasiddhi veditabbā. Gacchantīti gāvo, goṇā. Gāvo viyāti gāvo, tesaṃ gavaṃ bālānaṃ. Taṃ pana jinapuṅgavantipade chaṭṭhīkammaṃ. <span class="bld">Jinapuṅgava</span>nti jayantapurisuttamaṃ buddhaṃ name namāmīti sambandho. Ettha ca puṅgava </p>','\r',char(13)),'\n',char(10)),'');
INSERT INTO pages (bookid, page, content, paranum) VALUES('annya_buddha_vandana_gantha_sanggaho_e0601n',73,replace(replace('<p class="bodytext">saddo <a name="M0.0073"></a> kammadhārayasamāse seṭṭhatthavācako. Munipuṅgavotiādīsu viya. Vuttañca <span class="bld">amarakose</span> –</p>\r\n<p class="gatha1">‘‘Uttarasmiṃ pade byaggha, puṅgavosabhakuñjarā;</p>\r\n<p class="gathalast">Sīhasaddūlanāgādyā, pume seṭṭhatthagocarā’’ti.</p>\r\n<p class="bodytext">Tassattho. Kammadhārayasamāse uttarapade vattamānā byagghapuṅgavosabhakuñjarā byagghapuṅgavausabhakuñjarasaddā ca sīha saddūlanāgādyā sīha saddūla nāgāsaddā ca pume seṭṭhattha vācakāti. Ayaṃ panettha vacanattho. Go viya buddhaguṇe ajānante anamante aññadiṭṭhike bāle jināti ajinīti vā jino. Pakaṭṭhabhāvaṃ padhānabhāvaṃ vā uddhaṃ gacchatīti puṅgavo. Paupubba gamudhātu gatiyaṃ avapaccayo. Niggahitā gamo. Tassa kavaggantaṃ dhātvantalopañca yadādinā katvā rūpasiddhi veditabbā. Jino ca so puṅgavo cāti jinapuṅgavo, buddho. So pana gunnaṃ viya buddhānaṃ sīlādike appameyyaguṇe ajānantānaṃ anamantānaṃ agāravantānaṃ avandantānaṃ añña diṭṭhigatikānaṃ bālānaṃ asatthena pāramīpuññatejena ajinīti vuttaṃ hoti. Taṃ jinapuṅgavanti.</p>\r\n<p class="bodytext">Ayaṃ panettha <span class="bld">saṅkhepayojanā</span>. Tahiṃ tahiṃ tasmiṃ tasmiṃ bhave, attabhāve vā, pāramisañcayaṃ dānādipāramīnaṃ samūhaṃ, cayaṃ upacitaṃ parisambhūtaṃ, sabbhi santehi sappurisehi, gataṃ upagamitabbaṃ payirupāsitabbaṃ, sukhappadaṃ accantasukhassa patiṭṭhāna bhūtaṃ, padaṃ nibbānaṃ gataṃ pattaṃ agamiṃ, narānarānaṃ manussadevānaṃ, sukhasambhavaṃ lokiyalokuttarasukhassa kāraṇaṃ tividha sukhassa labhanakāraṇabhūtaṃ puññaṃ vā bhavaṃ nibbattentaṃ, anamānaṃ anamantānaṃ anādarānaṃ avandantānaṃ vā, gavaṃ goṇasadisānaṃ bālānaṃ jinapuṅgavaṃ jayantapurisuttamaṃ buddhaṃ ahaṃ name namāmīti.</p>\r\n<p class="centered">Navamavandanagāthāvaṇṇanā samattā.</p>\r\n<p class="hangnum"><a name="para10"></a><span class="paranum">10</span>.</p>\r\n<p class="gatha1"> </p>','\r',char(13)),'\n',char(10)),'-10-');
INSERT INTO pages (bookid, page, content, paranum) VALUES('annya_buddha_vandana_gantha_sanggaho_e0601n',74,replace(replace('<p class="gatha1">Maggaṅganāvaṃ <a name="M0.0074"></a> munidakkhanāviko,</p>\r\n<p class="gatha2">Īhāphiyaṃ ñāṇakarena gāhako;</p>\r\n<p class="gatha3">Āruyha yo tāya bahū bhavaṇṇavā,</p>\r\n<p class="gathalast">Tāresi taṃ buddhamaghappahaṃ name.</p>\r\n<p class="bodytext"><a name="para10"></a><span class="paranum">10</span>. Evaṃ navamagāthāya buddhaṃ natvā idāni bahū satte tibhavasaṅkhātā saṃsārasamuddato tārentena guṇena ca sattānaṃ dukkhappahānena guṇena ca thomitvā buddhaṃ vanditu kāmo <span class="bld">maggaṅganāva</span>ntyādigāthamāha. Ayaṃ pana tata jara gaṇehi racitattā dvādasakkharehi yuttā indavaṃsa gāthāti daṭṭhabbā. Vuttañhi <span class="bld">vuttodaye</span> ‘‘sāyindavaṃsā khalu yattha tā jarā’’ti.</p>\r\n<p class="bodytext">Tassattho. Yattha yassaṃ gāthāyaṃ tā tagaṇadvayañca jarā jagaṇa ragaṇā ca ce siyuṃ, sā gāthā khalu ekantaṃ indavaṃsagāthā nāmāti.</p>\r\n<p class="bodytext">Tattha yo munidakkhanāvikoti sambandho. Yo buddha saṅkhāto cheko nāvājeṭṭhakoti attho. Tattha <span class="bld">munī</span>ti ubho loke munāti jānātīti muni, bhagavā. Munadhātu ñāṇe i. Atha vā monaṃ vuccati sabbaññutañāṇaṃ, taṃ assa atthīti muni, bhagavā. Assathyatthe ipaccayo. Vuttañhi ekanipāte <span class="bld">vaṇṇapathajātakaṭṭhakathāyaṃ</span> ‘‘munīti monaṃ vuccati ñāṇaṃ. Kāya moneyyādīsu vā aññatarena samannāgatattā puggalo munīti vuccati. So panesa agāriyamuni, anagāriyamuni, sekkhamuni, asekkhamuni, paccekamuni, munimunīti anekavidho. Tattha agāriyamunīti gihi āgataphalo viññātasāsano. Anagāriyamunīti tathārūpova pabbajito. Sekkhamunīti sattasekkhā. Asekkhamunīti khīṇāsavo. Paccekamunīti paccekasambuddho. Munimunīti sammāsambuddho’’ti. Idha pana munimuni adhippeto.</p>','\r',char(13)),'\n',char(10)),'-10-');
INSERT INTO pages (bookid, page, content, paranum) VALUES('annya_buddha_vandana_gantha_sanggaho_e0601n',75,replace(replace('<p class="bodytext"><span class="bld">Dakkho</span>ti <a name="M0.0075"></a> cheko. Samuddataraṇe dakkhati kusalattaṃ gacchatīti dakkho, nāviko. Dakkhadhātu gatiyaṃ a. Atha vā dakkhati kusalakamme aññasmiñca kiccākicce adandhatāya sīghaṃ gacchatīti dakkho, yokoci kusalo puggalo. Dakkhadhātu sīghatthe a. Dakkho viyāti dakkho, buddho. Nītatthena pana buddho sattānaṃ saṃsārasamuddato uddhāraṇassa kāraṇaṃ dakkhati paricchindati ñāṇenāti dakkhoti vuccati. <span class="bld">Nāviko</span>ti samuddatīraṃ nāvāya taratīti nāviko, nāvājeṭṭhako. Taratitaddhite ṇiko. Nāviko viyāti nāviko, buddho. Nītatthena pana buddho nibbānaṃ pāraṃ aṭṭhamaggaṅganāvāya taratīti nāvikoti vuccati. Dakkho nāviko dakkhanāviko, muni ca so dakkhanāvikocāti munidakkhanāviko, kammadhārayasamāsoyaṃ. Atha vā dakkhanāviko viya dakkho munīti munidakkhanāviko, buddho. Upamākammadhārayasamāsoyaṃ. Yathā hi samuddataraṇe cheko nāviko manusse samuddapāraṃ neti, evaṃ buddho veneyyasatte nibbānapāraṃ netīti vuttaṃ hoti.</p>\r\n<p class="bodytext">Maggaṅganāvaṃ āruyhāti sambandho. <span class="bld">Maggaṅganāva</span>nti aṭṭhamaggaṅga saṅkhātaṃ nāvaṃ. <span class="bld">Āruyhā</span>ti ārohitvāti attho. Kilese mārento ārammaṇakaraṇavasena nibbānaṃ gacchatīti maggo. Mārasaddūpapada gamudhātu kvi. Mārenta goti vattabbe niruttinayena maggoti vuttaṃ. Atha vā nibbānaṃ maggati gavesatīti maggo. Maggadhātu gavesane a. Nibbānatthikehi maggiyati gavesiyatīti vā maggo. Ekantato jāti jarābyādhimaraṇadukkhādīhi pīḷitehi sattehi dukkhakkhayaṃ nibbānaṃ pāpuṇatthāya maggitabbo gavesitabboti maggo, catumaggo. Vuttañhi ‘‘maggoti kenaṭṭhena nibbānaṃ magganaṭṭhena nibbānatthikehi magganīyaṭṭhena cā’’ti. Aṅgati gacchati phalanibbānaṃ etenāti aṅgaṃ. Agidhātu gamane a. Maggassa aṅgaṃ kāraṇanti maggaṅgaṃ, sammādiṭṭhi sammāsaṅkappa sammāvācā sammākammanta sammāājīva </p>','\r',char(13)),'\n',char(10)),'');
INSERT INTO pages (bookid, page, content, paranum) VALUES('annya_buddha_vandana_gantha_sanggaho_e0601n',76,replace(replace('<p class="bodytext">sammāvāyāma <a name="M0.0076"></a> sammāsati sammāsamādhivasena aṭṭhamaggaṅgaṃ labbhati. Nuyati thavīyatīti nāvā. Nudhātu thaviyaṃ avo. Atha vā orato pāraṃ netīti nāvā, bhāraṃ nayanti etāyāti vā nāvā. Nidhātu nayane avo. Maggaṅgasaṅkhātā nāvā maggaṅganāvā. Atha vā nāvā viya maggaṅganti maggaṅga nāvā. Yathā hi nāvā attani āruḷhe manusse samudda nadīpāraṃ neti, evaṃ aṭṭhamaggaṅgadhammā attānaṃ paṭipajjante nibbāna pāraṃ nentīti vuttaṃ hoti. Taṃ maggaṅganāvaṃ.</p>\r\n<p class="bodytext"><span class="bld">Īhāphiya</span>nti vīriyasaṅkhātaṃ dabbisārakaṃ. Vuttañhi <span class="bld">suttani pātaaṭṭhakathāyaṃ</span> ‘‘phiyenāti dabbisārakenā’’ti. Īhati ārabbhatīti īhā. Īhati vāyamati cetayati etenāti vā īhā, vīriyaṃ. <span class="bld">Saddanītiyaṃ</span> pana ‘‘īha cetāya’’nti vuttaṃ. Phāti vaḍḍheti udakaṃ etenāti phiyaṃ. Phādhātu vaḍḍhiyaṃ iyo. Phāti ghaṭṭeti udakanti vā phiyaṃ. Atha vā phāyati gacchati nāvaṃ etenāti phiyaṃ. Dabbisārakaṃ. Phāyi dhātu gatiyaṃ a. Ākārassa i. Īhāsaṅkhātaṃ phiyanti īhāphiyaṃ. Phiyaṃ viya īhāti īhāphiyaṃ. Yathā hi phiyena nāvā icchitaṭṭhānaṃ gacchati, evaṃ īhāsaṅkhātena vīriyena taṃ taṃ kiccaṃ sādheti, icchitaṃ nibbānaṭṭhānaṃ gacchatīti adhippāyo. Taṃ pana gāhakoti pade kammaṃ. <span class="bld">Ñāṇakarenā</span>ti sabbaññutañāṇasaṅkhātena hatthena. Sabbaṃ ñeyyadhammaṃ jānātīti ñāṇaṃ, sabbaññutañāṇaṃ. Taṃ taṃ kammaṃ karotīti karo, hattho. Ñāṇasaṅkhāto karo ñāṇa karo, karaṃ viya ñāṇanti vā ñāṇakaro, tena ñāṇakarena. <span class="bld">Gāhako</span>ti daḷhagaṇhamāno hutvā. <span class="bld">Tāyā</span>ti aṭṭhamaggaṅga saṅkhātāya tāya nāvāya, <span class="bld">bahū</span>ti aneke veneyyasatte. <span class="bld">Bhavaṇṇavā</span>ti tibhavasaṅkhātā saṃsāravaṭṭasaṅkhātā vā mahāsamuddato. Tassa pana vacanattho heṭṭhā vuttoyeva.</p>\r\n<p class="bodytext"><span class="bld">Tāresī</span>ti otiṇṇesi, atikkamesīti attho. <span class="bld">Buddha</span>nti paṭividdhacatusaccadhammaṃ. <span class="bld">Aghappaha</span>nti sattānaṃ dukkhappaja </p>','\r',char(13)),'\n',char(10)),'');
INSERT INTO pages (bookid, page, content, paranum) VALUES('annya_buddha_vandana_gantha_sanggaho_e0601n',77,replace(replace('<p class="bodytext">hantaṃ<a name="M0.0077"></a>. Dukkhaviddhaṃsentanti attho. Atha vā aghappahanti sattānaṃ kilesappajahantaṃ. Kilesaviddhaṃsentanti attho. Ettha hi aghasaddo dukkhe kilese ca vattati. Tattha hi dukkhaṃ aghayati dukkhayatīti aghanti ca, aghayati dukkhākārena pavattatīti vā aghanti ca vuccati. Kileso pana aghayanti pāpaṃ karonti sattā etenāti aghoti vuccati. Aghadhātu pāpakaraṇe a. Aghaṃ pajahati viddhaṃsetīti aghappaho, buddho. Aghasaddūpapadapapubbahādhātu cāge. Buddho veneyyasattānaṃ dukkhañca kilesañca dhammadesanāya apanetīti attho. Ettha ca paṭhamavikappe dukkhassa appahātabbadhammattā maggena appahātabbampi phalūpacārena dukkhappajahantanti vuttaṃ. <span class="bld">Ta</span>nti munidakkhanāvikaṃ ahaṃ name namāmīti sambandhoti.</p>\r\n<p class="bodytext">Ayaṃ panettha <span class="bld">saṅkhepayojanā</span>. Yo munidakkhanāviko yo buddhasaṅkhāto cheko nāvājeṭṭhako, maggaṅganāvaṃ aṭṭhamaggaṅgasaṅkhātaṃ nāvaṃ āruyha ārohitvā īhāphiyaṃ vīriyasaṅkhātaṃ dabbisārakaṃ, ñāṇakarena sabbaññutañāṇasaṅkhātena hatthena, gāhako daḷhaṃ gaṇhamāno hutvā tāya aṭṭhamaggaṅganāvāya, bahū aneke veneyyasatte bhavaṇṇavā tibhavasaṅkhātamahāsamuddato, tāresi otāresi, buddhaṃ paṭividdhacatusaccadhammaṃ aghappahaṃ sattānaṃ dukkhaviddhaṃsentaṃ kilesa viddhaṃsentaṃ vā taṃ munidakkhanāvikaṃ ahaṃ name namāmīti.</p>\r\n<p class="centered">Dasamavandanagāthāvaṇṇanā samattā.</p>\r\n<p class="hangnum"><a name="para11"></a><span class="paranum">11</span>.</p>\r\n<p class="gatha1"> Samatiṃsatipāramisambharaṇaṃ,</p>\r\n<p class="gatha2">Varabodhidume catusaccadasaṃ;</p>\r\n<p class="gatha3">Varamiddhigataṃ naradevahitaṃ,</p>\r\n<p class="gathalast">Tibhavūpasamaṃ paṇamāmi jinaṃ.</p>','\r',char(13)),'\n',char(10)),'-11-');
INSERT INTO pages (bookid, page, content, paranum) VALUES('annya_buddha_vandana_gantha_sanggaho_e0601n',78,replace(replace('<p class="bodytext"><a name="para11"></a><span class="paranum">11</span>. Evaṃ <a name="M0.0078"></a> dasamagāthāya buddhaṃ vanditvā idāni samatiṃ satipāramisambharaṇādīhi pañcahi guṇehi thomitvā jinaṃ vanditukāmo <span class="bld">samatiṃsatipāramisambharaṇa</span>ntyādigāthamāha. Ayaṃ pana catūhi sagaṇehi racitattā dvādasakkharehi yuttā toṭakagāthāti daṭṭhabbā. Vuttañhi <span class="bld">vuttodaye</span> ‘‘iha toṭaka mambudhisehi mita’’nti. Tassattho. Yassaṃ paṭipādaṃ ambudhisehi catūhi sagaṇehi mitaṃ pamitaṃ racitaṃ lakkhitaṃ vā vuttaṃ idha jagatichande toṭakaṃ nāmāti.</p>\r\n<p class="bodytext">Tattha pana <span class="bld">samatiṃsatipāramisambharaṇa</span>nti dasapāramiyo, dasa upapāramiyo, dasa paramatthapāramiyo cāti samatiṃsapāramiyo sambhūtaṃ, paripūritanti attho. Tāsaṃ pana viseso pāramisaddassa ca vacanattho heṭṭhā vuttoyeva. Sambharittha paripūrayitthāti sambharaṇo, jino. Saṃpubbabharadhātu pūraṇe yu. Samatiṃsapāramiyo sambharaṇoti samatiṃsatipāramisambharaṇo, jino. Dīpaṅkarabuddhassa pādamūle laddhabyākaraṇato paṭṭhāya kappasatasahassādhikāni cattāri asaṅkhyeyyāni samatiṃsapāramiyo pūrayitthāti attho. Taṃ samatiṃsatipāramisambharaṇaṃ. <span class="bld">Varabodhidume</span>ti uttamabodhirukkhamūle. Ettha ca varabodhisaddassa vacanattho heṭṭhā vuttoyeva. Davati gacchati mūlakhandhatacasākha viṭapa pallava phalehi vuḍḍhiṃ virūḷiṃ vepullaṃ rajata suvaṇṇamaṇi santā rucīhi atisobhanaṃ vā pāpuṇātīti dumo, bodhisattassa vijātadivaseyeva bodhisattena saddhiṃ saha jāto satahatthubbedho asatthadumarājā labbhati. Dudhātu gatimhi amo. <span class="bld">Apadānaṭṭhakathāyaṃ</span> pana ‘‘dunāti kampatīti dumo. Dumati pūreti ākāsatalanti vā dumo’’ti vuttaṃ. Varo bodhi varabodhi, varabodhi ca so dumo cāti varabodhidumo, tasmiṃ.</p>\r\n<p class="bodytext"><span class="bld">Catusaccadasa</span>nti cattāri ariyasaccāni maggañāṇena paṭivijjhitaṃ. Ettha ca saccasaddo anekesvatthesu dissati. Seyyathidaṃ. </p>','\r',char(13)),'\n',char(10)),'-11-');
INSERT INTO pages (bookid, page, content, paranum) VALUES('annya_buddha_vandana_gantha_sanggaho_e0601n',79,replace(replace('<p class="bodytext">Saccaṃ <a name="M0.0079"></a> bhaṇe na kujjheyyātiādīsu vācāsacce. Sacce ṭhitā samaṇabrāhmaṇātiādīsu viratisacce. Kasmā nu saccāni vadanti nānā pavādiyāse kusalāvadānātiādīsu diṭṭhisacce. Ekañhi saccaṃ na dutiyamatthītiādīsu paramatthasacce nibbāne ceva magge ca, catunnaṃ saccānaṃ kati kusalātiādīsu ariyasacce. Svāyamidhāpi ariyasacce vattatīti veditabbo. Sathanaṃ saccaṃ, avitathaṃ. Sathadhātu avitathe ṇyo. Yathā hi aggīnaṃ sabhāvo ekantaṃ uṇhoyeva hoti, na sītalo, evaṃ dukkhādīnaṃ pīḷanādi sabhāvaṃ ekantaṃ saccaṃ tathaṃ avitathaṃ anaññathaṃ hoti. Taṃ pana catubbidhaṃ hoti dukkhasaccaṃ, samudayasaccaṃ, nirodhasaccaṃ, maggasaccañcāti. Tattha dukkhasaccanti dukkhacchitaṃ khaṃ tucchanti dukkhaṃ. Kammadhārayasamāsoyaṃ. Vuttañhetaṃ <span class="bld">saccavibhaṅgaṭṭhakathāyaṃ</span> ‘‘duiti ayaṃsaddo kucchite dissati. Kucchitañhi puttaṃ duputtoti vadanti. Khaṃsaddo pana tucche. Tucchañhi ākāsaṃ khanti vuccati. Idañca paṭhamasaccaṃ kucchitaṃ. Anekaupaddavādhiṭṭhānato, tucchaṃbālajanaparikappitadhuvasubhasukhattabhāvavirahitato. Tasmā kucchitattā tucchattā ca dukkhanti vuccatī’’ti. Dukkhañca taṃ saccañcāti dukkhasaccaṃ. Tebhūmikavaṭṭaṃ labbhati.</p>\r\n<p class="bodytext">Samudayasaccanti ayati pavattati dukkhaphalaṃ etenāti ayo, lobho. Ayadhātu gatimhi a. Saṃ avasesa paccayasaṃyoge sati u dukkhuppattiyā ayo kāraṇoti samudayo. Chaṭṭhītappurisasamāsoyaṃ. Vutteñhetaṃ <span class="bld">sacca vibhaṅgaṭṭhakathāyaṃ</span> ‘‘saṃiti ca ayaṃsaddo samāgamo sametantiādīsu saṃyogaṃ dīpeti. Uiti ayaṃsaddo uppannaṃ uditantiādīsu uppattiṃ. Ayasaddo pana kāraṇaṃ dīpeti. Idañcāpi dutiyasaccaṃ avasesapaccayasamāyoge sati dukkhassuppattikāraṇaṃ. Iti dukkhassa saṃyoge uppattikāraṇattā dukkhasamudayanti vuccatī’’ti. Samudayo ca so saccañcāti samudayasaccaṃ, lobhasaṅkhātā taṇhā </p>','\r',char(13)),'\n',char(10)),'');
INSERT INTO pages (bookid, page, content, paranum) VALUES('annya_buddha_vandana_gantha_sanggaho_e0601n',80,replace(replace('<p class="bodytext">labbhati<a name="M0.0080"></a>. Nirodhasaccanti rodhati carati pavattatīti rodho, tebhūmikavaṭṭadhammo. Rodhadhātu caraṇe ṇa. Natthi tebhūmikavaṭṭadhammassa rodho caraṇaṃ etthāti nirodho, nibbānaṃ. Atha vā nirujjhati saṃsāradukkhaṃ etthāti nirodho, nibbānaṃ. Rudhidhātu āvaraṇe ṇa. Vuttañhetaṃ <span class="bld">saccavibhaṅgaṭṭha kathāyaṃ</span> ‘‘tatiyasaccaṃ pana yasmā nisaddo abhāvaṃ. Rodha saddo cārakaṃ dīpeti. Tasmā abhāvo ettha saṃsāra cārakasaṅkhātassa dukkharodhassa sabbagatisuññattā. Samadhi gate vā tasmiṃ saṃsāracārakasaṅkhātassa dukkharodhassa abhāvo hoti tappaṭipakkhattātipi dukkhanirodhanti vuccatī’’ti. Dukkhassa vā anuppādanirodhapaccayattā dukkhanirodhanti. Nirodho ca so saccañcāti nirodhasaccaṃ. Nibbānaṃ. Maggasaccanti dukkhanirodhaṃ nibbānaṃ maggati gacchati etenāti maggo. Aṭṭhaṅgiko maggo. Maggadhātu gatiyaṃ a. Vuttañhetaṃ <span class="bld">sacca vibhaṅgaṭṭhakathāyaṃ</span> ‘‘catutthasaccaṃ pana yasmā etaṃ dukkhanirodhaṃ gacchati ārammaṇavasena tadabhimukhabhūtattā paṭipadā ca hoti dukkhanirodhappattiyā. Tasmā dukkhanirodhagāminipaṭipadāti vuccatī’’ti. Maggo ca so saccañcāti maggasaccaṃ. Aṭṭhaṅgiko maggo labbhati. Yasmā panetāni buddhādayo ariyā paṭivijjhanti, tasmā ariyasaccānītipi vuccanti. Atha vā buddhādīhi ariyehi paṭivijjhiyanti, tasmā ariyasaccānītipi vuccanti.</p>\r\n<p class="bodytext">Tesaṃ pana lakkhaṇādīni evaṃ veditabbāni. Ettha hi bādhanalakkhaṇaṃ dukkhasaccaṃ, santāpanarasaṃ, pavattipaccupaṭṭhānaṃ, pabhavalakkhaṇaṃ samudayasaccaṃ, anupacchedakaraṇarasaṃ, palibodhapaccupaṭṭhānaṃ. Santilakkhaṇaṃ nirodhasaccaṃ, accutirasaṃ, animittapaccupaṭṭhānaṃ. Niyyānalakkhaṇaṃ maggasaccaṃ, kilesappahāna karaṇarasaṃ, vuṭṭhānapaccupaṭṭhānanti. Etesu pana catūsu saccesu paṭhamatatiyasaccāni phalāni honti. Dutiya catutthasaccāni hetūni honti. Purimāni dvesaccāni dudda sattā gambhīrāni. Pacchimāni dvesaccāni gambhīrattā duddasāni.</p>','\r',char(13)),'\n',char(10)),'');
INSERT INTO pages (bookid, page, content, paranum) VALUES('annya_buddha_vandana_gantha_sanggaho_e0601n',81,replace(replace('<p class="bodytext">Api <a name="M0.0081"></a> ca kho pana dukkhanirodhaṃ ariyasaccaṃ gambhīrañceva duddasañcāti veditabbaṃ. Ekekassa pana saccassa catunnaṃ catunnaṃ atthānaṃ vasena soḷasa saccaṭṭhā honti. Tena vuttaṃ <span class="bld">paṭisambhidā maggapāḷiyaṃ</span> ‘‘dukkhassa pīḷanaṭṭho saṅkhataṭṭho santāpaṭṭho vipariṇāmaṭṭho, ime cattāro dukkhassa dukkhaṭṭhā tathā avitathā anaññathā. Evaṃ dukkhaṃ tathaṭṭhena saccaṃ. Samudayassa āyūhanaṭṭho nidānaṭṭho saṃyogaṭṭho palibodhaṭṭho, ime cattāro samudayassa samudayaṭṭhā tathā avitathā anaññathā. Evaṃ samudayo tathaṭṭhena saccaṃ. Nirodhassa nissaraṇaṭṭho vivekaṭṭho asaṅkhataṭṭho amataṭṭho, ime cattāro nirodhassa nirodhaṭṭhā tathā avitathā anaññathā, evaṃ nirodho tathaṭṭhena saccaṃ. Maggassa niyyānaṭṭho hetvaṭṭho dassanaṭṭho adhipateyyaṭṭho, ime cattāro maggassa maggaṭṭhā tathā avitathā anaññathā, evaṃ maggo tathaṭṭhena sacca’’nti.</p>\r\n<p class="bodytext">Dassanaṃ dasaṃ, disati passatīti vā dasaṃ, catumaggañāṇaṃ. Disadhātu apekkhane a. Catunnaṃ saccānaṃ dassanaṃ assāti catusaccadaso, jino. Atha vā cattāri saccāni adassi apassīti catusaccadaso, jino. So cattāri saccāni catumaggañāṇena appaṭivijjhīti attho. Taṃ catusaccadasaṃ. Catusaccañāṇaṃ pana duvidhaṃ hoti anubodhañāṇañca, paṭivedha ñāṇañcāti. Tattha anubodhañāṇaṃ lokiyaṃ anussavādivasena nirodhe magge ca pavattati, paṭivedhañāṇaṃ lokuttaraṃ nirodhamārammaṇaṃ katvā kiccato cattāripi saccāni paṭivijjhati. Yathāha yo bhikkhave dukkhaṃ passati, dukkhasamudayampi so passati. Dukkhanirodhampi passati, dukkhanirodhagāminipaṭi padampi passatīti sabbaṃ vattabbaṃ. Catusaccapaṭivedhañāṇaṃ pana anubodhañāṇena vinā na pavattati, tasmā anubodha ñāṇatthāya pubbe catusaccakammaṭṭhānaṃ paṇḍitena samārambhi </p>','\r',char(13)),'\n',char(10)),'');
INSERT INTO pages (bookid, page, content, paranum) VALUES('annya_buddha_vandana_gantha_sanggaho_e0601n',82,replace(replace('<p class="bodytext">tabbanti<a name="M0.0082"></a>. Nanu ca ariyasāvakā cattāri saccāni paṭivijjhanti. Atha kasmā jinoyeva catusaccadasanti thomitoti. Bhagavā pana ariyasāvakehi visiṭṭhena anaññopadesena arahattamaggañāṇena cattāri saccāni paṭivijjhanti. Tasmā bhagavāyeva catusaccadasanti abhitthavitoti. Tattha pana ṭhapetvā taṇhañca nibbānañca avasesadhammā dukkhasaccaṃ nāma. Aṭṭhasatataṇhāvicaritā samudayasaccaṃ nāma. Nibbānaṃ nirodha saccaṃ nāma. Aṭṭhaṅgiko maggo maggasaccaṃ nāma. Vuttaṃ pana <span class="bld">abhidhammatthasaṅgahe</span> –</p>\r\n<p class="gatha1">‘‘Dukkhaṃ tebhūmakaṃ vaṭṭaṃ, taṇhā samudayo bhave;</p>\r\n<p class="gathalast">Nirodho nāma nibbānaṃ, maggo lokuttaro mato’’ti.</p>\r\n<p class="bodytext"><span class="bld">Varamiddhigata</span>nti varaṃ iddhigataṃ. Uttamaṃ atītabuddhānaṃ iddhiṃ pattanti attho. Atha vā uttamānaṃ iddhīnaṃ patiṭṭhānabhūtanti attho. Ijjhanaṃ samijjhanaṃ iddhi, ijjhati samijjhati nippajjatīti vā iddhi. Iddhividhañāṇañca arahattamaggo ca labbhati. Vuttañhi <span class="bld">visuddhimagge</span> ‘‘tathā nekkhammaṃ ijjhatīti iddhīti ca arahattamaggo ijjhatīti iddhī’’ti ca. Atha vā ijjhanti sattā etāya iddhā vuddhā ukkaṃsagatā hontīti iddhi, aṭṭhasamāpattiyo ca cattāro maggā ca labbhanti. Idhadhātu vuḍḍhiyanti paccayo. Atha vā tapaccayo itthiliṅgajotako īpaccayo ca. Iddhiṃ agaminti iddhigato, jino. Atha vā gacchati patiṭṭhahati etthāti gato, varānaṃ uttamānaṃ iddhīnaṃ gato patiṭṭhānabhūtoti varamiddhigato, jino. Taṃ varamiddhigataṃ. Kiñcāpi pana ariyasāvakā iddhippattā honti, buddhā pana visesato etāya abhiññāya iddhā samiddhā vuddhā atiukkaṃsagatā honti, tasmā buddhoyeva varamiddhigatanti abhitthavituṃ arahatīti veditabbo.</p>\r\n<p class="bodytext"><span class="bld">Naradevahita</span>nti manussadevānaṃ lokiyalokuttara saṅkhātaṃ hitaṃ payojanaṃ dhāraṇaṃ. Tesaṃ pana attho </p>','\r',char(13)),'\n',char(10)),'');
INSERT INTO pages (bookid, page, content, paranum) VALUES('annya_buddha_vandana_gantha_sanggaho_e0601n',83,replace(replace('<p class="bodytext">heṭṭhā <a name="M0.0083"></a> vuttoyeva. <span class="bld">Tibhavūpasama</span>nti tibhavaupasamaṃ. Punabbhavābhinibbattiyā abhāvato kāmarūpaarūpasaṅkhātehi tīhi bhavehi tīsu bhavesu punabbhavābhinibbattito vā upasamitaṃ nibbutaṃ niruddhanti attho. Bhavanti sattā etthāti bhavo, tayo bhavā tibhavā, tehi upasamitthāti tibhavūpasamo, jino. Taṃ tibhavūpasamaṃ. Bhagavato pana bodhipallaṅkeva kāmarūpārūpasaṅkhātesu tīsu bhavesu paṭisandhijanakānaṃ avijjātaṇhāmūlakānaṃ puññādisaṅkhārānaṃ arahattamaggañāṇena niravasesaṃ pahīnattā punabbhavābhinibbatti natthi. Tasmā bhagavantaṃyeva visesena tibhavūpasamanti thometīti vuttaṃ hoti. <span class="bld">Jina</span>nti pañcamārajayantaṃ buddhaṃ. <span class="bld">Paṇamāmī</span>ti ahaṃ ñāṇasampayuttacittena ādaraṃ vandāmīti yojanā.</p>\r\n<p class="bodytext">Ayaṃ panettha <span class="bld">saṅkhepayojanā</span>. Samatiṃsati sambharaṇaṃ samatiṃsapāramiyo sambhūtaṃ paripūritaṃ, varabodhidume uttamabodhirukkhamūle, catusaccadasaṃ cattāri ariyasaccāni maggañāṇena passantaṃ paṭivijjhantaṃ, varamiddhigataṃ uttamaṃ atīta buddhānaṃ iddhipattaṃ uttamānaṃ iddhīnaṃ patiṭṭhānabhūtaṃ vā, naradevahitaṃ manussadevānaṃ lokiyalokuttarasaṅkhātaṃ payojanaṃ dhāraṇaṃ, tibhavūpasamaṃ kāmarūpaarūpasaṅkhātehi tīhi bhavehi upasamitaṃ, kāmarūpārūpasaṅkhātesu tīsu bhavesu punabbhavā bhinibbattito upasamitaṃ nibbutaṃ vā, jinaṃ pañcamārajayantaṃ buddhaṃ paṇamāmi ahaṃ ñāṇasampayuttacittena ādaraṃ vandāmīti.</p>\r\n<p class="centered">Ekādasamavandanagāthāvaṇṇanā samattā.</p>\r\n<p class="hangnum"><a name="para12"></a><span class="paranum">12</span>.</p>\r\n<p class="gatha1"> Satapuññajalakkhaṇikaṃ virajaṃ,</p>\r\n<p class="gatha2">Gaganūpamadhiṃ dhitimerusamaṃ;</p>\r\n<p class="gatha3">Jalajūpamasītalasīlayutaṃ,</p>\r\n<p class="gathalast">Pathavīsahanaṃ paṇamāmi jinaṃ.</p>','\r',char(13)),'\n',char(10)),'-12-');
INSERT INTO pages (bookid, page, content, paranum) VALUES('annya_buddha_vandana_gantha_sanggaho_e0601n',84,replace(replace('<p class="bodytext"><a name="para12"></a><span class="paranum">12</span>. Evaṃ <a name="M0.0084"></a> ekādasamagāthāya jinaṃ vanditvā idāni satapuññajalakkhaṇikantyādīhi chahi guṇehi thomitvā jinaṃ vanditu kāmo <span class="bld">satapuññajalakkhaṇika</span>ntyādigāthamāha. Ayaṃ pana catūhi sa gaṇehi racitattā dvādasakkharehi yuttā toṭakagāthāti daṭṭhabbā. Sādhakaṃ pana anantaragāthāvaṇṇanāyaṃ vuttameva.</p>\r\n<p class="bodytext">Tattha <span class="bld">satapuññajalakkhaṇika</span>nti anekapāramīpuññatejena jātena dvattiṃsamahāpurisalakkhaṇena sampannaṃ. Ettha ca satasaddo anekasaṅkhyāvācako. Satatejo sahassaraṃ sītiādīsu viya. Satena anekena pāramīpuññatejena jātanti satapuññajaṃ, lakkhiyati lakkhitabbaṃ buddhadabbaṃ etehīti lakkhaṇaṃ, dvattiṃsamahāpurisalakkhaṇādi. Lakkhadhātu dassanaṅkesuyu. Satapuññajañca taṃ lakkhaṇañcāti satapuññaja lakkhaṇaṃ. Taṃ assa atthīti satapuññajalakkhaṇiko, jino. Taṃ. Bhagavā hi anantesu cakkavāḷesu sabbe sattā ekekaṃ puññakammaṃ satakkhattuṃ kareyyuṃ. Ettakehi janehi kataṃ puññakammaṃ bodhisatto ekova ekekaṃ sataguṇaṃ katvā nibbattena pāramīpuññatejena jātehi dvattiṃsa mahāpurisalakkhaṇehi ca asītianubyañjana lakkhaṇe hi ca sampannoti satapuññajalakkhaṇikanti thometīti adhippāyo. Vuttañhi <span class="bld">buddhavaṃsaṭṭhakathāyaṃ</span> –</p>\r\n<p class="bodytext">‘‘Satapuñña lakkhaṇoti anantesu cakkavāḷesu sabbe sattā ekekaṃ puññakammaṃ satakkhattuṃ kareyyuṃ, ettakehi janehi katakammaṃ bodhisatto sayameva eko sataguṇaṃ katvā nibbatto. Tasmā satapuññalakkhaṇoti vuccati. Keci pana satena satena puññakammena nibbattaṃ ekekalakkhaṇoti vadanti. Evaṃ sante yo koci buddho bhaveyyāti. Taṃ aṭṭhakathāsu paṭikkhitta’’nti. <span class="bld">Pātheyyaṭṭhakathāyaṃ</span> pana ‘‘sata puññalakkhaṇanti satena satena puññakammena nibbattaṃ ekekaṃ </p>','\r',char(13)),'\n',char(10)),'-12-');
INSERT INTO pages (bookid, page, content, paranum) VALUES('annya_buddha_vandana_gantha_sanggaho_e0601n',85,replace(replace('<p class="bodytext">lakkhaṇaṃ<a name="M0.0085"></a>. Evaṃ sante yo koci buddho bhaveyyāti na rocayiṃsu. Anantesu pana cakkavāḷesu sabbe sattā ekekaṃ kammaṃ satakkhattuṃ kareyyuṃ. Ettakehi janehi kataṃ kammaṃ bodhisatto ekova ekekaṃ sataguṇaṃ katvā nibbatto. Tasmā satapuññalakkhaṇoti imamatthaṃ rocayiṃsū’’ti vuttaṃ. Dvattiṃsamahāpurisalakkhaṇaṃ pana upari āvibhavissatīti.</p>\r\n<p class="bodytext"><span class="bld">Viraja</span>nti rāgarajādīnaṃ abhāvā vigatarajaṃ. Rañjati sañjati rūpādiārammaṇesūti rajo, rāgādirajo. Ranjadhātu rāge a. Vigato rajo assāti virajo, jino. Taṃ virajaṃ. Jino hi bodhipallaṅkeyeva sabbakilesamāra rajassa jayitattā vigatarajoti attho. <span class="bld">Gaganūpamadhi</span>nti ettha dhī vuccati sabbaññutañāṇaṃ. Tasmā ākāsūpamasabbaññuta ñāṇavantanti attho. Gacchanti ettha vihaṅgamādayoti gaganaṃ, ākāso. Gamudhātu gatiyaṃ yu. Makārassa go. Upamiyate upamā. Bhāvasādhanoyaṃ. Upapubbamādhātu parimāne a. Sabbañeyyadhammaṃ dharati jānātīti dhī, sabbaññuta ñāṇaṃ. Dharadhātu ñāṇe kvi, itthiliṅgajotakaīpaccayo ca. Gaganena ākāsena yuttā upamā gaganūpamā, taṃ sadisaṃ dhī sabbaññutañāṇaṃ yassāti gaganūpamadhi, jino. Taṃ gaganūpamadhiṃ. Ayaṃ pana anantādiguṇahīnattā dhammahīnopamā nāma. Vuttañhi <span class="bld">subodhālaṅkāre</span> ‘‘dhammahīnāmukhambhoja, sadisaṃ munino itī’’ti. Yathā hi ākāso anantoti vuttattā ākāso ananto hutvā vittharati, evaṃ bhagavato anantaṃ buddhañāṇanti vuttattā sabbaññutañāṇassa anantārammaṇattā ca ñāṇaṃ anantaṃ hutvā vittharati. Tasmā gaganūpamadhinti thometīti.</p>\r\n<p class="bodytext"><span class="bld">Dhitimerusama</span>nti ettha dhiti vuccati samādhi. Sinerupabbata sadisaṃ acalasamādhivantanti attho. Dhiyati ṭhapiyati </p>','\r',char(13)),'\n',char(10)),'');
INSERT INTO pages (bookid, page, content, paranum) VALUES('annya_buddha_vandana_gantha_sanggaho_e0601n',86,replace(replace('<p class="bodytext">sampayuttadhamme <a name="M0.0086"></a> ekārammaṇe etenāti dhiti, bhagavato lokiyalokuttarajhānasamādhi. Dhidhātu dhāraṇeti. Raṃsiyā andhakāraṃ mināti hiṃsatīti meru, pabbatarājā. Mīdhātu hiṃsāyaṃ rupaccayo. Imaṃ vacanatthañhi sinerussa pācīnapassaṃ rajatamayaṃ, dakkhiṇapassaṃ maṇimayaṃ, pacchimapassaṃ phallikamayaṃ, uttarapassaṃ suvaṇṇamayaṃ hotīti vuttavacanaṃ sandhāya vuttaṃ. Atha vā mināti hiṃsati sabbe pabbate attano uccataraṭṭhenāti meru, merunā samo dhiti samādhi yassāti dhitimerusamo, jino. Taṃ dhitimeru samaṃ. Yathā hi merurājā aṭṭhahi disāhi āgatehi vātehi na kampati na calati, evaṃ jino kāmacchandādinīvaraṇe pajahitvā lokuttarajjhānasamādhinā samannāgatattā aṭṭhahi lokadhammehi ca micchādiṭṭhivātehi ca na kampati na calatīti dhitimerusamanti thometi.</p>\r\n<p class="bodytext"><span class="bld">Jalajūpamasītalasīlayuta</span>nti udakajātappadumasadisena atisītalena asaṅkhyeyyasīlena saṃyuttaṃ. Vuttañhi <span class="bld">apadāna pāḷiyaṃ</span> ‘‘sīlaṃ tassa asaṅkhyeyya’’nti. <span class="bld">Tadaṭṭhakathāyañca</span> ‘‘bhagavato pana sīlaṃ asaṅkhyeyyamevā’’ti. Jalati dibbatīti jalaṃ, udakaṃ. Jaladhātu dittiyaṃ a. Jale udake jātaṃ jalajaṃ, padumaṃ. Jalajena padumena upamaṃ sadisanti jalajūpamaṃ, sīlaṃ. Sukhatthikehi seviyatīti sītalaṃ, sīlaṃ. Sidhātu sevāyaṃ talapaccayo. Atha vā sītaguṇaṃ lāti gaṇhātīti sītalaṃ, sīlaṃ. Sītasaddūpapada lādhātu gahaṇe kvi. Udake pana jātaṃ padumaṃ udakena uṇhassa samitattā sītalaṃ viya. Sīlaṃ pana buddhassa kilesatā panassa sametattā accantasītalaṃ hoti. Surakkhitañhi visuddhaṃ sīlaṃ kilesappahānena sattānaṃ kilesapariḷāhaṃ upasameti na haritacandanaṃ muttāhāro maṇi udakaṃ vāto candakiraṇo ca. Tasmā sīlameva sītalanti accantasītalanti vuccati. Tena vuttaṃ <span class="bld">visuddhimagge</span> –</p>','\r',char(13)),'\n',char(10)),'');
INSERT INTO pages (bookid, page, content, paranum) VALUES('annya_buddha_vandana_gantha_sanggaho_e0601n',87,replace(replace('<p class="gatha1">‘‘Na <a name="M0.0087"></a> taṃ sajaladā vātā, na cāpi haricandanaṃ;</p>\r\n<p class="gatha2">Neva hārā na maṇayo, na candakiraṇaṅkurā;</p>\r\n<p class="gatha3">Samayantīdha sattānaṃ, pariḷāhaṃ surakkhitaṃ;</p>\r\n<p class="gathalast">Yaṃ sametidaṃ ariyaṃ, sīlaṃ accantasītala’’nti.</p>\r\n<p class="bodytext">Ayaṃ pana tassa gāthādvayassattho. Surakkhitaṃ suṭṭhurakkhitaṃ ariyaṃ visuddhaṃ accantasītalaṃ idaṃ sīlaṃ idhaloke sattānaṃ yaṃ pariḷāhaṃ sameti, taṃ pariḷāhaṃ sajaladā udakadadena meghena saha pavattā vātā sītavātā na samayanti haritacandanañcāpi na samayati. Hārā muttāhārā neva samayanti. Maṇayo veḷuriyādimaṇiyo na samayanti. Candakiraṇaṅkurā candassa raṃsiaṅkurā na samayantīti. Sīlati samādhiyati kāyakammādīnaṃ susīlyavasena na vippakiratīti sīlaṃ. Sīladhātu samādhimhi a. Atha vā sīlanti samādahanti cittaṃ etenāti sīlaṃ, sīlenti vā etena kusale dhamme upadhārenti ābhuso dhārenti sādhavoti sīlaṃ, cetanādhammo, kusalacittuppādo vā labbhati. Sīladhātu upadhāraṇe a. Vuttañhetaṃ <span class="bld">visuddhimaggaṭṭhakathāyaṃ</span> ‘‘kenaṭṭhena sīlanti sīlanaṭṭhena sīlaṃ. Kimidaṃ sīlaṃ nāma, samādhānaṃ vā, kāyakammādīnaṃ susīlyavasena avippakiṇṇatāti attho. Upadhāraṇaṃ vā, kusalānaṃ dhammānaṃ patiṭṭhānavasena ādhārabhāvoti attho’’ti. Jalajūpamena padumasadisena sītalena accantasītalena sīlena asaṅkhyeyyasīlena yuttoti jalajūpamasītalasīlayuto, jino. Taṃ jalajūpamasītalasīlayutaṃ. Yathā hi udake jātaṃ padumaṃ jalena sītalaṃ hoti, evaṃ bhagavato maggasīlena kilesupatāpanassa pahīnattā taṃ sītalaṃ accantasītalaṃ. Tena sampayuttoti jalajūpamasītalasīla yutanti thometīti vuttaṃ hoti.</p>\r\n<p class="bodytext"><span class="bld">Pathavīsahana</span>nti pathavī viya khantisampannaṃ khantivantaṃ vā. Pathanti patiṭṭhahanti ettha tarupabbatādayoti pathavī, bhūmi. Pathadhātu </p>','\r',char(13)),'\n',char(10)),'');
INSERT INTO pages (bookid, page, content, paranum) VALUES('annya_buddha_vandana_gantha_sanggaho_e0601n',88,replace(replace('<p class="bodytext">patiṭṭhāyaṃ <a name="M0.0088"></a> vīpaccayo. Atha vā puthu hutvā jātanti pathavī. Jātataddhitatthe vīpaccayo. Sahayate khamiyate sahanaṃ, sahati khamatīti vā sahanaṃ, adhivāsanakhanti. Sahadhātu khantiyaṃ yu. Pathavī viya sahanaṃ khamanaṃ yassa soti pathavīsahano, jino. Taṃ pathavīsahanaṃ. Yathā hi pathavī attano upari pakkhittaṃ sucimpi asucimpi sabbaṃ sahati, na paṭighānunayaṃ karoti, evaṃ jino iṭṭhārammaṇampi aniṭṭhārammaṇampi sabbaṃ sahati, na tattha paṭighānunayaṃ karotīti pathavīsahananti thometīti adhippāyo. Tena vuttaṃ <span class="bld">apadānapāḷiyaṃ</span> –</p>\r\n<p class="gatha1">‘‘Lābhālābhe na sajjanti, sammānanavimānane;</p>\r\n<p class="gathalast">Pathavīsadisā buddhā, tasmā te na virādhiyā’’ti.</p>\r\n<p class="bodytext">Ahaṃ jinaṃ paṇamāmi vandāmīti sambandho.</p>\r\n<p class="bodytext">Ayaṃ panettha <span class="bld">saṅkhepayojanā</span>. Satapuññajalakkhaṇikaṃ anekapāramīpuññatejena jātena dvattiṃsamahāpurisalakkhaṇena sampannaṃ, virajaṃ rāgarajādīnaṃ abhāvā vigatarajaṃ, gaganūpamadhiṃ ākāsūpamasabbaññutañāṇavantaṃ, dhitimerusamaṃ sinerupabbatasadisaṃ acalasamādhivantaṃ, jalajūpamasītala sīlayutaṃ. Udakajātappadumasadisena accantaatisītalena asaṅkhyeyyasīlena sampayuttaṃ, pathavīsahanaṃ pathavī viya khantisampannaṃ, khantivantaṃ vā, jinaṃ pañcamāravijayaṃ buddhaṃ ahaṃ sakkaccaṃ paṇamāmi vandāmīti.</p>\r\n<p class="centered">Dvādasamavandanagāthāvaṇṇanā samattā.</p>\r\n<p class="hangnum"><a name="para13"></a><span class="paranum">13</span>.</p>\r\n<p class="gatha1"> Yo buddho sumati dive divākarova,</p>\r\n<p class="gatha2">Sobhanto ratijanane silāsanamhi;</p>\r\n<p class="gatha3">Āsīno sivasukhadaṃ adesi dhammaṃ,</p>\r\n<p class="gathalast">Devānaṃ tamasadisaṃ namāmi niccaṃ.</p>','\r',char(13)),'\n',char(10)),'-13-');
INSERT INTO pages (bookid, page, content, paranum) VALUES('annya_buddha_vandana_gantha_sanggaho_e0601n',89,replace(replace('<p class="bodytext"><a name="para13"></a><span class="paranum">13</span>. Evaṃ <a name="M0.0089"></a> dvādasamagāthāya jinaṃ vanditvā idāni tāvatiṃsapure mātudevaputtappamukhānaṃ upapattidevānaṃ abhidhammaṃ desaka guṇena abhitthavitvā vanditukāmo <span class="bld">yo buddho sumati</span>tyādigāthamāha. Ayaṃ pana ma na ja ra gaṇehi ca ekagarunā ca tīhi yatīhi ca dasahi yatīhi ca racitattā terasakkhara saṃyuttā pahassiṇīgāthāti daṭṭhabbā. Vuttañhetaṃ <span class="bld">vuttodaye</span> ‘‘mnā jarā go tidasayatippahassiṇī sā’’ti.</p>\r\n<p class="bodytext">Tassattho. Yassaṃ paṭipādaṃ mnā magaṇa nagaṇā ca jarā ja gaṇa ragaṇā ca go garu ca tidasayati tiyati ca dasayati ca ce siyā, sā gāthā pahassiṇīgāthā nāmāti. Tattha sumati yo buddho dhammaṃ devānaṃ adesīti sambandho. <span class="bld">Yo</span>ti aniyamavācakasabbanāmapadaṃ. Tassa vacanattho na kātabbo. Vuttañhi <span class="bld">saddavidūhi</span> –</p>\r\n<p class="gatha1">‘‘Ruḷhīkhyātaṃ nipātañcu, pasaggālapanaṃ tathā;</p>\r\n<p class="gathalast">Sabbanāmanti etesu, na kato viggaho chasū’’ti.</p>\r\n<p class="bodytext">Atha vā sabbanāmabhāvaṃ yātīti yo, aniyamavācaka bhāvaṃ yātīti vā yo. Sabbanāmabhāvena yāti pavattatīti vā yo. Aniyamavācakabhāvena yāti pavattatīti vā yo. Sabbanāmabhāvena yātabbo ñātabboti vā yo, yātabbo ñātabbo etena aniyamatthoti vā yo. Sabbanāmasaṅkhātaṃ yaitipadaṃ labbhati. Yo yādi soti attho. <span class="bld">Buddho</span>ti paṭividdhacatusaccadhammo, paṭividdhasabbañeyyadhammo vā. Tassa pana vacanattho heṭṭhā vuttoyeva. <span class="bld">Sumatī</span>ti sundarasabbaññutañāṇavāto, desanāñāṇavāto vā. Adesi dhammaṃ devānanti vuccamānattā hi idha sabbaññuta ñāṇaṃ sumatīti vuccati. Manati jānāti sabbañeyyadhammaṃ desetabbadhammaṃ vāti mati. Manadhātu ñāṇeti. Sundarā mati sumati, sabbañeyyadhammānaṃ yathāsabhāvajānanasamatthaṃ tesaṃ dese </p>','\r',char(13)),'\n',char(10)),'-13-');
INSERT INTO pages (bookid, page, content, paranum) VALUES('annya_buddha_vandana_gantha_sanggaho_e0601n',90,replace(replace('<p class="bodytext">tabbappakārajānanasamatthaṃ <a name="M0.0090"></a> bodhetabbapuggalānaṃ āsayādhi muttiyādivibhāvanasamatthañcāti tisamatthasampannaṃ sabbaññutañāṇaṃ labbhati. Sumatīti iminā hi sabbaññutañāṇameva abhidhammakathāya samuṭṭhānabhāve samatthaṃ. Nāññanti imamatthaṃ dīpento abhidhammakathāya anaññasādhāraṇabhāvaṃ dasseti. Sundarā mati assa asmiṃ vā atthīti sumati, buddho. Samāsanta taddhitāyaṃ. Tadassatthītivī cāti sutte casaddena apaccayo. Yathā pītisukhanti. Vuttañhi <span class="bld">pārājikaṇḍaṭṭhakathāyaṃ</span> ‘‘ayañca pīti idañca sukhaṃ assa jhānassa asmiṃ vā jhāne atthīti idaṃ jhānaṃ pītisukhanti vuccatī’’ti.</p>\r\n<p class="bodytext"><span class="bld">Dive</span>ti divase. Sūriyobhāsena dibbati etthāti divo. Divudhātu jutiyaṃ a. Tasmiṃ dive. <span class="bld">Divā karovā</span>ti sūriyo iva. Divādinaṃ karotīti divākaro, sūriyo. Divāsaddūpa pada karadhātu karaṇe a. Atha vā divā divase karo raṃsi assāti divākaro. Karasaddo hi raṃsivācako. <span class="bld">Sobhanto</span>ti virocamāno hutvā. Subhati virocati chabbaṇṇaraṃsiādīhīti sobhanto, buddho. Subhadhātu sobhe, dittiyaṃ vā antapaccayo. Bhagavā hi chabbaṇṇaraṃsīhi dvattiṃsamahāpurisalakkhaṇehi asītyānubyañjanalakkhaṇehi ca devānaṃ majjhe sobhati virocatīti attho. <span class="bld">Ratijanane</span>ti devānaṃ atappakapītisomanassuppādane, pemuppādane vā. Ramanaṃ rati. Ramudhātu kīḷāyanti. Taṃ janeti uppādetīti ratijananaṃ. Silāsanaṃ. Ratisaddūpapada janadhātu janane yu. Tasmiṃ ratijanane.</p>\r\n<p class="bodytext"><span class="bld">Silāsanamhī</span>ti tidasālaye, pāricchattakamūle jāte nikkhitte vā dīghato saṭṭhiyojane vitthārato paṇṇāsa yojane puthulato pannarasayojane vaṇṇato jayasumanapupphasadise rattakampalavaṇṇe vā saṇhasukhume paṇḍukampa lanāmake silāsane. Sakkena seviyatīti silaṃ. </p>','\r',char(13)),'\n',char(10)),'');
INSERT INTO pages (bookid, page, content, paranum) VALUES('annya_buddha_vandana_gantha_sanggaho_e0601n',91,replace(replace('<p class="bodytext">Pāsāṇo<a name="M0.0091"></a>. Sidhātu sevāyaṃ alapaccayo. Āsiyati etthāti āsanaṃ. Atha vā āgantvā seviyati etthāti āsanaṃ. Āpubbasidhātu sevāyaṃ yu. Silaṃeva āsanaṃ silāsanaṃ. Paṇḍukampalasilāsanaṃ labbhati. Tasmiṃ silāsanamhi. <span class="bld">Āsīno</span>ti dasahi cakkavāḷasahassehi āgamma sannisinnānaṃ devānaṃ gaṇena parivārito hutvā nisīdanto. Āsīdanaṃ nisajjanaṃ āsīno. Āsamantato sīdati vasatīti vā āsīno. Abhidhammakathābhimukhaṃ sīdati nisajjatīti vā āsīno, buddho. Āpubbasīdadhātu nisajjāyaṃ. Visaraṇa gatyāvasānesu vā tapaccayo. Tassa īṇādeso, ṇassanattaṃ, dhātvantalopo. <span class="bld">Sivasukhada</span>nti nibbānasukhadāyakaṃ. Ariyehi seviyatīti sivaṃ, nibbānaṃ. Sidhātu sevāyaṃ avo. Atha vā rāgaggiādīhi samati upasamati etthāti sivaṃ, nibbānaṃ. Samudhātu upasame rivo. <span class="bld">Abhidhānappadīpikaṭīkāyaṃ</span> pana ‘‘sivaṃ khemabhāvaṃ karotīti sivaṃ, saṃsārabhīrukehi sevitabbattā vā sivaṃ. Yadādinā vapaccayo’’ti vuttaṃ. Sukhayatīti sukhaṃ. Yassuppajjati, taṃ sukhitaṃ karotīti attho. Atha vā suṭṭhu dukkhaṃ khanatīti sukhaṃ. Supubba khanudhātu avadāraṇe kvi. Sivassa nibbānassa sukhaṃ sivasukhaṃ, taṃ dadātīti sivasukhadaṃ, abhidhammadhammo. Sivasukhasaddūpapadadādhātu a. Yo hi abhidhammadhammaṃ suṇāti, so tassa nibbānasukhaṃ dadātīti attho.</p>\r\n<p class="bodytext"><span class="bld">Adesi dhammaṃ devāna</span>nti devānaṃ dhammaṃ adesīti sambandho. Ettha ca <span class="bld">dhamma</span>nti nānānayavicittaṃ gambhīraṃ saṇhasukhumaṃ duddasaṃ abhidhamma dhammaṃ. Attano sabhāvaṃ dhāretīti dhammo, paṇḍitehi dhāriyati na bālehīti vā dhammo, abhidhammapiṭakaṃ. Dharadhātu dhāraṇe rammapaccayo. Taṃ dhammaṃ. <span class="bld">Devāna</span>nti pubbe manussaloke mātubhūtadevaputtappamukhānaṃ upapattidevānaṃ. Vuttañhetaṃ <span class="bld">aṭṭhasālinīaṭṭhakathāyaṃ</span> –</p>','\r',char(13)),'\n',char(10)),'');
INSERT INTO pages (bookid, page, content, paranum) VALUES('annya_buddha_vandana_gantha_sanggaho_e0601n',92,replace(replace('<p class="gatha1">‘‘Mātaraṃ <a name="M0.0092"></a> pamukhaṃ katvā, tassā paññāya tejasā;</p>\r\n<p class="gathalast">Abhidhammakathāmaggaṃ, devānaṃ sampavattayī’’ti.</p>\r\n<p class="bodytext">Ettha ca mātarantipadassa pubbe manussaloke mātubhūtaṃ devaputtanti attho daṭṭhabbo. Vuttañhetaṃ <span class="bld">jinālaṅkārapāḷiyaṃ</span> –</p>\r\n<p class="gatha1">‘‘Tato puttaṃ gahetvāna, gatā mātā sakaṃ gharaṃ;</p>\r\n<p class="gathalast">Sattamiyaṃ cutā gantvā, devaputtattamāgamī’’ti.</p>\r\n<p class="bodytext"><span class="bld">Taṭṭīkāyañca</span> ‘‘bodhisattamātā gabbhavuṭṭhānato sattame divase kālaṅkatvā tusitapure devaputto hutvā nibbattī’’ti vuttaṃ. Ettha ca devaputtasaddena vuttameva. <span class="bld">Kāḷudāyī theragāthāaṭṭhakathāyañca</span> ‘‘parivāritāti ca itthiliṅganiddeso purimattabhāvasiddhaṃ itthibhāvaṃ devatābhāvaṃ vā sandhāya kato. Devūpapatti pana purisabhāvena jātā’’ti vuttaṃ. <span class="bld">Jātakaṭīkāyañca</span> ‘‘devorohaneti mātudevaputtassa temāsaṃ abhidhammapiṭakaṃ desetvā devorohanakāle’’ti mātudevaputtasaddena vuttaṃ. <span class="bld">Abhidhammāvatāraṭīkāyañca</span> ‘‘devānanti tadā dhammapaṭiggāhakānaṃ dasasahassacakkavāḷādhivāsīnaṃ mātudevaputtappamukhānaṃ upapattidevāna’’nti mātudevaputta saddena vuttaṃ. <span class="bld">Sirīmahāmāyāsatthe</span> ca ‘‘sirīmahāmāyā devīpi sattadivaseyeva vasitvā kālaṅkatvā attano puññānubhāvena tusitabhavane devaputto hutvā nibbattī’’ti devaputtasaddena vuttaṃ. <span class="bld">Maṇidīpaṭīkāyañca</span> ‘‘mātaranti pubbe manussaloke mātubhūtaṃ devaputtanti attho. Sirīmahāmāyā hi bodhisattaṃ vijāyitvā sattāhamattaṃ ṭhatvā ito cavitvā tusitabhavane purisabhāveneva nibbatto, na itthibhāvenā’’ti vuttaṃ. Tasmā mātarantipadassa mātubhūtaṃ devaputtanti attho mukhyena daṭṭhabbo.</p>\r\n<p class="gatha1"><span class="bld">Madhusārattha dīpanīṭīkāyaṃ</span> pana –</p>\r\n<p class="gatha2">‘‘Suddhodano nāma pitā mahesino,</p>\r\n<p class="gathalast">Buddhassa mātā pana māyā nāma.</p>','\r',char(13)),'\n',char(10)),'');
INSERT INTO pages (bookid, page, content, paranum) VALUES('annya_buddha_vandana_gantha_sanggaho_e0601n',93,replace(replace('<p class="gatha1">Bodhisattaṃ <a name="M0.0093"></a> parihariya kucchinā,</p>\r\n<p class="gatha2">Kāyassa bhedā tidivasmiṃ modati;</p>\r\n<p class="gatha3">Sā gotamī kālaṃkatā ito cutā,</p>\r\n<p class="gatha2">Dibbehi kāmehi samaṅgibhūtā;</p>\r\n<p class="gatha3">Āmodati kāmaguṇehi pañcahi,</p>\r\n<p class="gathalast">Parivāritā devagaṇehi tehī’’ti; <span class="bld">Therāpāḷi</span>;</p>\r\n<p class="bodytext"><span class="bld">Tadaṭṭhakathāyaṃ</span> ‘‘parivāritāti ca itthiliṅganiddeso purimatta bhāvasiddhaṃ itthibhāvaṃ devatābhāvaṃ vā sandhāya kato. Devūpapatti pana purisabhāvena jātāti vuttattā mātaranti manussattabhāvavasena vutta’’nti vadanti. Theraṭṭhakathā pana nasaṅgahāruḷhā. Aññaṭṭhakathāṭīkāsu ca tādisaṃ vacanaṃ natthi. Patthanākāle ca buddhamātā hutvā pacchā puriso homīti patthanā natthi. Tiṃsadhammatāyañca buddhamātuyā purisabhāvo nāma natthi. Tasmā taṃ vīmaṃsitabbantipi vidū vadantīti vuttaṃ. Taṃ pana na gahetabbaṃ. Kasmā, saṃsayavacanena vīmaṃsitabbanti vidūvadantīti ca vuttattā ca yathāvuttaṭṭhakathāṭīkāvacanehi ujukaṃ viruddhattā ca. Devatāsaddo hi devaputte brahme devadhītāya ca vattati. Tathāhesa ‘‘atha kho aññatarā devatā abhikkantāya rattiyā abhikkantavaṇṇā’’tiādīsu devaputte. Vuttañhi <span class="bld">khuddakapāṭhaaṭṭhakathāyaṃ</span> ‘‘aññatarāti aniyamita niddeso. Sā hi nāmagottato apākaṭā. Tasmā aññatarāti vuttā. Devoyeva devatā. Itthipurisasādhāraṇamevetaṃ. Idha pana purisoeva. So devaputto. Kintusādhāraṇanāmavasena devatāti vutto’’ti. <span class="bld">Sunītattheraapadāna pāḷiyaṃ</span> āgatāsu ‘‘tathā tā devatā sattasatā uḷārā brahmā vimānā abhinikkhamitvā’’tiādīsu brahme. <span class="bld">Padīpavimānavatthupāḷiyaṃ</span> vuttāsu –</p>\r\n<p class="gatha1">‘‘Abhikkantena vaṇṇena, yā tvaṃ tiṭṭhati devate;</p>\r\n<p class="gathalast">Obhāsentī disā sabbā, osadhī viya tārakā’’ti.</p>','\r',char(13)),'\n',char(10)),'');
INSERT INTO pages (bookid, page, content, paranum) VALUES('annya_buddha_vandana_gantha_sanggaho_e0601n',94,replace(replace('<p class="bodytext">Ādīsu <a name="M0.0094"></a> devadhītāya. Evaṃ pana parivāritāsaddopi veditabbo. Tasmā ācariyadhammapālattherena katāya theraṭṭhakathāya vuttavacanaṃ jātakaṭīkāya vuttavacanañca ācariyasumaṅgalattherena katāya abhidhammāvatāraṭīkāya vuttavacanaṃ pamāṇaṃ katvā mātudevaputtoti atthoyeva daṭṭhabbo. Etarahi pana keci ācariyā therāpāḷiyaṃ āgataṃ parivāritāsaddañca madhusāratthadīpanīṭīkāvacanañca paṭicca mātudevadhītāti vadanti. Taṃ pana tesaṃ matimattanti daṭṭhabbaṃ. <span class="bld">Adesī</span>ti mahākaruṇāpubbaṅgamena sabbaññutañāṇena kathesi. Asadisaṃ tanti sambandho. Ettha ca <span class="bld">ta</span>nti buddhaṃ. <span class="bld">Asadisa</span>nti appaṭipuggalaṃ. Natthi etassa sadiso paṭipuggaloti asadiso, buddho. Sadevake loke sīlādiguṇena buddhena sadiso koci puggalo natthīti attho. Tenāha <span class="bld">vinayamahāvaggapāḷiyaṃ</span> –</p>\r\n<p class="gatha1">‘‘Na me ācariyo atthi, sadiso me na vijjati;</p>\r\n<p class="gathalast">Sadevakasmiṃ lokasmiṃ, natthi me paṭipuggalo’’ti.</p>\r\n<p class="bodytext"><span class="bld">Nicca</span>ntisatataṃ samitaṃ, sabbakālaṃ nirantaranti attho. Asadisaṃ taṃ buddhaṃ niccaṃ namāmīti sambandhoti.</p>\r\n<p class="bodytext">Ayaṃ panettha <span class="bld">saṅkhepayojanā</span>. Sumati sundarasabbaññuta ñāṇavāto, desanāñāṇavāto vā. Yo yādiso buddho. Dive divase divākarova sūriyoiva, sobhanto virocamāno hutvā, ratijanane devānaṃ atappakapīti somanassuppādane, pemuppādane vā, silāsanamhi paṇḍu kampalanāmake silāsane, āsīno nisīdanto hutvā sivasukhadaṃ nibbānasukhadāyakaṃ, dhammaṃ abhidhammadhammaṃ, devānaṃ mātu pubbadevaputtappamukhānaṃ upapattidevānaṃ adesi kathesi. Asadisaṃ appaṭipuggalaṃ taṃ buddhaṃ ahaṃ niccaṃ satataṃ namāmi vandāmīti.</p>\r\n<p class="centered">Terasamavandanagāthāvaṇṇanā samattā.</p>\r\n<p class="hangnum"><a name="para14"></a><span class="paranum">14</span>.</p>\r\n<p class="gatha1"> </p>','\r',char(13)),'\n',char(10)),'-14-');
INSERT INTO pages (bookid, page, content, paranum) VALUES('annya_buddha_vandana_gantha_sanggaho_e0601n',95,replace(replace('<p class="gatha1">Yo <a name="M0.0095"></a> pādapaṅkajamuduttalarājikehi,</p>\r\n<p class="gatha2">Lokehi tīhivikalehi nirākulehi;</p>\r\n<p class="gatha3">Sampāpuṇe nirupameyyatameva nātho,</p>\r\n<p class="gathalast">Taṃ sabbalokamahitaṃ asamaṃ namāmi.</p>\r\n<p class="bodytext"><a name="para14"></a><span class="paranum">14</span>. Evaṃ terasamagāthāya buddhaṃ vanditvā idāni buddhassa pādatale vicittappavattehi aṭṭhasatacakkalakkhaṇehi thomitvā vanditukāmo <span class="bld">yo pādapaṅkaja</span>tyādigāthamāha. Ayaṃ pana ta bha ja ja gaṇehi ca garudvayena racitattā cuddasakkharehi yuttā vasantatilakāgāthāti daṭṭhabbā. Vuttañhetaṃ <span class="bld">vuttodaye</span> ‘‘vuttā vasantatilakā ta bha jā jagā go’’ti. Tassāyamattho. Yassaṃ paṭipādaṃ ta bha jā ta bha ja gaṇā ca jagā jagaṇagarukā ca go garu ca ce bhavanti, sā gāthā vasantatilakāgāthāti chandācariyehi vuttāti.</p>\r\n<p class="bodytext">Tattha pana yo nātho avikalehi nirākulehi pādapaṅkajamuduttalehitīhi lokehi nirupameyyataṃ sampāpuṇeeva sabbalokamahitaṃ asamaṃ taṃ nāthaṃ ahaṃ namāmīti sambandho. Ettha pana saddakkamena adassetvā atthakkamena vaṇṇanaṃ dassayissāma. <span class="bld">Yo nātho</span>ti yo yādiso sabbasattānaṃ paṭisaraṇo buddho. Taṃ pana padaṃ sampāpuṇeevātipade kattubhāvena sambandhitabbaṃ. Nāthassa pana vacanattho heṭṭhā vuttoyeva. <span class="bld">Avikalehī</span>ti kenaci avekallehi sabbapādacakkalakkhaṇehi sampuṇṇehīti attho. Virūpaṃ kalati gacchatīti vikalo. Vipubbakaladhātu gatiyaṃ a. Natthi kiñci vikalaṃ etissā rājiyāti avikalā, pādarāji. Pādadvaye paribyattaṃ saṇṭhānarūpaṃ kiñci vikalaṃ natthīti attho. Tehi avikalehi.</p>','\r',char(13)),'\n',char(10)),'-14-');
INSERT INTO pages (bookid, page, content, paranum) VALUES('annya_buddha_vandana_gantha_sanggaho_e0601n',96,replace(replace('<p class="bodytext"><span class="bld">Nirākulehī</span>ti <a name="M0.0096"></a> ākulavirahitehi. Pādacakkalakkhaṇānaṃ aññamaññaṃ asaṃmissehi asaṃsaṭṭhehīti attho. Ābhuso kulati bandhatīti ākulaṃ, āpubba kuladhātu bandhane a. Atha vā ābhuso kulati āvarati sobhananti ākulaṃ, natthi ākulaṃ aññamaññamissaṃ etissā pādarāji yāti nirākulā, pādarāji. Tehi nirākulehi. Taṃ pana padadvayaṃ pādapaṅkajamuduttalarājikehītipade visesanaṃ. <span class="bld">Pādapaṅkajamuduttalarājikehī</span>ti pādasaṅkhātapadumassa saṇha tale jātehi aṭṭhasatacakkalakkhaṇarājikehi padati gacchati etenāti pādo. Padadhātu gatimhiṇa. Paṅke kaddame jātanti paṅkajaṃ, padumaṃ. Pādasaṅkhātaṃ paṅkajaṃ pādapaṅkajaṃ. Paṅkajaṃiva pādo vā pādapaṅkajaṃ, pādo. Saṇhabhāvena mudati pavattatīti mudu, mudadhātu gatiyaṃ u. Talati patiṭṭhati etthāti talaṃ. Taladhātu patiṭṭhāyaṃ a. Mudu ca taṃ talañcāti muduttalaṃ, pādapaṅkajassa muduttalaṃ pādapaṅkajamuduttalaṃ, rājati dissatīti rājikā, rājati sobhati etenāti rājikā. Rājadhātu sobhane ṇiko. Pādapaṅkaja muduttale jātaṃ aṭṭhasatacakkalakkhaṇasaṅkhātaṃ rājikanti pādapaṅkajamuduttalarājikaṃ, tehi.</p>\r\n<p class="bodytext">Taṃ pana aṭṭhasatapādacakkalakkhaṇaṃ nāmevaṃ veditabbaṃ. Bhagavato pādapaṅkajamudutalassa majjhe nābhi dissati. Nābhipaṭicchinnā vaṭṭalekhā dissati. Nābhimukhaparikkhepapaṭṭo dissati. Panāḷimukhaṃ dissati. Arā dissanti. Aresu vaṭṭalekhā dissanti. Nemi dissati. Nemimaṇikā dissanti. Idaṃ tāva pāḷiāgatameva. Sampahulavāro pana anāgato, so evaṃ daṭṭhabbo. Satti, sirīvaccho, nandiyāvaṭṭaṃ, sovattiko, vaṭaṃsako, vaḍḍhamānakaṃ, macchayugalaṃ, bhaddapīṭhaṃ, aṅkusaṃ, tomaro, pāsādo, toraṇaṃ, setacchattaṃ, khaggo, tālavaṇḍaṃ, morahatthako, vāḷabījani, uṇhīsaṃ, </p>','\r',char(13)),'\n',char(10)),'');
INSERT INTO pages (bookid, page, content, paranum) VALUES('annya_buddha_vandana_gantha_sanggaho_e0601n',97,replace(replace('<p class="bodytext">patto<a name="M0.0097"></a>, maṇikusumadāmaṃ, nīluppalaṃ, rattuppalaṃ, setuppalaṃ, padumaṃ, puṇḍarikaṃ, puṇṇaghaṭo, puṇṇapāti, samuddo, cakkavāḷaṃ, himavā, sineru, candimasūriyā, nakkhattāni, cattāro mahādīpā, dveparittadīpasahassāni antamaso cakkavatti rañño parisaṃ upādāya sabbo cakkalakkhaṇasseva parivāroti ettakameva <span class="bld">majjhimapaṇṇāsaṭṭhakathāyaṃ</span> vuttanti veditabbaṃ.</p>\r\n<p class="bodytext"><span class="bld">Jinālaṅkāraṭīkāyaṃ</span> pana ‘‘heṭṭhāpādatalesu cakkāni jātānīti cakkalakkhaṇaṃ nāma dvīsu pādatalesu dve cakkāni ekekasmiṃ sahassamattā arā yuttā honti. Nemivalayaṃ suvaṇṇavaṇṇaṃ. Nābhi indanīlamaṇivaṇṇā. Tasmiṃ majjhe ca nābhipariyante ca nābhimukhe ca vaṭṭalekhā majjhe chiddaṃ cakkapariyante nemito bahiddhā vaṭṭe. Satti, sirīvaccho, nandiyāvaṭṭaṃ, sovattiko, vaṭaṃsakaṃ, vaḍḍhamānakaṃ, bhaddapīṭhaṃ, aṅkuso, pāsādaṃ, toraṇaṃ, setacchattaṃ, khaggaṃ, tālavaṇḍaṃ, mayūrahatthaṃ, cāmaraṃ, uṇhīsaṃ, pattaṃ, maṇi, sumanadāmaṃ, nīluppalaṃ, rattuppalaṃ, rattapadumaṃ, setapadumaṃ, puṇḍarikaṃ, puṇṇakalasaṃ, puṇṇapattaṃ, samuddo, cakkavāḷapabbato, himavantapabbato, merupabbato, sūriyamaṇḍalaṃ, candamaṇḍalaṃ, nakkhattaṃ, saparivārā catumahādīpā, saparivāro sattaratanasamaṅgī cakkavatti, dakkhiṇāvaṭṭa setasaṅkhaṃ, suvaṇṇamacchayugaḷaṃ, cakkāvudhaṃ, sattamahāgaṅgā, sattakulapabbatā, sattasīdantasāgarā, suvaṇṇa haṃsarājā, saṃsumāro, dhajapaṭāko, suvaṇṇasivikā, suvaṇṇavāḷabījani, kelāsapabbato, sīharājā, byaggharājā, valāhakaassarājā, uposathachaddantahatthirājā, vāsukīnāgarājā, haṃsarājā, usabharājā, erāvaṇa hatthirājā, suvaṇṇamakaraṃ, catumukhasuvaṇṇanāvā, savacchakā dhenu, kiṃpuriso, kinnarī, karavīko, mayūrarājā, koñcarājā, cakkavākarājā, jīvañjīvakarājā cha devalokā, </p>','\r',char(13)),'\n',char(10)),'');
INSERT INTO pages (bookid, page, content, paranum) VALUES('annya_buddha_vandana_gantha_sanggaho_e0601n',98,replace(replace('<p class="bodytext">soḷasa <a name="M0.0098"></a> brahmalokāti ime ettakā aggamaṅgalalakkhaṇā pādatale paññāyantī’’ti vuttaṃ. Iminā ca vacanena aṭṭhasata pādacakkalakkhaṇaṃ paripuṇṇaṃ veditabbanti.</p>\r\n<p class="bodytext">Tīhi lokehīti sambandho. Tīhi kāmarūpārūpa lokehīti attho. Tassa pana vacanattho heṭṭhā vuttoyeva. Taṃ panetaṃ katvatthe karaṇavacanaṃ. Tassa pana padassa nirupameyyāti padena kattubhāvena sambandho. <span class="bld">Nirupameyyata</span>nti appameyyabhāvaṃ. Upamitabbanti upameyyaṃ. Upapubba mādhātu pamāne ṇyo. Upameyyassa bhāvo upameyyataṃ. Natthi upameyyataṃ assa rājikassāti nirupameyyataṃ. Atha vā natthi upameyyaṃ etassa rājikassāti nirupameyyo, pādacakkalakkhaṇarājiko labbhati. Tassa bhāvo nirupameyyataṃ. Taṃ pana padaṃ sampāpuṇe evātipade kammaṃ. Sampāpuṇeevāti sambandho. Sammā gacchatievāti attho. Kasmā pana tīhi lokehi pādapaṅkajamudutalehi nirupameyyataṃ pāpuṇātīti. Buddhato aññassa kassaci devamanussassa pādatalamajjhe pādacakkalakkhaṇassa abhāvato. Bhagavato hi pādapaṅkajamudutale pāramipuññānubhāvena nibbattāni aṭṭhasatapādacakkalakkhaṇāni sampāpuṇanti, na aññesaṃ. Tasmā nirupameyyataṃ pāpuṇātīti.</p>\r\n<p class="bodytext"><span class="bld">Sabbalokamahita</span>nti sabbalokena pūjitaṃ. Sabbena devamanussalokena mahitabbo pūjitabboti sabbaloka mahito, nātho labbhati. Taṃ. Uppanne hi tathāgate ye keci mahesakkhā devamanussā buddhassa pūjenti, pageva aññā. Tathā hi brahmā sahampati sinerumattena ratana dāmena tathāgataṃ pūjeti. Yathābalañca aññepi devā manussā ca bimbisārakosalarājādayo nibbutampi bhagavantaṃ uddissa channavutikoṭidhanaṃ vissajjetvā asoka </p>','\r',char(13)),'\n',char(10)),'');
INSERT INTO pages (bookid, page, content, paranum) VALUES('annya_buddha_vandana_gantha_sanggaho_e0601n',99,replace(replace('<p class="bodytext">mahārājā <a name="M0.0099"></a> sakalajambudīpe caturāsītivihārasahassāni patiṭṭhāpeti. Kā kathā pana aññesaṃ pūjāti vuttaṃ hoti.</p>\r\n<p class="bodytext"><span class="bld">Asama</span>nti sabbamanussadevabrahmehi asadisaṃ. Appaṭipuggalanti attho. Natthi samo sadiso puggalo assāti asamo, nātho. So pana asītianubyañjanapaṭimaṇḍita dvattiṃsa mahāpurisalakkhaṇa vicitrarūpakāyo. Sabbākāra parisuddha sīlakkhandhādiguṇaratanasamiddhadhammakāyo. Puññamahatta thāmamahattaiddhimahatta yasamahatta paññāmahattānaṃ paramukkaṃsa gato ca hoti, tasmā tathāgatena samo sadiso nāma natthīti attho. Taṃ asamaṃ. <span class="bld">Ta</span>nti nāthaṃ ahaṃ namāmīti sambandho.</p>\r\n<p class="bodytext">Ayaṃ panettha <span class="bld">saṅkhepayojanā</span>. Yo nātho yo yādiso sabbasattānaṃ paṭisaraṇo buddho, avikalehi kehici avekallehi, nirākulehi ākulavirahitehi, pādapaṅkaja muduttalarājikehi pādasaṅkhātapadumassa saṇhatale jātehi aṭṭhasatacakkalakkhaṇarājikehi, tīhi lokehi kattubhūtehi, nirupameyyataṃ appameyyabhāvaṃ appamitabba bhāvaṃ vā, sampāpuṇeeva sammā gacchatieva, sabbalokamahitaṃ sabbalokena pūjitaṃ, asamaṃ sabbamanussadevabrahmehi asadisaṃ taṃ nāthaṃ ahaṃ namāmīti.</p>\r\n<p class="centered">Cuddasamavandanagāthāvaṇṇanā samattā.</p>\r\n<p class="hangnum"><a name="para15"></a><span class="paranum">15</span>.</p>\r\n<p class="gatha1"> Buddhaṃ narānarasamosaraṇaṃ dhitattaṃ,</p>\r\n<p class="gatha2">Paññāpadīpajutiyā vihatandhakāraṃ;</p>\r\n<p class="gatha3">Atthābhikāmanaradevahitāvahaṃ taṃ,</p>\r\n<p class="gathalast">Vandāmi kāruṇikamaggamanantañāṇaṃ.</p>','\r',char(13)),'\n',char(10)),'-15-');
INSERT INTO pages (bookid, page, content, paranum) VALUES('annya_buddha_vandana_gantha_sanggaho_e0601n',100,replace(replace('<p class="bodytext"><a name="para15"></a><span class="paranum">15</span>. Evaṃ <a name="M0.0100"></a> cuddasamagāthāya nāthaṃ natvā idāni narānarasa mosaraṇantyādīhi sattahi guṇehi thomitvā buddhaṃ vanditu kāmo <span class="bld">buddhaṃ narānarasamosaraṇa</span>ntyādigāthamāha. Ayaṃ pana tabhajajagaṇehi garudvayena ca racitattā cuddasakkharehi yuttā vasantatilakāgāthāti daṭṭhabbā. Sādhakaṃ panettha heṭṭhā vuttameva.</p>\r\n<p class="bodytext">Tattha pana <span class="bld">narānarasamosaraṇa</span>nti ettha naraanarasamaṃ osaraṇanti padavibhāgo. Manussadevānaṃ samaṃ osaraṇaṃ sannipatitaṭṭhānanti attho. Narānarasaddassa vacanattho heṭṭhā vuttoyeva. Samaṃ avasaranti sannipatanti etthāti samosaraṇo, buddho. Samaavapubba saradhātu gatiyaṃ yu. Narānarānaṃ manussadevānaṃ samosaraṇo narānarasamosaraṇo, buddho. Yathā hi mahānigrodho phalakāmānaṃ sakuṇa samūhānaṃ samosaraṇaṃ hoti, evaṃ buddho lokiya lokuttarasampattikāmānaṃ manussadevānaṃ samosaraṇo sannipatito paṭisaraṇo vā hoti. Tasmā narānarasamosaraṇanti thometi.</p>\r\n<p class="bodytext"><span class="bld">Dhitatta</span>nti samāhitacittaṃ. Ettha attasaddo attasammā paṇidhi cātiādīsu attasaddo viya cittavācako daṭṭhabbo. Dhiyati ṭhapiyati ettha etena vā ekārammaṇe sampayutta dhammāti dhito, samādhi. Dhādhātu patiṭṭhāyaṃ ta. Ārammaṇaṃ adati ādadātīti attaṃ, cittaṃ. Adadhātu ādāne ta. Dhitaṃ samāhitaṃ attaṃ cittaṃ yassāti dhitatto, buddho. Taṃ dhitattaṃ.</p>\r\n<p class="bodytext"><span class="bld">Paññāpadīpajutiyā</span>ti arahattamaggañāṇasaṅkhātapadīpobhāsena karaṇabhūtena. Pajānātīti paññā, arahattamagga ñāṇaṃ. Yathāsabhāvaṃ sabbappakārehi catusaccadhammaṃ paṭivijjhatīti attho. Paññāva ñeyyāvaraṇappahānato </p>','\r',char(13)),'\n',char(10)),'-15-');
INSERT INTO pages (bookid, page, content, paranum) VALUES('annya_buddha_vandana_gantha_sanggaho_e0601n',101,replace(replace('<p class="bodytext">sabbapakārehi <a name="M0.0101"></a> dhammasabhāvaṃ dīpetīti paññāpadīpo. Jotetīti juti, paññāpadīpobhāso. Judhātu dittiyanti. Paññā padīpoeva juti paññāpadīpajuti. Atha vā paññāpadīpassa juti paññāpadīpajuti, ayaṃ pana samāso abhedabhedū pacārena daṭṭhabbo. Tāya paññāpadīpajutiyā.</p>\r\n<p class="bodytext"><span class="bld">Vihatandhakāra</span>nti hanitabbaavijjāsaṅkhātamohatamaṃ. Savāsanakilesappahānato visesena hanitabboti vihato. Vipubbahanadhātu hiṃsāyaṃ ta. Andhaṃ tamaṃ karotīti andhakāro, avijjāsaṅkhātamoho. Visayasabhāvapaṭicchādanato andhakārasarikkhakatāya moho andhakāroti vuccati. Atha vā andhaṃ paññācakkhuandhaṃ karotīti andhakāro, moho. Andhasaddūpapada karadhātu ṇa. Vihato andhakāro yena soti vihatandhakāro, buddho. Taṃ vihatandhakāraṃ. Yathā hi loke padīpo attano jutiyā andhakāraṃ hanati, evaṃ buddhassa arahattamaggapaññāpi avijjandhakāraṃ hanatīti vuttā. Ayaṃ pana hīnūpamāti vuccati. Paññāvato hi ekapallaṅkenapi nisinnassa dasasahassi lokadhātu ekapajjotā hoti. Vuttañhetaṃ bhagavatā ‘‘cattārome bhikkhave pajjotā. Katame cattāro. Candapajjoto, sūriyapajjoto, aggipajjoto, paññā pajjoto. Ime kho bhikkhave cattāro pajjotā. Etadaggaṃ bhikkhave imesaṃ catunnaṃ pajjotānaṃ yadidaṃ paññā pajjoto’’ti.</p>\r\n<p class="bodytext">Paññāpadīpajutiyā vihatandhakāranti ettha pana paññāpadīpa jutiyātiiminā buddhassa arahattamaggañāṇaṃ mukhyena dasseti. Taṃ dassanena pāramīñāṇañca vipassanāñāṇañca heṭṭhimamaggaphala ñāṇañca phalūpacārena dīpeti. Taddīpakena avijjandhakārappahānaṃ paṭhamakāraṇūpacārena pakāseti. Tappakāsanena arahatta phalañāṇalabhanaṃ dutiyakāraṇūpacārena vibhāveti. Taṃ </p>','\r',char(13)),'\n',char(10)),'');
INSERT INTO pages (bookid, page, content, paranum) VALUES('annya_buddha_vandana_gantha_sanggaho_e0601n',102,replace(replace('<p class="bodytext">vibhāvanena <a name="M0.0102"></a> sabbaññutañāṇādisabbabuddhaguṇalabhanaṃ tatiya kāraṇūpacārena ānubhāveti.</p>\r\n<p class="bodytext">Nanu ca sabbesampi khīṇāsavānaṃ paññāpadīpajutiyā vihatandhakāratā sambhavati, atha kasmā aññasādhāraṇāvisesa guṇena buddhassa thomanā katāti. Savāsanappahānena anaññasādhāraṇavisesatāya sambhavato. Sabbesampi hi khīṇāsavānaṃ satipi paññāpadīpajutiyā vihatandhakāratte ariyasāvakapaccekabuddhānaṃ savāsanāya kilesappahānaṃ na vijjati. Sammāsambuddhānaṃyeva savāsanappahānena kilesappahānassa viseso vijjatīti sātisayavasena avijjandhakārappahānena bhagavantaṃyeva paññāpadīpajutiyā vihatandhakāranti thometīti.</p>\r\n<p class="bodytext"><span class="bld">Atthābhikāma</span>nti sattalokassa lokiyalokuttara saṅkhātaṃ payojanaṃ ativiya icchantaṃ. Kāraṇānurūpaṃ asati bhavatīti atthaṃ, phalaṃ. Asadhātu bhuvimhi tha. Taṃ abhiatirekaṃ kāmeti icchatīti atthābhikāmo, buddho. Atthasaddūpapada abhipubbakamudhātu icchāyaṃ ṇa. Taṃ atthābhikāmaṃ. <span class="bld">Naradevahitāvaha</span>nti manussadevānaṃ hitaṃ dhārakaṃ. Hitaṃ narati netīti naro, manusso. Atha vā nariyati sakena kammena niyyatīti naro, manusso. Naradhātu nayane a. Vuttañhi ‘‘kammena niyyati loko’’ti. Kāmaguṇa jhānābhiññacittissariyādīhi dibbanti kīḷantīti devā, tesu vā viharantīti devā, divudhātu kīḷādīsu ṇa. Narā ca devā ca naradevā. Hinoti vaḍḍhatīti hitaṃ, phalaṃ. Hidhātu vaḍḍhane ta. Naradevānaṃ hitaṃ naradevahitaṃ, taṃ āvahatīti naradevahitāvaho, buddho. Naradevahitasaddūpapadaāpubba vahadhātu haraṇe ṇa. Buddho hi sabbadevamanussānaṃ lokiyalokuttarasampattiatthaṃ dhammadesanāya dhāretīti vuttaṃ hoti, taṃ naradevahitāvahaṃ. <span class="bld">Kāruṇikamaggamananta </p>','\r',char(13)),'\n',char(10)),'');
INSERT INTO pages (bookid, page, content, paranum) VALUES('annya_buddha_vandana_gantha_sanggaho_e0601n',103,replace(replace('<p class="bodytext">ñāṇanti <a name="M0.0103"></a> ettha kāruṇikaṃ aggaṃ anantañāṇantipadacchedo. Tattha kāruṇikanti sabbasattesu mahākaruṇāya yuttaṃ, mahākaruṇavantaṃ vā. Kiratīti karuṇā. Kiradhātu apanayane uṇapaccayo. Paradukkhaṃ vikkhipati apanetīti attho.</p>\r\n<p class="bodytext">Atha vā kinātīti karuṇā. Kidhātu hiṃsāyaṃ ruṇapaccayo. Paradukkhe sati kāruṇikaṃ hiṃsati vibādhatīti attho. Paradukkhe sati sādhūnaṃ hadayakampanaṃ karotīti vā karuṇā. Karadhātu uṇapaccayo. Atha vā kaṃ vuccati sukhaṃ, taṃ rundhatīti karuṇā. Kaṃsaddūpapada rudhidhātu āvaraṇe yupaccayo. Esā hi paradukkhāpanayanakāmatā lakkhaṇā. Attasukhanirapekkhatāya kāruṇikānaṃ sukhaṃ rundhati vibādhatīti attho. Karuṇāya mahākaruṇāya yutto kāruṇiko. Karuṇā assa atthīti vā kāruṇiko, buddho. Taṃ kāruṇitaṃ. <span class="bld">Agga</span>nti jātipuñña guṇamahattabhāvena sabbasattuttamaṃ seṭṭhabhāvaṃ ajati gacchatīti aggo, buddho. Ajadhātu gatiyaṃ a. Jassa go. Buddho hi asambhinnakhattiyavaṃse jātattā jātivasena ca pūritapāramīpuññattā puññavasena ca aparimitanirupamasīlādi guṇavisesena samannāgatattā guṇavasena ca anantalokadhātūsu sabbasattuttamabhāvaṃ gacchatīti aggo. Nibbānaṃ ajati gacchatīti vā aggo. Atha vā ajeti khepeti kileseti aggo, buddho. Ajadhātu khepane a. Taṃ aggaṃ. <span class="bld">Anantañāṇa</span>nti gaṇanavasena ca sabhāvavasena ca visayavasena ca antavirahitañāṇaṃ. Kenaci puggalena ñāṇena anantaṃ aparicchinnaṃ, sabbaññutañāṇavantaṃ vā. Natthi antaṃ yassāti anantaṃ, ñāṇaṃ. Sabbañeyyadhammaṃ jānātīti ñāṇaṃ, sabbaññutañāṇaṃ. Anantaṃ ñāṇaṃ yassa soti anantañāṇo, buddho. Buddhassa hi ñāṇaṃ koci manusso vā devo vā brahmā vā ettakanti paricchindituṃ na sakkoti, tasmā anantaṃ aparimāṇaṃ hotīti vuttaṃ hoti.</p>','\r',char(13)),'\n',char(10)),'');
INSERT INTO pages (bookid, page, content, paranum) VALUES('annya_buddha_vandana_gantha_sanggaho_e0601n',104,replace(replace('<p class="bodytext">Vuttañhetaṃ <a name="M0.0104"></a> <span class="bld">sāriputtattheraapadāne</span> –</p>\r\n<p class="gatha1">‘‘Sakkā samudde udakaṃ, pametuṃ aḷhakena vā;</p>\r\n<p class="gathalast">Natveva tava sabbaññu, ñāṇaṃ sakkā pametave’’ti.</p>\r\n<p class="bodytext">Kāruṇikamaggamanantañāṇanti ettha ca karuṇaggahaṇena sammāsambodhiyā mūlaṃ dasseti, mahākaruṇāsañcoditamānaso hi bhagavā saṃsārapaṅkato sattānaṃ samuddharaṇatthaṃ dīpaṅkarapādamūle katābhinīhāro kappasatasahassādhikāni cattāri asaṅkhyeyyāni anupubbena pāramiyo pūretvā anuttaraṃ sammāsambodhiṃ adhigatoti karuṇā sammāsambodhiyā mūlanti. Agganti etena bhagavato aparimitanirupamasīlādiguṇasamaṅgītāya aparimāṇāsu lokadhātūsu aparimāṇānaṃ sattānaṃ uttamabhāvaṃ dasseti. Anantañāṇantietena sammāsambodhiṃ dasseti. Sabbaññutañāṇapadaṭṭhānañhi aggamaggañāṇaṃ, aggamaggañāṇapadaṭṭhānañca sabbaññutañāṇaṃ sammāsambodhīti vuccati. Tassa ca sāmatthiyena catupaṭisambhidāñāṇaṃ catuvesārajjañāṇaṃ chaasādhāraṇañāṇāni ca chaabhiññā aṭṭhasu parisāsu akampana ñāṇāni dasabalañāṇāni soḷasañāṇacariyā ca catucattārīsañāṇavatthūni sattasattatiñāṇavatthūni cāti evamādīnaṃ anekesaṃ paññāpabhedānaṃ vasena ñāṇācāraṃ dassetīti. Taṃ buddhaṃ ahaṃ vippasannena cetasā vandāmīti sambandhoti.</p>\r\n<p class="bodytext">Ayaṃ panettha <span class="bld">saṅkhepayojanā</span>. Narānarasamosaraṇaṃ manussadevānaṃ samaṃ osaraṇaṃ sannipatitaṭṭhānaṃ, dhitattaṃ samāhitacittaṃ, paññāpadīpajutiyā arahattamaggañāṇasaṅkhāta padīpobhāsena karaṇabhūtena vihatandhakāraṃ hanitabba avijjāsaṅkhātamohatamaṃ, atthābhikāmaṃ sattalokassa lokiyalokuttarasaṅkhātapayojanaṃ ativiya icchantaṃ, naradevahitāvahaṃ manussadevānaṃ hitaṃ dhārakaṃ, kāruṇikaṃ </p>','\r',char(13)),'\n',char(10)),'');
INSERT INTO pages (bookid, page, content, paranum) VALUES('annya_buddha_vandana_gantha_sanggaho_e0601n',105,replace(replace('<p class="bodytext">sabbasattesu <a name="M0.0105"></a> mahākaruṇāya yuttaṃ mahākaruṇavantaṃ vā, aggaṃ jātipuññaguṇamahattabhāvena sabbasattuttamaṃ, ananta ñāṇaṃ gaṇavasena ca sabhāvavasena ca visayavasena ca antavirahitañāṇaṃ, anantaṃ sabbaññutañāṇavantaṃ vā taṃ buddhaṃ ahaṃ vippasannena cetasā vandāmīti.</p>\r\n<p class="centered">Pannarasamavandanagāthāvaṇṇanā samattā.</p>\r\n<p class="hangnum"><a name="para16"></a><span class="paranum">16</span>.</p>\r\n<p class="gatha1"> Akhilaguṇanidhāno yo munindopagantvā,</p>\r\n<p class="gatha2">Vanamisipatanavhaṃ saññatānaṃ niketaṃ;</p>\r\n<p class="gatha3">Tahimakusalachedaṃ dhammacakkaṃ pavatto,</p>\r\n<p class="gathalast">Tamatulamabhikantaṃ vandaneyyaṃ namāmi.</p>\r\n<p class="bodytext"><a name="para16"></a><span class="paranum">16</span>. Evaṃ pannarasamagāthāya buddhaṃ vanditvā idāni isipatana migadāye dhammacakkapavattanādiguṇehi thomitvā munindaṃ vanditu kāmo <span class="bld">akhilaguṇanidhāno</span> tyādigāthamāha. Ayaṃ pana nanamayayagaṇehi racitattā pannarasakkharehi yuttā mālinī gāthāti daṭṭhabbā. Vuttañhi <span class="bld">vuttodaye</span> ‘‘nanamayayayutāyaṃ mālinībhogisīhī’’ti. Tassattho. Yassaṃ paṭipādaṃ bhogisīhi aṭṭhasattayatīhi yuttā ca nanamayayayutā nanagaṇamagaṇa yayagaṇehi yuttā ca ce siyuṃ, ayaṃ gāthā mālinīgāthā nāmāti. Ettha ca bhogisīhīti bhogaisīhīti padacchedo. Bhogasaddo aṭṭhasaṅkhyā vācako. Isisaddo sattasaṅkhyāvācakoti daṭṭhabbo.</p>\r\n<p class="bodytext">Tattha <span class="bld">akhilaguṇanidhāno</span>ti sabbalokiyalokuttara saṅkhātānaṃ sīlasamādhipaññādiguṇasamūhānaṃ patiṭṭhāno. Ettha ca akhilasaddo anavasesavācako. Sabboti attho. Vuttañhi <span class="bld">madhuṭīkāyaṃ</span> ‘‘khilasaddo hettha avasesavācako’’ti. Na khilaṃ akhilaṃ. Atha vā na khīyatīti </p>','\r',char(13)),'\n',char(10)),'-16-16-');
INSERT INTO pages (bookid, page, content, paranum) VALUES('annya_buddha_vandana_gantha_sanggaho_e0601n',106,replace(replace('<p class="bodytext">akhilaṃ<a name="M0.0106"></a>, sabbaṃ. Napubbakhidhātu khaye lo. Guṇasaddassa vacanattho heṭṭhā vuttoyeva. Akhilāni sabbāni guṇāni akhilaguṇāni, tesaṃ nidhāti tiṭṭhati etthāti akhilaguṇanidhāno, munindo labbhati. <span class="bld">Yo</span>ti yo yādiso. <span class="bld">Munindopagantvā</span>ti ettha munindo upagantvāti padacchedo. <span class="bld">Munindo</span>ti agāriyamuni, anagāriyamuni, sekkhamuni, asekkhamuni, pacceka munivasena pañcannaṃ munīnaṃ indo issaroti attho. Tassa pana vacanattho heṭṭhā vuttoyeva. Akhilaguṇanidhāno yo munindo saññatānaṃ niketaṃ isipatanaavhaṃ vanaṃ upagantvā tahiṃ akusalachedaṃ dhammacakkaṃ pavattoti sambandho.</p>\r\n<p class="bodytext"><span class="bld">Vanamisipatanavha</span>nti vanaṃ isipatanaavhanti padacchedo. Ettha vananti migadāyavanaṃ. Tañhi vivekakāmehi vanitabbaṃ sambhajitabbaṃ etthāti vananti vuccati. Vanadhātu sambhattiyaṃ kvi. Isipatanavhanti isipatananāmikaṃ isīnaṃ patanaṭṭhānattā isipatananti voharitabbaṃ vā, sīlakkhandhādike esanti gavesantīti isi, paccekabuddhādayo. Isadhātu gavesane ipaccayo. Te patanti sannipatanti etthāti isipatanaṃ, vanaṃ. Isisaddūpapadapatadhātu gatiyaṃ yu. Atha vā isīnaṃ patanaṃ isipatanaṃ, vanaṃ. Avhetabbaṃ voharitabbanti avhaṃ. Āpubbavhedhātu avhayane kvi. Saṃyogaparattā ākārassa rassādeso. Isipatananti avhetabbanti isipatanavhaṃ, vanaṃ. <span class="bld">Saññatāna</span>nti kāyavacīmanosaṃyamantānaṃ sādhūnaṃ. Saṃyamantīti saññatā, paccekabuddhādayo sādhū. Saṃpubbayamudhātu uparame ta. Tesaṃ saññatānaṃ. <span class="bld">Niketa</span>nti vasanaṭṭhānaṃ, rammaṇaṭṭhānaṃ vā. Nikitati nivasati rammati vā etthāti niketaṃ, vanaṃ. Nipubba kitadhātu nivāse ṇa. <span class="bld">Upagantvā</span>ti gamitvā. <span class="bld">Tahi</span>nti tasmiṃ isipatananāmake migadāyavane. <span class="bld">Akusalacheda</span>nti akusalassa samucchedaṃ. Akusalaṃ chindati </p>','\r',char(13)),'\n',char(10)),'');
INSERT INTO pages (bookid, page, content, paranum) VALUES('annya_buddha_vandana_gantha_sanggaho_e0601n',107,replace(replace('<p class="bodytext">samucchindati <a name="M0.0107"></a> etena suttenāti akusalachedaṃ, dhammacakka pavattanasuttaṃ. Akusalasaddūpapadachididhātu dvidhākaraṇe ṇa.</p>\r\n<p class="bodytext"><span class="bld">Dhammacakka</span>nti dhammacakkapavattanasuttaṃ. Ettha hi cakkasaddo sampattiyaṃ, lakkhaṇe, rathaṅge, iriyāpathe, dāne, ratana dhammakhuracakkādīsu ca dissati. Cattārimāni bhikkhave cakkāni, yehi samannāgatānaṃ devamanussānantiādīsu hi sampattiyaṃ dissati. Pādatalesu cakkāni jātānīti ettha lakkhaṇe. Cakkaṃva vahato padanti ettha rathaṅge. Catucakkaṃ navadvāranti ettha iriyāpathe. Dadaṃ bhuñja mā ca pamādo cakkaṃ vattaya sabbapāṇīnanti ettha dāne. Dibbacakkaratanaṃ pāturahosīti ettha ratanacakke. Mayā pavattitaṃ cakkanti ettha dhammacakke. Icchāhatassa posassa cakkaṃ bhamati matthaketi ettha khuracakke. Khurapariyantena cakkenāti ettha paharaṇacakke. Asanivicakkanti ettha asanimaṇḍale. Idha panāyaṃ dhammacakke daṭṭhabbo. Tañhi satipaṭṭhānādidhammaṃ cakketi pavattetīti dhammacakkanti vuccati. Ariyasaccādidhammaṃ vā cakketi pavattetīti cakkanti. Atha vā dhammato anapetattā dhammañca taṃ āṇācakkañcāti dhammacakkaṃ. Dhammena ñāyena cakkanti dhammacakkaṃ, tena vuttaṃ <span class="bld">paṭisambhidāyaṃ</span> ‘‘dhammacakkanti kenaṭṭhena dhammacakkaṃ. Dhammañca pavatteti cakkañcāti dhammacakkaṃ, cakkañca pavatteti dhammañcāti dhammacakkaṃ, dhammena pavattetīti dhammacakkaṃ, dhammacariyāya pavattetīti dhammacakkaṃ, dhamme ṭhito pavattetīti dhammacakka’’ntiādi. Api ca dhammacakkanti paṭivedhañāṇampi desanāñāṇampi. Tattha paṭivedhañāṇaṃ nāma yena ñāṇena bodhipallaṅke nisinno cattāri saccāni soḷasahākārehi saṭṭhinayasahassehi paṭivijjhi. Desanāñāṇaṃ nāma yena ñāṇena tiparivaṭṭaṃ dvādasākāraṃ dhammacakkaṃ pavattesi. Ubhayampetaṃ dasabalassa ure jātañāṇameva. Tesu pana dhammadesanāñāṇaṃ adhippetaṃ. Suttaṃ pana ṭhānūpacārena dhammacakkanti vuccati. <span class="bld">Pavatto</span>ti </p>','\r',char(13)),'\n',char(10)),'');
INSERT INTO pages (bookid, page, content, paranum) VALUES('annya_buddha_vandana_gantha_sanggaho_e0601n',108,replace(replace('<p class="bodytext">pañcavaggiyānaṃ <a name="M0.0108"></a> bhikkhūnaṃ dveme bhikkhave antā pabbajitena na sevitabbātiādinā adesayi.</p>\r\n<p class="bodytext"><span class="bld">Tamatulamabhikanta</span>nti taṃ atulaṃ abhikantanti padacchedo. Ettha tanti munindaṃ. Atulanti sīlādīhi guṇehi kenaci asadisaṃ. Natthi tulo sadiso puggalo etassāti atulo, munindo. Tassa hi aparimāṇāsu loka dhātūsu sīlādīhi guṇehi sadiso puggalo natthi. Asadisehi buddhehi samoti attho. <span class="bld">Abhikanta</span>nti sabbadevamanussehi ativiya kantaṃ kamanīyaṃ sarīravaṇṇavantaṃ. Atirekaṃ tusitabbasarīravaṇṇasampannaṃ vā. Abhikkantavaṇṇanti hi vattabbe chandānurakkhaṇatthaṃ kakāralopañca vaṇṇapadalopaṃ katvā vuttasandhivasena abhikantanti vuttaṃ. Uttarapadalopa vasena vā. Munindassa pana sarīravaṇṇaṃ sabbadevamanussehi ativiya atirekaṃ vā kamiyati tosiyatīti abhikantanti vuccati. Abhipubbakamudhātu icchākantīsu ta. Abhikantaṃ vaṇṇaṃ sarīravaṇṇaṃ yassa soti abhikanto, munindo. Tassa hi dvattiṃsamahāpurisalakkhaṇehi ca asītyānubyañjana lakkhaṇehi ca chabbaṇṇaraṃsīhi ca suvaṇṇavaṇṇena ca samannā gatattā sarīrasobhaggappattito sabbadevamanussehi ativiya kamanīyo tuṭṭho sarīravaṇṇo atthīti abhikantanti thometi. Taṃ abhikantaṃ. <span class="bld">Vandaneyya</span>nti devamanussānaṃ vandanārahaṃ. Tehi vanditabbaṃ vā, vandiyate thomiyate vā vandanaṃ. Bhāvasādhanoyaṃ. Vandadhātu vadidhātu vā abhivādanathutīsu yu. Taṃ arahatīti vandaneyyo, munindo. Vandapadaṃ arahatitaddhite ṇeyyo.</p>\r\n<p class="bodytext">Atha vā devamanussehi vanditabbaṃ thomitabbanti vā vandaneyyo, munindo. So hi ādimajjhapariyosāna guṇehi samannāgatattā sabbadevamanussānaṃ vandanāraho tehi vā vanditabbo hoti. Tattha ca ādiguṇaṃ nāma </p>','\r',char(13)),'\n',char(10)),'');
INSERT INTO pages (bookid, page, content, paranum) VALUES('annya_buddha_vandana_gantha_sanggaho_e0601n',109,replace(replace('<p class="bodytext">karuṇānidānaṃ <a name="M0.0109"></a> sīlaṃ pāṇātipātādiviratippavattito. Majjha guṇaṃ nāma samādhi jhānattayayogato. Pariyosānaguṇaṃ nāma paññā tato uttari karaṇīyābhāvatoti visesena bhagavato vandaneyyanti thometi. Ahaṃ tīhi dvārehi namāmi vandāmīti sambandho.</p>\r\n<p class="bodytext">Ayaṃ panettha <span class="bld">saṅkhepayojanā</span>. Akhilanidhāno sabba lokiyalokuttarasaṅkhātānaṃ sīlasamādhipaññādiguṇa samūhānaṃ patiṭṭhāno yo yādiso munindo pañcannaṃ munīnaṃ indo issaro bhagavā, saññatānaṃ kāyavacīmanosaṃya mantānaṃ sādhūnaṃ, niketaṃ vasanaṭṭhānaṃ rammaṇaṭṭhānaṃ vā, isipatanavhaṃ isipatananāmikaṃ isipatananti voharitabbaṃ vā, vanaṃ migadāyavanaṃ, upagantvā gamitvā tahiṃ tasmiṃ isipatananāmake migadāya vane, akusalassa samucchedaṃ, dhammacakkaṃ dhammacakkappavattanasuttaṃ, pavatto pañcavaggiyānaṃ bhikkhūnaṃ adesayi, atulaṃ sīlādīhi guṇehi kenaci asadisaṃ, abhikantaṃ sabbadevamanussehi ativiya kantaṃ kamanīyaṃ tuṭṭhi sarīravaṇṇavantaṃ, vandaneyyaṃ deva manussānaṃ vandanārahaṃ tehi vā vanditabbaṃ, taṃ munindaṃ ahaṃ tīhi dvārehi namāmi vandāmīti.</p>\r\n<p class="centered">Soḷasamavandanagāthāvaṇṇanā samattā.</p>\r\n<p class="hangnum"><a name="para17"></a><span class="paranum">17</span>.</p>\r\n<p class="gatha1"> Suciparivāritaṃ surucirappabhāhi rattaṃ,</p>\r\n<p class="gatha2">Sirivisarālayaṃ gupitamindriyehupetaṃ;</p>\r\n<p class="gatha3">Ravisasimaṇḍalappabhutilakkhaṇopacittaṃ,</p>\r\n<p class="gathalast">Suranarapūjitaṃ sugatamādaraṃ namāmi.</p>\r\n<p class="bodytext"><a name="para17"></a><span class="paranum">17</span>. Evaṃ soḷasamagāthāya munindaṃ vanditvā idāni suciparivāritantyādīhi sattahi guṇehi thomitvā vanditukāmo <span class="bld">suciparivārita</span>ntyādigāthamāha. Ayaṃ pana na jabhajaragaṇehi ca ekagarunā ca racitattā soḷasakkharehi </p>','\r',char(13)),'\n',char(10)),'-17-17-');
INSERT INTO pages (bookid, page, content, paranum) VALUES('annya_buddha_vandana_gantha_sanggaho_e0601n',110,replace(replace('<p class="bodytext">yuttāvāṇinīgāthāti <a name="M0.0110"></a> daṭṭhabbā. Vuttañhi <span class="bld">vuttodaye</span> ‘‘najabhajarā yadā bhavati vāṇinī gayuttā’’ti. Tassattho. Yassaṃ paṭipādaṃ najabhajarā nagaṇa jagaṇa bhagaṇa jagaṇa ragaṇā yadā gayuttā pādantagarunā saṃyogā ce siyuṃ, tadā sā vuttā vāṇinī vāṇinīgāthā nāma bhavatīti.</p>\r\n<p class="bodytext">Tattha <span class="bld">suciparivārita</span>nti rāgādimalavisuddhāhi ariyasāvakādiparisāhi parikkhāritaṃ kilesamalavisuddhaṃ parikkhāravantaṃ vā. Rāgādimalehi sucati sujjhatīti suci, parisā. Sucadhātu soceyye i. Parisamantato ariyabhikkhuādīhi deva manussehi vāriyati parikkhariyatīti parivāro, sugato. Paripubbavaradhātu āvaraṇe parikkhāre vā ṇa. Sucīhi parisāhi parivārito suciparivārito, sugato. Tatiya tappurisasamāsoyaṃ. Bhagavato hi sadā rāgādimala visuddhehi ariyabhikkhuādīhi catūhi parisāhi aṭṭhahi parisāhi vā parivārito hotīti adhippāyo. Atha vā suciparisuddhaṃ parivāritaṃ yassa soti suciparivārito, sugato. <span class="bld">Surucirappabhāhī</span>ti suṭṭhu kantitasarīranikkhanta byāmamattaraṃsīhi karaṇabhūtehi suṭṭhu ruciyati kamiyati tusiyatīti surucirā, raṃsi. Supubba rucadhātu rocane iro. Pakārena bhāti dibbatīti pabhā, raṃsi. Papubba bhādhātu dibbane kvi. Surucirā ca sā pabhā cāti surucirappabhā, tāhi surucirappabhāhi. <span class="bld">Ratta</span>nti niccaṃ rañjitabbakāyaṃ. Rañjiyatīti ratto, kāyo. Ranjadhātu rāge ta. Ratto kāyo yassa soti ratto, sugato. Uttarapadalopasamā soyaṃ. Rūpassa bhavo rūpaṃ viya, taṃ rattaṃ. Bhagavato hi sarīrato niccaṃ nikkhantehi byāmamattaraṃsīhi rañjitabbo rūpakāyo atthīti vuttaṃ hoti.</p>\r\n<p class="bodytext"><span class="bld">Sirivisarālaya</span>nti paññāpuññasaṅkhātalakkhisamūhānaṃ patiṭṭhānaṃ. Ettha ca sirīti paññāpuññānametaṃ adhivacanaṃ. Atha vā </p>','\r',char(13)),'\n',char(10)),'');
INSERT INTO pages (bookid, page, content, paranum) VALUES('annya_buddha_vandana_gantha_sanggaho_e0601n',111,replace(replace('<p class="bodytext">puññanibbattā <a name="M0.0111"></a> sarīrasobhaggādisampatti. Sā hi katapuññe siyati nissayati, katapuññehi vā siyati nissiyatīti sirīti vuccati, paññāpuññaṃ, issariyaṃ vā. Sarīrasobhaggādi sampatti vā labbhati. Vuttañhi <span class="bld">vimānavatthuaṭṭhakathādīsu</span> ‘‘sirīti buddhipuññānaṃ adhivacananti ca. Sirīti issariyanti ca sirīti rūpakāyasampattī’’ti ca. Sidhātu sevāyaṃ, rapaccayo ca, itthiliṅgajotakaīpaccayo ca. Sirīti hi dīghavasena vattabbe gāthābandhattā chandānurakkhaṇatthaṃ rassavasena vuttaṃ. Visarālayanti visaraālayanti padacchedo. Visaroti samūho. Visanti pavisanti avayavā yasmiṃ samūheti visaro, samūho. Visadhātu pavesane arapaccayo. Atha vā visaranti samosaranti avayavā yasminti visaro. Vipubba saradhātu samosaraṇe a. Potthakesu pana visayāla yanti yakārena pāṭho dissati. Na so yujjati. Kasmā, visarasaddasseva samūhavācakattā. Vuttañhi <span class="bld">abhidhānappa dīpikāyaṃ</span> –</p>\r\n<p class="gatha1">‘‘Samūho gaṇasaṅghātā,</p>\r\n<p class="gatha2">Samudāyo ca sañcayo;</p>\r\n<p class="gatha3">Sandoho nivaho ogho,</p>\r\n<p class="gathalast">Visaro nikaro cayo’’tyādi.</p>\r\n<p class="bodytext">Ālayanti patiṭṭhānaṃ. Ālayanti patiṭṭhanti etthāti ālayo, sugato. Āpubba lidhātu alliyane ṇa. Sirīnaṃ paññāsaṅkhātalakkhīnaṃ visaro samūho sirīvisaro, tesaṃ ālayo sirīvisarālayo, sugato. Taṃ sirivisarālayaṃ. <span class="bld">Gupitamindriyehupeta</span>nti gopitabbehi saṃvaritabbehi cakkhādīhi chahi indriyehi upetaṃ samupetaṃ samannāgataṃ. Gupiyanti rakkhiyantīti gupitāni. Gupadhātu rakkhane ta. Idanti sahajātadhamme issariyaṃ karontīti indriyāni. Ididhātu paramissariye iyo. Gupitāni indriyāni </p>','\r',char(13)),'\n',char(10)),'');
INSERT INTO pages (bookid, page, content, paranum) VALUES('annya_buddha_vandana_gantha_sanggaho_e0601n',112,replace(replace('<p class="bodytext">gupitamindriyāni<a name="M0.0112"></a>, cakkhādiindriyāni labbhanti. Tehi. Upeti sampajjatīti upeto, sugato. Upapubba idhātu gatiyaṃ ta, taṃ upetaṃ. Kiñcāpi buddhato aññehi ariyasāvakādīhi puggalehi cakkhādiindriyāni rakkhitāni. Buddhoyeva pana bodhipallaṅke saha vāsanāya sabba kilesānaṃ arahattamaggena viddhaṃsitattā visiṭṭhena cakkhādi indriyaṃ rakkhito hotīti tassa gupitamindriyehupetanti thometi.</p>\r\n<p class="bodytext"><span class="bld">Ravisasimaṇḍalappabhutilakkhaṇopacitta</span>nti sūriyamaṇḍala candamaṇḍalādīhi pādacakkalakkhaṇehi abhivicitrapādaṃ. Upasaddo cettha bhusaṭṭhavācako. Abhivicitraṃ sūriyamaṇḍala candamaṇḍalādiṃ pādacakkalakkhaṇavantaṃ vā. Ettha ca ravīti sūriyo, so hi ravati sīghaṃ gacchatīti ravīti vuccati. Rudhātu gatiyaṃ ṇi. Vuttañhi <span class="bld">pātheyyaṭṭhakathāyaṃ</span> ‘‘cando ujukaṃ saṇikaṃ gacchati, sūriyassa pana ujukaṃ gamanaṃ sīgha’’nti. Ṇvādi <span class="bld">moggallāne</span> pana ‘‘rusadde i. O avādeso. Ravati gajjatīti ravi. Ādicco’’ti vuttaṃ. <span class="bld">Abhidhāna ṭīkāyañca</span> ‘‘ravanti etena sattā pabhāvitattāti ravī’’ti vuttaṃ. Sasīti cando. So hi sasati tiṇena pāṇati jīvatīti saso, sasapaṇḍito. Sasadhātu pāṇe a. Sasarūpalakkhaṇamettha atthīti sasīti vuccati. Atīte hi sasarājā brāhmaṇavesena āgantvā yācakassa sakkarañño aṅgārarāsimhi laṅghitvā jīvitaṃ pariccajitvā kāyaṃ adāsi. Atha pana sakko rājā tassa sasapaṇḍitassa jīvitapariccajitassa jīvitadānaguṇo sakalakappaṃ pākaṭo hotūti pabbataṃ pīḷetvā pabbatarasaṃ ādāya candamaṇḍale sasarūpalakkhaṇaṃ likhitvā ṭhapesi. Tasmā cando sasīti lokehi vohariyati. Tassa pana vitthāro sasapaṇḍitajātake passitvā gahetabbo.</p>','\r',char(13)),'\n',char(10)),'');
INSERT INTO pages (bookid, page, content, paranum) VALUES('annya_buddha_vandana_gantha_sanggaho_e0601n',113,replace(replace('<p class="bodytext">Atha <a name="M0.0113"></a> vā sasati hiṃsati uṇhaguṇanti sasīti vuccati. Sasudhātu hiṃsāyaṃ īpaccayo. Maṇḍiyati vibhūsiyati paricchedakaraṇavasenāti maṇḍalaṃ. Maṇḍadhātu maḍidhātu vā vibhūsane alo. Atha vā maṇḍaṃ vibhūsanaṃ parisamantato lāti gaṇhātīti maṇḍalaṃ. Maṇḍasaddūpapada lādhātu gahaṇe kvi. Ravino maṇḍalaṃ ravimaṇḍalaṃ, sasino maṇḍalaṃ sasimaṇḍalaṃ, ravimaṇḍalañca sasimaṇḍalañca ravisasimaṇḍalaṃ, maṇḍalasaddo ravisaddepi yojetabbo. Maṇḍalasaddassa dvandapadato suyyamānattā. <span class="bld">Pabhutī</span>tiādi. So hi ādyatthavācako abyayanipāto. Ravisasimaṇḍalaṃ pabhutiādi yassāti ravisasimaṇḍalappabhuti, pādacakkalakkhaṇaṃ labbhati. Lakkhiyati lakkhitabbaṃ etenāti lakkhaṇaṃ, pādappa vattacakkalakkhaṇaṃ, ravisasimaṇḍalappabhuti ca taṃ lakkhaṇañcāti ravisasimaṇḍalappabhutilakkhaṇaṃ, tena upacittaṃ ativicitraṃ pādaṃ yassa soti ravisasimaṇḍalappabhutilakkhaṇopa citto, sugato. Atha vā upacittaṃ ativicitraṃ ravisasi maṇḍalappabhutilakkhaṇaṃ pādacakkalakkhaṇaṃ assāti tathā, sugato. Taṃ.</p>\r\n<p class="bodytext"><span class="bld">Suranarapūjita</span>nti devamanussehi pūjitabbaṃ. Suranti issariya kīḷādīhi dibbantīti surā, devā. Suradhātu dibbane a. Atha vā surati isati devissariyaṃ pāpuṇāti virocati cāti surā, devā. Suradhātu issariyadittīsu a. Sundarā rāvācā etesanti vā surā, devā. Khandhasantānaṃ sakakammaṃ vā naranti niyantīti narā, manussā. Naradhātu nayane a. Surā ca narā ca suranarā, tehi pūjitabboti suranara pūjito, sugato. Taṃ. <span class="bld">Sugata</span>nti buddhaṃ. So hi sobhanaṃ gataṃ gamanaṃ etassāti sugatoti vuccati. Bhagavato hi veneyyajanūpasaṅkamanaṃ ekantena tesaṃ hitasukhanipphādanato sobhanaṃ. Tathā lakkhaṇānubyañjanappaṭi </p>','\r',char(13)),'\n',char(10)),'');
INSERT INTO pages (bookid, page, content, paranum) VALUES('annya_buddha_vandana_gantha_sanggaho_e0601n',114,replace(replace('<p class="bodytext">maṇḍitarūpakāyatāya <a name="M0.0114"></a> dutavilambitakhalitānukaḍḍhananippiḷinukkuṭika kuṭilākuṭilatādi dosarahita mavahasita rājahaṃsausabha vāraṇa migarājagamanaṃ kāyagamanaṃ. Ñāṇagamanañca vipula nimmala karuṇā sati vīriyādi guṇavisesa sahita abhinīhārato yāva mahābodhi anavajjatāya sobhanamevāti.</p>\r\n<p class="bodytext">Atha vā sayambhūñāṇena sakalampi lokaṃ pariññābhi samayavasena parijānanto ñāṇena sammā gato avagatoti sugato, tathā lokasamudayaṃ pahānātisamayavasena pajahanto anuppattidhammataṃ āpādento sammā gato avagatoti sugato, lokanirodhaṃ nibbānaṃ sacchikiriyābhisamayavasena sammā gato avagatoti sugato, lokanirodhagāminippaṭipadaṃ bhāvanābhi samayavasena sammā gato paṭipannoti sugato, sotāpattimaggena ye kilesā pahīnā, te kilese na puneti na pacceti na paccāgacchatīti sugatotiādinā nayena ayamattho vibhāvetabbo. Atha vā sundaraṃ ṭhānaṃ sammāsambodhiṃ nibbānameva vā gato adhigatoti sugato. Yasmā vā bhūtaṃ tacchaṃ atthasaṃhitaṃ veneyyānaṃ yathārahaṃ yuttameva ca dhammaṃ bhāsati, tasmā sammā gadatīti sugato dakārassa takāraṃ katvā. Iti sobhana gamanatādīhi sugato, taṃ sugataṃ. <span class="bld">Ādara</span>nti sakkaccaṃ, ādaranaṃ ādaro. Āpubba daradhātu ādare ṇa. Taṃ ādaraṃ. <span class="bld">Namāmī</span>ti ahaṃ vandāmīti atthoti.</p>\r\n<p class="bodytext">Ayaṃ panettha <span class="bld">saṅkhepayojanā</span>. Suciparivāritaṃ rāgādimala visuddhāhi ariyasāvakādiparisāhi parikkhāritaṃ kilesamalavisuddhaṃ parikkhāravantaṃ vā, surucirappabhāhi suṭṭhu kantita sarīranikkhantabyāmamattaraṃsīhi karaṇabhūtehi, rattaṃ niccaṃ rañjitabbakāyaṃ, sirivisarālayaṃ paññāpuññasaṅkhātalakkhisa </p>','\r',char(13)),'\n',char(10)),'');
INSERT INTO pages (bookid, page, content, paranum) VALUES('annya_buddha_vandana_gantha_sanggaho_e0601n',115,replace(replace('<p class="bodytext">mūhānaṃ <a name="M0.0115"></a> patiṭṭhānaṃ, gupitamindriyehi gupitabbehi saṃvaritabbehi chahi cakkhādiindriyehi, upetaṃ samupetaṃ samannāgataṃ, ravisasimaṇḍalappabhutilakkhaṇopacittaṃ sūriyamaṇḍalacandamaṇḍalādīhi pādacakkalakkhaṇehi abhivicitrapādaṃ, abhivicitraṃ sūriya maṇḍalacandamaṇḍalādiṃ pādacakkalakkhaṇavantaṃ vā, suranarapūjitaṃ devamanussehi pūjitabbaṃ, sugataṃ buddhaṃ ādaraṃ sakkaccaṃ ahaṃ namāmi vandāmīti.</p>\r\n<p class="centered">Sattarasamavandanagāthāvaṇṇanā samattā.</p>\r\n<p class="hangnum"><a name="para18"></a><span class="paranum">18</span>.</p>\r\n<p class="gatha1"> Maggoḷumpena muhapaṭighāsādiullolavīciṃ,</p>\r\n<p class="gatha2">Saṃsāroghaṃ tari tamabhayaṃ pārapattaṃ pajānaṃ;</p>\r\n<p class="gatha3">Tāṇaṃ leṇaṃ asamasaraṇaṃ ekatitthaṃ patiṭṭhaṃ,</p>\r\n<p class="gathalast">Puññakkhettaṃ paramasukhadaṃ dhammarājaṃ namāmi.</p>\r\n<p class="bodytext"><a name="para18"></a><span class="paranum">18</span>. Evaṃ sattarasamagāthāya sugataṃ vanditvā idāni saṃsāroghaṃ taritādīhi navahi guṇehi thomitvā vanditukāmo <span class="bld">maggoḷumpena</span>tyādigāthamāha. Ayaṃ pana ma bha na ta ta gaṇehi ca garudvayena ca racitattā sattarasakkharehi yuttā mandakkantāgāthāti daṭṭhabbā. Vuttañhi <span class="bld">vuttodaye</span> ‘‘mandakkantā ma bha na tata gā go yugutvassa kehī’’ti. Tassā panāyamattho. Yassaṃ paṭipādaṃ yugutvassakehi catu cha sattayatīhi ma bha na ta ta gā magaṇa bhagaṇa nagaṇa tagaṇa tagaṇa garū ca go garu ca ce yuttā, mandakkantāgāthānāmāti. Yugutvassakehīti ettha ca yugasaddassa maggaphalacatubbidhapurisayugaḷavācakattā yugasaddo catusaṅkhyāvācako, utūnaṃ hemantasisira vassanta gimha vassāna sarada utuvasena chabbidhattā utusaddo chasaṅkhyāvācako. Assasaddo sattasaṅkhyāvācakoti </p>','\r',char(13)),'\n',char(10)),'-18-18-');
INSERT INTO pages (bookid, page, content, paranum) VALUES('annya_buddha_vandana_gantha_sanggaho_e0601n',116,replace(replace('<p class="bodytext">veditabbo<a name="M0.0116"></a>. <span class="bld">Chappaccayaṭīkādīsu</span> hi ‘‘assasaddassa sattasaṅkhyāvācakabhāvo vutto’’ti.</p>\r\n<p class="bodytext">Tattha pana yo dhammarājā muhapaṭighāsādiullolavīciṃ saṃsāroghaṃ maggoḷumpena tari, abhayaṃ pārapattaṃ pajānaṃ tāṇaṃ leṇaṃ asamasaraṇaṃ ekatitthaṃ patiṭṭhaṃ puññakkhettaṃ paramasukhadaṃ taṃ dhammarājaṃ ahaṃ namāmīti sambandho. Etissaṃ pana atthakkamena vaṇṇayissāmi. <span class="bld">Muhapaṭighāsādi ullolavīci</span>nti mohadosataṇhādisaṅkhātaṃ mahātaraṅga khuddaūmikaṃ. Muyhanti etena sampayuttadhammā, sayaṃ vā muyhati, muyhanamattamevetanti muho, moho. Muhadhātu vekhitte ṇa. Paṭihaññanti sampayuttadhammā, sayaṃ vā paṭihaññati paṭihaññanamattamevetanti paṭigho, doso. Paṭipubba hanadhātu hiṃsāgatīsu a. Hanassa gho. Asanaṃ icchanaṃ āsā, isati icchatīti vā āsā, taṇhā. Isudhātu icchāyaṃ a. Issa ā. Muho ca paṭigho ca āsā ca muhapaṭighāsā, te ādi yesanteti muhapaṭighāsādi, lobhādikilesā labbhanti. Ettha ca ādisaddena māna diṭṭhi vicikicchā thina uddhacca ahirika anottappakilese ca akusalacittuppāde ca saṅgaṇhāti. Uddhaṃ udakaṃ lolati ākuletīti ullolo, mahātaraṅgo. Upubbalola dhātu ummādane ṇa. Tīraṃ ulati gacchatīti vā ullolo. Uladhātu gatiyaṃ olapaccayo. Vimhayaṃ vicittaṃ cinotīti vīci, khuddakaūmi. Vipubba cidhātu caye kvi. Ullolo ca vīci ca ullolavīci. Kesuci potthakesu ca kullolavīcintipāṭho dissati. Na so yujjati, kasmā, kullasaddassa uḷumpatthavācakattā. Ullolasaddoyeva hi mahātaraṅgattha vācako hotīti. Vuttañhi <span class="bld">abhidhānappadīpikāyaṃ</span> ‘‘ullolo tu ca kallolo, mahāvīcisu kathyate’’ti.</p>\r\n<p class="bodytext"><span class="bld">Mūlapaṇṇāsaṭṭhakathāyañca</span> ‘‘kullo nāma taraṇatthāya kalāpaṃ katvā bandho. Pattharitvā baddhā pana padaracāṭi </p>','\r',char(13)),'\n',char(10)),'');
INSERT INTO pages (bookid, page, content, paranum) VALUES('annya_buddha_vandana_gantha_sanggaho_e0601n',117,replace(replace('<p class="bodytext">ādayo <a name="M0.0117"></a> uḷumpo’’ti vutto. Muhapaṭighāsādieva ullolavīci. Sā asmiṃ saṃsāroghe atthīti muhapaṭighāsādiullolavīci. Samāsantataddhitāyaṃ. Pītisukhaṃ, mahāsannaṃ, rattidivantyādīsu viya. Evaṃ panettha vacanattho kātabbo. Pīti ca sukhañca pītisukhaṃ, taṃ assa jhānassa atthi, tasmiṃ vā vijjatīti pītisukhaṃ, jhānaṃ. Mahantaṃ āsanaṃ mahāsanaṃ, tassa bhāvo mahāsannaṃ. Ratti ca divā ca rattidivaṃ. Rattidivaṃ kataṃ rattidivanti. Atha vā ullolavīci viya muhapaṭighāsādi ullolavīci, saṃsāroghaṃ labbhati. Upamā bahubbīhisamāsoyaṃ. Yathā pana mahāsamudde bhāyitabbā mahātaraṅgaūmivegādayo ca saṃsumāra timi tipiṅgalādi macchamakārādayo ca okiṇṇā honti, evaṃ mohādikilesā ca akusalacittuppādā ca tehi nibbattā bhayānakā bahū jātijarābyādhimaraṇadukkhādayo ca khandhādayo ca okiṇṇā hontīti vuttaṃ hoti. <span class="bld">Saṃsārogha</span>nti saṃsārasaṅkhātaṃ oghaṃ samuddajalappavāhaṃ. Saṃpunappunaṃ abbocchinnaṃ vā sarati gacchati pavattatīti saṃsāro. Saṃpubbasaradhātu gatiyaṃ ṇa. Khandhadhātuāyata nānaṃ abbocchinnaṃ pavattatīti attho. Tena vuttaṃ <span class="bld">aṭṭhakathāsu</span> –</p>\r\n<p class="gatha1">‘‘Khandhānañca paṭipāṭi, dhātuāyatanāna ca;</p>\r\n<p class="gathalast">Abbocchinnaṃ vattamānā, saṃsāroti pavuccatī’’ti.</p>\r\n<p class="bodytext">Satte ottharitvā ajjhottharitvā heṭṭhā hanati haratīti ogho, jalappavāho. Avapubba hanadhātu haraṇe ṇa. Hanassa gho. Avasaddo ottharaṇattho. Attani patite satte heṭṭhā katvā haneti osīdāpetīti vā ogho, jalappavāho. Avapubba hanadhātu osīdāpane ṇa. Avasaddo heṭṭhābhāgattho. Ogho viyāti ogho, saṃsāro. </p>','\r',char(13)),'\n',char(10)),'');
INSERT INTO pages (bookid, page, content, paranum) VALUES('annya_buddha_vandana_gantha_sanggaho_e0601n',118,replace(replace('<p class="bodytext">Atha <a name="M0.0118"></a> vā sattasaṅkhāre ottharitvā ajjhottharitvā abhibhavitvā vaṭṭasmiṃ hanati haratīti ogho, ohaneti osīdāpeti vaṭṭasmiṃ sattasaṅkhāreti vā ogho, rāgādi kilesā labbhanti. Saṃsāroeva ogho saṃsārogho, taṃ saṃsāroghaṃ.</p>\r\n<p class="bodytext"><span class="bld">Maggoḷumpenā</span>ti ettha maggaoḷumpenāti padacchedo. Aṭṭhamaggaṅgasaṅkhātena kullenāti attho. Ettha ca maggo vuccati aṭṭhaṅgikamaggo. Magganti gacchanti buddhā ca ariyasāvakā ca agataṃ disaṃ nibbānanti maggo. Aṭṭhaṅgiko maggo. Maggadhātu gatiyaṃ a. Vuttañhi <span class="bld">paṭisambhidāmagge</span> ‘‘etena maggena buddhā ca sāvakā ca agataṃ disaṃ nibbānaṃ gacchantīti aṭṭhaṅgiko maggo’’ti. Atha vā nibbānaṃ maggati gavesatīti maggo, nibbānatthikehi maggiyati gavesiyatīti vā maggo, aṭṭhaṅgiko maggo. Ñāṇena dassiyatīti attho. Maggadhātu gavesane a. Vuttañhetaṃ <span class="bld">mahāvaggasaṃyuttaṭṭhakathāyaṃ</span> ‘‘maggoti kenaṭṭhena maggo, nibbānaṃ magganaṭṭhena nibbānatthikehi magganiyaṭṭhena cā’’ti. Atha vā maggiyati paṭipajjiyatīti maggo, nibbānatthikehi aṭṭhaṅgiko maggo paṭipajjiyatīti attho. Uḷu vuccati udakaṃ, tato pāti rakkhatīti uḷupo, soyeva niggahitāgamavasena uḷumpo, kullo. Uḷusaddūpapadapādhātu rakkhane kvi. Maggoeva uḷumpo maggoḷumpo, maggasaṅkhāto vā uḷumpo tathā, maggasadiso vā uḷumpo tathā, maggo viya vā uḷumpo tathā, maggo ca uḷumpo ca maggoḷumpo. Atha vā uḷumpoeva maggo maggoḷumpo, uḷumpasaṅkhāto vā maggo tathā, uḷumpa sadiso vā maggo tathā, uḷumpo viya vā maggo tathā, uḷumpo ca maggo ca maggoḷumpoti evaṃ rūpakasadisaupamā samupekkhatthavasena ca parapakkha sakapakkhatthavasena ca vacanattho veditabbo. Tena maggoḷumpena. <span class="bld">Tarī</span>ti atari. Dhammarājā </p>','\r',char(13)),'\n',char(10)),'');
INSERT INTO pages (bookid, page, content, paranum) VALUES('annya_buddha_vandana_gantha_sanggaho_e0601n',119,replace(replace('<p class="bodytext">hi <a name="M0.0119"></a> aṭṭhamaggaṅganāvāya saṃsāroghaṃ taritvā nibbānatīraṃ pāpuṇāti. Atītā buddhā pāpuṇiṃsu. Anāgatā buddhā pāpuṇissantīti vuttaṃ hoti. Vuttañhi <span class="bld">mahāvaggasaṃyutte</span></p>\r\n<p class="gatha1">‘‘Ekāyanaṃ jātikhayantadassī,</p>\r\n<p class="gatha2">Maggaṃ pajānāti hitānukampī;</p>\r\n<p class="gatha3">Etena maggena tariṃsu pubbe,</p>\r\n<p class="gathalast">Tarissantiyeva taranti ogha’’nti; <span class="bld">Buddhavaṃse</span> ca</p>\r\n<p class="gatha1">‘‘Saṃsārasotaṃ chinditvā, viddhaṃsetvā tayo bhave;</p>\r\n<p class="gathalast">Dhammanāvaṃ samāruyha, tāremi janataṃ bahu’’nti.</p>\r\n<p class="bodytext"><span class="bld">Abhaya</span>nti jātijarābyādhimaraṇabhayādīnaṃ abhāvato nibbhayaṃ. So hi bhagavā natthi bhayaṃ etassāti abhayoti vuccati. Atha vā abhayanti khemaṃ. Tañhi nibbānaṃ natthi jātiādibhayaṃ etthāti abhayanti vuccati. Etasmiṃ pana dutiyavikappe taṃ padaṃ pārantipade visesanaṃ. <span class="bld">Pārapatta</span>nti ettha pāranti saṃsāravaṭṭassa paratīraṭṭhena vuccati nibbānaṃ. Tañhi udakaṃ pāti rakkhatīti pāraṃ, samuddapāraṃ. Pādhātu rakkhane aro. Atha vā pāreti samattheti taraṅgādayo vāretunti pāraṃ. Pāradhātu samatthiyaṃ a. Pāraṃ viyāti pāranti vuccati. Nītatthena pana evaṃ vacanattho kātabbo. Jāti bhayādiṃ pāti rakkhati etthāti pāraṃ, pāreti samattheti ettha vā jātibhayādayo vāretunti pāraṃ, nibbānaṃ. Taṃ pajjittha adhigamitthāti pārapatto, dhammarājā. Pārasaddūpapada padadhātu gatiyaṃ ta. Atha vā mutto moceyyantiādinā nayena pavattassa mahābhinīhārassa sakalassa saṃsāradukkhassa vā sabbaññutañāṇādiguṇānaṃ vā pāraṃ pariyantaṃ patto gatoti pārapatto, dhammarājā. Pārasaddo hi pariyanta vācako. Taṃ pārapattaṃ. <span class="bld">Pajāna</span>nti sabbasattānaṃ. Tehi kammakilesehi pakārena janiyati nibbattiyatīti pajāti vuccanti. Tesaṃ pajānaṃ.</p>','\r',char(13)),'\n',char(10)),'');
INSERT INTO pages (bookid, page, content, paranum) VALUES('annya_buddha_vandana_gantha_sanggaho_e0601n',120,replace(replace('<p class="bodytext"><span class="bld">Tāṇa</span>nti <a name="M0.0120"></a> tāyanaṭṭhena tāṇaṃ. Sattānaṃ saṃsāra bhayato tāyati rakkhatīti tāṇo, dhammarājā. Tādhātu rakkhane yu. Atha vā tāṇanti sattānaṃ saṃsāravaṭṭadukkhato paripālanaṭṭhena tāṇaṃ. So hi dhammarājā sattānaṃ saṃsāravaṭṭadukkhato dhammadesanāya magga phalanibbānasukhaṃ dadanto tāyati pāletīti tāṇoti vuccati. Taṃ tāṇaṃ. <span class="bld">Leṇa</span>nti nilīyanaṭṭhena leṇaṃ, jātibhayādīhi pīḷitehi sattehi līyanti nilīyanti etthāti leṇo, dhammarājā. Līdhātu nilīyane yu. Atha vā leṇanti saṃsārabhayaṃ passantehi nilīyanaṭṭhena leṇaṃ. So hi dhammarājā saṃsāranissaraṇatthikehi līyanti nilīyanti etthāti leṇoti vuccati. Taṃ leṇaṃ. Dhammarājā hi saṃsārabhayehi pīḷitānaṃ sabbasattānaṃ tāṇaṃ leṇaṃ saraṇaṃ parāyanaṃ ṭhānaṃ hotīti vuttaṃ hoti.</p>\r\n<p class="bodytext"><span class="bld">Asamasaraṇa</span>nti sabbasattānaṃ asadisaavassayanaṃ, natthi etassa samo sadiso sīlādiguṇenāti asamo, dhammarājā. Sarati gacchati avassayati etthāti saraṇo, dhammarājā. Saradhātu gatimhi yu. Asamo asadiso hutvā saraṇoti asamasaraṇo, dhammarājā. Sambhāva nākammadhārayasamāsoyaṃ. Dhammarājā hi sabbasampattisukhānaṃ dāyakattā sabbasattānaṃ anaññasādhāraṇaṃ asamaṃ saraṇaṃ avassayanaṃ parāyanaṃ hotīti attho. Taṃ asamasaraṇaṃ. <span class="bld">Ekatittha</span>nti nibbānapāragamanānaṃ ekatitthabhūtaṃ. Taranti uttaranti ettha etena vā najjasamuddādinti titthaṃ. Najjasamuddādīnaṃ pārimatīragamanatthaṃ otaraṇaṭṭhānaṃ labbhati. Taradhātu otaraṇe tha. Rassa to, ikārāgamo. Manussānaṃ ekaṃ titthaṃ ekatitthaṃ, taṃ viyāti ekatittho, dhammarājā. Yathā hi titthena najjādiṃ tarantā manussā pārimatīraṃ sukhaṃ pāpuṇanti, na atitthena, evaṃ seṭṭhabhūtena buddhatitthena </p>','\r',char(13)),'\n',char(10)),'');
INSERT INTO pages (bookid, page, content, paranum) VALUES('annya_buddha_vandana_gantha_sanggaho_e0601n',121,replace(replace('<p class="bodytext">saṃsāroghaṃ <a name="M0.0121"></a> tarantā veneyyasattā nibbānapāraṃ sukhaṃ pāpuṇanti, na atitthena aññatitthiyena, tasmā dhammarājaṃ ekatitthoti thometi. Nītatthena pana eko seṭṭho hutvā nibbānapāraṃ taranti uttaranti etthāti eka tittho, dhammarājā. Khemaṃ nibbānapāraṃ taritukāmā veneyyasattā ettha buddhatitthe desitadhammaṃ sutvā desitadhammānurūpaṃ paṭipajjitvā saṃsāroghaṃ aṭṭhamaggaṅganāvāya chinditvā khemaṃ nibbānapāraṃ sukhaṃ taranti, ititasmā etthātipadena niddiṭṭho so buddho sabbasattānaṃ eko seṭṭho tittho nāma. Na aññatitthiyā ekatitthā nāma hontīti attho. Taṃ ekatitthaṃ.</p>\r\n<p class="bodytext"><span class="bld">Patiṭṭha</span>nti sabbasattānaṃ mahādīpaṃ viya patiṭṭhaṃ ādhārabhūtaṃ. Paṭisaraṇaṃ leṇaṃ parāyananti attho. Patiṭṭhahanti etthāti patiṭṭho, dhammarājā. Patipubbaṭṭhādhātu gatinivattimhi a. Dhammarājā hi sabbasukhatthikānaṃ sattānaṃ mahādīpo viya patiṭṭho paṭisaraṇo leṇo parāyano hotīti attho, taṃ patiṭṭhaṃ. <span class="bld">Puññakkhetta</span>nti nibbānasukhatthikānaṃ puññabījassa khettabhūtaṃ. Puññatthikānaṃ puññabījassa vapanaṭhānaṃ khettabhūtaṃ vā, attano kārakaṃ pavati sodhetīti puññaṃ, kusalaṃ. Pudhātu sodhane ṇyo. Atha vā paraṃ pujjabhāvaṃ janetīti puññaṃ, sadā pūjitaṃ vā janetīti puññaṃ, kusalaṃ. Pūjasaddūpapada janadhātu ṇyo. Niruttinayena saddasiddhi veditabbā. Avasesaṃ apuññaṃ punāti sodhetīti vā puññaṃ, kusalaṃ. Pudhātu sodhane ṇyo. Khittaṃ vuttaṃ bījaṃ tāyati rakkhatīti khettaṃ, kedārādi. Khipasaddūpapada tādhātu rakkhane kvi. Bījāni vapantānaṃ manussānaṃ mahapphalabhāvakaraṇena bījaṃ rakkhatīti attho. Atha vā khipanti vapanti ettha bījānīti khettaṃ. Khipadhātu peraṇe khepe vā ta. Khettaṃ viyāti khetto. Dhammarājā. Nītatthena pana puññabījāni vapantānaṃ sattānaṃ mahapphala </p>','\r',char(13)),'\n',char(10)),'');
INSERT INTO pages (bookid, page, content, paranum) VALUES('annya_buddha_vandana_gantha_sanggaho_e0601n',122,replace(replace('<p class="bodytext">bhāvakaraṇena <a name="M0.0122"></a> khittaṃ vuttaṃ puññabījaṃ tāyati rakkhatīti khetto. Atha vā nibbānatthikehi puññabījāni khipiyanti vapiyanti etthāti khetto. Dhammarājāti kātabbo. Puññānaṃ khettaṃ puññakkhetto, dhammarājā. Yathā hi rañño vā amaccādīnaṃ vā sālīnaṃ vā yavānaṃ vā virūhanaṭṭhānaṃ rañño vā amaccādīnaṃ vā sālikhettaṃ yavakhettanti vuccati. Evaṃ dhammarājā sabbalokassa puññamahabbalabhāvakaraṇena puññānaṃ virūha naṭṭhānaṃ dhammarājaṃ nissāya sattalokassa nānāppakārahita sukhasaṃvattanikāni puññāni virūhanti, tasmā dhammarājā puññakkhettanti abhitthavitoti vuttaṃ hoti. Taṃ puññakkhettaṃ.</p>\r\n<p class="bodytext"><span class="bld">Paramasukhada</span>nti uttamaṃ nibbānasukhaṃ dadamānaṃ. Vuttañhi ‘‘nibbānaṃ paramaṃ sukha’’nti. Ettha ca paramasaddo uttamatthavācako anipphannapāṭi padiko. Atha vā paraṃ atirekaṃ ariyehi mānitabbanti paramaṃ, nibbānaṃ. Parapubbamādhātu māne a. Pakārena ariyehi ramiyati etthāti vā paramaṃ, nibbānaṃ. Papubbaramudhātu ramane ṇa. <span class="bld">Abhidhānaṭīkāyaṃ</span> pana ‘‘paraṃ paccanīkaṃ māretīti paramaṃ. Pakaṭṭhabhāve ramatīti paramaṃ. Ṇo’’ti vuttaṃ. Tassa sukhaṃ paramasukhaṃ. Paramaṃ uttamaṃ vā sukhaṃ paramasukhaṃ. Taṃ dadātīti paramasukhado, dhammarājā. Paramasukhasaddūpapada dādhātu dāne kvi. Dhammarājā pana veneyyasattānaṃ dhammadesanāya ca catupaccayappaṭiggahaṇena ca nibbānasukhaṃ detīti vuttaṃ hoti. Taṃ paramasukhadaṃ. <span class="bld">Dhammarāja</span>nti buddhaṃ. So hi lokiya lokuttaradhammehi devamanussānaṃ rañjeti tosetīti dhammarājāti. Atha vā pāramīdhammeneva buddhattaṃ patvā rājā jātoti dhammarājāti. Pāramīdhammeneva jāto vā rājāti dhammarājāti ca vuccati. Taṃ dhammarājaṃ ahaṃ namāmīti sambandho.</p>\r\n<p class="bodytext">Ayaṃ panettha <span class="bld">saṅkhepayojanā</span>. Yo dhammarājā muha paṭighāsādiullolavīciṃ mohadosataṇhādisaṅkhātaṃ mahātaraṅga khuddakaūmikaṃ, saṃsāroghaṃ saṃsārasaṅkhātaṃ oghaṃ </p>','\r',char(13)),'\n',char(10)),'');
INSERT INTO pages (bookid, page, content, paranum) VALUES('annya_buddha_vandana_gantha_sanggaho_e0601n',123,replace(replace('<p class="bodytext">samuddajalappavāhaṃ<a name="M0.0123"></a>. Maggoḷumpena aṭṭhamaggaṅgasaṅkhātena kullena tari atariṃ, abhayaṃ khemaṃ, jātiādīnaṃ abhāvato nibbhayaṃ vā, pārapattaṃ nibbānapāraṃ pattaṃ adhigataṃ, pajānaṃ sabba sattānaṃ, tāṇaṃ tāyanaṭṭhena tāṇaṃ rakkhaṇaṃ. Leṇaṃ nilīyanaṭṭhena leṇaṃ nilīyanaṃ, asamasaraṇaṃ sabbasattānaṃ asadisaavassayanaṃ, ekatitthaṃ nibbānapāragamanānaṃ ekatittha bhūtaṃ, patiṭṭhaṃ sabbasattānaṃ mahādīpaṃ viya patiṭṭhaṃ ādhārabhūtaṃ, puññakkhettaṃ nibbānasukhatthikānaṃ puññabījassa khettabhūtaṃ, puññatthikānaṃ puññabījassa vapanaṭṭhānaṃ khettabhūtaṃ vā, paramasukhaṃ uttamaṃ nibbānasukhaṃ dadamānaṃ, dhammarājaṃ buddhaṃ lokiyalokuttara dhammehi pajānaṃ rañjāpanaṃ vā, pāramīdhammeneva buddhabhāvaṃ jātaṃ buddhaṃ vā, ahaṃ tīhi dvārehi namāmīti.</p>\r\n<p class="centered">Aṭṭhārasamavandanagāthāvaṇṇanā samattā.</p>\r\n<p class="hangnum"><a name="para19"></a><span class="paranum">19</span>.</p>\r\n<p class="gatha1"> Kaṇḍambaṃmūle parahitakaro yo munindo nisinno;</p>\r\n<p class="gatha2">Accheraṃ sīghaṃ nayanasubhagaṃ ākulaṇṇaggijālaṃ;</p>\r\n<p class="gatha3">Dujjāladdhaṃsaṃ munibhijahitaṃ pāṭiheraṃ akāsi;</p>\r\n<p class="gathalast">Vande taṃ seṭṭhaṃ paramaratijaṃ iddhidhammehupetaṃ.</p>\r\n<p class="bodytext"><a name="para19"></a><span class="paranum">19</span>. Evaṃ aṭṭhārasamagāthāya dhammarājaṃ vanditvā idāni sāvatthiyaṃ kaṇḍambamūle iddhipāṭiherādīhi guṇehi munindassa thometvā vanditukāmo <span class="bld">kaṇḍambaṃmūle</span>tyādi gāthamāha. Ayaṃ pana matanayayayagaṇehi ca pañca yati chayati sattaya tīhi ca racitattā aṭṭhārasakkharehi yuttā kusumitalatā vellitāgāthāti daṭṭhabbā. Vuttañhi <span class="bld">vuttodaye</span> ‘‘mo to no yo yā kusumitalatā vellitākkhutvisīhī’’ti. Ayaṃ panettha yojanā. Yassaṃ paṭipādaṃ akkhutvisīhi pañcayati chayati sattayatīhi mogaṇo ca togaṇo ca nogaṇo ca yogaṇo ca yā yagaṇadvayañca ce </p>','\r',char(13)),'\n',char(10)),'-19-19-');
INSERT INTO pages (bookid, page, content, paranum) VALUES('annya_buddha_vandana_gantha_sanggaho_e0601n',124,replace(replace('<p class="bodytext">yuttā<a name="M0.0124"></a>, sā gāthā kusumitalatā vellitā kusumitalatā vellitā gāthā nāmāti. Ettha ca akkhasaddassa pañcindriyavācakattā akkhasaddo pañcasaṅkhyāvācakoti veditabbo. Utūnaṃ hemantasisīravassantagimhavassānasaradavasena chabbidhattā utusaddo chasaṅkhyāvācakoti. Isisaddo vipassīādīnaṃ buddhānaṃ sattavidhattā sattasaṅkhyāvācakoti veditabboti.</p>\r\n<p class="bodytext">Tattha pana parahitakaro yo munindo kaṇḍambamūle nisinno pāṭiheraṃ sīghaṃ akāsi, taṃ munindaṃ ahaṃ vande vandāmīti sambandho. Atthakkamena panettha vaṇṇayissāmi. <span class="bld">Parahitakaro</span>ti attanā paresaṃ sabbasattānaṃ hitaṃ atthaṃ karonto. Hinoti vaḍḍhati sukhaṃ etenāti hitaṃ, atthaṃ payojanaṃ vā. Hidhātu vaḍḍhane ta. Taṃsamaṅgino lokiyalokuttarasukhaṃ vaḍḍhatīti attho. Paresaṃ hitaṃ parahitaṃ, taṃ karotīti parahitakaro, munindo. So hi dīpaṅkarassa bhagavato pādamūle laddhabyākaraṇato paṭṭhāya attano sukhaṃ pajahanto sattalokassa hitasukhatthāya kappasata sahassādhikāni cattāri asaṅkhyeyyāni samatiṃsapāramiyo pañcamahāpariccāge ca karonto sabbaññubuddhabhāvaṃ pattakāle ca pañcacattālīsavassāni dhamma desanāya sattalokassa lokiyalokuttarahita sukhaṃ karotīti parahitakaroti thometi. <span class="bld">Yo</span>ti yo yādiso. <span class="bld">Munindo</span>ti buddho. So hi agāriya muni, anagāriyamuni, sekkhamuni, asekkhamuni, paccekamunivasena pañcannaṃ munīnaṃ indoti munindoti vuccati. <span class="bld">Kaṇḍambamūle</span>ti ettha kaṇḍaambamūleti padacchedo. Chandānurakkhaṇatthaṃ bindāgamo. Kaṇḍanāmikena pasenadīkosalarañño uyyānapālena ropitassa setambarukkhassa samīpeti attho. Ettha ca kaṇḍanti tasseva nāmaṃ. Atha vā kaṃ vuccati sukhaṃ, taṃ ḍeti </p>','\r',char(13)),'\n',char(10)),'');
INSERT INTO pages (bookid, page, content, paranum) VALUES('annya_buddha_vandana_gantha_sanggaho_e0601n',125,replace(replace('<p class="bodytext">gacchati <a name="M0.0125"></a> pāpuṇātīti kaṇḍo, uyyānapālo. Kaṃsaddūpapadaḍi dhātu gatiyaṃ ṇa. Kaṃ vuccati vā udakaṃ, taṃ rukkhesu siñcanaṃ ṭināti jānātīti kaṇḍo, uyyānapālo uyyāna nāyako vā. Phalakāmehi janehi amiyati gamiyatīti ambo, setambarukkho. Amadhātu gatiyaṃ bo. Kaṇḍanāmikena uyyānapālena ropito ambo kaṇḍambo, tassa mūlaṃ samīpanti kaṇḍambamūlaṃ, tasmiṃ kaṇḍambamūle.</p>\r\n<p class="bodytext"><span class="bld">Nisinno</span>ti vasamāno. Vimhāpaniyaṭṭhena <span class="bld">accheraṃ</span>. Ayañhi accherasaddo vimhayatthavācako anipphannapāṭi padiko. Atha vā ābhuso vimhayo carati pavattatīti accheraṃ, pāṭiheraṃ. Āpubba caradhātu gatiyaṃ a. Caradhātussaccherādeso. Ākārassa rasso. Andhassa pabbatārohanaṃ viya niccaṃ na carati na pavattatīti accheraṃ, pāṭiheraṃ. Napubba caradhātu gatiyaṃ a. Yathā hi andhassa pabbātārohanaṃ niccaṃ na hoti, kadāciyeva hoti, evameva bhagavato pāṭihāriyaṃ niccaṃ na hoti, kadāciyeva hoti. Tasmā taṃ accheranti vuccati. Tena vuttaṃ <span class="bld">nettiaṭṭhakathāyaṃ</span> ‘‘yaṃ abhiṇhaṃ na pavattati, taṃ acchariya’’nti. Atha vā accharaṃ paharituṃ yogganti acchariyaṃ. Yoggataddhite ṇiyapaccayo. Acchariyanti hi vattabbe chandānurakkhaṇatthaṃ iyasaddalopena accheranti vuttaṃ. Vuttañhetaṃ <span class="bld">sīlakkhandhavaggaṭṭhakathāyaṃ</span> ‘‘andhassa pabbatārohanaṃ viya niccaṃ na hotīti acchariyaṃ. Ayaṃ tāva saddanayo. Ayaṃ pana aṭṭhakathānayo, accharāyogganti acchariyaṃ, accharaṃ paharituṃ yuttanti attho’’ti. <span class="bld">Nayanasubhaga</span>nti devamanussānaṃ pasādacakkhussa sobhanapattaṃ. Samavisamaṃ dassentaṃ attabhāvaṃ netīti nayanaṃ, pasādacakkhu. Nīdhātu naye yu. Tassa subhaṃ sobhanaṃ gacchatīti nayanasubhagaṃ, pāṭiheraṃ. Nayanasubha saddūpapadagamudhātu gatiyaṃ kvi. Taṃ nayanasubhagaṃ.</p>','\r',char(13)),'\n',char(10)),'');
INSERT INTO pages (bookid, page, content, paranum) VALUES('annya_buddha_vandana_gantha_sanggaho_e0601n',126,replace(replace('<p class="bodytext"><span class="bld">Ākulaṇṇaggijāla</span>nti <a name="M0.0126"></a> ettha ākulaaṇṇaaggijālanti padacchedo. Parikiṇṇa udakadhāra aggisikhāvantaṃ. Atha vā parisamantato kulaṃ pakiṇṇaṃ aññamaññamissakaṃ yamakaṃ yamakaṃ udakajālaaggijālavantanti attho. Ābhuso kulati udakaggijālaṃ aññamaññamissakaṃ karotīti ākulaṃ, udakaggijālaṃ. Āpubbakuladhātu karaṇe a. Ābhusaṃ kulati bandhati aññamaññanti vā ākulaṃ. Atha vā āsamantato kulati yamakaṃ yamakaṃ udakaggijālaṃ pavattatīti ākulaṃ, udakaggijālaṃ. Udakajālaṃ aggijālena aggijālañca udakajālena sammisso hotīti attho. Ananti jīvanti etena sattāti aṇṇaṃ, udakaṃ. Anadhātu jīvāyaṃ a. Nassa ṇo. Tassa dvittaṃ. Dvibhāvo vā. Atha vā arati gacchati taṃ taṃ ṭhānanti aṇṇaṃ. Aradhātu gatimhito. Tassa annādeso, dhātvantalopo, nnassa ṇṇattaṃ. Aṇṇassa dhāraṃ aṇṇaṃ. Uttarapadalopena. Kuṭilabhāvena ajati gacchatīti aggi, ajadhātu gatiyaṃ i. Jassa ggo. Jalati dibbatīti jālaṃ, sikhaṃ. Jaladhātu dittiyaṃ ṇa. Aggino jālaṃ aggijālaṃ. Aṇṇañca aggijālañca aṇṇaggijālaṃ, ākulaṃ parikiṇṇaṃ aṇṇaggijālaṃ assāti ākulaṇṇaggijālaṃ, yamaka pāṭiheraṃ labbhati. Taṃ ākulaṇṇaggijālaṃ.</p>\r\n<p class="bodytext"><span class="bld">Dujjāladdhaṃsa</span>nti duṭṭhu diṭṭhivādasaṅkhātajālaṃ viddhaṃsitaṃ. Duṭṭhu jalati bandhati saṃsāravaṭṭeti dujjālaṃ, diṭṭhivādajālaṃ. Titthiya vādo hi natthi dinnantiādinayapavatto saṃsārato nissaritumappadānavasena jālasadisattā dujjālanti attho. Dupubba jaladhātu bandhane ṇo. Taṃ dhaṃsati viddhaṃsatīti dujjāladdhaṃsaṃ, yamakapāṭihāriyaṃ. <span class="bld">Munibhijahita</span>nti munibhi ajahitanti padacchedo. Tattha munibhīti sabbasammāsambuddhehi. Te hi monaṃ vuccati sabbaññutañāṇaṃ, taṃ etesaṃ atthīti munīti vuccanti. Kāyamoneyya vacīmoneyya manomoneyyaṃ etesaṃ atthīti </p>','\r',char(13)),'\n',char(10)),'');
INSERT INTO pages (bookid, page, content, paranum) VALUES('annya_buddha_vandana_gantha_sanggaho_e0601n',127,replace(replace('<p class="bodytext">vā <a name="M0.0127"></a> muni. Assatthitaddhite ṇīpaccayo. Atha vā idhaloka paralokaṃ attahita parahitaṃ hitāhitañca munanti jānantīti munīti vuccanti. Tehi munībhi.</p>\r\n<p class="bodytext"><span class="bld">Ajahita</span>nti avijahitaṃ apariccattaṃ vā, hātabbaṃ cajitabbanti jahitaṃ. Hādhātu cāge ta. Na jahitaṃ ajahitaṃ, pāṭiheraṃ. Taṃ ajahitaṃ. Bhagavato hi sāvatthinagarassa dakkhiṇadvāre kaṇḍambarukkhamūle kataṃ pāṭihāriyañca bhagavā pana tasmiṃ pāṭihāriyāvasāne tāvatiṃsapuraṃ gato, tasmiṃ pārichattakamūlamhi paṇḍukambalanāmake silāsane sannisinno devānaṃ abhidhammakathāya desanā ca sabbasammāsambuddhehi avijahitā dhammatāyeva hotīti vuttaṃ hoti. <span class="bld">Buddhavaṃsaṭṭhakathāya</span>ñhi samatiṃsadhammatāpakāsane sāvatthi nagaradvāre yamakapāṭihāriyakaraṇaṃ. Tāvatiṃse bhavane abhidhammadesanāti dhammatābhāvena vuttaṃ. Tasmā pāṭiheraṃ munībhijahitanti thometi.</p>\r\n<p class="bodytext"><span class="bld">Pāṭihera</span>nti paccanīkapaṭiharaṇavasena pāṭihāriyaṃ, paṭipakkhe titthiye madditvā hinoti pavattatīti pāṭiheraṃ. Paṭipubbahidhātu gatiyaṃ ṇo. Hissa heraṇideso. Atha vā bhagavato ca sāsanassa ca paṭipakkhe titthiye harati apanetīti pāṭiheraṃ, iddhividhañāṇaṃ. Paṭipubbaharadhātu apanayane ṇo. Paṭiharati apaneti sattānaṃ diṭṭhimānopagatāni cittānīti vā pāṭiheraṃ. Appasannānaṃ pasādaṃ āharatīti vā pāṭiheraṃ. Samāhite citte vigatūpakkilese katakiccena paṭipacchā haritabbaṃ pavattetabbanti vā pāṭiheraṃ. Paṭīti hi ayaṃsaddo pacchāti etassa atthaṃ bodheti. Tasmiṃ paṭipaviṭṭhamhi añño āgacchi brāhmaṇotiādīsu viya. Atha vā paṭipunappunaṃ udakaggijālaṃ abbocchinnaṃ yamakaṃ yamakaṃ hutvā harati pavattatīti pāṭiheraṃ, yamakapāṭihāriyaṃ. Tañca pana iddhipāṭihāriya, ādesanāpāṭihāriya, anusā </p>','\r',char(13)),'\n',char(10)),'');
INSERT INTO pages (bookid, page, content, paranum) VALUES('annya_buddha_vandana_gantha_sanggaho_e0601n',128,replace(replace('<p class="bodytext">sanī <a name="M0.0128"></a> pāṭihāriyavasena tividhaṃ hoti. Tesu pana idha iddhipāṭihāriyaṃ adhippetanti. <span class="bld">Sīgha</span>nti khippaṃ āsuṃ lahuṃ vā. Taṃ pana akāsītipade kriyāvisesanaṃ. Seti lahu hutvā pavattatīti sīghaṃ. Sidhātu gatimhi ghapaccayo. Dīgho. <span class="bld">Akāsī</span>ti akari.</p>\r\n<p class="bodytext">Ettha ca pāṭihāriyamevaṃ veditabbaṃ. Bhagavā hi abhisambodhito sattame saṃvacchare sāvatthinagarassa dakkhiṇadvāre kaṇḍambarukkhamūle devānamindena sakkena āṇāpitena visukammadevaputtena nimmite dvādasayojane ratana maṇḍape bhagavatā nimmite yojanappamāṇe ratanapallaṅke ratanacaṅkame ca nisīditvā tiyojanike dibbasetacchatte dhārayamāne samantato dvādasayojanāya parisāya atthādānaparidīpanaṃ titthiyamaddanaṃ uparimakāyato aggikkhandho pavattati, heṭṭhimakāyato udakadhārā pavattati, heṭṭhimakāyato aggikkhandho, uparimakāyato udakadhārā. Puratthimakāyato aggikkhandho, pacchimakāyato udakadhārā. Pacchimakāyato aggikkhandho, puratthimakāyato udakadhārā, dakkhiṇaakkhito aggikkhandho, vāmaakkhito udakadhārā. Vāmaakkhito aggikkhandho, dakkhiṇaakkhito udakadhārā. Dakkhiṇakaṇṇasotato aggikkhandho, vāmakaṇṇasotato udakadhārā. Vāmakaṇṇasotato aggikkhandho, dakkhiṇakaṇṇasotato udakadhārā. Dakkhiṇa nāsikāsotato aggikkhandho, vāmanāsikāso tato udakadhārā. Vāmanāsikāsotato aggikkhandho, dakkhiṇanāsikāsotato udakadhārā. Dakkhiṇaaṃsakūṭato aggikkhandho, vāmaaṃsakūṭato udakadhārā. Vāmaaṃsakūṭato aggikkhandho, dakkhiṇaaṃsakūṭato udakadhārā. Dakkhiṇahatthato aggikkhandho, vāmahatthato udakadhārā. Vāmahatthato aggikkhandho, dakkhiṇahatthato udakadhārā. </p>','\r',char(13)),'\n',char(10)),'');
INSERT INTO pages (bookid, page, content, paranum) VALUES('annya_buddha_vandana_gantha_sanggaho_e0601n',129,replace(replace('<p class="bodytext">Dakkhiṇapassato <a name="M0.0129"></a> aggikkhandho, vāmapassato udakadhārā. Vāmapassato aggikkhandho, dakkhiṇapassato udakadhārā. Dakkhiṇapādato aggikkhandho, vāmapādato udakadhārā. Vāmapādato aggikkhandho, dakkhiṇapādato udakadhārā. Aṅgulaṅgulehi aggikkhandho, aṅgulantarikāhi udakadhārā. Aṅgulantarikāhi aggikkhandho, aṅgulaṅgulehi udakadhārā. Ekekalomato aggikkhandho, ekekalomato udakadhārā. Lomakūpato lomakūpato aggikkhandho, lomakūpato lomakūpato udakadhārā pavattati. Channaṃ vaṇṇānaṃ nīlānaṃ pītānaṃ lohitakānaṃ odātānaṃ mañjaṭṭhānaṃ pabhassarānaṃ ubbahanabhūtānaṃ yamakā yamakā vaṇṇā pavattanti. Bhagavā caṅkamati, nimmito tiṭṭhati vā nisīdati vā seyyaṃ vā kappeti. Bhagavā tiṭṭhati, nimmito caṅkamati vā nisīdati vā seyyaṃ vā kappeti. Bhagavā nisīdati, nimmito caṅkamati vā tiṭṭhati vā seyyaṃ vā kappeti. Bhagavā seyyaṃ kappeti, nimmito caṅkamati vā tiṭṭhati vā nisīdati vā. Nimmito caṅkamati, bhagavā tiṭṭhati vā nisīdati vā seyyaṃ vā kappeti. Nimmito tiṭṭhati, bhagavā caṅkamati vā nisīdati vā seyyaṃ vā kappeti. Nimmito nisīdati, bhagavā caṅkamati vā tiṭṭhati vā seyyaṃ vā kappeti. Nimmito seyyaṃ kappeti, bhagavā caṅkamati vā tiṭṭhati vā nisīdati vāti vividhaṃ yamakapāṭihāriyaṃ titthiyānaṃ maddanatthāya akāsīti. Ettha ca pana yo koci evarūpaṃ pāṭihāriyaṃ kātuṃ samattho ce. So āgacchatūti codanāsadisattā vuttaṃ atthādānaparidīpananti. Atthādānañhi anuyogo, paṭipakkhassa atthassa ādānaṃ gahaṇanti katvā, tassa paridīpanaṃ atthādānaparidīpanaṃ. Titthiyamaddananti pāṭihāriyaṃ karissāmāti kuhāyanavasena pubbe uṭṭhitānaṃ titthiyānaṃ maddanaṃ. Tañca tathā kātuṃ asamatthatā sampādanameva. Tadetaṃ padadvayaṃ yamakapāṭihāriyanti etena sambandhitabbanti.</p>','\r',char(13)),'\n',char(10)),'');
INSERT INTO pages (bookid, page, content, paranum) VALUES('annya_buddha_vandana_gantha_sanggaho_e0601n',130,replace(replace('<p class="bodytext"><span class="bld">Seṭṭha</span>nti <a name="M0.0130"></a> pasatthataraṃ. Tassa vacanattho heṭṭhā vuttoyeva. <span class="bld">Paramaratija</span>nti devamanussānaṃ uttamaratiṃ janakaṃ. Paramānaṃ uttamasādhūnaṃ cittaramanaṃ janāpetaṃ vā, ettha ca paṭhamavikappe paramasaddo uttamavācako anipphannapāṭipadiko nipāto. Dutiyavikappe sādhuvācako nipphannapāṭipadiko. Devamanussānaṃ paramaṃ uttamaṃ ratiṃ janetīti paramaratijo, munindo. Paramaratisaddūpapada janadhātu janane kvi. Atha vā pakārena saddhamme ramantīti paramā, sādhū labbhanti. Papubba ramudhātu kīḷāyaṃ a. Tesaṃ cittassa ratiṃ ramanaṃ janetīti paramaratijo, munindo. Taṃ paramaratijaṃ. So hi dhamma desanāya ca pāṭihāriyena iddhiyā sarīrasobhagga sampattiādīhi ca devamanussānaṃ cittassa abhiratiṃ abhikkantaṃ janetīti paramaratijanti thometi.</p>\r\n<p class="bodytext"><span class="bld">Iddhidhammehupeta</span>nti iddhidhammehi upetanti padacchedo. <span class="bld">Iddhi dhammehī</span>ti acinteyyaappameyyehi buddhaiddhisaṅkhātaguṇehi. Dhammasaddo hi guṇe vattati buddhadhammātiādīsu viya. Ijjhanaṃ samijjhanaṃ iddhi. Ijjhati samijjhatīti vā iddhi. Ijjhati samijjhati yathicchitattho etāyāti iddhi. Idhadhātu vuddhiyaṃ i, tipaccayo vā. Bhagavā etāya iddhiyā yathicchitattho iddho vuddho ukkaṃsagato hotīti attho. Dhāreti pakāseti taṃsamaṅgino dabbanti dhammo, guṇo. Iddhieva dhammo iddhidhammo, tehi dhammehi. <span class="bld">Upeta</span>nti samannāgataṃ. Upagacchati sampajjatīti upeto, munindo. Upapubbaidhātu gatiyaṃ ta. Taṃ upetaṃ.</p>\r\n<p class="bodytext">Iddhi pana adhiṭṭhānā iddhi, vikuppanā iddhi, manomayā iddhi, ñāṇavipphārā iddhi, samādhivipphārā iddhi, ariyā iddhi, kammavipākajā iddhi, puññavato iddhi, vijjāmayā iddhi, tattha tattha sammāpayogapaccayā ijjhanaṭṭhena iddhi cāti dasavidhā hoti. Tattha pakatiyā eko bahukaṃ āpajjati. </p>','\r',char(13)),'\n',char(10)),'');
INSERT INTO pages (bookid, page, content, paranum) VALUES('annya_buddha_vandana_gantha_sanggaho_e0601n',131,replace(replace('<p class="bodytext">Sataṃ <a name="M0.0131"></a> vā sahassaṃ vā āvajjitvā ñāṇena adhiṭṭhāti bahuko homīti evaṃ vibhajitvā dassitā iddhi adhiṭṭhāna vasena nipphannattā adhiṭṭhānā iddhi nāma. Pakativaṇṇaṃ vijahitvā kumāravaṇṇaṃ vā dasseti nāgavaṇṇaṃ vā supaṇṇavaṇṇaṃ vā yakkhavaṇṇaṃ vā…pe… vividhampi senābyūhaṃ dassetīti evaṃ āgatā iddhi pakativaṇṇavijahanavikāravasena pavattattā vikuppanā iddhi nāma. Idha bhikkhu imamhā kāyā aññaṃ kāyaṃ abhinimmināti rūpaṃ manomayanti iminā nayena āgatā iddhi sarīrabbhantare aññasseva manomayassa sarīrassa nipphattivasena pavattattā manomayā iddhi nāma. Ñāṇuppattito pubbe vā pacchā vā taṅkhaṇe vā ñāṇānubhāvanibbattā visesā ñāṇavipphārā iddhi nāma. Ettha ca āyasmato bākulattherassa ca āyasmato saṃkiccattherassa ca āyasmato bhūtapālattherassa ca ñāṇavipphārā iddhi veditabbā. Samādhito pubbe vā pacchā vā taṅkhaṇe vā samathānubhāvena nibbattā visesā samādhivipphārā iddhi nāma. Ettha ca āyasmato sāriputtattherassa ca āyasmato sañjīvattherassa ca āyasmato khāṇukoṇḍaññattherassa ca uttarāya upāsikāya ca sāmāvatiyā upāsikāya ca samādhivipphārā iddhi veditabbā.</p>\r\n<p class="bodytext">Paṭikūlādīsu appaṭikūlasaññī vihārādikā pana ariyā iddhi nāma. Pakkhidevādīnaṃ vehāsagamanādikā kamma vipākajā iddhi nāma. Yathāha ‘‘katamā vipākajā iddhi. Sabbesaṃ pakkhīnaṃ sabbesaṃ devānaṃ ekaccānaṃ manussānaṃ ekaccā nañca vinipātikānaṃ ayaṃ kammavipākajā iddhī’’tiādi. Cakkavattiādīnaṃ vehāsagamanādikā pana puññavato iddhi nāma. Yathāha ‘‘katamā puññavato iddhi. Rājā cakkavatti vehāsaṃ gacchati saddhiṃ caturaṅginiyā senāya antamaso </p>','\r',char(13)),'\n',char(10)),'');
INSERT INTO pages (bookid, page, content, paranum) VALUES('annya_buddha_vandana_gantha_sanggaho_e0601n',132,replace(replace('<p class="bodytext">assabandhagobandhapurise <a name="M0.0132"></a> upādāya. Jotikassa gahapatissa puññavato iddhi. Jaṭilassa gahapatissa puññavato iddhi. Ghosakassa gahapatissa puññavato iddhi. Meṇḍakassa gahapatissa puññavato iddhi. Pañcannaṃ mahāpuññānaṃ puññavato iddhī’’ti. Vijjādharādīnaṃ vehāsagamanādikā pana vijjāmayā iddhi nāma. Ettha ca ādisaddena ākāse antalikkhe hatthimpi dasseti. Assampi…pe… vividhampi senābyūhaṃ dasseti tyādiṃ saṅgaṇhāti. Tena tena sammāpayogena tassa tassa kammassa ijjhanaṃ tattha tattha sammā payogapaccayā ijjhanaṭṭhena iddhi nāma.</p>\r\n<p class="bodytext">Ayaṃ panettha saṅkhepo. Vitthāro pana <span class="bld">paṭisambhidāmagge</span> iddhikathāya ca <span class="bld">visuddhimaggaṭṭhakathāya</span> ca gahetabbo. Tāsu pana iddhīsu bhagavato ṭhapetvā vijjāmayiddhiṃ avasesā atthīti veditabbā. Atha vā bhagavato tīhi vijjāhi ca aṭṭhahi vijjāhi ca samannāgatattā sabbā buddhaiddhiyo santīti vijjāmayiddhipi labbhatīti daṭṭhabbā. Taṃ munindaṃ ahaṃ vande vandāmīti sambandho.</p>\r\n<p class="bodytext">Ayaṃ panettha <span class="bld">saṅkhepatthayojanā</span>. Parahitakaro attanā paresaṃ sabbasattānaṃ atthaṃ payojanaṃ karonto, yo munindo yo yādiso buddho, kaṇḍambaṃmūle kaṇḍanāmikena pasenadikosalarañño uyyānapālena ropitassa setambarukkhassa samīpe sannisinno vasamāno accheraṃ vimhāpanīyaṃ nayanasubhagaṃ devamanussānaṃ pasāda cakkhussa sobhanapattaṃ ākulaṇṇaggijālaṃ parikiṇṇaudaka dhāraaggisikhavantaṃ parisamantato kulaṃ parikiṇṇaṃ aññamañña missakaṃ yamakaṃ yamakaṃ udakajālaaggijālavantaṃ vā, dujjāladdhaṃsaṃ duṭṭhuṃ micchādiṭṭhivādasaṅkhātaṃ jālaṃ viddhaṃsitaṃ, munibhijahitaṃ sabbasammāsambuddhehi avijahitaṃ, pāṭiheraṃ paccanīka paṭihārakaṃ pāṭihāriyaṃ udakaggiyamakaṃyamakaṃ pāṭihāriyaṃ </p>','\r',char(13)),'\n',char(10)),'');
INSERT INTO pages (bookid, page, content, paranum) VALUES('annya_buddha_vandana_gantha_sanggaho_e0601n',133,replace(replace('<p class="bodytext">vā<a name="M0.0133"></a>, sīghaṃ khippaṃ akāsi akari, seṭṭhaṃ pasatthataraṃ, paramaratijaṃ devamanussānaṃ uttamaratiṃ janakaṃ uttamānaṃ sādhūnaṃ cittaramanaṃ janāpetaṃ vā, iddhidhammehi acinteyyaappameyyehi buddhaiddhi guṇehi upetaṃ samannāgataṃ, taṃ munindaṃ ahaṃ sirasā vande vandāmīti.</p>\r\n<p class="centered">Ekūnavīsatimavandanagāthāvaṇṇanā samattā.</p>\r\n<p class="bodytext"><a name="para20"></a><span class="paranum">20</span>. Munindakko yveko dayudayaruṇo ñāṇavitthiṇṇabimbo, vineyyappāṇoghaṃ kamalakathitaṃ dhammaraṃsīvarehi. Subodhesī suddhe tibhavakuhare byāpitakkittinañca, tilokekaccakkhuṃ dukhamasahanaṃ taṃ mahesiṃ namāmi.</p>\r\n<p class="bodytext"><a name="para20"></a><span class="paranum">20</span>. Evaṃ ekūnavīsatimāya gāthāya munindaṃ vanditvā idāni vineyyappāṇoghaṃ dhammadesanāya catusaccadhammaṃ bodhaneyyādīhi navahi guṇehi thomitvā munindakkaṃ vanditukāmo <span class="bld">munindakko</span>tyādigāthamāha. Ayaṃ pana ya ma na sa ra ragaṇehi ca ekagarunā ca chayatīhi ca sattayatīhi ca racitattā ekūnavīsatakkharā meghavipphujjitāgāthāti daṭṭhabbā. Vuttañhi <span class="bld">vuttodaye</span> ‘‘rasutvassehi ymā na sa ra ra garū meghavipphujjitā sā’’ti. Ayaṃ panettha yojanā. Yassaṃ paṭipādaṃ rasutvassehi cha cha satta yatīhi ymā yagaṇamagaṇā ca na sa rara garū nagaṇa sagaṇa ragaṇa ragaṇa ekagaru ca ce yuttā, sā gāthā meghavipphujjitā megha vipphujjitā gāthā nāmāti. Ettha ca rasānaṃ kasāva titta madhuralavaṇa ambila kaṭukavasena chabbidhattā rasasaddo chasaṅkhyāvācakoti daṭṭhabbo. Utūnaṃ hemanta sisīra vasanta gimhavassānasaradavasena chabbidhattā utusaddo chasaṅkhyāvācakoti. Assasaddo sattasaṅkhyāvācakoti daṭṭhabbo. Assasaddassa hi sattasaṅkhyāvācakabhāvo <span class="bld">chandaṭīkāsu</span> vuttoti.</p>','\r',char(13)),'\n',char(10)),'-20-20-');
INSERT INTO pages (bookid, page, content, paranum) VALUES('annya_buddha_vandana_gantha_sanggaho_e0601n',134,replace(replace('<p class="bodytext">Tattha <a name="M0.0134"></a> pana dayudayaruṇo ñāṇavitthiṇṇabimbo eko yo munindakko suddhe tibhavakuhare kamalakathitaṃ vineyyappāṇoghaṃ dhammaraṃsīvarehi subodhesi byāpitakkitti nañca tilokekaccakkhuṃ dukhamasahanaṃ mahesiṃ taṃ munindakkaṃ namāmīti yojanā.</p>\r\n<p class="bodytext">Imissā gāthāya ca atthakkameneva sukhajānanatthaṃ vaṇṇayissāma, na saddakkamena. <span class="bld">Dayudayaruṇo</span>tipadassa dayāudayaaruṇoti padavibhāgo kātabbo. Mahākaruṇāsaṅkhātaudayapabbatuggatasūriyāruṇo. Atha vā udayapabbatato uggatasūriyāruṇo viya mahākaruṇā vāti attho. Ettha ca dayāsaddo karuṇāmettāsu vattati. Adayāti vuccati nikkaruṇatanti ettha hi karuṇāyaṃ. Dayāpannoti ettha mettāyaṃ vattati. Mettācittataṃ āpannoti attho. Idha pana karuṇā adhippetā.</p>\r\n<p class="bodytext">Ayaṃ pana vacanattho. Dayati hiṃsati kāruṇikaṃ yāva yathādhippetaṃ parassa hitanibbattiṃ na pāpuṇāti tāvāti dayā, mahākaruṇā. Dayadhātu hiṃsāyaṃ a. Dayati anuggaṇhāti pāpajanampi etāyāti vā dayā. Dayadhātu anuggahaṇe. Dayati attano sukhampi pahāya khedaṃ gaṇhātīti vā dayā. Dayadhātu gahaṇe. Atha vā dayanti gaṇhanti etāya bodhisattā saṃsāradukkhañca sabbaññutañāṇañcāti dayā, mahākaruṇā. Mahābodhisattā hi buddhabhāvāya abhinīhārakaraṇakāle hatthagatampi arahatta phalaṃ chaṭṭetvā saṃsārasāgarato satte samuddharitukāmā anassāsakaraṃ atibhayānakaṃ saṃsāradukkhaṃ pacchimabhave ca saha amatadhātupaṭilābhena anekaguṇasamalaṅkataṃ sabbaññutañāṇañca gaṇhantīti attho. Karuṇāmūlakā hi sabbe buddhaguṇā. Tena vuttaṃ <span class="bld">aṅguttaraṭīkāyaṃ</span> ‘‘sabbesañca buddhaguṇānaṃ karuṇā ādi, tannidānabhāvato’’ti.</p>','\r',char(13)),'\n',char(10)),'');
INSERT INTO pages (bookid, page, content, paranum) VALUES('annya_buddha_vandana_gantha_sanggaho_e0601n',135,replace(replace('<p class="bodytext">Api <a name="M0.0135"></a> ca dayanti anurakkhanti satte etāya, sayaṃ vā anuddayati anudayamattameva vā etanti dayā. Dayadhātu anurakkhaṇe apaccayo. Udeti vaḍḍhetīti udayo, pabbato. Udidhātu pasavane ṇa. Āsamantato ālokaṃ karonto uṇati gacchatīti aruṇo, sūriyaraṃsī viseso. Āpubbauṇadhātu gatiyaṃ ṇa. Dayāsaṅkhātato udayapabbatato uggatasūriyassa aruṇo yassāti dayudayaruṇo. Atha vā udayapabbatato uggatasūriyāruṇo viya dayā mahākaruṇā yassāti dayudayaruṇo, munindakko. Yathā hi uggatasūriyassa aruṇo ālokassa ādi hoti, evaṃ bodhisatto dīpaṅkarabuddhassa pādamūle karopayātaṃ nibbānasukhamosajja mahākaruṇāya saṃsārasamuddato satte samuddharitukāmo buddhabhāvāya sudukkarā dānādayo dasa pāramiyo ca pañca mahāpariccāge ca kappasatasahassādhikāni cattāri asaṅkhyeyyāni akāsīti karuṇā buddhabhāvāya ādi. Tasmā buddhasseva dayudayaruṇoti abhitthavituṃ arahatīti vuttaṃ hoti.</p>\r\n<p class="bodytext"><span class="bld">Ñāṇavitthiṇṇabimbo</span>ti sabbaññutañāṇasaṅkhāto vitthāra parimaṇḍalo. Vitthāracakkavāḷamaṇḍalaṃ viya vipulārammaṇa sabbaññutañāṇavā. Saṅkhatāsaṅkhatabhedaṃ sabbeñeyyadhammaṃ jānātīti ñāṇaṃ, sabbaññutañāṇaṃ. Ñādhātu avabodhaneyu. Visesena tanoti vitthāretīti vitthiṇṇaṃ, ñāṇaṃ. Vipubbatanudhātu vitthāre tapaccayo. Tassa iṇṇādeso. Dhātvantassa lopo, asarūpadvittaṃ. Atha vā vittharati pattharatīti vitthiṇṇaṃ. Tharadhātumevettha viseso. Vamati parimaṇḍalākārena gacchati pavattatīti bimbaṃ, ñāṇamaṇḍalaṃ. Vamadhātu gatiyaṃ bo. Assi. Vassa bo.</p>\r\n<p class="bodytext"><span class="bld">Ṇvādimoggallāne</span> pana ‘‘vama uggiraṇe ba. Vamissa vassa bittaṃ. Vamati uggiratīti bimbaṃ, sarīra’’nti vuttaṃ. Taṃ pana bimbasaddassa </p>','\r',char(13)),'\n',char(10)),'');
INSERT INTO pages (bookid, page, content, paranum) VALUES('annya_buddha_vandana_gantha_sanggaho_e0601n',136,replace(replace('<p class="bodytext">sarīravācake <a name="M0.0136"></a> yuttameva. Na parimaṇḍalavācake. Idha pana bimbasaddassa parimaṇḍalavācakattā. Ācariyā pana idha bimbasaddassa atthaṃ cakkamaṇḍalanti vadanti. Taṃ pana vicāretabbaṃ. Kasmā, <span class="bld">abhidhānappadīpikāyaṃ</span> ‘‘bimbaṃ tu paṭibimbe ca, maṇḍale bimbikāphale’’ti ca. <span class="bld">Taṭṭīkāyañca</span> ‘‘maṇḍale paṭimaṇḍale’’ti ca vuttattā. Ñāṇaṃ sabbaññutañāṇasaṅkhātaṃ vitthiṇṇaṃ vitthāraṃ bimbaṃ parimaṇḍalaṃ assāti ñāṇavitthiṇṇabimbo. Atha vā vitthiṇṇaṃ vitthāraṃ bimbaṃ cakkavāḷaparimaṇḍalaṃ viya vipulārammaṇaṃ ñāṇaṃ sabbaññutañāṇaṃ assāti ñāṇavitthiṇṇabimbo, munindakko. Yathā hi cakkavāḷassa anantattā cakkavāḷamaṇḍalaṃ vipulaṃ mahantaṃ hoti, eva meva buddhassa sabbaññutañāṇaṃ anantārammaṇattā vipulaṃ mahantaṃ. Tasmā tassa ñāṇavitthiṇṇabimboti thometīti. <span class="bld">Yveko</span>ti yo ekoti padacchedo. Yekotipi katthaci pāṭho. Tassa pana yo ekoti padacchedo kātabbo. Taṃ pana pāṭhadvayaṃ yuttameva. Yvekoti hi pāṭhe ādesasandhi hoti. Yekoti pāṭhe pana lopasandhīti ayametesaṃ viseso. Yo munindakkoti sambandho.</p>\r\n<p class="bodytext"><span class="bld">Eko</span>ti asahāyo, adutiyako eka buddhabhūtoti attho. Ettha ca ekasaddo aññaseṭṭhāsahāya saṅkhyādīsu dissati. Tathāhesa sassato attā ca loko ca, idameva saccaṃ moghamaññanti ittheke abhivadantītiādīsu aññatthe dissati. Cetaso ekodibhāvantiādīsu seṭṭhe. Eko vūpakaṭṭhotiādīsu asahāye. Ekova kho bhikkhave khaṇo ca samayo ca brahmacariyāyātiādīsu saṅkhyāyaṃ. Idha pana asahāye adhippeto. Ayaṃ panassa vacanattho. Asahāyo hutvā eti gacchati pavattatīti eko, adutiyako hutvā anuttaraṃ sammāsambodhiṃ eti jānāti paṭivijjhatīti vā eko, munindakko. Edhātu idhātu vā ñāṇagatīsu ṇvu. Atha vā eko bhagavā pabbajjasaṅkhātena eko. Adutiyaṭṭhena eko, taṇhāya pahānaṭṭhena </p>','\r',char(13)),'\n',char(10)),'');
INSERT INTO pages (bookid, page, content, paranum) VALUES('annya_buddha_vandana_gantha_sanggaho_e0601n',137,replace(replace('<p class="bodytext">eko<a name="M0.0137"></a>, ekantavītarāgoti eko, ekantavītadosoti eko, ekantavītamohoti eko, ekantanikkilesoti eko, ekāya maggaṃ gatoti eko, anuttaraṃ sammāsambodhiṃ abhisambuddhoti ekotiādinā āgatena mahāniddesanayenapettha attho veditabbo.</p>\r\n<p class="bodytext">Api ca anantacakkavāḷesuyeva ekova buddho eti uppajjati vikasati vāti eko. Vuttañhi ekanipāta <span class="bld">aṅguttara pāḷiyaṃ</span> ‘‘aṭṭhānametaṃ bhikkhave anavakāso, yaṃ ekissā lokadhātuyā dve arahanto sammāsambuddhā apubbaṃ acarimaṃ uppajjeyyuṃ, netaṃ ṭhānaṃ vijjati. Ṭhānañca kho etaṃ bhikkhave vijjati, yaṃ ekissā lokadhātuyā ekova arahaṃ sammāsambuddho uppajjeyya, ṭhānametaṃ vijjatī’’ti. <span class="bld">Tadaṭṭhakathāyañca</span> ‘‘ekissā lokadhātuyāti dasasahassilokadhātuyā. Tīṇi hi khettāni jātikkhettaṃ āṇakkhettaṃ visayakkhettanti. Tattha jātikkhettaṃ nāma dasasahassilokadhātu. Sā hi tathāgatassa mātukucchiṃ okkamanakāle nikkhamanakāle sambodhikāle dhammacakkappavattane āyu saṅkhāravossajjane parinibbāne ca kampati, koṭisatasahassa cakkavāḷaṃ pana āṇakkhettaṃ nāma. Āṭānāṭiyaparitta moraparittadhajaggaparitta ratanaparittādīnañhi ettha āṇā pavattati. Visayakkhettassa pana parimāṇaṃ natthi. Buddhānañhi yāvatakaṃ ñāṇaṃ, tāvatakaṃ ñeyyaṃ. Yāvatakaṃ ñeyyaṃ, tāvatakaṃ ñāṇaṃ. Ñāṇapariyantikaṃ ñeyyaṃ, ñeyyapariyantikaṃ ñāṇanti vacanato avisayo nāma natthi. Imesu pana tīsu khettesu ṭhapetvā imaṃ cakkavāḷaṃ aññasmiṃ cakkavāḷe buddhā uppajjantīti suttaṃ natthi. Na uppajjantīti pana atthi. Tīṇi hi piṭakāni vinayapiṭakaṃ, suttantapiṭakaṃ, abhidhammapiṭakaṃ. Tisso saṃgītiyo mahākassapattherassa saṃgīti, yasattherassa saṃgīti, moggaliputtattherassa saṃgīti, imā tisso </p>','\r',char(13)),'\n',char(10)),'');
INSERT INTO pages (bookid, page, content, paranum) VALUES('annya_buddha_vandana_gantha_sanggaho_e0601n',138,replace(replace('<p class="bodytext">saṃgītiyo <a name="M0.0138"></a> āruḷhe tepiṭake buddhavacane imaṃ cakkavāḷaṃ muñcitvā aññattha buddhā uppajjantīti suttaṃ natthi. Na uppajjantīti pana atthī’’ti.</p>\r\n<p class="bodytext">Ettha ca ekissā lokadhātuyāti dasasahassi lokadhātuyāti idaṃ jātikkhettaṃ sandhāya vuttaṃ. Dasasahassilokadhātu hi imaṃ lokadhātuṃ parivāretvā ṭhitā hoti. Tattakānaṃyeva jātikkhettabhāvo dhammatā vasena veditabbo. Imesu pana tīsu khettesūti iminā dasasahassilokadhātusaṅkhāte jātikkhette koṭisatasahassacakkavāḷasaṅkhāte āṇakkhette anantacakkavāḷa saṅkhāte visayakkhette cāti imesu tīsu buddhakkhettesu ito cakkavāḷato aññesu anantacakkavāḷesu buddhā nuppajjantīti dasseti. Tividhañhi buddhakkhettaṃ dassetvā imesu pana tīsu khettesūti ādhārabhāvena vuttaṃ, na niddhāraṇabhāvena. Kasmā, aṭṭhakathāyaṃ niddhāraṇīyapadassa abhāvato. Sati hi aṭṭhakathācariyo tassa padassa niddhāraṇatthe adhippete imesu tīsu khettesu āṇakkhette ṭhapetvā imaṃ cakkavāḷantiādi vucceyya. Na. Tasmā tassa padassa ādhāratthoyeva gahetabbo. Pubbanissayā cariyehi ca tassa padassa ādhārabhāvena atthayojanā katāti. Tatheva pana <span class="bld">abhidhammañāṇavibhaṅgapāḷiyañca,</span> tadaṭṭhakathāyañca uparipaṇṇāse <span class="bld">bahudhātusuttapāḷiyañca,</span> tadaṭṭhakathāyañca <span class="bld">nettipāḷiyañca</span> tadaṭṭhakathāyañca taṃ kāraṇaṃ āgatamevāti. Taṃ <span class="bld">aṅguttaraṭīkāyaṃ</span> pana ‘‘na uppajjantīti pana atthīti na me ācariyo atthi, sadiso me navijjatītiādi. Imissā lokadhātuyā ṭhatvā vadantena bhagavatā kiṃpanāvuso sāriputta atthetarahi añño samaṇo vā brāhmaṇo vā bhagavatā samasamo sambodhiyanti evaṃ puṭṭhohaṃ bhante noti vadeyyanti vatvā </p>','\r',char(13)),'\n',char(10)),'');
INSERT INTO pages (bookid, page, content, paranum) VALUES('annya_buddha_vandana_gantha_sanggaho_e0601n',139,replace(replace('<p class="bodytext">tassa <a name="M0.0139"></a> kāraṇaṃ dassetuṃ aṭṭhānametaṃ anavakāso, yaṃ ekissā lokadhātuyā dve arahanto sammāsambuddhā apubbaṃ acarimaṃ uppajjeyyunti imaṃ suttaṃ āharantena dhamma senāpatinā ca buddhakkhettabhūtaṃ imaṃ lokadhātuṃ ṭhapetvā aññattha anuppatti vuttā hotīti adhippāyo’’ti vuttaṃ. Tatheva pana <span class="bld">ñāṇavibhaṅgamūlaṭīkāyaṃ, uparipaṇṇāsabahudhātu suttaṭīkāyañca</span> vuttaṃ. Ettha ca imaṃ lokadhātuṃ ṭhapetvā aññattha anuppatti vuttā hotīti iminā buddhakkhettabhūtato ito cakkavāḷato aññesu anantacakkavāḷesu buddhānaṃ anuppatti dassitā hoti. Aññatthāti hi sāmaññena vuttepi aṭṭhakathāyaṃ vuttena imesu tīsu khettesūti saddantarasannidhānena anantacakkavāḷabhūto visesattho gahetabbo. Sāmaññavacanopi hi saddo saddantarasannidhānena visesavisayoti.</p>\r\n<p class="bodytext">Ayaṃ panettha aparo nayo. Aṭṭhakathāyaṃ vutte buddhā hi uppajjamānā imasmiṃyeva cakkavāḷe uppajjanti. Uppajjanaṭṭhāne pana vārite ito aññesu cakkavāḷesu nuppajjantīti vāritameva hotītiettha vākye imasmiṃ yevātipade samabhiniviṭṭho evasaddo nivattāpanāvadhāraṇattho. Etena aññesu anantacakkavāḷesu aññesaṃ buddhānaṃ uppattiṃ nivatteti. Yadipi hi aññesu anantacakkavāḷesu aññe buddhā uppajjeyyuṃ. Evaṃ santesu saṅkhatāsaṅkhatabhedaṃ sabbadhammaṃ jānanto passanto amhākaṃ bhagavā aññacakkavāḷesu aññe buddhā uppajjantīti evaṃ vucceyya. Na. Taṇhaṅkarādayo hi aṭṭhavīsati sambuddhā ito cakkavāḷato aññesu cakkavāḷesu uppajjantītivacanaṃ tepiṭake buddhavacane natthi, tathā aṭṭhakathā ṭīkāsu ca. Tasmā ito cakkavāḷato aññesu ananta cakkavāḷesu aññe buddhā nuppajjantīti daṭṭhabbā. Vuttañhetaṃ suttantamahāvaggaṭṭhakathāyaṃ <span class="bld">mahāsamayasuttavaṇṇanāyaṃ</span> –</p>','\r',char(13)),'\n',char(10)),'');
INSERT INTO pages (bookid, page, content, paranum) VALUES('annya_buddha_vandana_gantha_sanggaho_e0601n',140,replace(replace('<p class="bodytext">‘‘Athassa <a name="M0.0140"></a> etadahosi mādiso buddhoyeva sakkuṇeyya. Atthi pana katthaci añño buddhoti anantāsu lokadhātūsu anantañāṇaṃ pattharitvā olokento aññaṃ buddhaṃ na addasa. Anacchariyañcetaṃ, yaṃ idāni attanā samaṃ na passeyya. Yo jātadivasepi brahmajālasuttavaṇṇanāyaṃ vuttanayena attanā samaṃ apassanto aggohamasmi lokassāti appaṭivattiyaṃ sīhanādaṃ nadi. Evaṃ aññaṃ attanā samaṃ apassitvā cintesī’’ti. Tathevetaṃ. Purābhedasutta <span class="bld">mahāniddesaṭṭhakathāyañca,</span> taṃ <span class="bld">mahāsamayasuttaṭīkāyañca</span> ekissā lokadhātuyāti sutte āgatanayena sabbattheva pana apubbaṃ acarimaṃ dve buddhā nāma na honteva. Tenevāha ‘‘anantāsu loka dhātūsu…pe… na addasā’’ti saṃvaṇṇeti.</p>\r\n<p class="bodytext"><span class="bld">Apaṇṇakajātakaṭṭhakathāyañca</span> ‘‘satthā upāsakā heṭṭhā avīciṃ upari bhavaggaṃ paricchedaṃ katvā aparimāṇāsu lokadhātūsu sīlādīhi guṇehi buddhena sadiso nāma natthi. Kuto adhikataro…pe… āhā’’ti vuttaṃ. Imāsu dvīsu aṭṭhakathāsu ca anantāsu lokadhātūsūti ca aparimāṇāsu lokadhātūsūti ca anantaaparimāṇa saddena vuttaṃ. Tehi dvīhi saddehi ṭīkāvacanena ca anantāsu lokadhātūsu aññesaṃ buddhānaṃ anuppattiṃ dasseti.</p>\r\n<p class="bodytext">Sammohavinodanīaṭṭhakathāya yojanāyaṃ pana imesu panātiādinā koṭisatasahassa cakkavāḷato aññasmiṃ cakkavāḷe buddhā na uppajjantīti ñāpeti. Mayaṃ pana evaṃ vitakkayāma. Aññasmiṃ cakkavāḷeti ito cakkavāḷato aññesu sabbesupi tīsu buddhakkhettesūti atthe gayhamāne sati koṭisatasahassacakkavāḷato aññasmiṃ cakkavāḷe buddhā na uppajjantīti viññāyati. Yadi pana aññasmiṃ cakkavāḷeti ito aññasmiṃ jātiāṇākhettabhūte cakkavāḷeti </p>','\r',char(13)),'\n',char(10)),'');
INSERT INTO pages (bookid, page, content, paranum) VALUES('annya_buddha_vandana_gantha_sanggaho_e0601n',141,replace(replace('<p class="bodytext">atthe <a name="M0.0141"></a> gahite koṭisatasahassacakkavāḷato aññasmiṃ cakkavāḷe buddhānaṃ uppatti bhaveyyāti viññāyati. ‘‘Aṭṭhānametaṃ anavakāso, yaṃ ekissā lokadhātuyā dve arahanto sammāsambuddhā’’tiādipāḷiyā ca. ‘‘Aṭṭhānametaṃ anavakāso, yaṃ ekissā lokadhātuyā dve rājāno cakkavattī’’tiādipāḷiyā saddhiṃ kathanato koṭisatasahassacakkavāḷato buddhānaṃ anuppatti viya aññissā lokadhātuyā cakkavattirañño anuppatti bhaveyya. <span class="bld">Kathāvatthuppakaraṇe</span> ca koṭisatasahassacakkavāḷato aññasmiṃ cakkavāḷe buddhānaṃ uppatti na paṭisedhitā. Tasmā āṇakkhettabhūtato koṭisatasahassacakkavāḷato aññasmiṃ cakkavāḷe buddhassa bhaveyyāti ayaṃ amhākaṃ khanti. Vīmaṃsetvā gahetabbanti vuttaṃ.</p>\r\n<p class="bodytext">Ettha ca yaṃ kathāvatthuppakaraṇe ca…pe… na paṭisedhitāti vuttaṃ. Taṃ pana kathāvatthupāḷiyaṃ nattheva. Imissā pana sabbadisākathāyaṃ paravādīnaṃ parikappavacanamattameva atthi. Tena vuttaṃ tassaṃ pāḷiyaṃ ‘‘sabbadisā buddhā tiṭṭhantīti. Āmantā. Puratthimāya disāya buddho tiṭṭhatīti. Nahevaṃ vattabbe…pe… puratthimāya disāya buddho tiṭṭhatīti. Āmantā. Kinnāmo so bhagavā kiṃjacco kiṃgotto, kinnāmā tassa bhagavato mātāpitaro, kinnāmaṃ tassa bhagavato sāvakayugaṃ, ko nāmo tassa bhagavato upaṭṭhako, kiṃdisaṃ cīvaraṃ dhāreti, kiṃdisaṃ pattaṃ dhāreti. Katarasmiṃ gāme vā nigame vā nagare vā raṭṭhe vā janapade vāti. Nahevaṃ vattabbe’’tyādi.</p>\r\n<p class="bodytext"><span class="bld">Tadaṭṭhakathāyaṃ</span> pana ‘‘idāni sabbadisākathā nāma hoti. Tattha catūsu disāsu heṭṭhā uparīti samantato lokadhātusannivesaṃ sabbalokadhātūsu ca buddho atthīti attano vikappasippaṃ uppādetvā sabbadisāsu buddhā tiṭṭhantīti </p>','\r',char(13)),'\n',char(10)),'');
INSERT INTO pages (bookid, page, content, paranum) VALUES('annya_buddha_vandana_gantha_sanggaho_e0601n',142,replace(replace('<p class="bodytext">yesaṃ…pe… <a name="M0.0142"></a> seyyathāpi mahāsaṅghikānaṃ, te sandhāya pucchā sakavādissa. Paṭiññā itarassa. Puratthimāyāti puṭṭho sakyamuniṃ sandhāya paṭikkhipati. Puna puṭṭho laddhivasena aññalokadhātuyaṃ ṭhitaṃ sandhāya paṭijānāti. Kinnāmo so bhagavātiādi sace tvaṃ jānāsi. Nāmādivasena naṃ kathehīti codanatthaṃ vuttaṃ. Iminā upāyena sabbattha attho veditabbo’’ti vuttaṃ. Ettha ca catūsu disāsu…pe… seyyathāpi mahāsaṅghikānanti iminā paravādīnaṃ laddhiṃ dasseti. Tattha pana catūsu disāsu ca heṭṭhā ca upari ca iti evaṃ samantato lokadhātusannivesaṃ atthīti yojanā. Yesaṃ…pe… mahāsaṅghikānanti yesaṃ paravādīnaṃ laddhi hoti. Kesaṃ laddhi viya. Mahāsaṅghikānaṃ laddhi seyyathāpīti attho. Te sandhāyāti te paravādīpuggale sandhāya ñāṇena dhāretvā sallakkhetvāti attho. Pucchā sakavādissāti sakavādissa sabbadisāsu buddhā tiṭṭhantīti pucchā hoti. Paṭiññā itarassāti paravādissa paṭijānanā hoti. Puratthimāyāti puṭṭhoti sakavādinā puratthi māyātiādinā pucchite sati. Sakyamuninti sakyavaṃsa khattiyajātibhūtaṃ amhākaṃ gotamabuddhaṃ sandhāya. Paṭikkhipatīti paravādīpuggalo apaneti. Puna puṭṭhoti sakavādinā puna puratthimāya buddho tiṭṭhatīti pucchite sati. Laddhivasenāti attano aññalokadhātuyaṃ buddho atthi ca uppajjati cāti micchāladdhivasena paṭijānātīti paravādī puggalo paṭijānāti. Yadi pana aññalokadhātuyaṃ buddho tiṭṭhati. Evaṃ sati tassa nāmagottādiṃ tvaṃ kathehīti sakavādissa codanāvacanaṃ dassetuṃ kinnāmo so bhagavātiādimāha. Iminā ca ito cakkavāḷato aññesu anantacakkavāḷesu aññesaṃ buddhānaṃ abhāvaṃ dasseti. Tena vuttaṃ <span class="bld">kathāvatthupāḷiyaṃ</span> ‘‘kinnāmo so bhagavā kiṃjacco…pe… janapadevāti. Nahevaṃ vattabbe’’ti.</p>','\r',char(13)),'\n',char(10)),'');
INSERT INTO pages (bookid, page, content, paranum) VALUES('annya_buddha_vandana_gantha_sanggaho_e0601n',143,replace(replace('<p class="bodytext">Ettha <a name="M0.0143"></a> ca pana sakavādinā kinnāmotyādinā pucchite paravādīpuggalo attano laddhiyā sabbalokadhātūsu uppajjamānānaṃ buddhānaṃ nāmādiṃ ajānanto apassanto na hevaṃ vattabbeti paṭikkhipati. Tasmā panettha sakavādī puggalassa laddhiyā aññesu anantacakkavāḷesu aññesaṃ buddhānaṃ uppajjanābhāvo viññāyati. Yadipi hi aññānantacakkavāḷesu aññabuddhā uppajjeyyuṃ. Evaṃ santesu buddhassa matiṃ yathābhūtato jānanto passanto mahāpañño iddhimā dibbacakkhuādīhi chaḷabhiññehi sampanno paṭisambhidā patto satthārā dinnamātikānayena kathāvatthupāḷiṃ desento āyasmā mahāmoggaliputtatthero aññānantacakkavāḷesu aññabuddhānaṃ uppattiṃ katheyya ca. Nāti. Tasmā ayaṃ kathāvatthupāḷi ca tadaṭṭhakathāvacanañca aññānantacakkavāḷesu aññabuddhānaṃ abhāvadīpane sabbaṭṭhakathāṭīkāsu vuttavacanehi daḷhataraṃ padhānavacanameva hotīti daṭṭhabbaṃ.</p>\r\n<p class="bodytext">Na pana buddhāeva aññānantacakkavāḷesu na uppajjeyyuṃ, atha kho laddhabyākaraṇā mahābodhisattā ca paccekabodhi sattā aggasāvakamahāsāvakabodhisattā paripākindriyā sāvakabodhisattā ca buddhakkhettabhūte imasmiṃyeva cakkavāḷe uppajjanti, na aññattha. Kasmā, tesu buddhānaṃ anuppannattā, tesaṃ pana abhinīhāro pāramīsambharaṇaṃ ñāṇaparipācanañca tasmiṃeva samijjhati, na aññattha. Tena vuttaṃ <span class="bld">mahāpadāna suttaṭīkāyaṃ</span> –</p>\r\n<p class="bodytext">‘‘Purimabuddhānaṃ mahābodhisattānaṃ paccekabuddhānañca nibbattiyā sāvakabodhisattānaṃ sāvakabodhiyā abhinīhāro sāvakapāramiyā sambharaṇaṃ paripācanañca buddhakkhettabhūte imasmiṃ cakkavāḷe jambudīpeeva ijjhati, na aññatthā’’ti. Tathevetaṃ <span class="bld">ekanipātaaṅguttaraṭīkāyañcāti</span>.</p>','\r',char(13)),'\n',char(10)),'');
INSERT INTO pages (bookid, page, content, paranum) VALUES('annya_buddha_vandana_gantha_sanggaho_e0601n',144,replace(replace('<p class="bodytext">Etarahi <a name="M0.0144"></a> pana apare ācariyā ‘‘āṇakkhettabhūtato koṭisatasahassacakkavāḷato aññesu cakkavāḷesu buddhā uppajjantī’’ti vadanti. Tesaṃ pana vacanaṃ ayuttameva. Kasmā, aṭṭhakathāyaṃ vutte aññasmiṃ cakkavāḷeti ettha aññasaddassa ṭhapetvā imaṃ cakkavāḷantipadato aññassa apādānassa asambhavato ca anantacakkavāḷesu bahūsu buddhesu uppannesu buddhassa anacchariyattā ca. Acchariyamanusso hi sammāsambuddho. Vuttañhi ekanipāta <span class="bld">aṅguttarapāḷiyaṃ</span></p>\r\n<p class="bodytext">‘‘Ekapuggalo bhikkhave loke uppajjamāno uppajjati acchariyamanusso. Katamo ekapuggalo, tathāgato arahaṃ sammāsambuddho. Ayaṃ kho bhikkhave ekapuggalo loke uppajjati acchariyamanusso’’ti. Aññaṃ pana kāraṇaṃ mayā heṭṭhā vuttanayenapi viññūhi viññātabbanti. Aññe pana ācariyā <span class="bld">buddhaapadānapāḷiyaṃ</span> –</p>\r\n<p class="gatha1">‘‘Disā dasavidhā loke, yāyato natthi antakaṃ;</p>\r\n<p class="gatha2">Tasmiñca disābhāgamhi, buddhakkhette asaṅkhayā;</p>\r\n<p class="gatha3">Pabhā pakittitā mayhaṃ, yamakā raṃsivāhanā;</p>\r\n<p class="gathalast">Etthantare raṃsijālaṃ, āloko vipulo bhave’’ti.</p>\r\n<p class="bodytext">Vuttāsu dvīsu gāthāsu paṭhamagāthāya atthaṃ buddhassa anādhippāyena gahetvā micchāñāṇena aññānantacakkavāḷesu uppajjamānā buddhā asaṅkhayāti vadanti. Tesaṃ panetaṃ ayuttameva asundarameva. Kasmā, pāḷiyā ca aṭṭhakathāṭīkāvacanehi ca viruddhattā ca tassā gāthāya atthaggahaṇassa micchattā ca. Imāya hi pāḷiyā gāthāya vā aññānantacakkavāḷesu aññe buddhā uppajjantīti atthe gayhamāne aṭṭhakathāsu imesu pana tīsu khettesu ṭhapetvā imaṃ cakkavāḷaṃ aññasmiṃ cakkavāḷe buddhā uppajjantīti suttaṃ natthi, na uppajjantīti pana atthīti vuttavacanena ca, tīṇi </p>','\r',char(13)),'\n',char(10)),'');
INSERT INTO pages (bookid, page, content, paranum) VALUES('annya_buddha_vandana_gantha_sanggaho_e0601n',145,replace(replace('<p class="bodytext">hi <a name="M0.0145"></a> piṭakāni…pe… imā tisso saṃgītiyo āruḷhe tepiṭake buddhavacane…pe… suttaṃ natthi. Na uppajjantīti pana atthīti vuttavacanena ca ujukaṃ virujjhati ca. Bhaddantamahā buddhaghosādayo aṭṭhakathācariyā taṃ pāḷiṃ na passantīti attano duggahitena aṭṭhakathācariyānaṃ abbhakkhānaṃ āpajjati ca. Kiṃ panete tipiṭakadharā tikkhavisadajavana gambhīrādiñāṇikā aṭṭhakathācariyā na passeyyuṃ. Passeyyuṃ eva. Tasmā ayuttameva. Aṭṭhakathāsu pana āgataṃ suttaṃ natthītiādivacanameva yuttataraṃ hotīti daṭṭhabbaṃ.</p>\r\n<p class="bodytext">Ettha ca buddhakkhettetipadaṃ tasmiñca disābhāgamhītipade visesanaṃ, asaṅkhayātipadaṃ dutiyagāthāya pabhātipadassa visesananti daṭṭhabbaṃ. Ayaṃ panettha yojanā. Loke cakkavāḷaloke dasavidhā dasa koṭṭhāsā disā honti. Tattha koṭṭhāse yāyato yāyantassa gacchantassa me antakaṃ pariyosānaṃ natthi. Buddhakkhette buddhassa dasasahassisaṅkhātajātikkhettabhūte tasmiñca disābhāgamhi mayhaṃ asaṅkhayā saṅkhārahitā yamakā yugaḷā yugaḷā hutvā raṃsivāhanā raṃsivahantā raṃsimuñcamānā vā pabhā cakkaratanamaṇiratanādīnaṃ ālokā pakittitā pākaṭā pattharitā vā. Etthantare dasasahassacakkavāḷantare raṃsijālaṃ raṃsisamūhena vipulo bahutaro āloko bhave ahosinti. Ayamattho cakkindābhisirīsaddhamma dhajamahādhammarājādhirājagurūtiladdhalañchitena ācariyabudhena likhitoti daṭṭhabbo.</p>\r\n<p class="bodytext">Bhagavā hi imāhi gāthāhi cakkavattirājakāle mayhaṃcakkaratanamaṇīratanādīnaṃ asaṅkhayā pabhā buddhakkhettabhūte dasasahassicakkavāḷe pākaṭā pattharitāti dasseti. Na anantacakkavāḷesu uppajjanabuddhānaṃ asaṅkhayabhāvanti.</p>','\r',char(13)),'\n',char(10)),'');
INSERT INTO pages (bookid, page, content, paranum) VALUES('annya_buddha_vandana_gantha_sanggaho_e0601n',146,replace(replace('<p class="bodytext">Vuttañhetaṃ <a name="M0.0146"></a> <span class="bld">buddhaapadānaṭṭhakathāyaṃ</span> ‘‘disā dasavidhā loketi cakkavāḷaloke dasavidhā dasakoṭṭhāsā disā honti. Tattha koṭṭhāse yāyato yāyantassa gacchantassa antakaṃ natthīti attho. Cakkavattikāle tasmiṃ mayā gataṭṭhāne disābhāge vā buddhakkhette buddhavisayā asaṅkhayā saṅkhārahitā. Pabhā pakittitāti tadā cakkavatti rājakāle mayhaṃ pabhā cakkaratanamaṇiratanādīnaṃ pabhā ālokā yamakā yugaḷā yugaḷā hutvā raṃsivāhanā raṃsimuñcamānā pakittitā pākaṭā. Etthantare dasasahassacakkavāḷantare raṃsijālaṃ raṃsisamūhaṃ āloko vipulo bahutaro bhave ahosinti attho’’ti. Ettha ca paṭhamagāthāya pubbaḍḍhassa ekavākyabhāvato disā dasavidhā loketi cakkavāḷaloke…pe… antakaṃ natthīti atthoti vuttaṃ. Aparaḍḍhassa dutiyagāthāyaṃ antogadhattā cakkavattikāle…pe… asaṅkhayā saṅkhārahitā pabhā pakittitāti tadā cakkavattikāle…pe… bhave ahosinti atthoti vuttaṃ. Tasmā asaṅkhayātipadaṃ dutiyagāthāya pabhātipadassa visesananti daṭṭhabbaṃ.</p>\r\n<p class="bodytext"><span class="bld">Jinālaṅkāraṭīkāyaṃ</span> pana evamassa sabbadhammesu appaṭihata ñāṇācāraṃ dassetvā idāni loke tādisassa aññassa abhāvaṃ dassento āha.</p>\r\n<p class="gatha1">‘‘Anantasattesu ca lokadhātusu,</p>\r\n<p class="gathalast">Ekova sabbepi samā na tenā’’ti.</p>\r\n<p class="bodytext">Tattha anantalokadhātūsu ekekissaṃ lokadhātuyā anantasattesu tena tathāgatena samo ekopi natthi. Sace eko pana samo na bhaveyya. Sabbe sattā ekajjhaṃ hutvā samā bhaveyyunti ce. Tathāpi natthi, sabbe ekajjhaṃ hutvāpi iminā ekakena samā na hontīti </p>','\r',char(13)),'\n',char(10)),'');
INSERT INTO pages (bookid, page, content, paranum) VALUES('annya_buddha_vandana_gantha_sanggaho_e0601n',147,replace(replace('<p class="bodytext">adhippāyoti <a name="M0.0147"></a> vuttaṃ. Ettha ca anantalokadhātusūtiādinā ito cakkavāḷato aññesu anantacakkavāḷesu aññesaṃ buddhānaṃ abhāvaṃ dasseti. Evaṃ pana mayā pathavojaṃ uddharitvā dassito viya dassitehi atidaḷhatarehi sādhakavacanehi ito cakkavāḷato aññacakkavāḷesu buddhā uppajjantīti micchāvādo sūriyo andhakāraṃ paṭihanati viya paṭihaniyati apaniyatīti saddhahakaṃ daṭṭhabboti.</p>\r\n<p class="bodytext"><span class="bld">Munindakko</span>ti muninda akkoti padacchedo. Buddhādiccoti attho. Sabbadhamme manati jānātīti muni. Manadhātu ñāṇe i. Makāre assuttaṃ. Atha vā munāti sabbadhamme saka sāmaññalakkhaṇādinā paṭivijjhatīti muni. Munati hitāhitaṃ paricchindatīti vā muni, bhagavā. Munadhātu paṭivijjhane, catusaccadhamme munāti jānātīti vā monaṃ. Catumaggañāṇaṃ. Vuttañhi <span class="bld">saṃyuttaṭṭhakathāyaṃ</span> ‘‘monanti catumaggañāṇaṃ. Tañhi munātīti monaṃ, catusaccadhamme jānātīti attho’’ti. Monaṃ assa atthīti muni, bhagavā. Muni ca so indati veneyyasatte dhammena abhibhavati indo cāti munindo, bhagavā. Atha vā munīnaṃ pañcamunīnaṃ indoti munindo, bhagavā. Na kamati na gacchati pādena attano puññajavimānena gacchatīti akko, ādicco. Napubba kamudhātu gatiyaṃ kvi. Dhātvantalopo. Kassa dvittaṃ. Atha vā yugandharubbedhappamāṇe ākāse arati gacchatīti akko. Aradhātu gamane kapaccayo. Kassa dvittaṃ. Taṃ taṃ rāsito taṃ taṃ rāsiṃ arati yātīti vā akko. Atha vā mahantajutatāya akkiyati abhitthaviyati tappasannehi janehīti akko, ādicco. Akkadhātu thavane a. Munindo ca so akko cāti munindakko, akko ādicco viya vā munindoti munindakko, buddho. Yathā hi sūriyo </p>','\r',char(13)),'\n',char(10)),'');
INSERT INTO pages (bookid, page, content, paranum) VALUES('annya_buddha_vandana_gantha_sanggaho_e0601n',148,replace(replace('<p class="bodytext">attano <a name="M0.0148"></a> sahassaraṃsiyā ekacakkavāḷe timirandhakāraṃ vidhametvā dine dine navayojanasatasahassappadesaṃ koṭisahassappadesaṃ vā dasadisaṃ vā obhāsetvā virocamāno carati, evameva bhagavāpi attano saddhammaraṃ siyā buddhakkhettabhūtesu dasasahassacakkavāḷesu vineyyānaṃ avijjandhakāraṃ vidhametvā dine dine tasmiṃ tasmiṃ disābhāge veneyyasattasamūhaṃ catusaccadhammobhāsena jotayamāno virocanaṃ caratīti ṭhānānurūpaṃ munindakkoti thometi. Ayaṃ samāsopamā hīnūpamāti daṭṭhabbā.</p>\r\n<p class="bodytext"><span class="bld">Suddhe</span>ti rāgādimalehi visuddhe. Sujjhati visujjhatīti suddho, tibhavo. Sudhadhātu soceyyeti. <span class="bld">Tibhava kuhare</span>ti tibhavasaṅkhātakamalasare. Kamalasaraṃ viya tibhavasmiṃ vā bhavanti sattā etthāti bhavo. Bhūdhātu sattāyaṃ ṇa. Tayo bhavā tibhavā, kāmarūpārūpabhūmi labbhati. Kuṃ vuccati udakaṃ, taṃ haratīti kuharo. Kupubbaharadhātu haraṇe a. Tayo bhavā ca te kuharo cāti tibhavakuharo, kuharo viya tayo bhavāti vā tathā. Tasmiṃ tibhavakuhare. <span class="bld">Kamala kathita</span>nti uppalanti kathetabbaṃ kaṃ jalaṃ alayati vibhūsayatīti kamalaṃ, uppalaṃ. Kaṃsaddūpapada aladhātu vibhūsane a. Atha vā kamiyati icchiyatīti kamalaṃ. Kamudhātu icchāyaṃ alapaccayo. Kamalanti uppalanti kathiyatīti kamalakathitaṃ. <span class="bld">Vineyyappāṇogha</span>nti vineyyapāṇaoghanti padavibhāgo. Vinetabbasattasamūhanti attho. Vinetabbo dametabbo satthārāti vineyyo, satto. Vipubbanidhātu damane ṇyo. Paṇanti jīvanti sattā anenāti pāṇaṃ, jīvitindriyaṃ. Paṇadhātu jīvāyaṃ ṇa. Taṃ assa atthi tasmiṃ vā vijjatīti pāṇo, satto. Assatthitaddhite ṇapaccayo. Vineyyo ca so pāṇo cāti vineyyappāṇo. </p>','\r',char(13)),'\n',char(10)),'');
INSERT INTO pages (bookid, page, content, paranum) VALUES('annya_buddha_vandana_gantha_sanggaho_e0601n',149,replace(replace('<p class="bodytext">Avayavena <a name="M0.0149"></a> saha hanati gacchati pavattatīti ogho, samūho. Avapubba hanadhātu gatiyaṃ ṇo. Avassa o. Hanassa gho. Vineyyappāṇānaṃ ogho samūhoti vineyyappāṇogho, taṃ.</p>\r\n<p class="bodytext"><span class="bld">Dhammaraṃsivarehī</span>ti uttamadhammasaṅkhātaraṃsīhi. Ettha ca dhammoti yathānusiṭṭhaṃ paṭipajjamāne satte catūsu apāyesu vaṭṭadukkhesu ca apatamāne katvā dhāretīti dhammo. Dharadhātu dhāraṇe rammapaccayo. Dhāreti ca apāyādinibbattakakilesaṃ viddhaṃsetīti attho. Caturiyamaggo ca nibbānañca nippariyāyato labbhati. Kasmā, ariyamaggassa kilesānaṃ samucchedappahānavasena samucchedakattā, nibbānassa ca nissaraṇappahānavasena tassa ārammaṇabhāvaṃ patvā tadatthasiddhihetuttā. Caturiyaphalañca pariyattidhammo ca pariyāyato labbhati. Kasmā, phalassa maggena viddhaṃsi tabbānaṃ kilesānaṃ paṭippassambhanappahānavasena maggānukūlappa vattattā. Pariyattidhammassa ca tadaṅgappahānavasena tadadhigama hetuttā. Atha vā kilese dhunāti kampati calati viddhaṃsetīti dhammo, caturiyamaggo. Dhunadhātu kampane rammo. Ariyehi dhāriyati paṭivijjhiyati sacchikariyati ārammaṇa karaṇavasenāti dhammo, nibbānaṃ. Dharadhātu ñāṇe. Dhaṃseti paṭippassambheti maggappahīnakilesavāsananti dhammo, ariyaphalaṃ. Dhaṃsadhātu viddhaṃsane. Attano sabhāvaṃ dhāreti ca dhāriyati ca paṇḍitehi na bālehīti dhammo, pariyattidhammo. Dhammo ca dhammo ca dhammo ca dhammo cāti dhammo eka sesanayena, dasavidho dhammo labbhati. Vuttañhetaṃ <span class="bld">chattavimāne</span> –</p>\r\n<p class="gatha1">‘‘Rāgavirāgamanejamasokaṃ,</p>\r\n<p class="gatha2">Dhammamasaṅkhatamappaṭikūlaṃ;</p>\r\n<p class="gatha3">Madhuramimaṃ paguṇaṃ suvibhattaṃ,</p>\r\n<p class="gathalast">Dhammamimaṃ saraṇattamupehī’’ti.</p>','\r',char(13)),'\n',char(10)),'');
INSERT INTO pages (bookid, page, content, paranum) VALUES('annya_buddha_vandana_gantha_sanggaho_e0601n',150,replace(replace('<p class="bodytext">Ayaṃ <a name="M0.0150"></a> panettha yojanā. Māṇava rāgavirāgaṃ rāgavigataṃ imaṃ dhammaṃ maggadhammañca anejaṃ ejāsaṅkhātataṇhāvirahitaṃ asokaṃ sokavirahitaṃ imaṃ dhammaṃ phaladhammañca, asaṅkhataṃ saṅkhatavirahitaṃ imaṃ dhammaṃ nibbānadhammañca. Appaṭikūlaṃ avirodhanaṃ madhuraṃ atthabyañjana sampannattā madhuraṃ, paguṇaṃ pakaṭṭhaguṇaṃ suvibhattaṃ suṭṭhu vibhajitabbaṃ, imaṃ dhammaṃ pariyattidhammañca saraṇattaṃ saraṇabhāvaṃ upehi upagacchāhīti.</p>\r\n<p class="bodytext">Ettha hi kāmarāgādibhedo sabbopi rāgo virajjati pahiyati etenāti rāgavirāgoti maggo kathito. Ejāsaṅkhātāya taṇhāya antonijjhānalakkhaṇassa ca sokassa taduppattiyā sabbaso parikkhīṇattā anejama sokanti phalaṃ kathitaṃ. Kenaci paccayena asaṅkhatattā dhammamasaṅkhatanti nibbānaṃ kathitaṃ. Avirodhadīpanato pana atthabyañjanassa sampannatāya pakaṭṭhaguṇavibhāvanato suṭṭhu vibhajitattā ca appaṭikūlantiādinā sabbopi pariyatti dhammo kathito. Vuttañhi <span class="bld">tadaṭṭhakathāyaṃ</span> ‘‘ettha hi rāgavirāganti maggo kathito. Anejamasokanti phalaṃ. Dhammamasaṅkhatanti nibbānaṃ. Appaṭikūlaṃ madhuramimaṃ paguṇaṃ suvibhattanti piṭakattayena vibhattā sabbadhammakkhandhā’’ti. Idha pana sāmaññato dasavidho dhammo. Visesato pana pariyatti dhammo adhippeto. Kasmā, subodhesīti vuccamānattā. Raṃsīti rasiyanti assādiyantīti raṃsī, rasanti assādenti sattā etāyāti vā raṃsī, rasadhātu assādane a ca ī ca. Atha vā rasiyati sinehiyati taṃ janehīti raṃsī. Rasadhātu sinehe. Niggahītāgamo.</p>\r\n<p class="bodytext"><span class="bld">Varo</span>ti uttamo, varitabbo patthitabboti varo, varati nivāreti hīnanti vā varo. Varadhātu patthane nivāraṇe vā a. Dhammo ca so raṃsi cāti dhammaraṃsi, dhammassa vā raṃsi dhammaraṃsi. Ayaṃ pana samāso abhedūpacārena </p>','\r',char(13)),'\n',char(10)),'');
INSERT INTO pages (bookid, page, content, paranum) VALUES('annya_buddha_vandana_gantha_sanggaho_e0601n',151,replace(replace('<p class="bodytext">vutto<a name="M0.0151"></a>. Varo ca so dhammaraṃsi cāti dhammaraṃsivaro, tehi dhammaraṃsivarehi. <span class="bld">Subodhesī</span>ti catusaccadhammaṃ paṭivijjhayamānena suṭṭhu pabodhesi vikāsetīti attho. Yathā hi sūriyo attano raṃsiyā phusayitvā kuhara saṅkhāte sare jātaṃ uppalaṃ vikāseti, evameva bhagavāpi attano dhammadesanāsaṅkhātaraṃsiyā kamalasarasaṅkhāte bhavattaye vasantaṃ puññūpanissayaṃ paṭivijjhārahaṃ kamala saṅkhātaṃ vineyyappāṇoghaṃ catusaccadhammaṃ paṭivijjhayamāno phaladhammena pabodhesi vikāsetīti vuttaṃ hoti.</p>\r\n<p class="bodytext"><span class="bld">Byāpitakkittinañcā</span>ti tiloke patthaṭaparikittanaṃ. Sīlādiguṇehi patthaṭathutighosikanti attho. Casaddo cettha padapūraṇamattoyeva. Visesena vividhaṃ vā āpati vaḍḍhatīti byāpito. Vipubbaāpadhātu byāpane vaḍḍhane vā ta. Byāpanaṃ vā byāpitaṃ. Kittiyate abhitthaviyate kittinaṃ. Bhāvasādhanoyaṃ. Thutikriyā labbhati. Kittiyati abhitthaviyati devamanussehīti kittinaṃ, thutighoso. Kittadhātu abhitthavane yu. Byāpito patthaṭo kittano thutighoso yassa soti byāpitakkittino, munindakko. Taṃ. Bhagavato hi tiloke devamanussehi sīlādiguṇehi ca arahaṃ sammāsambuddhotyādīhi guṇehi ca thomito kittisaddo yāva bhavaggaṃ abbhuggacchatīti byāpitakkittinanti thometīti vuttaṃ hoti.</p>\r\n<p class="bodytext"><span class="bld">Tilokekaccakkhu</span>nti tiloke ekacakkhūti padacchedo. Kāmarūpa arūpasaṅkhātānaṃ tilokānaṃ ekaṃ paññācakkhubhūtanti attho. Tayo lokā tilokaṃ. Tassa cakkhu viya eka bhūtaṃpaññācakkhu yassa soti tilokekaccakkhu, munindakko. Ettha ca ekacakkhusaddassa lopo hoti brahmassarotiādīsu viya. Atha vā tilokassa ekaṃ paññācakkhuṃ bhūto pattoti tilokekaccakkhu, munindakko. Tilokekaccakkhubhūtanti vattabbe chandānurakkhaṇatthaṃ bhūtasaddalopaṃ </p>','\r',char(13)),'\n',char(10)),'');
INSERT INTO pages (bookid, page, content, paranum) VALUES('annya_buddha_vandana_gantha_sanggaho_e0601n',152,replace(replace('<p class="bodytext">katvā <a name="M0.0152"></a> tilokekaccakkhunti vuttaṃ. Atha vā tilokassa ekabhūto paññācakkhu hutvā sabbadhamme cakkhati passatīti tilokekaccakkhu, munindakko. Taṃ. Bhagavā hi paññācakkhu mayattā sattesu ca taduppādanato tilokassa cakkhubhūto ñāṇabhūto dhammabhūto brahmabhūto hoti. Vuttañhi <span class="bld">madhupiṇḍikasutte</span> ‘‘so hāvuso bhagavā jānaṃ jānāti, passaṃ passati cakkhubhūto ñāṇabhūto dhammabhūto brahmabhūto vattā pavattā atthassa ninnetā amatassa dātā dhammassāmī tathāgato’’ti. Tasmā tilokekaccakkhunti thometi.</p>\r\n<p class="bodytext"><span class="bld">Dukhamasahana</span>nti puthujjanehi atidukkhamitaṭṭhānaṃ khamanaṃ. Puthujjanehi dukkhena kasirena khamitabbanti dukhamaṃ, iṭṭhāniṭṭhādi ārammaṇaṃ. Dukkhamanti vattabbe gajjabandhattā chandānurakkhaṇatthaṃ kakāralopaṃ katvā dukhamanti vuttaṃ. Taṃ sahati khamatīti dukhamasahano, munindakko. Sahadhātu parisahane yu. Taṃ dukhamasahanaṃ. Bhagavā hi puthujjanehi sudukkhamitaṃ iṭṭhā niṭṭhādiārammaṇaṃ sītuṇhādiṃ lābhālābhayasāyasa nindapasaṃsasukhadukkhasaṅkhātaṃ lokadhammañca ativiya khamati adhivāseti, tasmā dukhamasahananti thometi.</p>\r\n<p class="bodytext"><span class="bld">Mahesi</span>nti mahantaṃ sīlakkhandhādiṃ pariyesamānaṃ mahantaṃ nibbānaṃ gavesamānaṃ vā mahante sīlakkhandhādike esati gavesati pariyesatīti mahesī, munindakko. Mahantasaddūpa pada esadhātu gavesane ī. Vuttañhi <span class="bld">mahāniddese</span> ‘‘mahesīti mahesī. Bhagavā mahantaṃ sīlakkhandhaṃ esi gavesi pariyesīti mahesī. Mahantaṃ samādhikkhandhaṃ mahantaṃ paññākkhandhaṃ mahantaṃ vimuttikkhandhaṃ mahantaṃ vimuttiñāṇadassanakkhandhaṃ esī gavesī pariyesīti mahesī’’ti. Mahante sattatiṃsabodhipakkhiya dhamme esati gavesatīti vā mahesī, mahantaṃ nibbānaṃ esati gavesatīti vā mahesī. Vuttañhi <span class="bld">mahāniddese</span> ‘‘mahante satipaṭṭhāne mahante sammappadhāne mahante iddhipāde mahantāni </p>','\r',char(13)),'\n',char(10)),'');
INSERT INTO pages (bookid, page, content, paranum) VALUES('annya_buddha_vandana_gantha_sanggaho_e0601n',153,replace(replace('<p class="bodytext">indriyāni <a name="M0.0153"></a> mahantāni balāni mahante bojjhaṅge mahantaṃ ariyaṃ aṭṭhaṅgikaṃ maggaṃ mahantaṃ paramatthaṃ amataṃ nibbānaṃ esī gavesī pariyesīti mahesī’’ti. Atha vā mahesakkhehi sattehi esiyati gavesiyati pariyesiyati amhākaṃ kahaṃ buddhoti mahesī. Vuttañhi <span class="bld">mahāniddese</span> ‘‘mahesakkhehi vā sattehi esito gavesito kahaṃ buddho’’tyādi. Taṃ mahesiṃ. <span class="bld">Ta</span>nti munindakkaṃ. Ahaṃ sirasā namāmīti sambandho.</p>\r\n<p class="bodytext">Ayaṃ panettha <span class="bld">saṅkhepayojanā</span>. Dayudayaruṇo mahākaruṇāsaṅkhātaudayapabbatuggatasūriyāruṇo, udayapabba tato uggatasūriyāruṇo viya mahākaruṇā vā, ñāṇa vitthiṇṇabimbo sabbaññutañāṇasaṅkhāto vitthāraparimaṇḍalo, vitthāracakkavāḷamaṇḍalaṃ viya vipulārammaṇasabbaññutañāṇavā, eko asahāyo ekabuddhabhūto, yo yādiso munindakko buddhādicco suddhe rāgādimalehi visuddhe tibhava kuhare tibhavasaṅkhātakamalasare, kamalakathitaṃ uppalanti kathetabbaṃ, vineyyappāṇoghaṃ vinetabbasattasamūhaṃ, dhammaraṃ sīvarehi uttamadhammasaṅkhātaraṃsīhi, subodhesi catusaccadhammaṃ paṭivedhayamānena suṭṭhu pabodhesi vikāsesi, byāpitakkittinaṃ tiloke patthaṭaparikittanaṃ, sīlādiguṇehi patthaṭathutighosikaṃ vā, tilokekaccakkhuṃ kāmarūpaarūpa saṅkhātānaṃ tilokānaṃ ekaṃ paññācakkhubhūtaṃ, dukhamasahanaṃ puthujjanehi atidukkhamitaṭṭhānaṃ khamanaṃ, mahesiṃ mahantaṃ sīlakkhandhādiṃ pariyesamānaṃ mahantaṃ nibbānaṃ gavesamānaṃ vā, taṃ munindakkaṃ ahaṃ sirasā namāmi vandāmīti.</p>\r\n<p class="centered">Vīsatimavandanagāthāvaṇṇanā samattā.</p>\r\n<p class="hangnum"><a name="para21"></a><span class="paranum">21</span>.</p>\r\n<p class="gatha1"> </p>','\r',char(13)),'\n',char(10)),'-21-');
INSERT INTO pages (bookid, page, content, paranum) VALUES('annya_buddha_vandana_gantha_sanggaho_e0601n',154,replace(replace('<p class="gatha1">Yo <a name="M0.0154"></a> jino anekajātiyaṃ saputtadāramaṅgajīvitampi;</p>\r\n<p class="gatha2">Bodhipemato alaggamānaso adāsiyeva atthi kassa;</p>\r\n<p class="gatha3">Dānapāramiṃ tato paraṃ apūri sīlapāramādikampi;</p>\r\n<p class="gathalast">Tāsamiddhiyopayātamaggataṃ tamekadīpakaṃ namāmi.</p>\r\n<p class="bodytext"><a name="para21"></a><span class="paranum">21</span>. Evaṃ vīsatimāya gāthāya munindakkaṃ vanditvā idāni pubbe anekajātiyaṃ bodhisattakāle jīvitapariccāgādīhi ca dānādidasapāramiyo pūrentehi guṇehi ca thometvā jinaṃ vanditukāmo <span class="bld">yo jino</span> tyādimāha. Ayaṃ pana raja raja raja gaṇehi ca garulahūhi ca racitattā vīsatakkharehi lakkhitā vuttagāthāti daṭṭhabbā. Vuttañhi <span class="bld">vuttodaye</span> ‘‘vutta mīdisantu nāmato rajā rajā rajā garullahū cā’’ti.</p>\r\n<p class="bodytext">Ayaṃ panettha yojanā. Yassaṃ paṭipādaṃ rajā rajagaṇā ca rajā rajagaṇā ca rajā rajagaṇā ca garullahū ca ce siyyuṃ, īdisantu īdisaṃ pana gāthā nāmato nāmena vuttaṃ vutta gāthā nāmāti.</p>\r\n<p class="bodytext">Tattha pana <span class="bld">yo jino</span>ti yo buddho. So hi devaputtakilesābhisaṅkhārakhandhamaccuvasena pañcamāre ajini jināti jinissatīti jinoti vuccati. Nanu ca buddhasāvakāpi pañcamāre jinattā jinā nāmāti ce. Na bhagavato parūpa nissayavirahaniratisayavasena pañcamārajinattā bhagavāyeva jino nāmāti. Vuttañhi <span class="bld">dhātukathāmūlaṭīkāyaṃ</span> –</p>\r\n<p class="bodytext">‘‘Tattha balavidhamana visayātikkamavasena devaputtamārassa, apavattikaraṇavasena kilesābhisaṅkhāramārānaṃ, samudayappahānapariññāvasena khandhamārassa, maccumārassa, ca bodhimūle eva bhañjitattā parūpanissayarahitaṃ niratisayaṃ taṃ bhañjanaṃ upādāya bhagavāeva mārabhañjanoti thomito’’ti.</p>','\r',char(13)),'\n',char(10)),'-21-');
INSERT INTO pages (bookid, page, content, paranum) VALUES('annya_buddha_vandana_gantha_sanggaho_e0601n',155,replace(replace('<p class="bodytext"><span class="bld">Anekajātiya</span>nti <a name="M0.0155"></a> anekasaṃsārabhave. Ettha hi ayaṃ jātisaddo anekattho. Tathā hesa ekampi jātiṃ dvepi jātiyoti ettha bhave āgato. Atthi visākhe nigaṇṭhā nāma samaṇajātīti ettha nikāye. Tiri nāma tiṇajāti nābhiyā uggantvā nabhaṃ āhacca ṭhitā ahosīti ettha paññattiyaṃ. Jāti dvīhi khandhehi saṅgahitāti ettha saṅkhatalakkhaṇe. Yaṃ mātukucchiyaṃ paṭhamaṃ cittaṃ uppannaṃ paṭhamaṃ viññāṇaṃ pātubhūtaṃ. Tadupādāya sāvassa jātīti ettha paṭisandhiyaṃ. Sampatijāto ānanda bodhisattoti ettha pasūtiyaṃ. Anupakuṭṭho jātivādenāti ettha kule. Yatohaṃ bhagini ariyāya jātiyā jātoti ettha ariyasīle. Idha panāyaṃ bhave vattati. Tasmā anekasaṃsārabhaveti attho viññātabbo. So hi jāyati yoni gatiādi vibhāgoti jātīti vuccati. Atha vā jāyanti nibbattanti ettha khandhādayoti jāti, bhavo. Janidhātu nibbattaneti. Na ekā anekā, anekā ca sā jāti cāti aneka jāti. Tassaṃ anekajātiyaṃ.</p>\r\n<p class="bodytext"><span class="bld">Saputtadāra</span>nti puttena ca bhariyāya ca sahitaṃ. Attano kulaṃ punāti pavati sodhetīti vā putto. Pudhātu pavane ta. Mātāpitūnaṃ manaṃ pūretīti vā putto. Pūradhātu pūraṇe ta. Putto ca dhītā ca putto. Virūpeka sesoyaṃ. Sāmikena dhariyateti dāro. Dharadhātu dhāraṇe ṇo. Dhassa do. Atha vā purisena bhogaṃ dīyatīti dāro. Dādhātu dāne rapaccayo. Dākucchitā kārena purisena ramiyati etthāti vā dāro, bhariyā. Dāpubbaramudhātu ramane kvi. Dāsaddo kucchitattho. <span class="bld">Abhidhānaṭīkāyaṃ</span> pana ‘‘dārayante yenāti dāro, dara vidāraṇe. Akattari ca kārake saññāyaṃ ṇo’’ti vuttaṃ. Putto ca dāro ca puttadāro. Samāhāradvandepi </p>','\r',char(13)),'\n',char(10)),'');
INSERT INTO pages (bookid, page, content, paranum) VALUES('annya_buddha_vandana_gantha_sanggaho_e0601n',156,replace(replace('<p class="bodytext">hi <a name="M0.0156"></a> pulliṅgaṃ icchanti ācariyā. Tena saha vattati yassāti saputtadāro, puttadārapariccāgo. Taṃ saputtadāraṃ. <span class="bld">Aṅgajīvitampī</span>ti hatthapādakaṇṇanāsacakkhādisarīrāvayavañca jīvitindriya paṭibaddhasakalasarīrañca aṅgati gacchati kāyeti aṅgo, cakkhādisarīrāvayavo. Agidhātu gatiyaṃ a. Jīvanti sattā etenāti jīvitaṃ, jīvitindriyaṃ. Jīvadhātu pāṇadhāraṇe ta. Aṅgo ca jīvitañca aṅgajīvitaṃ. Ettha ca pisaddo sampiṇḍanattho. Tena dhanaraṭṭhapariccāgaṃ sampiṇḍeti. Vuttañhi <span class="bld">sīlakkhandhaṭṭha kathāyaṃ</span> –</p>\r\n<p class="bodytext">‘‘Aṅgapariccāgaṃ jīvitadhanarajjaputtadārapariccāganti ime pañca mahāpariccāge pariccajitvā’’ti. Atha vā sambhāvanattho. Tena bhagavā sabbaññutañāṇahetupi puttadāraaṅgajīvitampi alaggamānaso pariccajeti, pageva dhanādibāhiravatthu pariccāgepīti sambhāveti.</p>\r\n<p class="bodytext"><span class="bld">Bodhipemato</span>ti arahattamaggasabbaññutañāṇasaṅkhātāya bodhiyā piyamānattā, hetvatthe hi topaccayo. Cattāri saccāni bujjhatīti bodhi, arahattamaggañāṇaṃ. Sabba ñeyyadhamme bujjhatīti bodhi, sabbaññutañāṇaṃ. Budhadhātu ñāṇe ṇa. Itthiliṅgajotako īpaccayo ca. Vuttañhi <span class="bld">abhidhānappadīpikāyaṃ</span> – ‘‘bodhi sabbaññutañāṇe, ariyamagge ca nāriya’’nti. Bodhi ca bodhi ca bodhi sarūpekase savasena. Piyanaṃ pemo, piyāyitabboti vā pemo. Pīdhātu tappanakantīsu manipaccayo. Bodhiyā pemo bodhipemo, tato bodhipemato. Bhagavatā hi puttadāraaṅgajīvitehipi sataguṇena sahassaguṇena sata sahassaguṇenapi bodhiñāṇameva piyanti vuttaṃ hoti. Vuttañhi <span class="bld">vessantarajātake</span> –</p>\r\n<p class="gatha1">‘‘Na me dessā ubho puttā, maddī devī na dessiyā;</p>\r\n<p class="gathalast">Sabbaññutaṃ piyaṃ mayhaṃ, tasmā piye adāsaha’’nti.</p>\r\n<p class="gathalast"></p>','\r',char(13)),'\n',char(10)),'');
INSERT INTO pages (bookid, page, content, paranum) VALUES('annya_buddha_vandana_gantha_sanggaho_e0601n',157,replace(replace('<p class="bodytext"><span class="bld">Alaggamānaso</span>ti <a name="M0.0157"></a> puttadāraaṅgajīvitādīsu anallīyana citto hutvā laganaṃ saṅganaṃ laggo, lagati saṅgati allayati vāti laggo. Lagadhātu saṅge allīyane vā gapaccayo. Na laggo alaggo, natthi laggo ettha puttadāra aṅgajīvitādīsūti vā alaggo. Manati jānāti ārammaṇanti mano. Soyeva mānaso. Alaggo mānaso yassa soti alaggamānaso, jino. <span class="bld">Atthikassā</span>ti putta dārādiṃ kāmikassa, yācakassa paṭiggāhakassa vāti attho. Attho kāmo assa atthīti atthiko, ṇiko. Tassa atthikassa. <span class="bld">Adāsiyevā</span>ti pūjānuggahakāmatāya ñāṇasampayuttapariccāgacetanāya adāsievāti attho. Bodhisatto hi pāramīpūraṇa kāle sarāgasadosasamohasseva sato āgatā gatānaṃ yācakānaṃ alaṅkatapaṭiyattaṃ sīsaṃ kantitvā galalohitaṃ nīharitvā suañjitāni akkhīni uppāṭetvā kulavaṃsappadīpaṃ puttaṃ manāpacāriniṃ bhariyañca kheḷapiṇḍamiva anapekkho pariccajitvā dīyamānova sammāsambodhiñāṇaṃ laddhuṃ sakkā, na puttadāraaṅgajīvitampi apariccajitvā. Pañca hi mahāpariccāge apariccajitvā buddhabhūtapubbā nāma natthi. Paccekabuddhāriyasāvakā pana puttadāraaṅgajīvitaṃ apariccajantāpi paccekabuddhāriyasāvakabodhiñāṇaṃ laddhuṃ samatthāva. Tasmāyeva bhagavantaṃyeva saputtadāramaṅgajīvitampi bodhipemato alaggamānaso adāsiyeva atthi kassāti thometi. Vuttañhetaṃ <span class="bld">vessantarajātakaṭṭha kathāyaṃ</span> ‘‘sabbabodhisattā dhanapariccāgaṃ, puttapariccāgaṃ, bhariyapariccāgaṃ, aṅgapariccāgaṃ, jīvitapariccāganti ime pañca mahāpariccāge apariccajitvā buddhabhūtapubbā nāma natthī’’ti.</p>\r\n<p class="bodytext">Evaṃ pañcahi mahāpariccāgaguṇehi bhagavato thomanaṃ katvā idāni dānādipāramīpūraṇaguṇena thomanaṃ kattu kāmo dānapāramintiādimāha. Tattha <span class="bld">dāna</span>nti tividhaṃ </p>','\r',char(13)),'\n',char(10)),'');
INSERT INTO pages (bookid, page, content, paranum) VALUES('annya_buddha_vandana_gantha_sanggaho_e0601n',158,replace(replace('<p class="bodytext">hoti <a name="M0.0158"></a> cāgacetanā ca, virati ca, deyyadhammo cāti. Saddhā hiriyaṃ kusalañca dānanti āgataṭṭhāne hi cāgacetanā dānaṃ nāma. Abhayaṃ detīti āgataṭṭhāne viratī dānaṃ nāma. Dānaṃ deti annaṃ pānanti āgataṭṭhāne deyyadhammo dānaṃ nāma. Tattha cāgacetanā deti vā deyyadhammaṃ denti vā etāya deyyadhammanti dānaṃ. Virati avakhaṇḍanaṭṭhena lavanaṭṭhena vā dānaṃ. Sā hi uppajjamānā bhayabheravasaṅkhātaṃ dussilyaṃ cetanaṃ dāti lunāti cāti dānaṃ, deyyadhammo diyyatīti dānaṃ. Idha pana tividhaṃ dānaṃ adhippetaṃ. Pāramīsaddassa vacanattho heṭṭhā vuttoyeva. Atha vā pāraṃ nibbānaṃ eti gacchati etāyāti pārami. Pārasaddūpapada idhātu gatiyaṃ kvi. Pāraṃ itīti padacchedo kātabbo. Dānameva pāramī dānapāramī, taṃ dānapāramiṃ. <span class="bld">Tato</span>ti dānapāramito. <span class="bld">Para</span>nti aññaṃ. <span class="bld">Sīlapāramādikampī</span>ti sīlatīti sīlaṃ. Sīla dhātu samādhimhi a. Kāyavacīkammāni samādahati samādhapetīti attho. Sīlati samādhiyati kāyakammādīnaṃ susilyavasena na vippakiratīti vā sīlaṃ, sīlanti samādahanti cittaṃ etenāti vā sīlaṃ. Atha vā sīlayati upadhāretīti sīlaṃ, sīladhātu upadhāraṇe a. Kusala dhammānaṃ patiṭṭhānabhāvena ābhuso dhāretīti attho. Sīlenti vā etena kusale dhamme upadhārenti sādhavoti sīlaṃ, sīliyati upadhāriyati sappurisehi hadayamaṃsantaraṃ upanetvāti vā sīlaṃ, sīleti upadhāreti taṃ samaṅgī puggalaṃ apāyesu uppattinīvāraṇavasena suggati nibbānanti vā sīlaṃ, sīlameva pāramī sīlapāramī, sā ādi yāsanteti sīlapāramādikā. Ettha ca ādisaddena nekkhammapaññā vīriyakhantisaccaadhiṭṭhānamettāupekkhāpāramiṃ saṅgaṇhāti. Vuttañhetaṃ <span class="bld">buddhavaṃsapāḷiyaṃ</span> –</p>\r\n<p class="gatha1">‘‘Dānaṃ sīlañca nekkhammaṃ, paññā vīriyena pañcamaṃ;</p>\r\n<p class="gathalast">Khantisaccamadhiṭṭhānaṃ, mettupekkhā imā dasā’’ti.</p>','\r',char(13)),'\n',char(10)),'');
INSERT INTO pages (bookid, page, content, paranum) VALUES('annya_buddha_vandana_gantha_sanggaho_e0601n',159,replace(replace('<p class="bodytext">Pisaddo <a name="M0.0159"></a> cettha sampiṇḍanattho. Tena pañca mahāpariccāge sampiṇḍeti.</p>\r\n<p class="bodytext"><span class="bld">Apūrī</span>ti sammāsambodhatthāya pūraṇaṃ akāsīti attho. Bhagavato hi dīpaṅkarapādamūle aṭṭha dhamme samodhānetvā buddhatthāya abhinīhārato paṭṭhāya anekajātīsu sammāsambodhiṃ paṭivijjhituṃ vāyamanto adinnadānaṃ nāma natthi, arakkhitasīlaṃ nāma natthi. Apūritā pāramī nāma natthi. Atibahumpi pūraṇaṃ akāsiyeva. Bhagavā hi bodhisatta bhūto catūsu mahāsamuddesu udakaṃ parājetvā adhikaṃ lohitadānamakāsi. Sakalapathaviyā paṃsuṃ parājetvā adhikaṃ maṃsamadāsi. Sinerupabbatarājaṃ parājetvā adhikaṃ sīsadānamadāsi. Ākāse tārakasamūhaṃ parājetvā adhikaṃ nayanamadāsi.</p>\r\n<p class="bodytext">Tena vuttaṃ <span class="bld">jinālaṅkāre</span> –</p>\r\n<p class="gatha1">‘‘So sāgare jaladhikaṃ rudhiraṃ adāsi,</p>\r\n<p class="gatha2">Bhūmiṃ parājiya samaṃsamadāsi dānaṃ;</p>\r\n<p class="gatha3">Meruppamāṇamadhikañca samoḷisīsaṃ,</p>\r\n<p class="gathalast">Khe tārakādhikataraṃ nayanaṃ adāsī’’ti.</p>\r\n<p class="centered">Vasantatilakagāthā.</p>\r\n<p class="bodytext">Tattha ca soti so evaṃvidho bodhisatto. Sāgareti catūsu mahāsamuddesu. Jaladhikanti udakato adhikaṃ katvā. Rudhiraṃ adāsīti lohitadānamadāsi. Bhūmiṃ parājiyāti paṃsupathaviyā paṃsuṃ parājetvā attano sarīramaṃsaṃ adhikaṃ adāsi. Meruppamāṇamadhikanti yojana aṭṭhasaṭṭhisatasahassubbedhassa girirājassa pamāṇatopi adhikaṃ katvā. Samoḷisīsanti moḷiyā saha abhisittasīsaṃ adāsi. Kheti cakkavāḷapabbatapariyante ākāse. Tārakādhikataranti nakkhattāditārakarūpatopi adhikaṃ </p>','\r',char(13)),'\n',char(10)),'');
INSERT INTO pages (bookid, page, content, paranum) VALUES('annya_buddha_vandana_gantha_sanggaho_e0601n',160,replace(replace('<p class="bodytext">katvā<a name="M0.0160"></a>. Nayanaṃ adāsīti nettadānaṃ adāsīti evamettha attho daṭṭhabbo.</p>\r\n<p class="bodytext"><span class="bld">Tāsamiddhiyopayātamaggata</span>nti tāsaṃ iddhiyā upayātaṃ aggatanti padacchedo. Tāsanti tāsaṃ pāramīnaṃ. Iddhiyāti samiddhiyā, hetvatthe cetaṃ karaṇavacanaṃ. Upayātanti upagataṃ. Aggatanti sabbasattānaṃ uttamabhāvaṃ, seṭṭhabhūtaṃ buddhattanti attho. Taṃ pana padaṃ upayātantipade kammaṃ. Aggasaddo cettha uttamavācako anipphannapāṭipadiko. Atha vā aggati uttamabhāvaṃ seṭṭhabhūtaṃ vā buddhabhāvaṃ pāpuṇātīti aggo, jino. Aggadhātu gatiyaṃ a. Aggassa bhāvo aggataṃ. Bhagavā hi anantalokadhātūsu sabba sattānaṃ aggo uttamataro seṭṭhataroti attho. Vuttañhetaṃ dasanipāta <span class="bld">aṅguttarapāḷiyaṃ</span> –</p>\r\n<p class="bodytext">‘‘Yāvatā bhikkhave sattā apadā vā dvipadā vā catuppadā vā bahuppadā vā rūpino vā arūpino vā saññino vā asaññino vā nevasaññīnāsaññino vā, tathāgato tesaṃ aggamakkhāyati arahaṃ sammāsambuddho’’ti.</p>\r\n<p class="bodytext"><span class="bld">Tamekadīpaka</span>nti taṃ ekadīpakanti padacchedo. Tanti jinaṃ. Ekadīpakanti sabbasattānaṃ ekapaṭisaraṇabhūtaṃ patiṭṭhabhūtaṃ vā. Dīpakasaddo hi paṭisaraṇapatiṭṭhavācako nipphannapāṭipadiko. Vuttañhi <span class="bld">saṃyuttaṭṭhakathāyaṃ</span> ‘‘patiṭṭhāpanaṭṭhena dīpa’’nti. Dīpanti patiṭṭhahanti paṭisaraṇabhāvena sattā etthāti vā dīpako, jino. Dīpadhātu patiṭṭhāyaṃ ako. Ekasaddo saṅkhyāvācako. Eko ekabhūto dīpakoti ekadīpako, jino. Atha vā ekadīpakanti manussānaṃ paṭisaraṇabhūtaṃ patiṭṭhānabhūtaṃ samuddadīpakamiva sabbasattānaṃ paṭisaraṇabhūtaṃ patiṭṭhānabhūtaṃ ekabuddhabhūtaṃ.</p>\r\n<p class="bodytext">Ayaṃ panettha vacanattho. Jalamajjhe dippatīti dīpo. Dvidhā āposandati etthāti vā dīpo. Soyeva dīpako. </p>','\r',char(13)),'\n',char(10)),'');
INSERT INTO pages (bookid, page, content, paranum) VALUES('annya_buddha_vandana_gantha_sanggaho_e0601n',161,replace(replace('<p class="bodytext">Soviya <a name="M0.0161"></a> eko buddho hutvā eti gacchati pavattatīti ekadīpako, jino. Yathā hi mahāsamudde bhinnanāvānaṃ manussānaṃ samuddadīpo paṭisaraṇo patiṭṭho hoti, evaṃ jino saṃsārasāgare alabbhaneyyapatiṭṭhe osīdantānaṃ sabbasattānaṃ ekabuddhabhūto paṭisaraṇo patiṭṭho hotīti ekadīpakanti thometi. Taṃ jinaṃ ahaṃ namāmīti sambandhoti.</p>\r\n<p class="bodytext">Ayaṃ panettha <span class="bld">saṅkhepayojanā</span>. Yo jino aneka jātiyaṃ anekasaṃsārabhave, saputtadāraṃ puttena ca bhariyāya ca sahitaṃ, aṅgajīvitampi aṅgapaccaṅgajīvitindriyampi. Atha vā hatthapādakaṇṇanāsacakkhādisarīrāvayavañca jīvitindriya paṭibaddhasakalasarīrañca, bodhipemato arahattamagga sabbaññutañāṇasaṅkhātāya bodhiyā piyamānattā, alagga mānasoti puttadāraaṅgajīvitādīsu anallīyanacitto hutvā, atthikassa puttadārādiṃ kāmikassa yācakassa adāsiyeva pariccāgacetanāya adāsieva. Dānapāramimpi tato dānapāramito paraṃ aññaṃ sīlapāramādikampi sīlapāramīādikampi, apūri sammāsambodhatthāya pūraṇaṃ akāsi, tāsaṃ pāramīnaṃ iddhiyā samiddhiyā aggataṃ uttama bhāvaṃ seṭṭhabuddhattaṃ vā, upayātaṃ upagataṃ, ekadīpakaṃ sabbasattānaṃ ekapaṭisaraṇabhūtaṃ ekapatiṭṭhānabhūtaṃ vā, dīpakamiva ekapaṭisaraṇabhūtaṃ patiṭṭhānabhūtaṃ vā taṃ jinaṃ tīhi dvārehi namāmīti.</p>\r\n<p class="centered">Ekavīsatimavandanagāthāvaṇṇanā samattā.</p>\r\n<p class="hangnum"><a name="para22"></a><span class="paranum">22</span>.</p>\r\n<p class="gatha1"> Devādevātidevaṃ nidhanavapudharaṃ mārabhaṅgaṃ abhaṅgaṃ,</p>\r\n<p class="gatha2">Dīpaṃ dīpaṃ pajānaṃ jayavarasayane bodhipattaṃdhipattaṃ;</p>\r\n<p class="gatha3">Brahmābrahmāgatānaṃ varagirakathikaṃ pāpahīnaṃ pahīnaṃ,</p>\r\n<p class="gathalast">Lokālokābhirāmaṃ satatamabhiname taṃ munindaṃ munindaṃ.</p>','\r',char(13)),'\n',char(10)),'-22-');
INSERT INTO pages (bookid, page, content, paranum) VALUES('annya_buddha_vandana_gantha_sanggaho_e0601n',162,replace(replace('<p class="bodytext"><a name="para22"></a><span class="paranum">22</span>. Evaṃ <a name="M0.0162"></a> ekavīsatimāya gāthāya jinaṃ vanditvā idāni devādevātidevantyādīhi dasahi guṇehi thometvā munindaṃ vanditukāmo <span class="bld">devādevātideva</span>ntiādimāha. Ayaṃ pana ma ra bha na ya ya gaṇehi ca timuniyatīhi ca racitattā ekavīsatakkharehi yuttā ādyantayamakā saddharā gāthāti daṭṭhabbā. Vuttañhi <span class="bld">vuttodaye</span> ‘‘mrā bhnā yo yotra yena timuniyatiyutā saddharā kittitāya’’nti.</p>\r\n<p class="bodytext">Ayaṃ panettha yojanā. Yassaṃ paṭipādaṃ mrā maragaṇā ca bhnā bhanagaṇā ca yogaṇo ca yena yagaṇena saha yogaṇo ca timuniyatiyutā sattamakkharantetīhi yatīhi yuttā ca ce siyuṃ. Atra imasmiṃ pakati chande ayaṃ gāthā saddharāgāthāti kittitāti. Ettha ca munisaddo sattasaṅkhyāvācakoti daṭṭhabbo. Ekasmiṃ pāde sattamakkharante sattamakkharante yatīnaṃ tiparivattattā timuniyatiyutāti vuttaṃ. Ekavīsatakkharavantoti vuttaṃ hoti.</p>\r\n<p class="bodytext">Tattha ca <span class="bld">devādevātideva</span>nti rājasaṅkhātasammutideva catumahārājādikaupapattidevānaṃ atiuttamaṃ atiseṭṭhaṃ visuddhidevabhūtaṃ. Ettha hi devāti sammutidevā. Te hi mānussaissariyasampattīhi dibbantīti manussarājadevī kumārā devāti vuccanti. Puna devāti upapattidevā. Te hi dibbaissariyasampattīhi dibbantīti catumahārājikā devā vuccanti, dibbanti kāmaguṇādīhi kīḷanti laḷanti, tesu vā viharanti, vijayasamatthatāyogena paccatthike vijetuṃ icchanti, issariyadhanādisakkāradānaggahaṇaṃ taṃ taṃ atthānusāsanañca karontā voharanti. Puññātisayayogānubhāvappattāya jutiyā jotanti. Yathādhippetañca visayaṃ appaṭighātena gacchanti. Yathicchitanipphādane ca sakkontīti devāti <span class="bld">visuddhimaggamahāṭīkāyaṃ</span> āgatanayenapi veditabbo. </p>','\r',char(13)),'\n',char(10)),'-22-');
INSERT INTO pages (bookid, page, content, paranum) VALUES('annya_buddha_vandana_gantha_sanggaho_e0601n',163,replace(replace('<p class="bodytext">Atidevanti <a name="M0.0163"></a> tesaṃ devānaṃ atiuttamaṃ atiseṭṭhaṃ vā visuddhi devabhūtaṃ bhagavantanti attho. So hi tesaṃ sammuti upapattidevānaṃ sīlādiguṇehi atirekattā atireko devoti bhagavā atidevoti vuccati. Devo devānaṃ atireko atiuttamo atiseṭṭho ativisiṭṭho devo devādevātidevo, visuddhidevabhūto munindo labbhati. Taṃ devādevātidevaṃ.</p>\r\n<p class="bodytext">Vuttañhi <span class="bld">dhammahadayavibhaṅge</span> ‘‘devāti tayo devā sammuti devā, upapattidevā, visuddhidevā. Sammutidevā nāma rājāno deviyo rājakumārā. Upapattidevā nāma catumahārājike deve upādāya tadupari devā. Visuddhidevā nāma arahanto vuccantī’’ti.</p>\r\n<p class="bodytext">Bhagavā pana nirātisayāya abhiññākīḷāya uttamehi dibbabrahmaariyavihārehi saparasantānagatapañcavidhamāravija yicchānipphattiyācittissariya sattadhanādi sammāpaṭipatti aveccappasādasakkāradānaggahaṇasaṅkhātena dhammasabhāvapuggalajjhāsayānurūpānusāsanīsaṅkhātena ca vohārātisayena paramāya paññāsarīrappabhāsaṅkhātāya jutiyā anaññasādhāraṇāya ñāṇasarīragatiyā māravijaya sabbaññuguṇaparahita nipphādanesu appaṭihatāya sattiyā ca samannāgatattā sadevakena lokena saraṇanti gamanīyato abhitthavanīyato bhattivasena kamanīyato ca sabbe te deve tehi guṇehi abhibhuyya ṭhitattā tesaṃ devānaṃ atiseṭṭho atiuttamo devoti devādevātidevoti <span class="bld">visuddhimagga mahāṭīkāyaṃ</span> āgatanayenapi veditabbo.</p>\r\n<p class="bodytext"><span class="bld">Nidhanavapudhara</span>nti antimakāyadhāraṇaṃ. Ettha ca nidhanasaddo pariyosānavācako anipphannapāṭipadiko. Atha vā nidheti pariyosānaṃ karoti etenāti nidhanaṃ. Nidheti vināseti bhavanti vā nidhanaṃ, antimakāyo labbhati. Nipubba dhā </p>','\r',char(13)),'\n',char(10)),'');
INSERT INTO pages (bookid, page, content, paranum) VALUES('annya_buddha_vandana_gantha_sanggaho_e0601n',164,replace(replace('<p class="bodytext">dhātu <a name="M0.0164"></a> nāse yu. Vapati kusalākusalabījametthāti vapu, kāyo. Vapadhātu bījasantāne u. Nidhanañca taṃ vapu cāti nidhanavapu, taṃ dhāretīti nidhanavapudharo, munindo. Taṃ nidhanavapudharaṃ. So hi anamataggasaṃsārabhavesu nibbattentānaṃ sabbakilesānaṃ bodhimaṇḍe aggamaggañāṇasatthena samucchindi tattā punabbhavābhinibbatti natthi. Ayañhi buddhabhāvajāti antima bhavo hoti, tasmā visesena munindameva nidhanavapudharanti thometi. Vuttañhetaṃ <span class="bld">aṅguttarapāḷiyaṃ</span> ‘‘buddho antima dharo’’ti.</p>\r\n<p class="bodytext"><span class="bld">Mārabhaṅga</span>nti devaputtādipañcamāre viddhaṃsanaṃ. Mārasaddattho heṭṭhā vuttoyeva. Pañcamāre bhañjati abhañji bhañjissatīti mārabhaṅgo, munindo. Mārasaddūpapada bhanjadhātu avamaddane tapaccayo. Tassa saha dhātvantena goādeso. Nakārassa niggahitādeso. Tassa kavaggantādeso. Taṃ mārabhaṅgaṃ. <span class="bld">Abhaṅga</span>nti mārasenāya bhañjituṃ viddhaṃsituṃ asamatthaṃ, bhañjiyate bhaṅgo. Nabhaṅgo abhaṅgo. Atha vā mārasenāya na bhañjiyatīti abhaṅgo. Mārasenāya bhañjituṃ na arahatīti attho. Mārasenā bhañjituṃ na samatthoti vā abhaṅgo, munindo. Taṃ abhaṅgaṃ.</p>\r\n<p class="bodytext"><span class="bld">Dīpaṃdīpaṃ pajāna</span>nti ettha pajānaṃ dīpaṃ dīpanti sambandho. Tattha pajānanti sattānaṃ. Tehi kammakilesehi pajāyanti nibbattiyanti, pakārena vā jāyanti nibbattanti paṭisandhicutivasenāti pajāti vuccanti. Dīpanti paññāpadīpaṃ. Tañhi kusalākusale dhamme vibhajitvā dīpeti pakāseti jotetīti dīpanti vuccati. Atha vā dippati jotetīti dīpo. Andhakāraṃ vidhametvā ālokaṃ pakāsetīti attho. Dīpadhātu dittiyaṃ a. Dīpamivāti dīpā, paññā. Yathā hi padīpo andhakāraṃ vidhamitvā ālokaṃ pakāseti, evaṃ paññā avijjandhakāraṃ hantvā dhammālokaṃ </p>','\r',char(13)),'\n',char(10)),'');
INSERT INTO pages (bookid, page, content, paranum) VALUES('annya_buddha_vandana_gantha_sanggaho_e0601n',165,replace(replace('<p class="bodytext">pakāsetīti <a name="M0.0165"></a> vuttaṃ hoti. Taṃ dīpaṃ. Puna dīpanti dīpakaṃ pakāsentanti attho. So hi dīpeti pakāsetīti dīpoti vuccati. Munindo hi payirupāsanavasena gatāgatānaṃ vineyyasattānaṃ dhammadesanāya catumaggañāṇādipaññāpadīpaṃ pakāsetīti vuttaṃ hoti. Taṃ dīpaṃ.</p>\r\n<p class="bodytext"><span class="bld">Jayavarasayane</span>ti pañcamāravijayantaṭṭhānabhūte uttama bodhipallaṅkāsane. Pañcamāre jināti etthāti jayo, bodhirukkhapallaṅko. Jidhātu jaye ṇa. Varitabbo patthi tabboti varo, varadhātu patthane a. Varati nivāreti hīnanti vā varo. Varadhātu nivāraṇe a. Buddhena seviyati bhajiyati etthāti sayano. Sidhātu sevāyaṃyu. Varo uttamo sayano varasayano, jayoeva varasayano jayavarasayano, bodhirukkhapallaṅko. Tasmiṃ.</p>\r\n<p class="bodytext"><span class="bld">Bodhipattaṃdhipatta</span>nti bodhipattaṃ adhipattanti padacchedo. Bodhipattanti arahattamaggasabbaññutañāṇaṃ gataṃ. Ettha ca bodhisaddo rukkhamaggañāṇasabbaññutañāṇanibbānesupi vattati. Tathā hesa bodhirukkhamūle paṭhamābhisambuddhotiādīsu rukkhe vattati. Bodhi vuccati catūsu maggesu ñāṇantiādīsu magge. Pappoti bodhiṃ varabhūrī medhasotiādīsu sabbaññutañāṇe. Patvāna bodhiṃ amataṃ asaṅkhatantiādīsu nibbāne. Idha pana bhagavato arahattamaggasabbaññutañāṇaṃ adhippetaṃ. Cattāri saccāni bujjhatīti bodhi, arahatta maggañāṇaṃ. Sabbañeyyadhamme bujjhatīti bodhi, sabbaññutañāṇaṃ. Budhadhātu ñāṇe ṇa ī ca. Bodhi ca bodhi ca bodhi sarūpekasesavasena. Taṃ apajjiṃ agaminti bodhi patto, munindo. Taṃ bodhipattaṃ. Adhipattanti sadevake loke sabbadevamanussānaṃ jeṭṭhabhāvaṃ gatanti attho. Sabbadevamanussānaṃ adhikaṃ jeṭṭhabhāvaṃ vuḍḍhatarabhāvaṃ patto gatoti adhipatto, munindo. Taṃ adhipattaṃ. Yathā hi </p>','\r',char(13)),'\n',char(10)),'');
INSERT INTO pages (bookid, page, content, paranum) VALUES('annya_buddha_vandana_gantha_sanggaho_e0601n',166,replace(replace('<p class="bodytext">kukkuṭapotakānaṃ <a name="M0.0166"></a> yo kukkuṭapotako aṇḍakosaṃ padāletvā abhinibbhido, so tesaṃ jeṭṭhabhāvaṃ vuḍḍhatarabhāvaṃ gato, evameva bhagavā sadevake loke avijjā gatāya pajāya taṃ avijjaṇḍakosaṃ padāletvā paṭhamataraṃ ariyāya jātiyā jātattā ca sīlasamādhipaññādi sabbaguṇehi adhikattā ca appaṭisamattā ca sabbadevamanussānaṃ jeṭṭhabhāvaṃ vuḍḍhatarabhāvaṃ seṭṭhabhāvaṃ appaṭisamabhāvañca patto gatoti vuttaṃ hoti. Tasmā adhipattanti thometi.</p>\r\n<p class="bodytext"><span class="bld">Brahmābrahmāgatāna</span>nti brahma abrahma āgatānanti padacchedo. Āgatānaṃ payirupāsanavasena āgatānaṃ brahma devamanussaparisānanti attho. Tattha brahmāti brahmapārisajjādi brahmā. Te hi jhānādiguṇehi brūhanti vaḍḍhantīti brahmāti vuccanti, abrahmāti devamanussā. Te hi na brahmā abrahmāti vuccanti, āgacchanti payirupāsanavasenāti āgatā, brahmā brahmāno labbhanti. Āpubbagamudhātu gatiyaṃ ta. Āgatā brahmā ca abrahmā cāti brahmābrahmāgatā, tesaṃ. Visesana paranipātapadametaṃ agyāhitotiādīsu viya. Taṃ pana padaṃ varagirakathikantipade sampadānaṃ. Payirupāsanānaṃ brahma devamanussaparisānanti attho.</p>\r\n<p class="bodytext"><span class="bld">Varagirakathika</span>nti uttamaṃ dhammavācaṃ desentaṃ. Seṭṭhavācāya dhammaṃ desamānaṃ vā, gāyati kathiyatīti girā, vācā. Gādhātu sadde īro. Varā seṭṭhā girā vācā varagirā. Tāya dhammaṃ kathetīti varagirakathiko, munindo. Uttamāya manāpabhūtavācāya dhammaṃ desetīti attho. Taṃ.</p>\r\n<p class="bodytext"><span class="bld">Pāpahīna</span>nti lāmakaakusalakilesaṃ. Tañhi apāyādi dukkhaṃ pāpetīti pāpoti vuccati. Akusalakileso. Papubbaapadhātu pāpuṇane. Kusaladhammena hātabbaṃ caji tabbanti hīnanti vuccati. Lāmakadhammo. Hādhātu cāge tapaccayo, tassino. Pāpoeva hīnaṃ pāpahīnaṃ. </p>','\r',char(13)),'\n',char(10)),'');
INSERT INTO pages (bookid, page, content, paranum) VALUES('annya_buddha_vandana_gantha_sanggaho_e0601n',167,replace(replace('<p class="bodytext"><span class="bld">Pahīna</span>nti <a name="M0.0167"></a> arahattamaggañāṇena susamucchinnaṃ. Pajahatīti pahīno, munindo. Papubbahādhātu cāge ino. Sabbe akusaladhamme aggamaggañāṇena samucchindatīti attho.</p>\r\n<p class="bodytext"><span class="bld">Lokālokābhirāma</span>nti lokaalokaabhirāmanti padacchedo. Manussalokadevabrahmalokānaṃ abhirāmaṭṭhānabhūtanti attho. Lokoti manussa loko, so hi lokayati patiṭṭhahati pavattati vā ettha puññāpuññaṃ tabbipāko cāti loko, manussa loko. Lokadhātu patiṭṭhāyaṃ a. Na loko aloko. Devabrahmaloko. Loko ca aloko ca lokālokā, tesaṃ sattalokānaṃ abhiadhikaṃ ramanti etthāti lokālokābhirāmo. Munindo, taṃ. So hi tilokānaṃ pūjānuggahādikaraṇavasena abhirāmaṭṭhānaṃ hotīti lokālokābhirāmanti thometi. <span class="bld">Satata</span>nti niccaṃ. Rattidivaṃ abhiṇhanti attho. <span class="bld">Muninda</span>nti pañcamunissaraṃ, taṃ munindaṃ. <span class="bld">Abhiname</span>ti ahaṃ abhisakkaccaṃ namāmīti sambandhoti.</p>\r\n<p class="bodytext">Ayaṃ panettha <span class="bld">saṅkhepayojanā</span>. Devādevātidevaṃ sammutidevaupapattidevānaṃ atiuttamaṃ visuddhidevabhūtaṃ nidhanavapudharaṃ antimakāyadhāraṇaṃ, mārabhaṅgaṃ devaputtādipañcamāre viddhaṃsanaṃ abhaṅgaṃ mārasenāya bhañjituṃ asamatthaṃ, mārasenā bhañjanārahaṃ vā, pajānaṃ sattānaṃ dīpaṃ paññāpadīpaṃ, kammabhūtaṃ dīpaṃ dīpakaṃ pakāsentaṃ, jayavarasayane pañcamāravijayantaṭṭhānabhūte uttamabodhipallaṅkāsane ādhārabhūte, bodhipattaṃ arahattamaggasabbaññutañāṇaṃ gataṃ adhipattaṃ sadevake loke sabbadevamanussānaṃ jeṭṭhabhāvaṃ gataṃ, brahmā brahmāgatānaṃ payirupāsanavasena āgatānaṃ brahmadeva manussaparisānaṃ varagirakathikaṃ seṭṭhavācāya dhammaṃ desamānaṃ pāpahīnaṃ lāmakaakusalakilesaṃ pahīnaṃ arahattamagga </p>','\r',char(13)),'\n',char(10)),'');
INSERT INTO pages (bookid, page, content, paranum) VALUES('annya_buddha_vandana_gantha_sanggaho_e0601n',168,replace(replace('<p class="bodytext">ñāṇena <a name="M0.0168"></a> susamucchinnaṃ lokālokābhirāmaṃ manussa lokadevabrahmalokānaṃ abhirāmabhūtaṃ, munindaṃ pañcamunissaraṃ taṃ munindaṃ satataṃ niccaṃ abhiṇhaṃ ahaṃ abhiname abhisakkaccaṃ namāmīti.</p>\r\n<p class="centered">Dvāvīsatimavandanagāthāvaṇṇanā samattā.</p>\r\n<p class="hangnum"><a name="para23"></a><span class="paranum">23</span>.</p>\r\n<p class="gatha1"> Buddho nigrodhabimbo mudukaracaraṇo brahmaghoseṇijaṅgho,</p>\r\n<p class="gatha2">Kosacchādaṅgajāto punarapi sugato suppatiṭṭhitapādo;</p>\r\n<p class="gatha3">Mūdodātuṇṇalomo athamapi sugato brahmujuggattabhāvo,</p>\r\n<p class="gathalast">Nīlakkhī dīghapaṇhī sukhumamalachavī thomyarasaggasaggī.</p>\r\n<p class="hangnum"><a name="para24"></a><span class="paranum">24</span>.</p>\r\n<p class="gatha1"> Cattālīsaggadanto samakalapanajo antaraṃsappapīno,</p>\r\n<p class="gatha2">Cakkenaṅkitapādo aviraḷadasano mārajussaṅkhapādo;</p>\r\n<p class="gatha3">Tiṭṭhanto nonamantobhayakaramudunā jaṇṇukānāmasanto,</p>\r\n<p class="gathalast">Vaṭṭakkhandho jino gotaruṇapakhumako sīhapubbaḍḍhakāyo.</p>\r\n<p class="hangnum"><a name="para25"></a><span class="paranum">25</span>.</p>\r\n<p class="gatha1"> Sattappīno ca dīghaṅguli matha sugato lomakūpekalomo,</p>\r\n<p class="gatha2">Sampannodātadāṭho kanakasamataco nīlamuddhaggalomo;</p>\r\n<p class="gatha3">Sambuddho thūlajivho atha sīhahanuko jālikappādahattho,</p>\r\n<p class="gathalast">Nātho uṇhīsasīso itiguṇasahitaṃ taṃ mahesiṃ namāmi.</p>','\r',char(13)),'\n',char(10)),'-23-24-25-');
INSERT INTO pages (bookid, page, content, paranum) VALUES('annya_buddha_vandana_gantha_sanggaho_e0601n',169,replace(replace('<p class="bodytext"><a name="para23"></a><span class="paranum">23</span>. Evaṃ <a name="M0.0169"></a> dvāvīsatimāya gāthāya munindassa paṇāmaṃ katvā idāni buddho nigrodhabimbotyādīhi tīhi gāthāhi buddhassa dvattiṃsamahāpurisalakkhaṇasampannehi guṇehi thomitvā mahesiṃ vanditukāmo <span class="bld">buddho nigrodhabimbo</span>tyādigāthāttayamāha. Taṃ pana gāthāttayaṃ saddharāgāthāti daṭṭhabbaṃ. Sādhakaṃ pana heṭṭhā vuttameva.</p>\r\n<p class="bodytext">Tattha paṭhamagāthāyaṃ <span class="bld">buddho</span>ti paṭividdhacatusaccadhammo paṭividdhaniravasesasabbadhammo vā. Taṃ pana padaṃ nigrodhabimbo tyādīsu padesu tulyaliṅgattabhāvena sambandhitabbaṃ. So hi cattāri saccāni bujjhati abujjhi bujjhissatīti ca, niravasesasabbadhamme bujjhati abujjhi bujjhissatīti ca buddhoti vuccati. Tesu pana dvīsu vikappesu paṭhamavikappe budhadhātussa vāccaṃ catusaccadhammapaṭivijjhanaṃ arahattamaggañāṇaṃ mukhyena labbhati. Heṭṭhā maggaphalañāṇañca vipassanāñāṇañca pāramīñāṇañca phalūpacārena. Arahattaphalañāṇañca sabbaññutañāṇādipacchimapacchimañāṇāni ca kāraṇūpacārena. Tapaccayassa vāccaṃ tena mukhyopacārena upalakkhito aparimitaguṇagaṇālaṅkāraṃ khandhapañcakaṃ paṭicca buddhobuddhoti paññatto sattaviseso labbhati. Dutiya vikappe budhadhātussa vāccaṃ sabbañeyyadhammapaṭivijjhanasamatthaṃ sabbaññutañāṇaṃ mukhyena labbhati. Catumaggaphalañāṇañca vipassanā pāramīñāṇañca phalūpacārena. Āsayānusayañāṇādipacchima pacchimañāṇāni kāraṇūpacārena. Tapaccayassa vāccaṃ tena mukhyopacārena upalakkhito aparimāṇaguṇoghālaṅkataṃ khandhapañcakaṃ paṭicca buddhobuddhoti paññatto sattaviseso labbhati. Kiṃpanettha budhadhātussa vāccabhūtaṃ ñāṇameva buddho nāma hoti. Udāhu tapaccayassa vāccabhūto khandhasantāno buddho nāmāti. Ñāṇena pana malakara kilesānaṃ savāsanānaṃ niravasesaṃ pahīnattā citta santāno suddho hoti. Tassa pana suddhattā tassa </p>','\r',char(13)),'\n',char(10)),'-23-');
INSERT INTO pages (bookid, page, content, paranum) VALUES('annya_buddha_vandana_gantha_sanggaho_e0601n',170,replace(replace('<p class="bodytext">nissayabhūto <a name="M0.0170"></a> rūpakāyopi suddho hoti. Tasmā tapaccayassa vāccabhūto arahattamaggañāṇādīnaṃ ādhārabhūto khandhasantāno nāmapaññattivohārena buddho nāmāti. Tena vuttaṃ <span class="bld">paṭisambhidāmaggaṭṭhakathāyaṃ</span> –</p>\r\n<p class="bodytext">‘‘Sabbesu dhammesu appaṭihatañāṇa nimittānuttaravimokkhādhigamaparibhāvitaṃ khandhasantānaṃ upādāya paṇṇattiko sabbaññutapadaṭṭhānaṃ vā saccābhisambodhimupādāya paṇṇattiko sattaviseso buddho’’ti.</p>\r\n<p class="bodytext">Paramatthabhūte hi khandhasantāne vohārasukhatthaṃ satta puggalādivohāro āropito. Evaṃ vohārappatto satto yāva bodhiñāṇatthāya na vāyamati, paṇidhānaṃ na karoti. Tāva sattotveva saṅkhaṃ gacchati. Yato pana paṭṭhāya bodhiñāṇatthāya vāyamati, paṇidhānaṃ karoti, tadā bodhisatto nāma vohāro hoti. So pana yadā bodhiñāṇaṃ labhati, tadā buddho nāma vohāro hoti. Tasmā paññattisaṅkhāto khandhasantāno buddho nāmāti daṭṭhabbo. Vuttañhi <span class="bld">mahāniddese</span> ‘‘buddhoti netaṃ nāmaṃ mātarā kataṃ, na pitarā kataṃ, na bhātarā kataṃ, na bhaginiyā kataṃ, na mittāmaccehi kataṃ, na ñātisā lohitehi kataṃ, na samaṇabrāhmaṇehi kataṃ, na devatāhi kataṃ, vimokkhantikametaṃ buddhānaṃ bhagavantānaṃ bodhiyā mūle saha sabbaññutañāṇassa paṭilābhā sacchikā paññatti yadidaṃ buddhoti taṃ buddha’’nti. Atha vā paṭṭhānanayena vā nānantarikanayena vā ñāṇappadhāno suvisuddhakhandhasantāno buddho nāmāti atthopi yujjatevāti.</p>\r\n<p class="bodytext"><span class="bld">Nigrodhabimbo</span>ti nigrodharukkhassa parimaṇḍalo viya parimaṇḍalasarīro. Adhobhāgaṃ rundhatīti nigrodho, vaṭarukkho. Nipubbarudhadhātu āvaraṇe ṇa, usso gāgamo. </p>','\r',char(13)),'\n',char(10)),'');
INSERT INTO pages (bookid, page, content, paranum) VALUES('annya_buddha_vandana_gantha_sanggaho_e0601n',171,replace(replace('<p class="bodytext">Vamati <a name="M0.0171"></a> uggiratīti bimbo, sarīro. Vamudhātu uggiraṇe bo. Vamissa vassa bittaṃ. Nigrodhassa parimaṇḍalo viya parimaṇḍalo bimbo sarīro yassāti nigrodhabimbo, buddho. Nigrodhaparimaṇḍalabimboti vattabbe parimaṇḍalasaddalope nevaṃ vuttaṃ. Yathā hi paṇṇāsahatthatāya vā satahatthatāya vā samakkhandhasākho nigrodho dīghatopi vitthāratopi ekappamāṇova hoti, evaṃ kāyatopi byāmatopi ekappamāṇo. Yathā aññesaṃ kāyo vā dīgho hoti, byāmo vā na evaṃ visamappamāṇoti attho. Vuttañhi <span class="bld">brahmāyusutte</span> ‘‘nigrodhaparimaṇḍalo kho pana bhavaṃ gotamo. Yāvatakvāssa kāyo, tāva takvāssa byāmo. Yāvatakvāssa byāmo, tāva takvāssa kāyo’’ti.</p>\r\n<p class="bodytext"><span class="bld">Mudukaracaraṇo</span>ti saṇhahatthapādo. Ettha ca mudusaddo saṇhasukhumavācako anipphannapāṭipadiko. Atha vā mudeti modayati satteti mudu, saṇhahatthapādo. Mudadhātu modane hāse vā u. Taṃ taṃ kammaṃ karoti etenāti karo, hattho carati gacchati etena taṃ taṃ ṭhānanti caraṇo, pādo. Caradhātu gatiyaṃ yu. Mudukaro ca caraṇo ca yassāti mudukaracaraṇo, buddho. Sappi maṇḍe osāritvā ṭhapitaṃ satavāraṃ vihatakappāsapaṭalaṃ viya mudujātamattakumārassa viya ca niccakālaṃ muduhattha pādoti attho.</p>\r\n<p class="bodytext"><span class="bld">Brahmaghoseṇijaṅgho</span>ti brahmaghoso eṇijaṅghoti padacchedo. Brahmaghosoti brahmuno saro viya aṭṭhaṅga sampannasaravantoti attho. Jhānādiguṇehi brūhati vaḍḍhatītibrahmā. Brūhadhātu manipaccayo. Ghusiyati saddiyati kathiyatīti ghoso, saro. Ghusadhātu sadde ṇa. Brahmuno ghoso saro brahmaghoso, so viya </p>','\r',char(13)),'\n',char(10)),'');
INSERT INTO pages (bookid, page, content, paranum) VALUES('annya_buddha_vandana_gantha_sanggaho_e0601n',172,replace(replace('<p class="bodytext">ghoso <a name="M0.0172"></a> saro yassāti brahmaghoso, buddho. Yathā hi mahābrahmuno pittasemhehi apalibuddhattā saro visuddho hoti, evameva tathāgatenapi kataṃ kammaṃ vatthuṃ sodheti, vatthussa suddhattā nābhito paṭṭhāya samuṭṭhahanto saro visuddho aṭṭhaṅgasamannāgatoti attho. Tasmā brahmaghoso viya aṭṭhaṅgasamannāgatasaravantoti thometi.</p>\r\n<p class="bodytext"><span class="bld">Eṇijaṅgho</span>ti eṇimigassa jaṅghā viya suvaṭṭajāṇuko. Eti gacchatīti eṇi, migo. Idhātu gatiyaṃ ṇi. Jāyati kamanametāyāti jaṅgho, jāṇu. Janadhātu janane gho. Nassa niggahitādeso. Eṇimigassa jaṅgho viya jaṅgho yassa soti eṇijaṅgho, buddho. Yathā hi eṇimigassa jaṅgho suvaṭṭo hoti, evameva buddhassa maṃsussadena paripuṇṇajaṅgho. Na ekato bandhapiṇḍikamaṃso. Samantato samasaṇṭhitena maṃsena parikkhittāhi suvaṭṭitāhi sāli gabbhayavagabbhasadisāhi jaṅghāhi samannāgatoti attho. Tasmā eṇimigajaṅghasadiso suvaṭṭajāṇukoti thometi.</p>\r\n<p class="bodytext"><span class="bld">Kosacchādaṅgajāto</span>ti kosacchādaaṅgajātoti padacchedo. Usabhavāraṇādīnaṃ aṅgajāto viya suvaṇṇapaduma kaṇṇikasadisena vatthakosena paṭicchannena guyhaṅgajātena samannāgatoti attho. Kusati tiṭṭhati etthāti koso. Kusadhātu gatiyaṃ ṇa. Chādiyatīti chādo. Chadadhātu paṭicchanne ṇa. Kosena chādo kosacchādo. Aṅge sarīrāvayave jātanti aṅgajātaṃ. Kosacchādaṃ aṅgajātaṃ byañjanaṃ yassāti kosacchādaṅgajāto, buddho. Bhagavato hi usabhavāraṇādīnaṃ aṅgajāto viya suvaṇṇapadumakaṇṇi kasadisena kosohitavatthaguyhena byañjanena samannāgatoti attho. Tasmā kosacchādaṅgajātasampannoti thometi. <span class="bld">Punarapī</span>ti puna apīti padacchedo. Rakārā </p>','\r',char(13)),'\n',char(10)),'');
INSERT INTO pages (bookid, page, content, paranum) VALUES('annya_buddha_vandana_gantha_sanggaho_e0601n',173,replace(replace('<p class="bodytext">gamo<a name="M0.0173"></a>. Punāti eso atthantaratthe nipāto. Apisaddo sampiṇḍanattho. <span class="bld">Sugato</span>ti buddho. So hi sundaraṃ nibbānaṃ gacchatīti sugatoti vuccati.</p>\r\n<p class="bodytext"><span class="bld">Suppatiṭṭhitapādo</span>ti suvaṇṇapādukatalamiva bhūmiyaṃ samaṃ suṭṭhu patiṭṭhitapādo. Samaṃ suṭṭhu bhūmiyaṃ patiṭṭhatīti suppatiṭṭhito, pādo. Su pati pubbo ṭhā dhātu gatinivattiyaṃ ta. Pajjati gacchati etenāti pādo. Padadhātu gatimhi ṇa. Suppatiṭṭhito pādo yassāti suppatiṭṭhitapādo, sugato. Yathā hi aññesaṃ bhūmiyaṃ pādaṃ ṭhapentānaṃ aggatalaṃ vā paṇhiṃ vā passaṃ vā paṭhamaṃ phusati vemajjhaṃ vā pana chiddaṃ hoti, ukkhipantānampi aggatalādīsu ekakoṭṭhāsova paṭhamaṃ uṭṭhahati, na evaṃ tassa. Tassa pana suvaṇṇapādukatalaṃ viya ekappahāreneva sakalapādatalaṃ bhūmiṃ phusati, bhūmito uṭṭhahati. Sacepi hi bhagavā anekasataporisaṃ narakaṃ akkamissāmīti pādaṃ nīharati, tāvadeva ninnaṭṭhānaṃ vātapūritaṃ viya kammārabhastaṃ unnamitvā pathavīsamaṃ hoti, unnataṭṭhānampi anto pavisati, dūre akkamissāmīti abhinīharantassa sineruppamāṇopi pabbato seditavetthaṅkuro viya namitvā pādasamīpaṃ āgacchati. Tathā hissa yamakapāṭihāriyaṃ katvā yugandharapabbataṃ akkamissāmīti pāde abhinīharato pabbato namitvā pādasamīpaṃ āgato. So taṃ akkamitvā dutiyapādena tāvatiṃsabhavanaṃ akkami. Na hi cakkalakkhaṇena patiṭṭhātabbaṭṭhānaṃ visamaṃ bhavituṃ sakkoti. Khāṇu vā kaṇḍako vā sakkharakathalā vā uccārapassāvo vā kheḷasiṅghaṇikādīni vā purimatarāva apagacchanti. Tattha tattheva pathaviṃ pavisanti. Tathāgatassa hi sīlatejena paññātejena dhammatejena dasannaṃ pāramīnaṃ ānubhāvena ayaṃ mahāpathavī samā mudu pupphākiṇṇā honti. Tatra tathāgato samaṃ pādaṃ nikkhipati. Samaṃ uddharati, sabbāvantehi </p>','\r',char(13)),'\n',char(10)),'');
INSERT INTO pages (bookid, page, content, paranum) VALUES('annya_buddha_vandana_gantha_sanggaho_e0601n',174,replace(replace('<p class="bodytext">pādatalehi <a name="M0.0174"></a> bhūmiṃ phusati, tasmā suppatiṭṭhitapādoti thometi.</p>\r\n<p class="bodytext"><span class="bld">Mūdo dātuṇṇalomo</span>ti muda odāta uṇṇalomoti padacchedo. Bhamukantare jāto saṇhasukhumo seto suddho uṇṇalomavantoti attho. Ettha ca mudasaddo saṇhasukhumavācako anipphannapāṭipadiko. Atha vā mudeti mudayati satteti mudo, sukhumo. Mudadhātu modane a. Avadāyati khaṇḍiyatīti odāto. Avapubba dādhātu avakhaṇḍane ta. Atha vā avadāyati sujjhatīti odāto, yathā vodānanti. Mudo ca odāto ca mudodāto, uṇati uddhaṃ gacchatīti uṇṇā, lomo. Uṇṇasaddo hi loke lomasaddapariyāyoti vadanti ācariyā. Maṃsassa upari pavattatīti attho. Uṇadhātu gatiyaṃ ṇa. Maṃsacammāni lunāti chindatīti lomo. Ludhātu chindane manipaccayo. Lunitabboti vā lomo, uṇṇā ca sā lomo cāti uṇṇalomo, lomaviseso. Mudo dāto uṇṇalomo yassa soti mudodātuṇṇa lomo, sugato. Uṇṇālomaṃ pana bhagavato dvinnaṃ bhamukānaṃ vemajjhe nāsimatthakeyeva jātaṃ. Uggantvā pana nalāṭamajjhe jātaṃ. Sappimaṇḍe osāretvā ṭhapitasata vitatakappāsapaṭalaṃ viya mudaṃ. Parisuddhaosadhitārakavaṇṇaṃ viya ca sippalitūlalatātūlaṃ viya ca vigatamalena odātaṃ uṇṇālomaṃ atthi, na aññesanti attho. Vuttañhetaṃ <span class="bld">brahmāyusutte</span> –</p>\r\n<p class="bodytext">‘‘Uṇṇā kho panassa bhoto gotamassa bhamukantare jātā odātā mudu tūlasannibhā’’ti.</p>\r\n<p class="bodytext">Taṃ panetaṃ koṭiyaṃ gahetvā ākaḍḍhiyamānaṃ upaḍḍha bāhuppamāṇaṃ hoti. Vissaṭṭhaṃ dakkhiṇāvaṭṭavasena āvaṭṭitvā uddhaggā hutvā santiṭṭhati. Suvaṇṇaphalakamajjhe ṭhapitarajata </p>','\r',char(13)),'\n',char(10)),'');
INSERT INTO pages (bookid, page, content, paranum) VALUES('annya_buddha_vandana_gantha_sanggaho_e0601n',175,replace(replace('<p class="bodytext">pupphuḷakaṃ <a name="M0.0175"></a> viya, suvaṇṇaghaṭato nikkhammamānaṃ khīradhāraṃ viya aruṇappabhārañjite gaganatale osadhitārakaṃ viya ca atimanoharāya siriyā virocati, tasmā mūdodātuṇṇalomoti thometi.</p>\r\n<p class="bodytext"><span class="bld">Athamapī</span>ti tadaññaṃ api. <span class="bld">Sugato</span>ti buddho. So hi sundaravācaṃ gadati vadatīti sugatoti vuccati. <span class="bld">Brahmujuggattabhāvo</span>ti brahmaujuuggataattabhāvoti padavibhāgo. Brahmuno uju uggataattabhāvo viya ujumeva uggataattabhāvo dīghasarīroti attho. <span class="bld">Brahmāyusutte</span> pana ‘‘brahmujugatto’’tipāṭho. Tadaṭṭhakathāyañca brahmujugattoti brahmā viya ujugatto ujumeva uggatadīghasarīroti vivarati. Taṃ pana sandhāya brahmujuggattabhāvoti vuttaṃ.</p>\r\n<p class="bodytext">Ayaṃ panettha vacanattho. Jhānādiguṇehi uparūparibrūhati vaḍḍhatīti brahmā. Brūhadhātu vaḍḍhane ma, arati avaṅkabhāvena pavattatīti uju, avaṅko. Aradhātu gatiyaṃ jupaccayo. Arissa uādeso. Uddhaṃ gacchati pāpuṇātīti uggato. Upubba gamudhātu gatiyaṃ to. Āhito āropito ahaṃ māno etthāti attā, sarīro. Āpubba dhā dhātu ropane manipaccayo tupaccayo vā. Dhassa to. Massa to. Atha vā sukhadukkhaṃ adati anubhavatīti attā. Adadhātu anubhavane manipaccayo. <span class="bld">Kaccāyanasaddasatthe</span> pana ‘‘sukhadukkhaṃ adati bhakkhatīti attā, jātijarāmaraṇādīhi adiyate bhakkhiyateti vā attā. Ātumā’’ti vuttaṃ. Khyādīhi manimaca tovāti suttena padasiddhi veditabbā. Attāti abhidhānaṃ buddhi ca bhavanti etasmāti attabhāvo, rūpakāyo. <span class="bld">Anuṭīkāyaṃ</span> pana ‘‘āhito ahaṃ māno etthāti attā, soeva bhavati uppajjati na paraparikappito viya niccoti attabhāvo. Attāti vā diṭṭhigatikehi gahetabbākārena bhavati pavattatīti attabhāvo’’ti </p>','\r',char(13)),'\n',char(10)),'');
INSERT INTO pages (bookid, page, content, paranum) VALUES('annya_buddha_vandana_gantha_sanggaho_e0601n',176,replace(replace('<p class="bodytext">vuttaṃ<a name="M0.0176"></a>. Brahmuno ujumeva uggato attabhāvo viya ujumeva uggato attabhāvo yassa soti brahmujuggattabhāvo, sugato. Yebhuyyena hi sattā khandhe kaṭiyaṃ jāṇusūti tīsu ṭhānesu namanti. Thokaṃ kaṭiyaṃ namantā pacchato namanti. Itaresu dvīsu ṭhānesu purato. Dīghasarīrā paneke passā vaṅkā honti, eke mukhaṃ unnametvā nakkhattāni gaṇayantā viya caranti, eke appamaṃsalohitā sūlasadisā honti, pavedhamānā gacchanti, tathāgato pana ujumeva uggantvā dīghappamāṇo devanagare ussitasuvaṇṇa toraṇaṃ viya hoti. Tasmā brahmujuggattabhāvoti thometi.</p>\r\n<p class="bodytext"><span class="bld">Nīlakkhī</span>ti nīlaakkhīti padacchedo. Atinīlanettena samannāgatoti attho. Ikkhati passati anena rūpārammaṇaṃ samavisamaṃ vāti akkhi, nettaṃ. Ikkhadhātu dassane i. Issa attaṃ. Nīlā atinīlā akkhi nettā yassāti nīlakkhi, sugato. Bhagavato hi na sakalanīlakkhiva hoti. Nīlayuttaṭṭhāne panassa ummārapupphasadisena ativisuddhena nīlavaṇṇena samannāgatāni akkhīni honti. Pītayuttaṭṭhāne kaṇikārapupphasadisena lohitavaṇṇena. Lohitayuttaṭṭhāne bandhujīvakapupphasadisena lohitavaṇṇena. Seta yuttaṭṭhāne osadhitārakasadisena setavaṇṇena. Kāḷa yuttaṭṭhāne addāriṭṭhakasadisena kāḷavaṇṇena samannāgatāni suvaṇṇavimāne ugghāṭitamaṇisīhapañjarasadisāni khāyanti. Vuttañhi <span class="bld">mahāniddese</span> ‘‘maṃsacakkhumhi bhagavato pañcavaṇṇā saṃvijjanti. Nīlo ca vaṇṇo, pītako ca vaṇṇo, lohitako ca vaṇṇo, kaṇho ca vaṇṇo, odāto ca vaṇṇo akkhilomāni ca bhagavato, yattha ca akkhi lomāni patiṭṭhitāni. Taṃ nīlaṃ hoti sunīlaṃ pāsādikaṃ dassaneyyaṃ ummārapupphasamānaṃ. Tassa parato pītakaṃ </p>','\r',char(13)),'\n',char(10)),'');
INSERT INTO pages (bookid, page, content, paranum) VALUES('annya_buddha_vandana_gantha_sanggaho_e0601n',177,replace(replace('<p class="bodytext">hoti <a name="M0.0177"></a> supītakaṃ suvaṇṇavaṇṇaṃ pāsādikaṃ dassaneyyaṃ kaṇikārapupphasamānaṃ. Ubhato akkhikuṭāni bhagavato lohitakāni honti sulohikāni pāsādikāni dassaneyyāni indagopakasamānāni. Majjhe kaṇhaṃ hoti sukaṇhaṃ alūkhaṃ suddhaṃ pāsādikaṃ dassaneyyaṃ addāriṭṭhaka samānaṃ. Tassa parato odātaṃ hoti suodātaṃ setaṃ paṇḍaraṃ pāsādikaṃ dassaneyyaṃ osadhitārakasamāna’’nti. Bhagavā pana tena maṃsacakkhunā caturaṅgasamannāgate andhakārepi samantā yojanaṃ passati divā ceva rattiñca.</p>\r\n<p class="bodytext">Vuttañhi <span class="bld">mahāniddese</span> –</p>\r\n<p class="bodytext">‘‘Tena bhagavā pākatikena maṃsacakkhunā attabhāva pariyāpannena purimasucaritakammābhinibbattena samantā yojanaṃ passati divā ceva rattiñca. Yadāpi caturaṅgasamannāgato andhakāro hoti, sūriyo ca atthaṅgamito hoti, kāḷapakkho ca uposatho hoti, tibbo ca vanasaṇḍo hoti, mahā ca kāḷamegho abbhuṭṭhito hoti, evarūpepi caturaṅgasamannāgate andhakāre samantā yojanaṃ passati. Natthi so kuṭṭo vā kavāṭaṃ vā pākāro vā pabbato vā gaccho vā latā vā āvaraṇaṃ rūpānaṃ dassanāyā’’ti. Tasmā upalakkhaṇanayena nīlakkhīti thometi.</p>\r\n<p class="bodytext"><span class="bld">Dīghapaṇhī</span>ti āyatapaṇhi. Paripuṇṇapaṇhīti attho. Pasati bādhati anena paresanti paṇhi, pādassa pacchābhāgo. Pasadhātu bādhane ṇi. Sassa ho. <span class="bld">Ṇvādimoggallāne</span> pana ‘‘paṇa byavahārathutīsu hi paṇiyati vohāriyatīti paṇhi, pādassa pacchābhāgo’’ti vuttaṃ. Dīghā paṇhi yassa soti dīghapaṇhi, sugato. Yathā hi aññesaṃ agga pādo dīgho hoti. Paṇhimatthake jaṅghā patiṭṭhāti </p>','\r',char(13)),'\n',char(10)),'');
INSERT INTO pages (bookid, page, content, paranum) VALUES('annya_buddha_vandana_gantha_sanggaho_e0601n',178,replace(replace('<p class="bodytext">paṇhiṃ <a name="M0.0178"></a> tacchetvā ṭhapitā viya hoti. Na evaṃ tathāgatassa. Tathāgatassa pana catūsu koṭṭhāsesu dve koṭṭhāsā aggapādā honti. Tatiye koṭṭhāse jaṅghā patiṭṭhāti. Catutthe koṭṭhāse āraggena vaṭṭetvā ṭhapitā viya rattakambale geṇḍukasadisā paṇhi hoti. Tasmā dīghapaṇhīti thometi.</p>\r\n<p class="bodytext"><span class="bld">Sukhumamalachavī</span>ti sukhuma amala chavīti padacchedo. Saṇhamalavisuddhataco saṇhamalavirahitataco vāti attho. Ettha ca sukhumasaddo saṇhavācako anipphannapāṭipadiko. Atha vā sukhayati saṇhabhāvenāti sukhumaṃ, saṇhaṃ. Sukhadhātu takkariyaṃ umapaccayo. Taṃsamaṅgīpuggalaṃ kiliṭṭhaṃ malati dhāretīti malaṃ, rajādimalaṃ. Maladhātu dhāraṇe a, natthi malametissāti amalā, chavī. Maṃsaṃ chādetīti chavī. Chada dhātu saṃvaraṇe ravapaccayo īpaccayo ca. Sukhumā saṇhā amalā malavirahitā chavī yassāti sukhumamalachavī, sugato. Bhagavato hi suvaṇṇasiniddhasaṇhasarīrattā kañcanasannibha tacattā ca rūpakāye padumapalāse udakabindhu viya rajojallaṃ vā malaṃ vā na limpati. Vuttañhi majjhimapaṇṇāse <span class="bld">brahmāyusutte</span> –</p>\r\n<p class="bodytext">‘‘Sukhumacchavī kho pana bhavaṃ gotamo sukhumattā chaviyā rajojallaṃ kāye na upalimpatī’’ti. Tasmā sukhuma malachavīti thometi.</p>\r\n<p class="bodytext"><span class="bld">Thomyarasaggasaggī</span>ti thomyarasa gasa aggīti padacchedo. Thomitabba rasaharaṇasattasahassanhārū uddhaggikāti attho. Thomiyatīti thomyo, nhāru. Thomadhātu sīlāghāyaṃ ṇyo. Madhurādibhedaṃ rasaṃ gasenti anto pavesentīti rasaggasā, nhāru. Rasasaddūpapadagasadhātu adane a. Atha vā rasaṃ gasati harati etehīti </p>','\r',char(13)),'\n',char(10)),'');
INSERT INTO pages (bookid, page, content, paranum) VALUES('annya_buddha_vandana_gantha_sanggaho_e0601n',179,replace(replace('<p class="bodytext">rasaggasā<a name="M0.0179"></a>, nhāru. Gasadhātu haraṇe a. Dhātusaddo hi anekattho. Rasaggasānaṃ aggāti rasaggasaggā, te ettha santīti rasaggasaggī, nhāru. Assathyatthe īpaccayo. Thomyo rasaggasaggī yassa soti thomyarasaggasaggī, sugato. Tathāgatassa hi sattarasaharaṇisahassāni uddhaggāni hutvā gīvāyameva paṭimukkāni. Tilaphalamattopi āhāro jivhagge ṭhapito sabbaṃ kāyaṃ anupharati. Teneva mahāpadhānaṃ padahantassa ekataṇḍulādīhipi kaḷāyayūsapasatenapi kāyassa yāpanaṃ hoti. Aññesaṃ pana tathā abhāvā na sakalakāyaṃ ojā pharati. Tena te bahvābādhā honti. Idaṃ lakkhaṇaṃ appābādhatāsaṅkhātassa nissandaphalassavasena pākaṭaṃ hoti, tasmā thomyarasaggasaggīti thometi.</p>\r\n<p class="centered">Tevīsatimavandanagāthāvaṇṇanā samattā.</p>\r\n<p class="bodytext"><a name="para24"></a><span class="paranum">24</span>. Dutiyagāthāyaṃ <span class="bld">jino</span>ti pañcamārajitavā buddho. Tassa pana padassa samacattālīsaggadantotyādīhi padehi tulyaliṅgattabhāvena sambandho. <span class="bld">Cattālīsaggadanto</span>ti cattālīsaaggadantoti padacchedo. Samacattālīsa uttamadantoti attho. Ettha ca aggasaddo uttamavācako anipphannapāṭipadiko. Atha vā uttamabhāvaṃ ajati gacchatīti aggo, danto. Daṃsati vidaṃsati bhojjamanenāti danto. Daṃsadhātu daṃsane ta. Tassa nto dhātvantalopo. Samacattālīsaṃ aggo uttamo danto yassāti cattālīsaggadanto, jino. Uparimahanuke patiṭṭhitā dantā vīsati heṭṭhime vīsatīti samacattālīsadantā hontīti attho. Aññesañhi paripuṇṇadantānampi dvattiṃsadantā honti. Tathā gatassa pana cattālīsaṃ. Tasmā cattālīsaggadantoti thometi.</p>','\r',char(13)),'\n',char(10)),'-24-');
INSERT INTO pages (bookid, page, content, paranum) VALUES('annya_buddha_vandana_gantha_sanggaho_e0601n',180,replace(replace('<p class="bodytext"><span class="bld">Samakalapanajo</span>ti <a name="M0.0180"></a> kakacena chinditvā ṭhapito viya samadantoti attho. Lapati vadati etenāti lapanaṃ, mukhaṃ. Lapadhātu vadane yu. Tasmiṃ lapane mukhe jātoti lapanajo, danto. Tappurisasamāsoyaṃ, samako lapanajo danto yassāti samakalapanajo, jino. <span class="bld">Pāḷiyaṃ</span> pana ‘‘samadanto’’ti pāṭho atthi. Ayamevattho. Aññesañhi keci dantā uccā, keci nīcāti visamā honti. Tathāgatassa pana ayapaṭṭachinnasaṅkhapaṭalaṃ viya samā honti. Tasmā samakalapanajoti thometi.</p>\r\n<p class="bodytext"><span class="bld">Antaraṃsappapīno</span>ti antaraaṃsapīnoti padavibhāgo. Gāthābandhavasena chandānurakkhaṇatthaṃ pakārāgamaṃ katvā evaṃ vuttaṃ. Dvinnaṃ aṃsānaṃ khandhānaṃ antaraṃ vemajjhe paripuṇṇapiṭṭhitaloti attho. Ettha ca aṃsasaddo khandhatthe vattati. Vuttañhetaṃ <span class="bld">abhidhānappadīpikāyaṃ</span> ‘‘aṃso nitthi bhujasiro, khandho tassandhi jattu ta’’nti.</p>\r\n<p class="bodytext">Anati jīvati etenāti aṃso, khandho. Anadhātu pāṇe sopaccayo. Nassa niggahitādeso. Sarīrassa avayavabhāvena anati gacchati pavattatīti vā aṃso, dvinnaṃ aṃsānaṃ khandhānaṃ antaraṃ vemajjhanti antaraṃso, piṇati pūratīti pīno, piṭṭhitalaṃ. Piṇadhātu pinane pūraṇe vā ṇa. Ṇassa no. Dvinnaṃ aṃsānaṃ khandhānaṃ antaraṃ vemajjhe pīnaṃ paripuṇṇaṃ piṭṭhitalaṃ yassāti antaraṃsappapīno, jino. Uttarapadalopabahubbīhisamāsoyaṃ. Aññesañhi taṃ ṭhānaṃ ninnaṃ hoti, dve piṭṭhikoṭṭā pāṭiekkaṃ paññāyanti. Tathāgatassa pana kaṭito paṭṭhāya maṃsapaṭalaṃ yāva khandhā uggamma samussitasuvaṇṇaphalakaṃ viya piṭṭhiṃ chādetvā patiṭṭhitaṃ. Tasmā antaraṃsappapīnoti thometi. <span class="bld">Pāḷiyaṃ</span> pana ‘‘citantaraṃso’’ti pāṭho. <span class="bld">Tadaṭṭhakathāyañca</span> ‘‘citantaraṃ </p>','\r',char(13)),'\n',char(10)),'');
INSERT INTO pages (bookid, page, content, paranum) VALUES('annya_buddha_vandana_gantha_sanggaho_e0601n',181,replace(replace('<p class="bodytext">soti <a name="M0.0181"></a> antaraṃsaṃ vuccati dvinnaṃ koṭṭānamantaraṃ. Taṃ paripuṇṇa massāti antaraṃso’’ti vuttaṃ.</p>\r\n<p class="bodytext"><span class="bld">Cakkenaṅkitapādo</span>ti cakkena aṅkitapādoti padacchedo. Aṭṭhasatapādacakkalakkhaṇena lakkhitapādataloti attho. Cakkena aṭṭhasatapādacakkena aṅkito lakkhito pādo yena soti cakkenaṅkitapādo, jino. Tatiyābahubbīhi samāsoyaṃ. Aññesañhi pādatale aṭṭhasatapādacakka lakkhaṇaṃ natthi. Tathāgatassa pādataleeva vicitraṃ aṭṭhasata pādacakkalakkhaṇaṃ atthi. Tasmā cakkenaṅkitapādoti thometi.</p>\r\n<p class="bodytext">Vuttañhi <span class="bld">brahmāyusutte</span> ‘‘heṭṭhā kho pana tassa bhoto gotamassa pādatalesu cakkāni jātāni sahassārāni sanemikāni sanābhikāni sabbākāraparipūrānī’’ti. Aṭṭhasatapādacakkalakkhaṇasarūpaṃ pana yo pādapaṅkajamuduttalarā jikehīti gāthāvaṇṇanāyaṃ vuttamevāti.</p>\r\n<p class="bodytext"><span class="bld">Aviraḷadasano</span>ti avivaradanto. Avivaradantena sampannoti attho. Vivarati phullatīti viraḷo. Varadhātu phullaneḷo. Assi. Na viraḷo aviraḷo, natthi viraḷo etassāti aviraḷo, danto. Daṃsati vidaṃsati khādanīyaṃ vā bhojanīyaṃ vā etenāti dasano, danto. Daṃsadhātu daṃsane yu. Niggahitalopo. Aviraḷo dasano danto yassāti aviraḷadasano, jino. Aññesañhi kumbhilānaṃ viya dantā viraḷā honti. Macchamaṃsādīni khādantānaṃ dantantaraṃ pūrati. Tathāgatassa pana kanakalatāya samussāpitavajira panti viya aviraḷā tulikāya dassitaparicchedā viya dantā honti, tasmā aviraḷadasanoti thometi.</p>\r\n<p class="bodytext"><span class="bld">Mārajussaṅkhapādo</span>ti māraji ussaṅkhapādoti padacchedo. Ettha ca mārajīti pañcamārajitavā buddho kattubhūto. </p>','\r',char(13)),'\n',char(10)),'');
INSERT INTO pages (bookid, page, content, paranum) VALUES('annya_buddha_vandana_gantha_sanggaho_e0601n',182,replace(replace('<p class="bodytext">So <a name="M0.0182"></a> hi pañcamāre jitavāti mārajīti vuccati. Ussaṅkhapādoti pādassa upari ṭhitena saṅkhasadisattā saṅkhanāmikena gopphakena samannāgatoti attho. Saṃsuṭṭhuṃ pathaviṃ khanatīti saṅkhe. Saṃpubbakhanudhātu avadāraṇe kvi. <span class="bld">Apadānaṭṭhakathāyaṃ</span> pana ‘‘saṃsuṭṭhuṃ khādanto khaṇanto gacchatīti saṅkhe. Samuddajalapariyante caramāno gacchati caratīti attho’’ti vuttaṃ. Saṅkhe viyāti saṅkhe, gopphako. Pādassa uddhaṃ upari ṭhitaṃ saṅkhasadisaṃ gopphaka massāti ussaṅkhapādo, jino. Vuttañhi <span class="bld">brahmāyusuttaṭṭhakathāyaṃ</span> ‘‘uddhaṃ patiṭṭhitagopphakattā ussaṅkhā pādā assāti ussaṅkhapādo’’ti. Aññesañhi piṭṭhipāde gopphakā honti. Tena tesaṃ pādā āṇibaddhā viya baddhā honti. Na yathāsukhaṃ parivattanti. Gacchantānaṃ pādatalāni na dissanti. Tathāgatassa pana abhirūhitvā upari gopphakā patiṭṭhahanti. Tenassa nābhito paṭṭhāya uparimakāyo nāvāya ṭhapita suvaṇṇapaṭimā viya niccalo hoti. Adhokāyova iñjati. Sukhena pādā parivattanti. Puratopi pacchato ubhayapassesupi ṭhatvā passantānaṃ pādatalāni paññāyanti. Na hatthīnaṃ viya pacchatoyevāti. Tasmā ussaṅkhapādoti thometi.</p>\r\n<p class="bodytext"><span class="bld">Tiṭṭhanto nonamantobhayakaramudunā jaṇṇukānāma santo</span>ti ettha tiṭṭhanto no namanto ubhaya karamudunā jaṇṇukāni āmasantoti padavibhāgo. <span class="bld">Tiṭṭhanto</span>ti ṭhitakova. <span class="bld">Nonamanto</span>ti anamamāno hutvā. <span class="bld">Ubhaya karamudunā</span>ti sukhumena hatthadvayena. <span class="bld">Jaṇṇukānī</span>ti jaṅghāni. Jāyati gamanāgamanaṃ anenāti jaṇṇu, janadhātu janane ṇu. Soeva jaṇṇukā, jaṅghorūnaṃ sandhi labbhati. Tāni. <span class="bld">Āmasanto</span>ti parimajjituṃ sakkonto. Ettha ca tiṭṭhanto nonamantoti iminā tathāgatassa akhujjaavāmanabhāvo </p>','\r',char(13)),'\n',char(10)),'');
INSERT INTO pages (bookid, page, content, paranum) VALUES('annya_buddha_vandana_gantha_sanggaho_e0601n',183,replace(replace('<p class="bodytext">dīpito<a name="M0.0183"></a>. Avasesajanā hi khujjā vā honti vāmanā vā. Khujjānaṃ uparimakāyo aparipuṇṇo hoti vāmanānaṃ heṭṭhimakāyo. Te aparipuṇṇakāyattā na sakkonti nonamanto jaṇṇukāni parimajjituṃ. Tathāgato pana paripuṇṇaubhayakāyattā sakkoti, tasmā tiṭṭhanto…pe… jaṇṇukā nāmasantoti thometi.</p>\r\n<p class="bodytext"><span class="bld">Vaṭṭakkhandho</span>ti suvaṇṇāliṅgo viya samavaṭṭitagaliko. Vuttañhi <span class="bld">brahmāyusutte</span> ‘‘samavaṭṭakkhandho’’ti. Parimaṇḍalā kārena vaṭṭati pavattatīti vaṭṭo, parimaṇḍalo. Vaṭṭadhātu vaṭṭane a. Bhojanaṃ khādati etena galenāti khandho, galo. Khādadhātu khādane bhakkhane vā kvipaccayo. Khādāmagamānaṃ khandhandhagandhāti suttena padasiddhi veditabbā. <span class="bld">Abhidhānaṭīkāyaṃ</span> pana ‘‘kaṃ matthakaṃ dadhātīti kandho. Soeva kakārassa khakārakaraṇavasenā’’ti vuttaṃ. Vaṭṭo samaparimaṇḍalo khandho galo yassāti vaṭṭakkhandho, jino. Yathā hi eke koñcā viya bakā viya varāhā viya ca dīghagalā vaṅkagalā puthugalā ca honti. Kathanakāle sirājalaṃ paññāyati. Mando saro nikkhamati, na evaṃ tassa. Tathāgatassa pana suvaṭṭitasuvaṇṇāliṅgasadiso khandho galo hoti. Kathanakāle sirājalaṃ na paññāyati. Meghassa viya gajjato saro mahā hoti. Tasmā vaṭṭakkhandhoti thometi.</p>\r\n<p class="bodytext">Puna jinoti buddho kattubhūto. Tassa pana padassa gotaruṇapakhumakotyādīhi padehi tulyaliṅgattabhāvena sambandho. <span class="bld">Gotaruṇapakhumako</span>ti taṃmuhuttajātaratta vacchassa cakkhubhaṇḍo viya vippasannacakkhubhaṇḍo, vippasannacakkhubhaṇḍena samannāgato vā. Ettha ca pakhumakoti sakalaṃ cakkhubhaṇḍaṃ adhippetaṃ. Cakkhubhaṇḍanti cakkhuparivāraṃ. Cakkhubhaṇḍanti akkhidalanti keci. Akkhidalapattanti vadanti aññe. Akkhidale </p>','\r',char(13)),'\n',char(10)),'');
INSERT INTO pages (bookid, page, content, paranum) VALUES('annya_buddha_vandana_gantha_sanggaho_e0601n',184,replace(replace('<p class="bodytext">hi <a name="M0.0184"></a> pana saddhiṃ akkhibimbanti veditabbaṃ. Ayaṃ panettha vacanattho. Patati cakkhuṃ parivāreti etenāti pakhumaṃ, pamhādiparivāraṃ. Patadhātu parivāre umo. Takārassa kho. Atha vā akkhino pakkhadvaye jātanti pakhumaṃ, pamhaṃ. Jātataddhite umo. Pakkhumanti vattabbe kakāralopavasena pakhumanti vuccati. Pakhumaṃyeva pakhumako. Gotaruṇassa taṃmuhuttajātarattavacchassa pakhumaṃ viya pakhumaṃ yassa soti gotaruṇapakhumako, jino. Gotaruṇassa taṃmuhuttajātarattavacchassa pakhumasadisaṃ vippasannacakkhubhaṇḍaṃ atthīti attho. Aññesañhi akkhibhaṇḍo aparipuṇṇo hoti. Hatthimūsikakākādīnaṃ akkhisadisehi viniggatehi gambhīrehipi akkhīhi samannāgatā. Tathāgatassa pana dhovitvā majjitvā ṭhapitamaṇiguḷikā viya mudusiniddhanīla sukhumapakhumācitāni akkhīni honti. Tasmā gotaruṇapakhumakoti thometi.</p>\r\n<p class="bodytext"><span class="bld">Sīhapubbaḍḍhakāyo</span>ti sīhassa pubbaḍḍhakāyo viya paripuṇṇakāyo. Vātātapādiparissayaṃ sahati khamatīti sīho, sahadhātu khamane a. Īkārāgamo. Atha vā sūkaramahiṃsādayo satte hiṃsatīti sīho. Hiṃsadhātu hanane ṇa. Hiṃsoti vattabbe akkharavipariyāyena sīhoti vuccati. Atha vā sabbiriyāpathesu daḷhavīriyattā suṭṭhu īhati vāyamatīti sīho, kesarasīho. Supubba īhadhātu cetāyaṃ a. Tena vuttaṃ <span class="bld">saddanītiyaṃ</span> ‘‘sahahiṃsa īhāvasā, sīhasaddagatiṃ vade’’ti. Sīhassa pubbaḍḍhe jāto kāyo viya paripuṇṇakāyo yassāti sīhapubbaḍḍhakāyo, jino. Yathā hi sīhassa pubbaḍḍhakāyova paripuṇṇo hoti, na evaṃ tassa. Tathāgatassa pana kāyo sabbaparipuṇṇoti attho. Sīhassa pana purimakāyova paripuṇṇo hoti, pacchima </p>','\r',char(13)),'\n',char(10)),'');
INSERT INTO pages (bookid, page, content, paranum) VALUES('annya_buddha_vandana_gantha_sanggaho_e0601n',185,replace(replace('<p class="bodytext">kāyo <a name="M0.0185"></a> aparipuṇṇo. Tathāgatassa pana sīhassa pubbaḍḍhakāyoiva sabbo kāyo paripuṇṇo. Sopi sīhasseva na tattha tattha vinatunnatādivasena dussaṇṭhita visaṇṭhito. Dīghayuttaṭṭhāne pana dīgho. Rassakisathūla anuvaṭṭitayuttaṭṭhānesu tathāvidhova hoti. Vuttañhetaṃ ‘‘manāpiye ca kho bhikkhave kammavipāke paccupaṭṭhite yehi aṅgehi dīghehi sobhati, tāni aṅgāni thūlāni saṇṭhahanti. Yehi aṅgehi kisehi sobhati, tāni aṅgāni kisāni saṇṭhahanti. Yehi aṅgehi vaṭṭehi sobhati, tāni aṅgāni vaṭṭāni saṇṭhahantī’’ti. Iti nānācittena puññacittena cittito dasahi pāramīhi sajjito tathāgatassa attabhāvo tassa loke sabbasippino vā iddhimanto vā patirūpakampi kātuṃ na sakkonti. Tasmā sīhapubbaḍḍhakāyoti thometi.</p>\r\n<p class="centered">Catuvīsatimavandanagāthāvaṇṇanā samattā.</p>\r\n<p class="bodytext"><a name="para25"></a><span class="paranum">25</span>. Tatiya gāthāyaṃ <span class="bld">sugato</span>ti buddho kattubhūto. Tassa pana padassa sattappīnotyādīhi padehi tulyaliṅgattabhāvena sambandho. <span class="bld">Sattappīnoti</span> dvihatthapāda aṃsakūṭa ekagalavasena sattasu ṭhānesu paripuṇṇamaṃsikoti attho. Ācariyā pana paripuṇṇadvihatthapāda aṃsakūṭa khandhasaṅkhātasattaṭṭhānoti atthaṃ vadanti. Maṃsena pīṇati paripūratīti pīno. Pīṇate paripūrate vā pīno. Pīṇadhātu pīṇane, pūraṇe vā ṇa. Ṇassa no. Dve hatthapiṭṭhiyo dve pādapiṭṭhiyo dve aṃsakūṭāni ekagalo cāti sattasu ṭhānesu pīno paripuṇṇo maṃso assāti sattapīno, sugato labbhati. Aññesañhi hatthapādapiṭṭhīsu nhārujālā paññāyanti aṃsakūṭagalesu aṭṭhikoṭiyo. Te manussā petā viya khāyanti. Na tathāgato. Tathāgato pana sattasu </p>','\r',char(13)),'\n',char(10)),'-25-');
INSERT INTO pages (bookid, page, content, paranum) VALUES('annya_buddha_vandana_gantha_sanggaho_e0601n',186,replace(replace('<p class="bodytext">ṭhānesu <a name="M0.0186"></a> paripuṇṇamaṃsussadattā niguḷanhārujālehi hatthapiṭṭhādīhi vaṭṭetvā ṭhapitasuvaṇṇavaṇṇāliṅgasadisena galena sīlārūpakaṃ viya cittakammarūpakaṃ viya ca khāyati, tasmā sattappīnoti thometi.</p>\r\n<p class="bodytext"><span class="bld">Brahmāyusutte</span> pana ‘‘sattussado’’ti pāṭho. Tassa pana sattasu ṭhānesu paripuṇṇamaṃsussadoti attho daṭṭhabbo.</p>\r\n<p class="bodytext"><span class="bld">Dīghaṅgulī</span>ti dīghaaṅgulīti padacchedo. Samaāyatahattha pādaṅgulīti attho. Aṅgati uddhaṃ gacchatīti aṅguli. Aṅgati taṃ taṃ kāyaṅgaṃ parāmasati etāyāti vā aṅguli, karasākhā. Agidhātu gatiyaṃ ulipaccayo. Atha vā aṅgaṃ kāyaṅgaṃ ulati gacchati parāmasati etāyāti aṅguli, karasākhā. Aṅga saddūpapadauladhātu gatiyaṃ i. Samadīghā aṅguli hattha pādaṅguli yassa soti dīghaṅguli, sugato. Samadīghā hatthapādaṅguli atthīti attho. Yathā hi aññesaṃ kāci aṅguli dīghā hoti kāci rassā, na evaṃ tathāgatassa. Tathāgatassa pana makkaṭasseva dīghahatthapādaṅguliyo mūle thūlā anupubbena gantvā agge tanukā niyyāsatelena madditvā vaṭṭitaharitālavaṭṭasadisā honti. Tasmā dīghaṅgulīti thometi. <span class="bld">Mathā</span>ti maathāti padacchedo. Makāro hi padasandhikaro. Athāti atthantare nipāto. Tadaññanti attho.</p>\r\n<p class="bodytext"><span class="bld">Lomakūpekalomo</span>ti lomakūpaekalomoti padacchedo. Ekekalomakūpe ekekajātalomoti attho. Cammamaṃsaṃ lunāti chindatīti lomo, vaḍḍhamānaṃ lunitabbanti vā lomo, lūdhātu chedane manipaccayo. Kuvuccati udakaṃ, taṃ pāti rakkhatīti kūpo. Kupubbapādhātu rakkhane kvi. Ussa dīgho. Kūpo viyāti kūpo, atha </p>','\r',char(13)),'\n',char(10)),'');
INSERT INTO pages (bookid, page, content, paranum) VALUES('annya_buddha_vandana_gantha_sanggaho_e0601n',187,replace(replace('<p class="bodytext">vā <a name="M0.0187"></a> kuvuccati lomaṃ, taṃ pāti rakkhatīti kūpo. <span class="bld">Abhidhānaṭīkāyaṃ</span> pana ‘‘kusadde po. Dīghādi. Kūpo. Kena ubhatīti vā kūpo. Bhassa po’’ti vuttaṃ. Lomassa kūpo lomakūpo. Tasmiṃ tasmiṃ jāto ekeka lomo yassāti lomakūpekalomo, sugato. Yathā hi aññesaṃ ekekasmimpi lomakūpe anekāni lomāni jāyanti, na evaṃ tathāgatassa. Tathāgatassa pana ekekasmiṃ lomakūpe ekekalomo jāyati. Vuttañhi <span class="bld">brahmāyusutte</span> ‘‘ekekalomo kho pana bhavaṃ gotamo. Ekekāni lomāni lomakūpesu jātā nī’’ti. Tasmā lomakūpekalomoti thometi.</p>\r\n<p class="bodytext"><span class="bld">Sampannodātadāṭho</span>ti sampannoodātadāṭhoti padacchedo. Sampannasukkadāṭhoti attho. Sampajjatīti sampanno. Saṃpubbapadadhātu gatiyaṃ ta. Tassa anno. Avadāyati avakhaṇḍiyati aññavaṇṇobhāsanti odāto. Avapubba dādhātu avakhaṇḍane ta. Daṃsati odanādiṃ etāyāti dāṭho, dantaviseso. Daṃsadhātu daṃsane ṭho. Daṃsissa dā. Sampanno ca odāto ca dāṭho yassāti sampanno dātadāṭho, sugato. Aññesañhi pūtidantā uṭṭhahanti. Tena kāci dāṭhā kāḷāpi vivaṇṇāpi honti. Tathāgato pana sukkadāṭho osadhitārakampi atikkamma virocamānāya pabhāya samannāgatadāṭho hoti. <span class="bld">Pāḷiyaṃ</span> pana ‘‘susukkadāṭho’’ti pāṭho. Ayamevattho. Tasmā sampannodātadāṭhoti thometi.</p>\r\n<p class="bodytext"><span class="bld">Kanakasamataco</span>ti suvaṇṇena sadisacammo. Kanati dibbati obhāsenāti kanakaṃ. Kaniyati icchiyati manusse hīti vā kanakaṃ, suvaṇṇaṃ. Kanadhātu dittigatikantīsu akapaccayo, saṃsadisena amati gacchati pavattatīti samaṃ. Saṃpubbaamadhātu gatiyaṃ a. Tacati maṃsaṃ chādeti saṃvarati </p>','\r',char(13)),'\n',char(10)),'');
INSERT INTO pages (bookid, page, content, paranum) VALUES('annya_buddha_vandana_gantha_sanggaho_e0601n',188,replace(replace('<p class="bodytext">vāti <a name="M0.0188"></a> taco, tacati dibbati suvaṇṇobhāsenāti vā taco, cammaṃ. Tacadhātu saṃvaraṇadittīsu a. Kanakena suvaṇṇena samo sadiso taco yassāti kanaka samataco, sugato. Yathā hi aññesaṃ taco koci nīlataco setataco pītataco hoti, na evaṃ tathāgatassa. Tathāgatassa pana jātihiṅgulakena majjitvā nisadāya ghaṃsitvā gerukaparikammaṃ katvā ṭhapita ghanasuvaṇṇarūpakaṃ viya kañcanasadisataco hoti. <span class="bld">Pāḷiyaṃ</span> pana ‘‘suvaṇṇavaṇṇo kañcanasannibhattaco’’ti vutto. Ettha ca suvaṇṇavaṇṇo viya vaṇṇo yassāti suvaṇṇavaṇṇo, kañcanena sannibhaṃ sadisaṃ tacamassāti kañcanasannibhattacoti vacanattho kātabbo. Ettha ca suvaṇṇavaṇṇanti iminā tathāgatassa ghanasiniddhasaṇhasarīrataṃ dasseti. Kañcanasannibhattacoti iminā chavivaṇṇaṃ dasseti. Atha vā vevacanametaṃ padadvayaṃ. Tasmā kanakasamatacoti thometi.</p>\r\n<p class="bodytext"><span class="bld">Nīlamuddhaggalomo</span>ti nīlaṃ uddhaṃ aggalomoti padacchedo. Nīlaṃ uddhaṃ aggā koṭi hutvā mukhasobhaṃ ullokayamāno viya ṭhitalomo, nīlāni uddhaṃ aggāni koṭīni hutvā ṭhitāni lomāni yassāti nīlamuddhaggalomo, sugato. Yathā hi aññesaṃ lomāni heṭṭhā aggāni hutvā tiṭṭhanti, na evaṃ tathāgatassa. Tathāgatassa pana lomāni āvaṭṭapariyosāne uddhaṃ aggāni hutvā mukhasobhaṃ ullokayamānāni viya tiṭṭhanti. Vuttañhetaṃ <span class="bld">brahmāyusutte</span> ‘‘uddhaggalomo bhavaṃ gotamo. Uddhaggāni lomāni jātāni nīlāni añjanavaṇṇāni kuṇḍalāvaṭṭāni padakkhiṇāvaṭṭakajātānī’’ti. Tasmā nīlamuddhaggalomoti thometi.</p>\r\n<p class="bodytext"><span class="bld">Sambuddho</span>ti tathāgato. So hi anaññabuddho hutvā sāmaṃyeva cattāri saccāni bujjhatīti sambuddhoti vuccati. </p>','\r',char(13)),'\n',char(10)),'');
INSERT INTO pages (bookid, page, content, paranum) VALUES('annya_buddha_vandana_gantha_sanggaho_e0601n',189,replace(replace('<p class="bodytext">Tassa <a name="M0.0189"></a> pana padassa thūlajivhotyādīhi tīhi padehi tulyaliṅgattabhāvena sambandho.</p>\r\n<p class="bodytext"><span class="bld">Thūlajivho</span>ti mududīghaputhula jivhāya sampannoti attho. Gāthābandhavasena hi mududīghasaddalopaṃ katvā evaṃ vuttaṃ. Tena vuttaṃ <span class="bld">aṭṭhakathāyaṃ</span> ‘‘mudujivhā dīghā thūlā vaṇṇa sampannā’’ti. Thūlati brūhatīti thūlā, jivhā. Thūladhātu buddhiyaṃ a. Jīvati pāṇaṃ dhāretīti jivhā, rasanā. Jīvadhātu pāṇadhāraṇe hapaccayo. Jīvanti sattā etena rasenāti jīvitaṃ, chabbidharaso. Taṃ avhāyatīti jivhā, jivhāpasādarūpaṃ. Sambhārajivhā ṭhānūpacārena labbhati. Jīvitasaddūpapada avhadhātu avhāyane a. Jīvitaavhāti vattabbe niruttinayena vitasaddalopaṃ katvā jivhāti vuttaṃ. Thūlā mahantā dīghā mudukā jivhā yassāti thūlajivho, sambuddho. Aññesañhi jivhā thūlāpi hoti kisāpi rassāpi thaddhāpi visamāpi. Tathāgatassa pana mudujivhā dīghā puthulā vaṇṇa sampannā hoti. So taṃ lakkhaṇaṃ pariyesituṃ āgatānaṃ brahmāyubrāhmaṇādīnaṃ kaṅkhāvinodanatthaṃ jivhāya mudukattā taṃ jivhaṃ kathinasūci viya vaṭṭetvā ubhopi nāsikāsotāni parāmasati, dīghattā ubho kaṇṇasotāni parāmasati, puthulattā kesantapariyosānaṃ kevalampi nalāṭaṃ paṭicchādeti, evaṃ tassā mududīghaputhulabhāvaṃ pakāsento kaṅkhāvinodeti, evaṃ tilakkhaṇasampannaṃ jivhaṃ sandhāya thūla jivhoti thometi. <span class="bld">Pāḷiyaṃ</span> pana ‘‘pahūtajivho’’ti pāṭho. Ayamevattho.</p>\r\n<p class="bodytext"><span class="bld">Athā</span>ti atthantaratthe nipāto. Tadaññanti attho. <span class="bld">Sīhahanuko</span>ti sīhassa heṭṭhā hanu viya paripuṇṇa hanuko. Sīhasaddattho heṭṭhā vuttoyeva. Hanati odanādīnaṃ vaṇṇavisesaṃ nāsetīti hanu. Hanadhātu hiṃsāyaṃ u. Sīhassa heṭṭhā hanu viya hanu yassāti </p>','\r',char(13)),'\n',char(10)),'');
INSERT INTO pages (bookid, page, content, paranum) VALUES('annya_buddha_vandana_gantha_sanggaho_e0601n',190,replace(replace('<p class="bodytext">sīhahanuko<a name="M0.0190"></a>, sambuddho. Samāsante ko. Sīhassa hi heṭṭhimahanumeva paripuṇṇaṃ hoti, na uparimaṃ. Tathāgatassa pana sīhassa heṭṭhimaṃ viya dvepi paripuṇṇāni dvādasiyaṃ pakkhassa candasadisāni honti. Tasmā sīhahanukoti thometi.</p>\r\n<p class="bodytext"><span class="bld">Jālikappādahattho</span>ti kusalena vaḍḍhakinā vātapāne sammāyojitajālaṃ viya cammena appaṭibaddhahatthapādaṅgulantaro. Jalati dibbatīti jālaṃ, jaladhātu dittiyaṃ ṇa. Jālaṃ assa atthi tasmiṃ vā vijjatīti jālikaṃ, vātapānaṃ. Assathyatthe ṇiko. Atha vā jālaṃ eva jālikaṃ. Pajjati gacchati etenāti pādo, caraṇo. Padadhātu gamane ṇa. Taṃ taṃ bhāraṃ haratīti hattho, karo. Haradhātu haraṇe tho. Jālikaṃ viya hatthapādaṅgulantaraṃ yassāti jālikappādahattho, sambuddho. Kusalena vaḍḍhakinā vātapāne sammāyojitāni jālasadisāni hatthapādaṅgulantarāni honti. Na ca cammena paṭibaddhaaṅgulantarānīti attho. Ettha jālikappādahatthaṅgulantaranti vattabbe uttarapadalopena evaṃ vuttaṃ. Cammena paṭibaddhahatthapādaṅgulantaro hi phaṇahatthako purisadosena upahato pabbajjampi na labhati. Tathāgatassa pana catasso hatthaṅguliyo pañcapi pādaṅguliyo ekappamāṇā honti. Tāsaṃ ekappamāṇa tāya yavalakkhaṇaṃ aññamaññaṃ paṭivijjhitvā tiṭṭhati. Athassa hatthapādā kusalena vaḍḍhakinā sammāyojitajālavāta pānasadisā honti, tasmā jālikappādahatthoti thometi. <span class="bld">Pāḷiyaṃ</span> pana ‘‘jālahatthapādo’’ti pāṭho. Ayamevattho.</p>\r\n<p class="bodytext"><span class="bld">Nātho</span>ti buddho kattuvasena. So hi nāthati vineyyānaṃ hitapaṭipattiṃ yācati, parasantānagataṃ vā kilesabyasaṃ upatāpeti, paramena cittissariyena samannā </p>','\r',char(13)),'\n',char(10)),'');
INSERT INTO pages (bookid, page, content, paranum) VALUES('annya_buddha_vandana_gantha_sanggaho_e0601n',191,replace(replace('<p class="bodytext">gato<a name="M0.0191"></a>. Sabbasatte vā guṇehi īsati abhibhavati, veneyyānaṃ hitasukhaṃ vā āsīsatīti nāthoti vuccati. Vuttañhi <span class="bld">saddanītiyaṃ</span> ‘‘nāthadhātu yācane upatāpe issariye āsisane cāti catūsvatthesu pavattatī’’ti.</p>\r\n<p class="bodytext">Tassa pana padassa uṇhīsasīsotipadena tulyaliṅgattabhāvena sambandho. <span class="bld">Uṇhīsasīso</span>ti rañño baddhauṇhīsa paṭṭo viya virocamāno pakatimaṃsapiṇḍasaṅkhāto uṇhīsapaṭṭasīso. Nalāṭe nahiyati bandhiyatīti uṇhīso. Upubbanahadhātu bandhane, īso. Vaṇṇavikāro. Vuttañhi <span class="bld">jāliniyaṃ</span> –</p>\r\n<p class="gatha1">‘‘Vaṇṇāgamo vaṇṇavipariyāyo,</p>\r\n<p class="gatha2">Dve cāpare vaṇṇavikāranāsā;</p>\r\n<p class="gatha3">Dhātūnamatthātisayena yogo,</p>\r\n<p class="gathalast">Taduccate pañcavidhaṃ nirutti’’nti.</p>\r\n<p class="bodytext">Tattha ca avijjamānassa āgamā vaṇṇāgamo nāma. Vijjamānaakkharānaṃ heṭṭhupariyāyavasena vaṇṇavipariyāyo nāma. Aññakkharassa aññakkharāpajjanatā vaṇṇavikāro nāma. Vijjamānakkharavināso vaṇṇavināso nāma. Tattha tattha yathāyogaṃ visesatthayogo dhātūnaṃ atthātisaya yogo nāmāti adhippāyo. Ettha pana nakārassa ṇakāraṃ katattā vaṇṇavikāroti daṭṭhabbo. Mālādiṃ siyati bandhiyatīti sīso, uttamaṅgo. Sidhātu bandhane īso. Rājūnaṃ uṇhīsapaṭṭena veṭhitasīso viya sīso yassāti uṇhīsasīso. Atha vā rājūnaṃ uṇhīsaṃ viya sabbattha parimaṇḍalasīso yassāti uṇhīsasīso, nātho.</p>\r\n<p class="bodytext">Vuttañhi <span class="bld">brahmāyusuttaṭṭhakathāyaṃ</span> ‘‘uṇhīsasīsoti idaṃ paripuṇṇanalāṭañceva paripuṇṇasīsañcāti dve atthavase paṭicca vuttaṃ. Tathāgatassa hi dakkhiṇakaṇṇacūḷikato paṭṭhāya </p>','\r',char(13)),'\n',char(10)),'');
INSERT INTO pages (bookid, page, content, paranum) VALUES('annya_buddha_vandana_gantha_sanggaho_e0601n',192,replace(replace('<p class="bodytext">maṃsapaṭaṃ <a name="M0.0192"></a> uṭṭhahitvā sakalaṃ nalāṭaṃ chādayamānaṃ pūrayamānaṃ gantvā vāmakaṇṇacūḷikāya patiṭṭhitaṃ. Rañño baddhauṇhīsapaṭṭo viya virocati. Pacchimabhavikabodhisattānaṃ kira imaṃ lakkhaṇaṃ viditvā rājūnaṃ uṇhīsapaṭṭaṃ akaṃsu. Ayaṃ tāva eko attho. Aññe pana janā aparipuṇṇasīsā honti. Keci kapisīsā, keci phalasīsā, keci aṭṭhisīsā, keci tumba sīsā, keci pabbhārasīsā. Tathāgatassa pana āraggena vaṭṭetvā ṭhapitaṃ viya suparipuṇṇaṃ udakapupphulasadisaṃ sīsaṃ hoti. Tattha purimanayena uṇhīsaveṭhitasīso viyāti uṇhīsasīso. Dutiyanayena uṇhīsaṃ viya sabbattha parimaṇḍala sīsoti uṇhīsasīso’’ti. <span class="bld">Taṭṭīkāyañca</span> ‘‘dve attha vase paṭicca vuttanti, yasmā buddhā cakkavattino ca paripuṇṇa nalāṭatāya paripuṇṇasīsabimbatāya uṇhīsasīsāti vuccanti. Tasmā te dve atthavase paṭicca uṇhīsasīsoti vutta’’nti vaṇṇeti. Tasmā uṇhīsasīsoti thometi.</p>\r\n<p class="bodytext"><span class="bld">Itiguṇasahita</span>nti iminā vuttappakārena nigrodhabimbotyādinā dvattiṃsamahāpurisalakkhaṇaguṇena sampannaṃ. Itievaṃ vuttappakāraṃ guṇaṃ itiguṇaṃ. Tena saha ito pattoti itiguṇasahito, mahesī. Aññe hi dvattiṃsa mahāpurisalakkhaṇehi sampannā na honti, cakkavattirājāno mahāpurisalakkhaṇehi sampannāpi ṭhapetvā kosohitavattha guyhalakkhaṇaṃ avasesehi sampannā honti. Tathāgatoyeva sabbamahāpurisalakkhaṇehi samannāgato. Tasmā bhagavantaṃyeva itiguṇasahitanti thomanaṃ arahatīti vuttaṃ hoti. <span class="bld">Taṃ mahesi</span>nti sīlakkhandhādike ca nibbānañca esati gavesatīti mahesī. Taṃ mahesiṃ ahaṃ tīhi dvārehi namāmi vandāmīti sambandho.</p>\r\n<p class="centered">Pañcavīsatimavandanagāthāvaṇṇanā samattā.</p>','\r',char(13)),'\n',char(10)),'');
INSERT INTO pages (bookid, page, content, paranum) VALUES('annya_buddha_vandana_gantha_sanggaho_e0601n',193,replace(replace('<p class="bodytext"><a name="para23"></a><span class="paranum">23</span>. Ayaṃ <a name="M0.0193"></a> pana imāsu tīsu gāthāsu <span class="bld">saṅkhepatthayojanā</span>. Buddho kattubhūto nigrodhabimbo nigrodhassa parimaṇḍalo viya parimaṇḍalasarīro mudukaracaraṇo saṇhahatthapādo, brahmaghoso brahmuno saro viya aṭṭhaṅgasampannasaravanto, eṇijaṅghā eṇimigassa jaṅghā viya suvaṭṭajāṇuko, kosacchādaṅgajāto usabhavāraṇā dīnaṃ aṅgajāto viya suvaṇṇapadumakaṇṇikasadisena vatthakosena paṭicchannena guyhaṅgajātena samannāgato, punarapi punaapi, sugato buddho suppatiṭṭhitapādo suvaṇṇa pādukatalamiva bhūmiyaṃ samaṃ suṭṭhu patiṭṭhitapādo, mūdo dātuṇṇalomo bhamukantare jāto saṇhasukhumo seto suddho uṇṇalomavanto, athamapi tadaññaṃapi, sugato buddho, brahmujuggattabhāvo brahmuno ujuuggata attabhāvo viya ujumeva attabhāvo, nīlakkhī atinīlanettena samannāgato, dīghapaṇhi āyatapaṇhi paripuṇṇapaṇhi vā, sukhumamalachavī saṇhamalavisuddhataco saṇhamala virahitataco vā, thomyarasaggasaggī thomitabbasattara saharaṇasahassanhāruuddhaggikā.</p>\r\n<p class="bodytext"><a name="para24"></a><span class="paranum">24</span>. Jino pañcamārajitavā buddho, cattālīsaggadanto samacattālīsauttamadanto, samakalapanajo kakacena chinditvā ṭhapito viya samadanto, antaraṃsappapīno dvinnaṃ aṃsānaṃ khandhānaṃ antaraṃ vemajjhe paripuṇṇapiṭṭhitalo, cakkenaṅkitapādo aṭṭhasatapādacakkalakkhaṇena lakkhita pādatalo, aviraḷadasano avivaradantena sampanno, māraji pañcamārajitavā buddho, ussaṅkhapādo pādassa upari ṭhitena saṅkhasadisattā saṅkhanāmikena gopphakena samannāgato, tiṭṭhanto ṭhitakova nonamanto anamamāno hutvā ubhayakaramudunā sukhumena hatthadvayena jaṇṇukāni jaṅghāni āmasanto parimajjituṃ sakkonto, vaṭṭakkhandho </p>','\r',char(13)),'\n',char(10)),'-23-24-');
INSERT INTO pages (bookid, page, content, paranum) VALUES('annya_buddha_vandana_gantha_sanggaho_e0601n',194,replace(replace('<p class="bodytext">suvaṇṇāliṅgo <a name="M0.0194"></a> viya samavaṭṭitagaliko, gotaruṇa pakhumako taṃmuhuttajātarattavacchassa cakkhubhaṇḍo viya vippasannacakkhubhaṇḍo, vippasannacakkhubhaṇḍena samannāgato vā, sīhapubbaḍḍhakāyo sīhassa pubbaḍḍhakāyo viya paripuṇṇakāyo.</p>\r\n<p class="bodytext"><a name="para25"></a><span class="paranum">25</span>. Sugato buddho, sattapīno dvihatthapādaaṃsakūṭaekagalavasena sattasu ṭhānesu paripuṇṇamaṃsiko, dīghaṅguli samaāyatahatthapādaṅguli, atha tadaññaṃ loma kūpekalomo ekekalomakūpe ekekajātalomo, sampannodātadāṭho sampannasukkadāṭho, kanaka samataco suvaṇṇena sadisacammo nīlamuddhaggalomo nīlaṃ uddhaṃ aggā koṭi hutvā mukhasobhaṃ ullokayamāno viya ṭhitalomo, sambuddho tathāgato, thūlajivho mududīghaputhulajivhāya sampanno, atha tadaññaṃ, sīhahanuko sīhassa heṭṭhāhanu viya paripuṇṇahanuko, jālikappāda hattho kusalena vaḍḍhakinā vātapāne sammāyojita jālaṃ viya cammena appaṭibaddhahatthapādaṅgulantaro, nātho buddho, uṇhīsasīso rañño uṇhīsapaṭṭo viya virocamāno pakatimaṃsapiṇḍasaṅkhāto uṇhīsapaṭṭasīso, iti guṇasahitaṃ evaṃ iminā vuttappakārena dvattiṃsamahāpurisalakkhaṇaguṇena samannāgataṃ taṃ mahesiṃ buddhaṃ tīhi dvārehi ahaṃ namāmi vandāmīti.</p>\r\n<p class="bodytext">Tīsu gāthāsu saṅkhepatthayojanā samattā.</p>\r\n<p class="bodytext">Imissaṃ pana namakkārapāḷiyaṃ dvattiṃsamahāpurisalakkhaṇaṃ buddhavacanapāḷiyaṃ āgatanayānukkamena na vuttaṃ. Gāthābandhavasena chandānurakkhaṇatthameva pana nigrodhabimbotyādinā akkamena vuttaṃ. Tasmā pātheyyavagge <span class="bld">lakkhaṇasutte</span> vuttaṃ </p>','\r',char(13)),'\n',char(10)),'-25-');
INSERT INTO pages (bookid, page, content, paranum) VALUES('annya_buddha_vandana_gantha_sanggaho_e0601n',195,replace(replace('<p class="bodytext">dvattiṃsamahāpurisalakkhaṇakkamaṃ <a name="M0.0195"></a> saṅkhepena dassayissāma bahussutapaññāvaḍḍhanatthaṃ.</p>\r\n<p class="bodytext"><a name="para1"></a><span class="paranum">1</span></p>\r\n<p class="bodytext">. Buddho suppatiṭṭhitapādo 2. heṭṭhāpādatalesu cakkajāto 3. āyatapaṇhi 4. dīghaṅguli 5. mudutaluna hatthapādo 6. jālahatthapādo 7. ussaṅkhapādo 8. eṇijaṅgho 9. ṭhitakova anonamanto ubhohi pāṇitalehi jāṇukāni parimasati 10. kosohita vatthaguyho 11. suvaṇṇavaṇṇo kañcanasannibhattaco 12. sukhumacchavī 13. ekekalomakūpesu ekekalomo 14. nīlamuddhaggalomo 15. brahmujugatto 16. sattussado 17. sīhapubbaḍḍhakāyo 18. citantaraṃso 19. nigrodhaparimaṇḍalo 20. samavaṭṭakkhandho 21. rasaggasaggī 22. sīhahanuko 23. cattālīsadanto 24. samadanto 25. aviraḷadanto 26. susukkadāṭho 27. pahuta jivho 28. brahmasaro 29. abhinīlanetto 30. gopa khumo 31. uṇṇā bhamukantare jātā odātā mudutūla sannibhā 32. uṇhīsasīsoti dvattiṃsamahāpurisalakkhaṇassa kamo veditabbo. Imāni pana bhagavato dvattiṃsamahāpurisalakkhaṇāni pāramīpuññakammena yathārahaṃ kammasarikkhakaṃ labbhantīti veditabbāni. Tāni pana kammāni pātheyyavagge lakkhaṇasutte vuttāni, tāni panettha oloketvā gahetabbānīti.</p>\r\n<p class="centered">Tisso vandanagāthāvaṇṇanā samattā.</p>\r\n<p class="hangnum"><a name="para26"></a><span class="paranum">26</span>.</p>\r\n<p class="gatha1"> Buddhobuddhotighoso atidulabhataro kā kathā buddhabhāvo,</p>\r\n<p class="gatha2">Loke tasmā vibhāvī vividhahitasukhaṃ sādhavo patthayantā;</p>\r\n<p class="gatha3">Iṭṭhaṃ atthaṃ vahantaṃ suranaramahitaṃ nibbhayaṃ dakkhiṇeyyaṃ,</p>\r\n<p class="gatha2">Lokānaṃ nandivaḍḍhaṃ dasabalamasamaṃ taṃ namassantu niccaṃ.</p>','\r',char(13)),'\n',char(10)),'-1-26-');
INSERT INTO pages (bookid, page, content, paranum) VALUES('annya_buddha_vandana_gantha_sanggaho_e0601n',196,replace(replace('<p class="bodytext"><a name="para26"></a><span class="paranum">26</span>. Evaṃ <a name="M0.0196"></a> sugatantiādīhi pañcavīsativandanagāthāhi buddhassa paṇāmaṃ katvā idāni tassa vandane uyyojanaṃ karonto āha <span class="bld">buddho buddhotighoso</span> tyādigāthaṃ. Ayaṃ pana saddharāgāthāti daṭṭhabbo.</p>\r\n<p class="bodytext">Tattha pana loke buddho buddhoti ghoso atidulabhataro buddhabhāvo kā kathāti sambandho. Ettha ca <span class="bld">loke</span>ti manussaloke tiloke vā anantacakkavāḷa loke vā. <span class="bld">Buddho buddhotighoso</span>ti buddho buddho iti kittisaddo thutisaddo vā. Ghusanaṃ ghoso. Ghusiyati kathiyatīti vā ghoso, kittisaddo. Ghusadhātu sadde ṇa. Atha vā ghusiyati thaviyatīti ghoso, thutisaddo. Tena vuttaṃ <span class="bld">pārājikaṇḍaṭṭhakathāyaṃ</span> ‘‘kittisaddoti kittieva. Thutighoso vā’’ti. Buddho buddho iti pavatto ghoso thutighosoti buddhobuddhotighoso. <span class="bld">Atidulabhataro</span>ti ativiya dullabhatamo. Dullabhataroti hi vattabbe chandānurakkhaṇatthaṃ lakāralopena dulabhataroti vuttaṃ. Dukkhena labhiyatīti dullabho. Dupubbalabhadhātu labhane a. Atha vā labhassa asamiddhanti dullabho, dubbhijāneyya abyayībhāvasamāsoyaṃ. Dusaddo asamiddhattho, yathā dubbhikkhoti. Ati viya dullabhoti atidulabho. Tesaṃ visesena atidullabhoti atidulabhataro. Buddhā hi loke kadāci karahaci uppajjanti. Tasmā buddho buddhoti ghoso atidulabhataroti vuttaṃ. Vuttañhetaṃ <span class="bld">cūḷavaggakhandhake</span> ‘‘ghosopi kho eso gahapati dullabho lokasmiṃ, yadidaṃ buddho buddho’’ti. Yathā ca hi loke udumbarikapupphaṃ dullabhaṃ. Candamhi sasakaṃ hatthena gaṇhituṃ. Vāyasānaṃ khīraṃ, evaṃ buddhabhāvo atidullabhataroti vuttaṃ hoti. Ayaṃ pana hīnūpamāti daṭṭhabbā. Vuttañhetaṃ <span class="bld">apadānapāḷiyaṃ</span> –</p>','\r',char(13)),'\n',char(10)),'-26-');
INSERT INTO pages (bookid, page, content, paranum) VALUES('annya_buddha_vandana_gantha_sanggaho_e0601n',197,replace(replace('<p class="gatha1">‘‘Udumbarikapupphaṃva<a name="M0.0197"></a>, candamhi sasakaṃ yathā;</p>\r\n<p class="gatha2">Vāyasānaṃ yathā khīraṃ, dullabhaṃ lokanāyaka’’nti ca;</p>\r\n<p class="gathalast">Dullabho buddhuppādo lokasmi’’nti ca;</p>\r\n<p class="bodytext">Kiñcāpi hi loke cakkavattirājūnaṃ uppajjamāno dullabho. Ekasmimpi pana kappe cakkavattirājāno anekā uppajjanti. Tathāgatā pana loke uppajjamānāpi ekasmiṃ kappe eka dviti catu pañca buddhāyeva uppajjanti, na taduttari. Yasmā hi asaṅkhyeyyepi kappe tathāgatasuñño hoti. Tasmā tathāgatasseva kadāci karahaci uppajjanato buddhobuddhotighoso atidulabhataro kā kathā buddhabhāvoti vutto. Vuttampi cetaṃ bhagavatā mahāparinibbānasamaye ‘‘devatā ānanda ujjhāyanti. Durāvatamhā āgatā tathāgataṃ dassanāya kadāci karahaci tathāgatā loke uppajjanti arahanto sammāsambuddhā. Ajja rattiyā paccūsasamaye tathāgatassa parinibbānaṃ bhavissati. Ayañca mahesakkho bhikkhu bhagavato purato ṭhito ovārento otarento vā na mayaṃ labhāma pacchime kāle tathāgataṃ dassanāyā’’ti.</p>\r\n<p class="bodytext"><span class="bld">Buddhabhāvo</span>ti buddhassa bhāvo. <span class="bld">Kā kathā</span>ti kiṃ vattabboevāti attho. Kasmā pana buddho atidullabhataroti ca, buddho kadāci karahaci uppajjantīti ca vuttaṃ. Nanu buddhā loke anekā uppajjantīti. Saccametaṃ. Buddho nāma pana anekāsaṅkhyeyyavārena vā anekāsaṅkhyeyyadivasamāsasaṃvaccharaṃ vā anekāsaṅkhyeyyakappaṃ vā dasapāramiyo ca pañcamahāpariccāge ca pūretvāva bhavituṃ sakkoti, na ekekavārādinā. Atha kho pana antamaso kappasatasahassādhikāni cattāri asaṅkhyeyyāni dasapāramiyo ca pañca mahāpariccāge ca pūretvāva </p>','\r',char(13)),'\n',char(10)),'');
INSERT INTO pages (bookid, page, content, paranum) VALUES('annya_buddha_vandana_gantha_sanggaho_e0601n',198,replace(replace('<p class="bodytext">buddho <a name="M0.0198"></a> bhavituṃ sakkoti. Tasmā buddho atidullabhataroti ca, buddhā kadāci karahaci uppajjantīti ca vuttanti.</p>\r\n<p class="bodytext">Evaṃ buddhassa atidullabhatarattā ca kadāci karahaci uppannattā caeva buddhobuddhoti kittayantassa mahapphalaṃ hoti. Vuttañhetaṃ <span class="bld">apadāne</span> –</p>\r\n<p class="gatha1">‘‘Buddhoti kittayantassa, kāye bhavati yā pīti;</p>\r\n<p class="gathalast">Varameva hi sā pīti, kasiṇenapi jambudīpassā’’ti.</p>\r\n<p class="bodytext"><span class="bld">Tasmā</span>ti yasmā buddho buddhoti ghoso atidullabhataro, buddhabhāvo kā kathā. Tasmā. <span class="bld">Vibhāvī</span>ti medhāvī. Te hi hitāhitaṃ kāraṇākāraṇaṃ vā visesena bhāveti pakāsetīti vibhāvā, paññā. Vipubba bhūdhātu sattāyaṃ ṇa. Sā etesaṃ atthīti vibhāvīti vuccanti, sādhavo labbhati. Taṃ pana sādhavoti pade visesanaṃ.</p>\r\n<p class="bodytext"><span class="bld">Vividhahitasukha</span>nti nānappakāraṃ lokiyalokuttara saṅkhātaṃ hitasukhaṃ. Tassa pana attho heṭṭhā vuttoyeva. Taṃ pana patthayantātipade kammaṃ. <span class="bld">Sādhavo</span>ti sappurisā. Te hi saparahitaṃ sādheti nibbattetīti sādhavoti vuccati. Sādhadhātu saṃsiddhiyaṃ avo. Tassa pana padassa namassantūti padena kattubhāvena sambandho. <span class="bld">Patthayantā</span>ti yācantā. Vividhahitasukhaṃ patthayanti yācantīti patthayantā, sādhavo. Patthadhātu yācane anto. Yakārāgamo. Taṃ pana sādhavotipade visesanaṃ. <span class="bld">Iṭṭha</span>nti kāmayamānaṃ. Icchitabbaṃ kamitabbanti iṭṭhaṃ. Isudhātu icchā kantīsu tapaccayo. Tassa raṭṭho, dhātvantalopo. <span class="bld">Attha</span>nti diṭṭhadhammikasamparāyikādiatthaṃ. Atthiyati patthiyatīti attho, vipākānisaṃsaphalaṃ. Atthadhātu yācanāyaṃ </p>','\r',char(13)),'\n',char(10)),'');
INSERT INTO pages (bookid, page, content, paranum) VALUES('annya_buddha_vandana_gantha_sanggaho_e0601n',199,replace(replace('<p class="bodytext">a<a name="M0.0199"></a>. Atha vā asati bhavati phalabhāvenāti attho. Asadhātu bhuvimhi tha. Taṃ pana padadvayaṃ vahantantipade kammaṃ. <span class="bld">Vahanta</span>nti dhārakaṃ. Vahati haratīti vahanto, buddho. Vahadhātu vahane pāpuṇane vā anto. Buddho hi sattānaṃ lokiyalokuttarahitasukhaṃ dhammadesanāya dhāretīti attho.</p>\r\n<p class="bodytext"><span class="bld">Suranaramahita</span>nti devehi ca manussehi ca catupaccayādīhi pūjitaṃ. Idaṃ panettha nibbacanaṃ. Issariyakīḷādīhi suranti dibbantīti surā, devā. Suradhātu dittiyaṃ. Atha vā suranti īsanti devissariyaṃ pāpuṇanti virocanti cāti surā, devā. Sundarā rā vācā etesanti vā surā, devā. Khandhasantānaṃ naranti nentīti narā, manussā. Naradhātu nayane a. Surā ca narā ca suranarā. Tehi mahitabbā pūjitabbāti suranaramahito, buddho. Mahadhātu pūjāyaṃ ta. Taṃ suranaramahitaṃ. <span class="bld">Nibbhaya</span>nti abhayaṃ. Bhiyate bhayaṃ. Natthi bhayaṃ etassāti nibbhayo, buddho. Taṃ nibbhayaṃ. Tathāgatassa aṭṭhasu parisāsu kenaci kāraṇena bhayaṃ hadayacalanaṃ kampanaṃ natthīti attho.</p>\r\n<p class="bodytext"><span class="bld">Dakkhiṇeyya</span>nti paralokaṃ saddahitvā dātabbauttamadānārahaṃ. Dātabbāti dakkhiṇā, deyyadhammavatthu. Dādhātu dānekkhiṇapaccayo. Atha vā dakkhanti vaḍḍhanti etāya sattā yathādhippetāhi sampattīhīti dakkhiṇā, paralokaṃ saddahitvā dātabbadānaṃ. Dakkhadhātu vaḍḍhaneyu, taṃ arahatīti dakkhiṇeyyo, buddho. Arahatitaddhite ṇeyyo. Atha vā dakkhiṇāya hitaṃ anurūpaṃ mahapphalakaraṇatāya visodhetīti dakkhiṇeyyo, buddho. Visodhetitaddhitāyaṃ. Buddhoyeva hi dakkhiṇāya mahapphalakaraṇavasena ca, visodhanavasena ca, devasakkabrahmehi ca, kosalarājādīhi ca, anāthapiṇḍikaseṭṭhādīhi ca paralokaṃ saddahitvā dātabbaṃ uttamadānaṃ visesena arahati, tasmā dakkhiṇeyyanti thometi.</p>','\r',char(13)),'\n',char(10)),'');
INSERT INTO pages (bookid, page, content, paranum) VALUES('annya_buddha_vandana_gantha_sanggaho_e0601n',200,replace(replace('<p class="bodytext"><span class="bld">Lokāna</span>nti <a name="M0.0200"></a> sattalokānaṃ. Tassa pana attho heṭṭhā vuttoyeva. <span class="bld">Nandivaḍḍha</span>nti pītiyā vaḍḍhāpentaṃ. Nandiyate nandi. Bhāvasādhanoyaṃ. Nandadhātu samiddhiyaṃ nandane vā i. Pītiyā adhivacanametaṃ. Sā vaḍḍheti buddhetīti nandivaḍḍho, buddho. Nandisaddūpapadavaḍḍhadhātu vaḍḍhane a. Buddho hi dvattiṃsamahāpurisalakkhaṇāsītānubyañjanalakkhaṇasampannena ca sabbaññutañāṇādiguṇasampannena dhammadesanāya ca loke sabbasattānaṃ pītiṃ vaḍḍhetīti attho. Sabbasattānañhi buddhadassane dhammasavane ca titto natthi, tasmā lokānaṃ nandivaḍḍhanti thometi. Vuttañhetaṃ <span class="bld">apadānaṭṭhakathāyaṃ</span> ‘‘pakatiyāeva hi buddhadassane puṇṇacandasamuddarājadassane atitto lokoti. Kathaṃ pana sabbasattānaṃ buddhadassane atitto hotī’’ti. Buddhassa pana bāttiṃsamahāpurisalakkhaṇādīhi sīlādiasādhāraṇaguṇehi ca adhika sampanno hutvā sabbadevamanussehi ativirocamānattā. Vuttañhetaṃ bhagavatā tāvatiṃse –</p>\r\n<p class="gatha1">‘‘Na koci devo vaṇṇena, sambuddhaṃ atirocati;</p>\r\n<p class="gathalast">Sabbe deve adhiggayha, sambuddhova virocatī’’ti.</p>\r\n<p class="bodytext"><span class="bld">Dasabala</span>nti aññehi paccekabuddhāriyasāvakehi asādhāraṇena dasakāyabalena ca dasañāṇabalena sampannaṃ. Tañhi kehici viruddhehi kāraṇehi balanti na kampentīti balanti vuccati. Atha vā balanti jīvitaṃ kappenti etenāti balaṃ, kāyabalaṃ. Baladhātu pāṇe a. Balanti bhāraṃ vahituṃ sakkuṇantīti vā balaṃ, balanti jānanti sabbadhammanti balaṃ, ñāṇa balaṃ. Dasabalañca dasabalañca dasabalāni ekasesanayena. Tāni yassa soti dasabalo, buddho. Idha pana sāmaññavasena vuttopi visesaṭṭhāniyattā bhagavato dasakāyabalāni ca, dasañāṇabalāni ca adhippetāni. Tesaṃ pana sarū patthaṃ nayanasubhagakāyaṅgantyādi gāthāvaṇṇanāyaṃ vuttameva.</p>','\r',char(13)),'\n',char(10)),'');
INSERT INTO pages (bookid, page, content, paranum) VALUES('annya_buddha_vandana_gantha_sanggaho_e0601n',201,replace(replace('<p class="bodytext"><span class="bld">Asama</span>nti <a name="M0.0201"></a> sīlādiguṇehi kenaci asadisaṃ. Natthi samo sadiso puggalo etassāti asamo, buddho. Taṃ asamaṃ. <span class="bld">Ta</span>nti tādisaṃ guṇasampannaṃ buddhaṃ. <span class="bld">Nicca</span>nti satataṃ samitaṃ sabbakālaṃ nirantaranti attho. <span class="bld">Namassantū</span>ti abhivandantūti.</p>\r\n<p class="bodytext">Ayaṃ panettha <span class="bld">saṅkhepayojanā</span>. Loke tiloke manussaloke vā, buddhobuddhotighoso buddho buddhoiti kittisaddo thutisaddo vā, atidulabhataro ativiya dullabhatamo, buddhabhāvo buddhassa bhāvo, kā kathā kiṃvattabbo eva, tasmā buddhobuddhoti ghosassa atidullabhatarattā, vibhāvī medhāvī vividhahitasukhaṃ nānappakāraṃ lokiyalokuttarasaṅkhātaṃ hitasukhaṃ patthayantā yācantā, sādhavo sappurisā iṭṭhaṃ kāmayamānaṃ, atthaṃ diṭṭhadhammikasamparāyikādiatthaṃ, vahantaṃ dhārakaṃ, suranaramahitaṃ devamanussehi pūjitaṃ, nibbhayaṃ abhayaṃ asantāsaṃ vā, dakkhiṇeyyaṃ paralokaṃ saddahitvā dātabbauttamadānārahaṃ, lokānaṃ sattalokānaṃ nandivaḍḍhaṃ pītiyā vaḍḍhāpanentaṃ. Dasabalaṃ asādhāraṇena dasakāyañāṇabalena sampannaṃ, asamaṃ sīlādiguṇehi kenaci asadisaṃ taṃ tādisaṃ guṇasampannaṃ buddhaṃ niccaṃ satataṃ samitaṃ sabbakālaṃ nirantaraṃ, namassantu abhivandantūti.</p>\r\n<p class="centered">Chabbīsatimavandanagāthāvaṇṇanā samattā.</p>\r\n<p class="hangnum"><a name="para27"></a><span class="paranum">27</span>.</p>\r\n<p class="gatha1"> Puññenetena sohaṃ nipuṇamati sato samparāye ca titto,</p>\r\n<p class="gatha2">Dakkho diṭṭhujjupañño avikalavīriyo bhogavā saṃvibhāgī;</p>','\r',char(13)),'\n',char(10)),'-27-');
INSERT INTO pages (bookid, page, content, paranum) VALUES('annya_buddha_vandana_gantha_sanggaho_e0601n',202,replace(replace('<p class="gatha3">Tikkho <a name="M0.0202"></a> sūro dhitatto saparahitadharo dīghajīvī arogo,</p>\r\n<p class="gathalast">Dhañño vaṇṇo yasassī atibalavadharo kittimā khantupeto.</p>\r\n<p class="hangnum"><a name="para28"></a><span class="paranum">28</span>.</p>\r\n<p class="gatha1"> Saddho dātaṅgupeto paramasiridharo diṭṭhadhamme viratto,</p>\r\n<p class="gatha2">Lajjī kalyāṇamitto abhiratakusalo pañcasīlādirakkho;</p>\r\n<p class="gatha3">Appiccho appakodho ativujuhadayo iddhimā appameyyo,</p>\r\n<p class="gathalast">Pāsaṃso pemavāco sujanaguṇavidū māmako so bhaveyyaṃ.</p>\r\n<p class="bodytext"><a name="para27"></a><span class="paranum">27</span>. Evaṃ buddho buddhoti ghosotyādigāthāya buddhavandane uyyojanaṃ katvā idāni sugatantyādīhi gāthāhi buddhaṃ vanditvā paṇidhiṃ karonto āha <span class="bld">puññenetena soha</span>ntyādi gāthādvayaṃ. Ayaṃ pana gāthādvayampi saddharāgāthāti daṭṭhabbā. Tattha paṭhamagāthāyaṃ soahaṃ etena puññena samparāye nipuṇamati ca sato ca…pe… khantupeto ca bhaveyyanti sambandho. <span class="bld">Soha</span>nti so ahaṃ. Buddhassa namakkāro soahanti attho. <span class="bld">Etena puññenā</span>ti iminā buddhavandanapuññakammena attano kārakaṃ pavati sodhetīti puññaṃ. Pudhātu sodhane ṇya. Puññanti ca idha pana buddhapaṇāmakriyābhinipphādikā kusalacetanā adhippetā. Sā ca vandaneyyavandakānaṃ khettajjhāsayasampadāhi diṭṭhadhamma vedanīyabhūtā yathāladdhasampattinimittakassa kammassa anubalappadānavasena tannibbattitavipākasantatiyā antarāyakarāni upapīḷakaupacchedakakammāni paṭibāhitvā tannidānānaṃ yathādhippetasiddhivibandhakānaṃ rogādiantarāyānamappavattiṃsādheti cāti attho ca veditabbo. <span class="bld">Samparāye cā</span>ti </p>','\r',char(13)),'\n',char(10)),'-28-27-');
INSERT INTO pages (bookid, page, content, paranum) VALUES('annya_buddha_vandana_gantha_sanggaho_e0601n',203,replace(replace('<p class="bodytext">ettha <a name="M0.0203"></a> casaddo aṭṭhānayogo. So ca nipuṇamatityādīsu padesu yojetabbo. <span class="bld">Samparāye</span>ti paraloke. So hi samparāyitabbā upagamitabbā ettha sattehīti ca, kammakilesavasena sattehi samparāyitabbā pāpuṇitabbāti vā etthāti ca samparāyoti vuccati. Saṃparipubba ayadhātu hi gatiyaṃ ṇa. Atha vā kammavasena abhimukho sampareti gacchati pavattatīti samparāyoti vuccati. Saṃpubbaparadhātu gatiyaṃ ṇya. Iti kho ānanda kusalāni sīlāni anupubbena aggāya parentītiādīsu viya hi curādi gaṇavasena parasaddaṃ gatiyamicchanti saddavidū. Tasmiṃ samparāye.</p>\r\n<p class="bodytext"><span class="bld">Nipuṇamatī</span>ti saṇhasukhumapaññavā ca. Saṇhasukhumaṃ atthantaraṃ paṭivijjhanasamatthāya paññāya sampanno ca vā. Ettha ca nipuṇasaddo saṇhasukhumavācako anipphannapāṭipadiko. Hitāhitaṃ manati jānātīti mati, paññā. Manadhātu ñāṇeti. Nipuṇā saṇhā mati paññā yassa meti nipuṇamati. <span class="bld">Sato</span>ti satimā ca. Saratīti sati, saradhātu cintāyanti. Sā assa me atthīti sato. <span class="bld">Titto</span>ti tappano ca. Yathāladdhavatthunā santuṭṭho cāti attho. Tisanaṃ tappanaṃ titto. Tisadhātu tappane tapaccayo. Sakārassa toādeso. Yathālābha santoso, yathābalasantoso, yathāsāruppasanto so cāti tividhena santosena santuṭṭhoti vuttaṃ hoti.</p>\r\n<p class="bodytext"><span class="bld">Dakkho</span>ti taṃ taṃ kicce cheko ca kusalo ca vā. So hi kusalakamme aññasmiñca kiccākicce adandhatāya sīghaṃ gacchatīti dakkho. Dakkhadhātu sīghatthe a. <span class="bld">Diṭṭhujjupañño</span>ti diṭṭhiujupaññoti padacchedo. Uju diṭṭhipaññāya samannāgatoti attho. Kesuci potthakesu diṭṭhijju paññoti pāṭho. Diṭṭhiujupaññoti padacchedo, soye </p>','\r',char(13)),'\n',char(10)),'');
INSERT INTO pages (bookid, page, content, paranum) VALUES('annya_buddha_vandana_gantha_sanggaho_e0601n',204,replace(replace('<p class="bodytext">vattho<a name="M0.0204"></a>. Ujūti akuṭilabhāvena bhavatīti uju, ajjavo. Ujudhātu ajjave kvi. Atha vā arati akuṭilabhāvena pavattatīti uju, avaṅko. Aradhātu gatiyaṃ jupaccayo. Arissa uādeso. Sammā passatīti diṭṭhi, mati. Disadhātu passane tapaccayo. Tassa raṭṭhādeso. Dhātvantalopo ca ī ca. Uju ajjavā diṭṭhi mati diṭṭhuju visesanaparanipātavasena. Pakārena jānāti aniccādivasena avabujjhatīti paññā. Papubbañādhātu avabodhane a. Ujudiṭṭhi ca ujupaññā ca yassa meti diṭṭhujjupañño, puggalo. <span class="bld">Avikalavīriyo</span>ti anūnavīriyo ca paripuṇṇavīriyo cāti attho. Vihīnaṃ karotīti vikalo. Vipubbakaradhātu karaṇe a. Rassalo. Vīrānaṃ kammaṃ vīriyaṃ. Avikalaṃ anūnaṃ vīriyaṃ assameti avikalavīriyo. Na sakkā kusīteneva navalokuttaradhammā laddhuṃ, āraddhavīriyeneva sakkā. Tasmā avikalavīriyoti patthetīti vuttaṃ hoti.</p>\r\n<p class="bodytext"><span class="bld">Bhogavā</span>ti bhuñjitabbasampattisukhena sampanno ca. Bhuñjitabboti bhogo, sampatti. Bhujadhātu pālanabyavaharaṇesu ṇa. Bhogo assa me atthīti bhogavā. <span class="bld">Saṃvibhāgī</span>ti saṃvibhajanasīlo ca saṃvibhajanasampanno ca vā, saṃvibhajati sīlenāti saṃvibhāgī. Saṃvibhajanasīloti vā saṃvibhāgī, saṃvibhajituṃ sīlamassāti vā saṃvibhāgī. Saṃvibhāge sīlamassāti saṃvibhāgī. Ayaṃ tassīlattho. Saṃvibhajati dhammenāti saṃvibhajanadhammoti vā. Saṃvibhajituṃ dhammo assāti vā, saṃvibhajane dhammo assāti vā saṃvibhāgī. Ayaṃ taddhammattho. Saṃvibhajanaṃ sādhukāro assa atthi. Sādhukārinā saṃvibhajatīti vā, saṃvibhajituṃ sādhukārīti vā, saṃvibhajane sādhukārīti vā saṃvibhāgī. Ayaṃ tassā dhukārattho. Saṃvipubba bhajadhātu vibhāge ṇa. Jassa go. Atha vā saṃvibhajanaṃ saṃvibhāgo. So me assa atthīti </p>','\r',char(13)),'\n',char(10)),'');
INSERT INTO pages (bookid, page, content, paranum) VALUES('annya_buddha_vandana_gantha_sanggaho_e0601n',205,replace(replace('<p class="bodytext">saṃvibhāgī<a name="M0.0205"></a>. Assathyatthe ī. Paresaṃ yācakānaṃ annādidānavatthuṃ niccaṃ pariccajanakārīti vuttaṃ hoti.</p>\r\n<p class="bodytext"><span class="bld">Tikkho</span>ti tikkhappaññavā ca nisānapaññavā vā. Tijanaṃ nisanaṃ tikkhā, paññā. Tijadhātu nisāne kha. Jassa ko. Tikkhā paññā me assa atthīti tikkho. Assathyatthe ṇo. Tikkha paññāya sampanno cāti attho. Paññāya ca sabba kusalānaṃ dhammānaṃ seṭṭhattā mūlakāraṇattā ca tikkhoti patthanaṃ karoti. Vuttañhi <span class="bld">milindapañhe</span> –</p>\r\n<p class="gatha1">‘‘Paññā pasaṭṭhā lokasmiṃ, katā saddhammaṭṭhitiyā;</p>\r\n<p class="gathalast">Paññāya vimatiṃ hantvā, santiṃ pappoti paṇḍito’’ti.</p>\r\n<p class="bodytext"><span class="bld">Sūro</span>ti catūsu parisāsu aṭṭhasu parisāsu ca vīro ca. Sattivanto nibbhayoti attho. Sūrayate virayate sūro. Bhāvasādhanoyaṃ. Sūradhātu vikkantiyaṃ vīre vā a. Atha vā abhiruachambhianutrāsabhāvena sūrati gacchati pavattatīti sūro. Sūradhātu gatiyaṃ a. Sīho viya parisamajjhe sūravīrasampanno cāti attho. Sāsani kehi pana saddhammavidūhi sūrasaddassa nibbacanaṃ na dassitaṃ. Kevalaṃ pana sūroti visiṭṭhasūroti atthavivaraṇamattameva dassitaṃ. <span class="bld">Dhitatto</span>ti ettha dhita attoti padacchedo. Dhitoti samādhi. Attanti cittaṃ. Ekaggacittasampanno cāti attho. Dhāti tiṭṭhati ekārammaṇehi dhito, ekārammaṇe sampayuttadhamme dhāretīti vā dhito, samādhi. Dhādhātu dhāraṇe ta. Ārammaṇaṃ arati jānātīti attaṃ, cittaṃ. Aradhātu gatiyaṃ ta. Rassa to. Dhito samādhi attaṃ cittaṃ assa meti dhitatto.</p>\r\n<p class="bodytext"><span class="bld">Saparahitacaro</span>ti attahitaparahitacaro, attano ca parassa ca atthaṃ paṭipannako cāti attho. Attano ca parassa ca hitaṃ atthaṃ payojanaṃ carati paṭipajjatīti </p>','\r',char(13)),'\n',char(10)),'');
INSERT INTO pages (bookid, page, content, paranum) VALUES('annya_buddha_vandana_gantha_sanggaho_e0601n',206,replace(replace('<p class="bodytext">saparahitacaro<a name="M0.0206"></a>. Saparahitasaddūpapada caradhātu caraṇe a. <span class="bld">Dīghajīvī</span>ti dīghāyuko ca. Dīghena jīvitindriyena sampanno vā. Dīgho jīvo jīvitaṃ assa meti dīghajīvi. Āyukappampi dīghajīvitasampanno cāti attho. <span class="bld">Arogo</span>ti rogaviraho ca ārogyaṃ vā. Rujjati bhañjati aṅgapaccaṅgānīti rogo, byādhi. Rujadhātu bhaṅge ṇa. Atha vā rujjati hiṃsatīti rogo. Rujadhātu hiṃsāyaṃ ṇa. Natthi rogo tassa meti arogo, channavutirogānaṃ abhāvo bhaveyyanti attho. <span class="bld">Dhañño</span>ti sirīpuññapaññālakkhaṇasampanno ca. Dhaññasaddo hi sirīpuññapaññālakkhaṇavācakoti daṭṭhabbo. Vuttañhi <span class="bld">vessantarajātake</span> ‘‘dhaññaṃ maṅgala sammata’’nti ca. <span class="bld">Temiyajātake</span> ‘‘dhaññapuññalakkhaṇasampannaṃ puttaṃ vijāyī’’ti ca. Idaṃ pana nibbacanaṃ. Dhananaṃ sampajjanaṃ dhaññaṃ, sirīpaññāpuññalakkhaṇānaṃ sampannanti attho. Dhanadhātu sampanne. Dhātūnaṃ anekatthattā ṇyapaccayo. Ṇakārānubandhe lope kate yapaccayena saddhiṃ nakārassa ñakāraṃ katvā dhaññanti rūpasiddhi veditabbā. Atha vā dhanaṃ sirīpaññā puññalakkhaṇasampadaṃ assa me atthīti dhañño. Assathyatthe ṇyo.</p>\r\n<p class="bodytext"><span class="bld">Vaṇṇo</span>ti vaṇṇasampanno ca. Ettha ca vaṇṇo duvidho hoti sarīravaṇṇaguṇavaṇṇavasena. Tattha sarīra vaṇṇo nāma rūpakāyassa pāsādikarūpasampannatā. Guṇa vaṇṇo nāma sīlasamādhipaññādiguṇena ca dhutaṅgādipaṭipadāguṇena ca sampannatā. Idaṃ pana nibbacanaṃ. Vaṇṇeti vikāramāpannānaṃ hadayaṅgatabhāvaṃ pakāsetīti vaṇṇo, sarīrarūpaṃ. Vaṇṇeti attano dabbaṃ pakāsetīti vaṇṇo, guṇo. Vaṇṇadhātu pakāsane a. Idha pana tadubhayampi yujjati. Vaṇṇaṃ assa me atthīti vaṇṇo. Assathyatthe a. <span class="bld">Yasassī</span>ti parivārasampanno kittivanto vā. Ettha </p>','\r',char(13)),'\n',char(10)),'');
INSERT INTO pages (bookid, page, content, paranum) VALUES('annya_buddha_vandana_gantha_sanggaho_e0601n',207,replace(replace('<p class="bodytext">ca <a name="M0.0207"></a> duvidho hoti yaso parivārakittiyasavasena. Tattha yajiyati pūjiyati etena parivārenāti yaso, parivāro. Yajadhātu pūjāyaṃ a. Jassa so. Atha vā yāti gacchati pāpuṇāti sāmikassa parivāranti yaso, parivāro. Yādhātu gatiyaṃ sopaccayo. Yajiyati pūjiyati etenāti yaso, kittisaddo. Yajadhātu devapūjāsaṅgahakaraṇadānadhammesu a. Jassa so. Atha vā yāti gacchati pāpuṇāti sabbattha byāpananti yaso, kittighoso thutisaddo vā. Yādhātu gatiyaṃ sopaccayo. Yaso ca yaso ca yaso ekasesanayena. So assa me atthīti yasassī, assathyatthe sīpaccayo.</p>\r\n<p class="bodytext"><span class="bld">Atibalavadharo</span>ti atibalavantadhārako ca ativiya kāyabalañāṇabalavantaṃ dhāretīti atibalavadharo. Ajātasatturājādayo viya pañcahatthi dasahatthibalassa dhāraṇasamattho ca, sāriputtattherādayo viya ñāṇabalassa dhāraṇasamattho ca bhaveyyanti attho. <span class="bld">Kittimā</span>ti kittighosavanto ca. Kittiyate kathiyate guṇanti kitti, thutighoso. Kittadhātu sadde i. Kittighoso assa me atthīti kittimā. Assathyatthe mantupaccayo. <span class="bld">Khantupeto</span>ti khantiyā upeto samupeto samannāgato ca. Khamanaṃ sahanaṃ khanti. Khamudhātu sahane tapaccayo. Tassanti tāya upeto samupeto samannāgatoti khantupeto. Khantivādatāpaso viya khantupeto ca bhaveyyanti attho. Khantiyā hi dukkarattā sabbakusala dhammānaṃ padhānattā seṭṭhatapattā ca khantupetoti patthanaṃ karoti. Vuttañhetaṃ bhagavatā ‘‘khantī paramaṃ tapo titikkhā’’ti ca. ‘‘Khantyā bhiyyo na vijjatī’’ti ca. ‘‘Khantībalaṃ balānīka’’nti ca.</p>','\r',char(13)),'\n',char(10)),'');
INSERT INTO pages (bookid, page, content, paranum) VALUES('annya_buddha_vandana_gantha_sanggaho_e0601n',208,replace(replace('<p class="gatha1">‘‘Sīlasamādhipaññānaṃ<a name="M0.0208"></a>, khantippadhānakāraṇaṃ;</p>\r\n<p class="gathalast">Sabbepi kusalā dhammā, khantyāyattāva vaḍḍhare’’ti ca.</p>\r\n<p class="bodytext">Ayaṃ panettha <span class="bld">saṅkhepayojanā</span>. Sohaṃ so ahaṃ, etena puññena iminā buddhavandanapuññakammena samparāye paraloke, nipuṇamati ca saṇhasukhumapaññavā ca, sato satimā ca titto tappano yathāladdhavatthunā santuṭṭho ca, dakkho taṃtaṃkicce cheko ca, diṭṭhujjupañño ujudiṭṭhi paññāya sampanno ca avīkalavīriyo anūnavīriyo ca paripuṇṇavīriyo vā, bhogavābhuñjitabbasampattisukhena sampanno ca saṃvibhāgī saṃvibhajanasīlo ca tikkho tikkhapaññavā ca, sūroti sattivanto nibbhayo ca, dhitatto samāhita citto ca ekaggacitto vā, saparahitacaro attahita parahitapaṭipannako ca dīghajīvī dīghāyuko ca arogo rogaviraho ca dhañño sirīpuññapaññālakkhaṇasampanno ca vaṇṇo vaṇṇasampanno ca yasassī parivārasampanno ca atibalavadharo atibalavantadhārako ca kittimā kitti ghosavanto ca khantupeto khantiyā upeto samupeto samannāgato ca bhaveyyanti.</p>\r\n<p class="centered">Sattavīsatimagāthāvaṇṇanā samattā.</p>\r\n<p class="bodytext"><a name="para28"></a><span class="paranum">28</span>. Evaṃ puññenetenatyādigāthāya samparāye paṇidhiṃ katvā idāni diṭṭhadhamme patthanaṃ kattukāmo <span class="bld">saddho dātaṅgupeto</span> tyādigāthamāha. Tattha <span class="bld">saddho</span>ti kammādi saddahanalakkhaṇāya saddhāya sampanno ca. Saddahanaṃ saddhā, saddahatīti vā saddhā. Saddahanti sampayuttadhammā etāyāti saddhā. Saṃpubbadhādhātu dhāraṇe ta. Sā pana kammādīsu saddahanalakkhaṇā. Okappanalakkhaṇā vā. Pasādarasā. Udakappasādakamaṇi viya. Pakkhandanarasā vā. Oghuttaraṇo </p>','\r',char(13)),'\n',char(10)),'-28-');
INSERT INTO pages (bookid, page, content, paranum) VALUES('annya_buddha_vandana_gantha_sanggaho_e0601n',209,replace(replace('<p class="bodytext">viya<a name="M0.0209"></a>. Akālussiyapaccupaṭṭhānā adhimuttipaccupaṭṭhānā vā, saddheyyavatthupadaṭṭhānā sotāpattiyaṅgapadaṭṭhānā vā. Sā hatthavittabījāni viya daṭṭhabbā. Bhagavatā hi sā saddhā ‘‘saddhāhattho mahānāgo’’ti ca. ‘‘Saddhīdha vittaṃ purisassa seṭṭha’’nti ca. ‘‘Saddhābījaṃ tapo vuṭṭhī’’ti ca ‘‘saddhāya tarati ogha’’nti ca ‘‘saddhā bandhati pātheyyaṃ, saddhā dutiyā purisassa hotī’’ti ca, ‘‘saddhesiko bhikkhave ariyasāvako’’ti ca, ‘‘saddhādhana’’nti ca.</p>\r\n<p class="gatha1">‘‘Yesaṃ atthi saddhā buddhe, dhamme ca saṅgharatane;</p>\r\n<p class="gathalast">Te maṃ ativirocanti, āyunā yasasā siriyā’’ti.</p>\r\n<p class="bodytext">Ca. ‘‘Saddhaṃ upanissāya dānaṃ deti, sīlaṃ samādiyati, uposathakammaṃ karoti, jhānaṃ uppādeti, vipassanaṃ uppādeti, maggaṃ uppādeti, abhiññaṃ uppādeti, samāpattiṃ uppādetī’’ti ca. ‘‘Dullabhā saddhāsampattī’’ti ca vuttā. Tasmā saddho ca bhaveyyanti patthanaṃ karoti.</p>\r\n<p class="bodytext">Sā ca pana catubbidhā hoti āgamasaddhā, adhigamasaddhā, okappanasaddhā, pasādasaddhā cāti. Tattha sabbaññubodhisattānaṃ abhinīhārato āgatattā āgamasaddhā nāma. Ariyasāvakānaṃ saccapaṭivedhena adhigatattā adhigamasaddhā nāma. Buddho dhammo saṅghoti vutte acalabhāvena okappanaṃ okappanasaddhā nāma. Buddhādīsu pasāduppattimattā pasādasaddhā nāma. Idha pana paṇidhānaṭṭhānattā sabbasaddhā adhippetā. Saddhā assa me atthīti saddho. Assathyatthe ṇa.</p>\r\n<p class="bodytext"><span class="bld">Dātaṅgupeto</span>ti dātassa aṅgāya kāraṇabhūtāya dhanasampattiyā upeto samupeto samannāgato ca. Dātabbavatthu ca, tappaṭiggāhakapuggalo ca, saddhā cāti tīhi aṅgehi upeto samupeto samannāgato ca vā. Diyate dātaṃ. Bhāvasādhanoyaṃ. Dādhātu dāne a. </p>','\r',char(13)),'\n',char(10)),'');
INSERT INTO pages (bookid, page, content, paranum) VALUES('annya_buddha_vandana_gantha_sanggaho_e0601n',210,replace(replace('<p class="bodytext">Aṅgīyati <a name="M0.0210"></a> ñāyati etenāti aṅgo, dhanasampatti. Dātassa aṅgo dātaṅgo, tena upeto samupeto samannāgatoti dātaṅgupeto, atha vā diyatīti dātaṃ, dānavatthu. Dātassa aṅgo dātaṅgo, tena upeto samupeto samannāgatoti dātaṅgupeto, dātabbavatthu ca, tappaṭiggāhaka puggalo ca, saddhā cāti tīhi aṅgehi sampajjāmīti patthanaṃ karotīti vuttaṃ hoti. Vuttañhi <span class="bld">itivuttaṭṭhakathāyaṃ</span> ‘‘saddhā deyyadhammo paṭiggāhako cāti imesaṃ tiṇṇaṃ samukhībhūtakāleyeva hi dānaṃ sambhavatī’’ti.</p>\r\n<p class="bodytext"><span class="bld">Paramasiridharo</span>ti uttamasirīdhārako ca. Uttamasiriṃ dhāraṇasamattho ca vā. Ettha ca sirīti paññāpuññasarīrasobhaggasampattīnametaṃ adhivacanaṃ. Katapuññehi seviyatīti sirī, katapuññe puggale sevati nissayatīti vā sirī, paññāpuññasarīrasobhaggasampatti labbhati. Sidhātu sevāyaṃ iro ī ca. Paramā uttamā sirī paramasirī, taṃ dhāretīti paramasirīdharo, paramasiriyā dhāraṇasamatthoti attho.</p>\r\n<p class="bodytext"><span class="bld">Diṭṭhadhamme</span>ti paccakkhabhūte attabhāve. Ettha ca diṭṭhadhammo vuccati paccakkhabhūto attabhāvo. So hi passitabboti diṭṭho, attabhāvo. Diṭṭho passitabbo dhammo sabhāvo assāti diṭṭhadhammoti vuccati. Tasmiṃ diṭṭhadhamme. <span class="bld">Viratto</span>ti kāmaguṇesu vigataratto ca, rajjanaṃ ratto. Ranjadhātu rāge. Vigato ratto assa meti viratto. <span class="bld">Lajjī</span>ti pāpahirivanto ca, pāpajigucchanalakkhaṇāya lajjāya sampanno ca vā. Atha vā lajjīti hirottappasampanno ca. Lajjīsaddena hi lakkhaṇāhāranayena ottappampi gahetabbaṃ. Kasmā, kusala lakkhaṇasabhāvena samānattā. Vuttañhetaṃ <span class="bld">nettipāḷiyaṃ</span> –</p>\r\n<p class="gatha1">‘‘Vuttamhi ekadhamme, ye dhammā ekalakkhaṇā keci;</p>\r\n<p class="gathalast">Vuttā bhavanti sabbo, sohāro lakkhaṇo nāmā’’ti.</p>','\r',char(13)),'\n',char(10)),'');
INSERT INTO pages (bookid, page, content, paranum) VALUES('annya_buddha_vandana_gantha_sanggaho_e0601n',211,replace(replace('<p class="bodytext">Lajjatīti <a name="M0.0211"></a> lajjā, hiri. Lajjadhātu hiriyaṃ. Lajjā assa me atthīti lajjā, kāyaduccaritādito hirottappasamannāgato cāti attho. <span class="bld">Kalyāṇamitto</span>ti sundaramitta sampanno ca. Kalyāṇasaddo hi sundaravācako anipphanna pāṭipadiko. Atha vā kalyaṃ hitaṃ aṇayati pāpayatīti kalyāṇo, sumitto. Kalyasaddūpapadaaṇadhātu gatiyaṃ ṇa. Mijjati sinehatīti mitto, mijjiyati sinehiyatīti vā mitto, midadhātu sinehe ta. Kalyāṇo mitto assa meti kalyāṇamitto. Hitadharasumittasampanno ca bhaveyyanti attho. Idha pana saddhāsīlasutacāgavīriyasati samādhipaññāguṇehi samannāgato kalyāṇamitto adhippeto. Taṃ pana sandhāya bhagavatā <span class="bld">siṅgālasutte</span> –</p>\r\n<p class="gatha1">‘‘Upakāro ca yo mitto, sukhadukkhe ca yo sakhā;</p>\r\n<p class="gatha2">Atthakkhāyī ca yo mitto, yo ca mittānukampako;</p>\r\n<p class="gatha3">Etepi mitte cattāro, iti viññāya paṇḍito; Sakkaccaṃ</p>\r\n<p class="gathalast">Payirupāseyya, mātā puttaṃva orasa’’nti vutto.</p>\r\n<p class="bodytext"><span class="bld">Visuddhimagge ca</span> –</p>\r\n<p class="bodytext">‘‘Piyo garu bhāvanīyo, vattā ca vacanakkhamo. Gambhīrañca kathaṃ kattā, no cāṭṭhāne niyojaye’’ti vutto. Iti evarūpassa ca kalyāṇamittassa dullabhattā kalyāṇamittena sampajjāmīti patthanaṃ karotīti vuttaṃ hoti.</p>\r\n<p class="bodytext"><span class="bld">Abhiratakusalo</span>ti dānādipuññakusaladhammesu abhiramaṇo ca. Kucchitaṃ apāyadvāraṃ salanti saṃvaranti pidahanti sādhavo etenāti kusalaṃ, dānādipuññadhammā. Kupubba saladhātu saṃvaraṇe a. Tesu abhiatirekaṃ ramatīti </p>','\r',char(13)),'\n',char(10)),'');
INSERT INTO pages (bookid, page, content, paranum) VALUES('annya_buddha_vandana_gantha_sanggaho_e0601n',212,replace(replace('<p class="bodytext">abhiratakusalo<a name="M0.0212"></a>, kitantasamāsoyaṃ. Kusalābhiratoti vattabbe chandānurakkhaṇatthaṃ padavipariyāyena evaṃ vuttanti. Atha vā abhiatirekaṃ ramanaṃ abhirato, kusalesu abhirato yassa meti abhiratakusalo, niccaṃ kusalapuññassa karaṇe abhiratacittasampanno cāti attho.</p>\r\n<p class="bodytext"><span class="bld">Pañcasīlādirakkho</span>ti pañcasīlādīnaṃ rakkhituṃ samattho ca. Ettha ca ādisaddena gihīnaṃ aṭṭhaṅguposathasīlaṃ, sāmaṇerānaṃ dasaṅgasīlañca, bhikkhūnaṃ catupārisuddhisīlañca saṅgaṇhāti. Pañcasīlaṃ ādi yesaṃ teti pañcasīlādi, taṃ rakkhati rakkhituṃ samatthetīti pañcasīlādirakkho. Gahaṭṭhānaṃ niccasīlavasena pañcasīlaṃ sati ussāhasamatthe uposathaṅgavasena aṭṭhaṅgasīlaṃ dasaṅgasīlañca akhaṇḍaṃ acchiddaṃ asabalaṃ akammāsaṃ katvā rakkhituṃ sāmaṇerasīlavasena dasasīlañca, bhikkhusīlavasena catupārisuddhisīlañca rakkhituṃ samattho cāti attho. Bhagavatā hi ‘‘sīlavipattihetu vā bhikkhave sattā kāyassa bhedā paraṃ maraṇā apāyaṃ duggatiṃ vinipātaṃ nirayaṃ upapajjantī’’ti ca. ‘‘Sīlasampadāhetu vā bhikkhave sattā kāyassa bhedā paraṃ maraṇā sugatiṃ saggaṃ lokaṃ upapajjantī’’ti ca. ‘‘Sīlasampanno mahantaṃ bhogakkhandhaṃ adhigacchati kalyāṇo kittisaddo abbhuggacchati. Catuparisaṃ visārado upasaṅkamati amaṅkubhūto. Asammūḷho kālaṃ karoti, kāyassa bhedā paraṃ maraṇā sugatiṃ saggaṃ lokaṃ upapajjatī’’ti ca vuttattā ca. <span class="bld">Aṭṭhakathāyañca</span> ‘‘sīlālaṅkārasadiso alaṅkāro natthi, sīlasadisaṃ pupphaṃ natthi, sīlagandhasadiso gandho natthī’’ti ca. ‘‘Sīla sampattiñhi nissāya tisso vijjā pāpuṇātī’’ti ca. ‘‘Ādimhi sīlaṃ visodheyyā’’ti ca. ‘‘Sattā sīlena visujjhantī’’ti ca. ‘‘Sīlaṃ sāsanassa ādī’’ti ca. ‘‘Sattasu </p>','\r',char(13)),'\n',char(10)),'');
INSERT INTO pages (bookid, page, content, paranum) VALUES('annya_buddha_vandana_gantha_sanggaho_e0601n',213,replace(replace('<p class="bodytext">visuddhīsu <a name="M0.0213"></a> sīlavisuddhi sarīraṃ nāmā’’ti ca. ‘‘Sīlaṃ nāmetaṃ avassayo patiṭṭhā ārammaṇaṃ tāṇaṃ leṇaṃ gati parāyana’’nti ca vuttattā pañcasīlādirakkhoti patthanaṃ karotīti vuttaṃ hoti.</p>\r\n<p class="bodytext"><span class="bld">Appiccho</span>ti aniccho ca, rūpādikāmaguṇesu anicchantoti attho. Abhāvatthohettha appasaddo. Appaḍaṃsamakasavā tātapātiādīsu viya icchanaṃ icchā, rūpādikāmaguṇaṃ icchatīti vā icchā, kāmataṇhā. Isudhātu icchākantīsu a. Dhātvantassaccho. Natthi icchā yassa meti appiccho, rūpādīsu kāmesu anicchanto cāti attho. Appiccho pana catubbidho hoti paccayaappiccho, pariyattiappiccho, dhutaṅgaappiccho, paṭivedhaappiccho cāti. Tattha catūsu paccayesu appiccho paccayaappiccho. Yo pana paccaye bahuṃ dente appaṃ gaṇhati, appaṃ dente appataraṃ vā gaṇhati na vā gaṇhati. Na anavasesagāhī hoti. Ayaṃ paccayaappiccho nāma. Yo pana tepiṭakopi samāno na bahussutabhāvaṃ jānāpetukāmo hoti, ayaṃ pariyattiappiccho nāma. Dhutaṅgasamādānassa pana dhutaṅgapariharaṇabhāvaṃ aññesaṃ jānituṃ na deti, ayaṃ dhutaṅgaappiccho nāma. Yo pana sotāpannādīsu aññataro hutvā sotāpannādibhāvaṃ jānāpetuṃ na icchati, ayaṃ adhigamaappiccho nāma. Imehi appicchaguṇehi sampanno ca ahaṃ bhaveyyanti vuttaṃ hoti.</p>\r\n<p class="bodytext"><span class="bld">Appakodho</span>ti dussanalakkhaṇadosato virahito ca. So hi kujjhatīti kodhoti vuccati. Dosassetaṃ adhivacanaṃ. Natthi kodho assa meti appakodho.</p>\r\n<p class="gatha1">Kuddho atthaṃ na jānāti, kuddho dhammaṃ na passati;</p>\r\n<p class="gathalast">Andhatamaṃ tadā hoti, yaṃ kodho sahate naranti.</p>\r\n<p class="bodytext">Vuttadesanaṃ manasikaritvā appakodhoti patthanaṃ karotīti vuttaṃ hoti.</p>','\r',char(13)),'\n',char(10)),'');
INSERT INTO pages (bookid, page, content, paranum) VALUES('annya_buddha_vandana_gantha_sanggaho_e0601n',214,replace(replace('<p class="bodytext"><span class="bld">Ativujuhadayo</span>ti <a name="M0.0214"></a> atieva ujucittasamannāgato ca. Arati gacchati pavattati akuṭilabhāvenāti uju, ajjavaṃ. Aradhātu gatiyaṃ ju. Arissa u. Ārammaṇaṃ haratīti hadayaṃ, cittaṃ. Haradhātu haraṇe aya. Rassa do. Atha vā ārammaṇaṃ harantaṃ ayati gacchati pavattatīti hadayaṃ, cittaṃ. Harasaddūpapada ayadhātu gatiyaṃ a. Uju ca taṃ hadayañcāti ujuhadayaṃ. Atieva uju hadayaṃ assa meti ativujuhadayo. Gomuttavaṅko ca candalekhāvaṅko ca naṅgalakoṭi vaṅko cāti tīhi vaṅkehi vigato hutvā ativiya ujucittasamannāgato ca bhaveyyanti attho. Tattha ca yo pāpaṃ katvāva na karomīti bhāsati. So gantvā paccosakkanatāya gomuttavaṅko nāma. Yo pāpaṃ karontova bhāyāmahaṃ pāpassāti bhāsati. So yebhuyyena kuṭilatāya candalekhā vaṅko nāma. Yo pāpaṃ karontova ko pāpassa na bhāyeyyāti bhāsati, so nātikuṭilatāya naṅgalakoṭivaṅko nāma hoti. Yassa vā tīṇi kammadvārāni asuddhāni. So gomuttavaṅko nāma hoti. Yassa yāni kānici dve. So candalekhā vaṅko nāma. Yassa yaṃkiñci ekaṃ. So naṅgalakoṭivaṅko nāmāti veditabbo.</p>\r\n<p class="bodytext"><span class="bld">Iddhimā</span>ti iddhiyā samannāgato ca, iddhisaddassa vacanattho heṭṭhā vuttoyeva. Iddhi assa me atthīti iddhimā. Assathyatthe mantupaccayo. Mānussikāle manussiddhiyā devuppattikāle deviddhiyā samaṇuppattikāle samaṇiddhiyā ca sampuṇṇeyyanti attho.</p>\r\n<p class="bodytext"><span class="bld">Appameyyo</span>ti appametabbehi sīlādiguṇehi sampanno ca. Pametabboti pameyyo. Papubbamādhātu pamāṇe ṇya. Na pameyyo appameyyo, appameyyo sīlādiguṇo me assa atthīti appameyyo. Assathyatthe ṇa. </p>','\r',char(13)),'\n',char(10)),'');
INSERT INTO pages (bookid, page, content, paranum) VALUES('annya_buddha_vandana_gantha_sanggaho_e0601n',215,replace(replace('<p class="bodytext">Appameyyehi <a name="M0.0215"></a> sīlādiguṇehi ca bhogasampattīhi ca sampajjāmīti patthanaṃ karotīti vuttaṃ hoti.</p>\r\n<p class="bodytext"><span class="bld">Pāsaṃso</span>ti sīlādiguṇehi buddhādisappurisānaṃ pasaṃsāraho ca, pasaṃsiyate thaviyate pasaṃso. Bhāva sādhanoyaṃ. Papubbasaṃsadhātu thutiyaṃ, taṃ arahatīti pāsaṃso. Arahatitaddhite ṇa. Buddhādisappurisehi pasaṃsi tabbehi dānasīlādiguṇehi sampanno ca bhaveyyanti vuttaṃ hoti.</p>\r\n<p class="bodytext"><span class="bld">Pemavāco</span>ti atthabyañjanamadhuratāya buddhādisappurisehi pemitabbavācāya sampanno ca. Piyateti pemā, vācā. Pīdhātu tappanakantīsu imo. Vacitabbāti vācā. Vacadhātu viyattiyaṃ vācāyaṃ ṇa. Pemā vācā assa meti pema vāco. Buddhādisappurisehi pemiyā caturaṅgasamannāgata vācāya sampanno cāti attho. Sappurisānaṃ pana vācā caturaṅgasamannāgatā hoti. Subhāsitavācā ca dhammavācā piyavācā saccavācāti. Tathāhetaṃ vuttaṃ <span class="bld">sagāthāvagga saṃyutte</span> –</p>\r\n<p class="gatha1">Subhāsitaṃ uttamamāhu santo,</p>\r\n<p class="gatha2">Dhammaṃ bhaṇe nādhammaṃ taṃ dutiyaṃ;</p>\r\n<p class="gatha3">Piyaṃ bhaṇe nāppiyaṃ taṃ tatiyaṃ,</p>\r\n<p class="gathalast">Saccaṃ bhaṇe nālikaṃ taṃ catutthanti.</p>\r\n<p class="bodytext">Ayaṃ panettha yojanā. Santo sappurisā uttamaṃ subhāsitaṃ suṭṭhu bhāsitaṃ vācaṃ āhu, dhammaṃ bhaṇe bhaṇeyya adhammaṃ na bhaṇe na bhaṇeyya, dutiyaṃ taṃ vācaṃ āhu, piyaṃ bhaṇe bhaṇeyya, appiyaṃ na bhaṇe na bhaṇeyya, tatiyaṃ taṃ vācaṃ āhu, saccaṃ bhaṇe bhaṇeyya alikaṃ na bhaṇe na bhaṇeyya, catutthaṃ taṃ vācaṃ āhūti.</p>','\r',char(13)),'\n',char(10)),'');
INSERT INTO pages (bookid, page, content, paranum) VALUES('annya_buddha_vandana_gantha_sanggaho_e0601n',216,replace(replace('<p class="bodytext"><span class="bld">Sujanaguṇavidū</span>ti <a name="M0.0216"></a> buddhādisappurisānaṃ sīlādiguṇaṃ vijānako ca. Sundaro jano sujano. Guṇati pakāseti sīlādiguṇasamaṅgitaṃ puggalanti guṇaṃ, sīlādiguṇaṃ. Guṇadhātu pakāsane a. Sujanānaṃ buddhādisappurisānaṃ guṇo sujanaguṇo, taṃ vidati jānātīti sujanaguṇavidū. Sujana guṇasaddūpapadavidadhātu ñāṇe ū. Buddhādisappurisānaṃ sīlasamādhipaññādiguṇaṃ jānituṃ samattho ca bhaveyyanti attho.</p>\r\n<p class="bodytext"><span class="bld">Māmako</span>ti buddhādisajjanānaṃ māmako ca. Mamāyatīti māmako. Mamadhātu mānane peme vā ṇvu. Tassa ako. Buddhādiratanattayañca saddhammañca mānanto ca bhaveyyanti attho. <span class="bld">So</span>ti so ahaṃ. <span class="bld">Bhaveyya</span>nti bhavāmīti.</p>\r\n<p class="bodytext">Ayaṃ panettha <span class="bld">saṅkhepayojanā</span>. So ahaṃ diṭṭhadhamme paccakkhabhūte attabhāve, saddho saddhāya samannāgato ca, dātaṅgupeto dātassa aṅgāya kāraṇabhūtāya dhana sampattiyā upeto samupeto samannāgato ca, dātabba vatthu ca, tappaṭiggāhakapuggalo ca, saddhā cāti tīhi aṅgehi upeto samupeto samannāgato ca vā, paramasiridharo uttamasirīdhārako ca, uttamasiriṃ dhāraṇasamattho ca vā, viratto kāmaguṇesu vigataratto ca, lajjī pāpahirivanto ca, pāpajigucchanalakkhaṇāya lajjāya sampanno ca vā, hirottappasamannāgato ca vā, kalyāṇamitto sundaramitta sampanno ca, abhiratakusalo dānādipuññakusaladhammesu abhiramaṇo ca, pañcasīlādirakkho pañcasīlādīni rakkhituṃ samattho ca, appiccho aniccho ca, rūpādikāmaguṇesu anicchanto ca vā, appakodho dussanalakkhaṇadosato virahito ca, ativujuhadayo atieva ujucittasamannāgato ca, iddhiyā samannāgato ca, appameyyo appameyyehi sīlādiguṇehi sampanno ca, pāsaṃso sīlādiguṇehi buddhādisappurisānaṃ pasaṃsāraho ca, pemavāco </p>','\r',char(13)),'\n',char(10)),'');
INSERT INTO pages (bookid, page, content, paranum) VALUES('annya_buddha_vandana_gantha_sanggaho_e0601n',217,replace(replace('<p class="bodytext">atthabyañjanamadhuratāya <a name="M0.0217"></a> buddhādisappurisehi pemitabbavācāya sampanno ca, sujanaguṇavidū buddhādisappurisānaṃ sīlādiguṇaṃ vijānako ca, māmako buddhādisajjanānaṃ māmako ca, buddhādiratanattayañca saddhammañca mānanto ca vā, bhaveyyaṃ bhavāmīti.</p>\r\n<p class="centered">Aṭṭhavīsatimagāthāvaṇṇanā samattā.</p>\r\n<p class="hangnum"><a name="para29"></a><span class="paranum">29</span>.</p>\r\n<p class="gatha1"> Itthaṃ asaṅkhaye nātha, guṇe lakkhaṇadīpite;</p>\r\n<p class="gathalast">Gāthāsu sūcakāsveka, gāthampi sarate budho.</p>\r\n<p class="hangnum"><a name="para30"></a><span class="paranum">30</span>.</p>\r\n<p class="gatha1"> Caturāpāyamutto so, sādhakatthadvayassa ca;</p>\r\n<p class="gathalast">Hatūpaddavajālo ca, lābhī hitasukhassa ca.</p>\r\n<p class="hangnum"><a name="para31"></a><span class="paranum">31</span>.</p>\r\n<p class="gatha1"> Adhipo naradevānaṃ, catudīpissaropi vā;</p>\r\n<p class="gathalast">Bhaveyya antime dehe, tamaññaṃ setachattakaṃ.</p>\r\n<p class="hangnum"><a name="para32"></a><span class="paranum">32</span>.</p>\r\n<p class="gatha1"> Bhāvanāyānamāruyha, samamessati subbato;</p>\r\n<p class="gathalast">Imasmiṃ attabhāvepi, arogo dīghajīviko.</p>\r\n<p class="hangnum"><a name="para33"></a><span class="paranum">33</span>.</p>\r\n<p class="gatha1"> Pūjito sabbalokehi, bhāvanābhiratīmano;</p>\r\n<p class="gathalast">Janappiyo manāpo ca, kā kathākhiladhāraṇe.</p>\r\n<p class="bodytext"><a name="para29"></a><span class="paranum">29</span>. Evaṃ puññenetenatyādi gāthādvayena paṇidhiṃ katvā idāni buddhavandanassa phalānisaṃsaṃ dassento <span class="bld">ittha</span>ntyādi gāthāpañcakaṃ āha. Taṃ pana mūlācariyehi na vuttaṃ, pacchā pana hitakāmehi paṇḍitehi pakkhittaṃ gāthāpañcakanti daṭṭhabbaṃ. Tā pana gāthāyo pathyāvattagāthāti daṭṭhabbā.</p>\r\n<p class="bodytext">Tāsu pana paṭhamagāthāyaṃ itthaṃ asaṅkhaye lakkhaṇadīpite nāthaguṇe sūcakāsu gāthāsu ekagāthampi yo budho sarateti sambandho. <span class="bld">Ittha</span>nti iminā sugatantiādinā vuttappakārena. <span class="bld">Asaṅkhaye</span>ti ettakā buddhaguṇāti gaṇetuṃ asamatthe. Saṅkhiyate saṅkhayā. Saṅkhiyati gaṇiyatīti vā </p>','\r',char(13)),'\n',char(10)),'-29-30-31-32-33-29-');
INSERT INTO pages (bookid, page, content, paranum) VALUES('annya_buddha_vandana_gantha_sanggaho_e0601n',218,replace(replace('<p class="bodytext">saṅkhayā<a name="M0.0218"></a>. Sakhidhātu saṅkhyāyaṃ yapaccayo. Atha vā saṅkhituṃ na sakkontīti asaṅkhayā. Ettakā buddhaguṇā ettakā buddhaguṇāti niravasesato ekabuddhopi anekavassa satasahassakoṭiyāpi gaṇetuṃ asamatthova. Pageva pana aññeti attho. Vuttampi cetaṃ <span class="bld">apadāne</span> –</p>\r\n<p class="gatha1">‘‘Buddhopi buddhassa bhaṇeyya vaṇṇaṃ,</p>\r\n<p class="gatha2">Kappampi ce aññamabhāsamāno;</p>\r\n<p class="gatha3">Khīyetha kappo ciradīghamantare,</p>\r\n<p class="gathalast">Vaṇṇo na khīyetha tathāgatassā’’ti ca.</p>\r\n<p class="gatha1">‘‘Sakkā samudde udakaṃ, pametuṃ āḷhakena vā;</p>\r\n<p class="gathalast">Natveva tava sabbaññu, ñāṇaṃ sakkā pametave’’ti ca.</p>\r\n<p class="bodytext"><span class="bld">Mahāvaggasaṃyuttaṭṭhakathāyañca</span> ‘‘appamāṇā hi buddhā tesaṃ buddhāpi anavasesato vaṇṇaṃ vattuṃ asamatthā, pageva itarā pajā’’ti ca. <span class="bld">Lakkhaṇadīpite</span>ti upalakkhaṇa nayena pakāsitabbe. Ettha ca padhānanayo nidassana nayo ca labbhati. <span class="bld">Nāthaguṇe</span>ti buddhassa sīlasamādhi paññādiguṇe. Tassa pana padassa vacanattho heṭṭhā vuttoyeva. <span class="bld">Sūcakāsvekagāthampī</span>ti sūcakāsu ekagāthampīti padacchedo. <span class="bld">Sūcakāsū</span>ti pakāsakāsu. <span class="bld">Gāthāsū</span>ti sugatantyādinā vuttāsu chabbīsativandanagāthāsu. Niddhāraṇe cetaṃ bhummavacanaṃ. Kavīhi gāyati kathiyatīti gāthā. Pajjaviseso. Gedhātu sadde tha. Gedhātussa gādeso. Atha vā gaṃ vuccati ñāṇaṃ. Taṃ tiṭṭhati etthāti gāthā. Gaṃsaddūpapadathādhātu gatinivattiyaṃ. Gaṃ vuccati ñāṇaṃ, tena kavīhi bandhitvā thiyati thapiyatīti vā gāthā, tāsu gāthāsu. <span class="bld">Ekagāthampī</span>ti ekapajjampi. Ettha ca pisaddo garahattho. Tena anekagāthāya buddhaguṇasaraṇe kā kathāvāti sambhāveti. <span class="bld">Budho</span>ti yo paṇḍito. </p>','\r',char(13)),'\n',char(10)),'');
INSERT INTO pages (bookid, page, content, paranum) VALUES('annya_buddha_vandana_gantha_sanggaho_e0601n',219,replace(replace('<p class="bodytext">So <a name="M0.0219"></a> hi atthānatthaṃ budhati jānātītibudhoti vuccati. <span class="bld">Sarate</span>ti sarati. Chandānurakkhaṇatthañhi parassapadativibhattiyā attanopadatevibhattādeso.</p>\r\n<p class="bodytext"><a name="para30"></a><span class="paranum">30</span>. <span class="bld">So</span>ti so budho bhaveyyāti sambandho. <span class="bld">Caturāpāyamutto</span>ti nirayatiracchānapetaasurakāyasaṅkhātehi catūhi apāyehi vimutto ca. Puññasammatā ayāyebhuyyena apagatoti apāyo. Ayato sukhato apagatoti vā apāyo. Abyayībhāvasamāsoyaṃ. Atha vā tisso sampattiyo ayanti gacchanti pavattanti etenāti ayo, puññaṃ. Ayadhātu gatiyaṃ a. Puññato ayati gacchati pavattatīti vā, puññakārīhi ayitabbo pavattetabboti vā ayo, sukhaṃ. Tato apagatoti apāyo. Caturo apāyo caturāpāyo, tehi mutto vimuttoti caturāpāyamutto. <span class="bld">Sādhakatthadvayassa cā</span>ti sādhako atthadvayassa cāti padacchedo. <span class="bld">Atthadvayassā</span>ti diṭṭhadhammikasamparāyikasaṅkhātassa atthadvayassa. Ettha casaddo aṭṭhānayogo. So pana sādhako tyādīsu padesu yutto. <span class="bld">Sādhako</span>ti nipphādako ca. So hi sādheti nipphādetīti sādhakoti vuccati.</p>\r\n<p class="bodytext"><span class="bld">Hatūpaddavajālo cā</span>ti hato upaddavasaṅkhātajālo ca. Hanayittha apanayitthāti hato. Hanadhātu hiṃsāyaṃ ta. Upagantvā davati hiṃsatīti upaddavo, jātibhayādi soḷasaupaddavo. Upapubbadudhātu hiṃsāyaṃ, upaddavā nāma pana soḷasavidhā honti jātibhayaṃ, jarābhayaṃ, byādhibhayaṃ, maraṇabhayaṃ, rājabhayaṃ, corabhayaṃ, aggibhayaṃ, udakabhayaṃ, ūmibhayaṃ, kumbhilabhayaṃ, āvaṭṭabhayaṃ, susukābhayaṃ, attānuvādabhayaṃ, parānuvādabhayaṃ, daṇḍabhayaṃ, duggatibhayañcāti. Jalati hiṃsati macche etenāti jālaṃ, macchajālaṃ. </p>','\r',char(13)),'\n',char(10)),'-30-');
INSERT INTO pages (bookid, page, content, paranum) VALUES('annya_buddha_vandana_gantha_sanggaho_e0601n',220,replace(replace('<p class="bodytext">Jālaṃ <a name="M0.0220"></a> viyāti jālo, upaddavo. Nitatthena pana jalati hiṃsati satte etenāti jālo. Upaddavo. Jaladhātu hiṃsāyaṃ ṇa. Hato upaddavasaṅkhātajālo yena soti hatūpaddavajālo. Buddhapaṇāmacetanāya pahito upaddavasaṅkhātajālo bhaveyyāti attho. <span class="bld">Lābhī hitasukhassa cā</span>ti hitassa ca sukhassa ca lābhī ca. Labhanaṃ lābho, taṃ assa atthīti lābhī, hinoti vaḍḍhatīti hitaṃ, atthaṃ. Sukhayatīti sukhaṃ. Yassuppajjati, taṃ sukhitaṃ karotīti attho. Atha vā suṭṭhu dukkhaṃ khanatīti sukhaṃ. Supubba khanudhātu avadhāraṇe kvi. Hitañca sukhañca hitasukhaṃ, tassa lābhī bhaveyyāti attho.</p>\r\n<p class="bodytext"><a name="para31-32"></a><span class="paranum">31-32</span>. Naradevānaṃ adhipo ca catudīpissaropi vā bhaveyyāti sambandho. <span class="bld">Naradevāna</span>nti narā ca devā ca naradevā, tesaṃ. Kammatthe cetaṃ chaṭṭhīvacanaṃ. <span class="bld">Adhipo</span>ti issaro ca. So hi attādhīnaṃ pāti rakkhati dhammena vā adhiabhibhavitvā pāti rakkhatīti adhipoti vuccati. Adhipubbapādhātu rakkhane a, narānaṃ adhipo issaro manussarājā ca devānaṃ adhipo issaro devarājā ca bhaveyyāti attho. <span class="bld">Catudīpissaropi vā</span>ti ettha pisaddo sambhāvanatthe nipāto. Tena pageva ekadīpissararājabhāvo ca, pade sissararājabhāvo cāti sambhāveti. Vā saddo padapūraṇa mattoyeva. Catudīpissaroti pubbavideho, aparago yāno, jambudīpo, uttarakuru cāti catunnaṃ dīpānaṃ issaro cakkavattirājāpi bhaveyyāti attho. Tattha pubbavidehoti sineruno pure bhavaṃ pubbaṃ, vedena paññāya īhanti vāyamanti etthāti vedeho, vidasaddūpapada īhadhātu vāyāme ṇa. Soyeva videho. Imaṃ dīpamupādāya sineruno pubbadisabhāgattā pubbo ca so videho cāti pubbavideho, pubbadīpo.</p>','\r',char(13)),'\n',char(10)),'-31-32-');
INSERT INTO pages (bookid, page, content, paranum) VALUES('annya_buddha_vandana_gantha_sanggaho_e0601n',221,replace(replace('<p class="bodytext">Aparagoyānoti <a name="M0.0221"></a> sineruno apare pacchime bhavo aparo. Gavena yanti gacchanti etthāti goyāno. Gosaddūpapada yādhātu gamane yu. Sineruno pacchima disabhāgattā aparo ca so goyāno cāti aparagoyāno, pacchimadīpo. Jambudīpoti jāyatīti jambū. Yojanasatubbedho rukkho. Janadhātu janane ū. Nassa mo. Bakārāgamo. Jalamajjhe dippatīti dīpo, dippanti jotanti ettha saddhammāti vā dīpo. Dīpadhātu dittiyaṃ a. Tassa pana dviāpoti padacchedaṃ katvā dvidhā āpo sandati etthāti dīpoti bahubbīhisamāsopi yujjati. Jambuyā lakkhito paññāto vā dīpo jambudīpo, dakkhiṇadīpo. Uttarakurūti sineruno uttare bhavā uttarā. Dhammatāsiddhassa pañcasīlassa ānubhāvena kaṃ sukhaṃ urumahantaṃ etthāti kuru. Bahubbīhisamāsoyaṃ. Kuṃ vuccati pāpaṃ. Taṃ rundhanti etthāti vā kuru. Kupubbarudhidhātu āvaraṇe kvi. Dhātvantassa lopo. Sineruno uttaradisabhāgattā uttaro ca so kuru cāti uttarakuru. Uttaradīpoti catunnaṃ dīpānaṃ issaro catudīpissaro, cakkavattirājā labbhati.</p>\r\n<p class="bodytext">Evaṃ lokiyahitaṃ dassetvā idāni lokuttarahitaṃ dassento āha <span class="bld">antime dehe…pe… subbato</span>ti antime dehe subbato bhāvanāyānaṃ āruyha aññaṃ taṃ setachattakaṃ dhārento samaṃ essatīti sambandho. Tattha pana atthakkamena vaṇṇayissāma. <span class="bld">Antime</span>ti carime pacchime vā. Ante pariyosāne bhavo antimo, pacchimasarīro. Tasmiṃ. <span class="bld">Dehe</span>ti sarīre. Dihati upaciyati vaḍḍhatīti deho, sarīro. Dihadhātu upacaye ṇa. Atha vā dihati upacayati etena puññāpuññanti deho, pacchimabhavabhūte bhabbakulaputtabhūte vā sarīreti attho. <span class="bld">Subbato</span>ti suṭṭhu paṭipannako </p>','\r',char(13)),'\n',char(10)),'');
INSERT INTO pages (bookid, page, content, paranum) VALUES('annya_buddha_vandana_gantha_sanggaho_e0601n',222,replace(replace('<p class="bodytext">hutvā<a name="M0.0222"></a>. Suṭṭhu vataṃ paṭipannaṃ assāti subbato. Vakārassabbo. <span class="bld">Bhāvanāyānamāruyhā</span>ti bhāvanāyānaṃ āruyhāti padacchedo. Vipassanābhāvanāsaṅkhātayānaṃ āruhitvāti attho. Bhāvetabbā vaḍḍhetabbāti bhāvanā. Tebhūmaka saṅkhārārammaṇaṃ. Atha vā tadārammaṇaṃ bhāveti vaḍḍhetīti bhāvanā, vipassanāpaññā. Bhūdhātu sattāyaṃ vaḍḍhane vā yu. Sā ca samathavipassanā bhāvanāvasena duvidhā hoti. Tattha idha pana aññaṃ setachattakanti saddantarasanniṭṭhānena vipassanābhāvanā adhippetā. Yanti pāpuṇanti etena nibbānanti yānaṃ, aniccādivipassanāñāṇaṃ. Yādhātu gatiyaṃ yu. Bhāvanāsaṅkhātaṃ yānaṃ bhāvanāyānaṃ, bhāvanā ca sā yānañcāti vā bhāvanāyānaṃ.</p>\r\n<p class="bodytext"><span class="bld">Āruyhā</span>ti ārohitvā. Pakatiyānasadisaṃ anicca dukkhaanattayānaṃ āruhitvāti attho. Aniccādilakkhaṇena hi vinā maggaphalanibbānaṃ patto nāma natthi. Tasmā bhāvanāyānamāruyhāti vuttaṃ. <span class="bld">Añña</span>nti arahattaphalaṃ. Tañhi paṭhamamaggena ādiṭṭhamariyādaṃ anatikkamitvā catusaccadhammaṃ avabujjhatīti aññanti vuccati. Āpubbañādhātu avabodhane kvi. Āsaddo mariyādattho. <span class="bld">Setachattaka</span>nti odātātapattaṃ. Seviyatīti setaṃ, dhavalaṃ. Sidhātu sevāyaṃ ta. Kilesatapaṃ chādetīti chattaṃ. Chadadhātu saṃvaraṇe ta. Taṃyeva chattakaṃ. Setañca taṃ chattakañcāti setachattakaṃ. Arahattaphalaātapattaṃ labbhati. Aññaṃ arahattaphalasaṅkhātaṃ setachattakaṃ dhārento hutvāti sambandho. <span class="bld">Sama</span>nti nibbānaṃ. Tañhi sabbaṃ vaṭṭadukkhaṃ samati vūpasamati nirujjhati etthāti samanti vuccati. <span class="bld">Essatī</span>ti pāpuṇissatīti.</p>\r\n<p class="bodytext">Idāni diṭṭhadhammikatthaṃ dassento <span class="bld">imasmiṃ attabhāvepī</span>tiādimāha. Tattha imasmiṃ attabhāvepi arogo ca dīghāyuko ca sabbalokehi pūjito ca bhāvanābhi </p>','\r',char(13)),'\n',char(10)),'');
INSERT INTO pages (bookid, page, content, paranum) VALUES('annya_buddha_vandana_gantha_sanggaho_e0601n',223,replace(replace('<p class="bodytext">ratimano <a name="M0.0223"></a> ca janappiyo ca manāpo ca bhaveyyāti yojanā. <span class="bld">Attabhāvepī</span>ti ettha pisaddo sampiṇḍanattho. Tena samparāyikatthaṃ sampiṇḍeti. Attāti bhavati etena abhidhānaṃ buddhi cāti attabhāvo. Khandhapañcakassetamadhivacanaṃ. <span class="bld">Arogo</span>ti sabbabyādhiviraho ca. So hi natthi rogo assāti arogoti vuccati. <span class="bld">Dīghajīviko</span>ti dīghāyuko ca. So hi dīghā jīvi āyu assāti dīghajīvikoti vuccati.</p>\r\n<p class="bodytext"><a name="para33"></a><span class="paranum">33</span>. <span class="bld">Sabbalokehī</span>ti sabbadevamanussehi. <span class="bld">Pūjito</span>ti pūjitabbo ca. <span class="bld">Bhāvanābhiratimano</span>ti samathavipassanā saṅkhātāya bhāvanāya abhiramaṇacitto ca. <span class="bld">Janappiyo</span>ti sabbajanehi piyāyitabbo ca. <span class="bld">Manāpo</span>ti sabbasattānaṃ cittavaḍḍhanako ca bhaveyyāti sambandho.</p>\r\n<p class="bodytext">Evaṃ chabbīsatiyā vandanagāthāsu ekagāthāmattampi buddhaguṇānussaraṇe phalānisaṃsaṃ dassetvā idāni sabbagāthāyo vacasā dhāretvā buddhavandane anekāni phalānisaṃsāni dassetuṃ <span class="bld">kā kathākhiladhāraṇe</span>ti āha. Tattha <span class="bld">kā kathākhiladhāraṇe</span>ti kā kathā akhiladhāraṇeti padacchedo. Sabbabuddhavandanagāthāya vacasā dhāraṇe kiṃ vattabbā yevāti attho.</p>\r\n<p class="bodytext">Ettha ca akhilasaddo sabbavācako anipphannapāṭipadiko. Atha vā khiyanaṃ khilaṃ. Khidhātu khaye lapaccayo. Khayaṃ lāti gaṇhātīti vā khilaṃ, appakaṃ. Khayasaddūpapadalādhātu gahaṇe a. Na khilaṃ akhilaṃ, sabbagāthāyo. Dhāriyate dhāraṇaṃ, akhilāya sabbāya gāthāya dhāraṇaṃ akhiladhāraṇaṃ, tasmiṃ. Chabbīsatiyā buddhavandanagāthāsu ekaṃ gāthaṃ vacasā dhārayitvā buddhavandane yathāvuttaphalānisaṃsāni labbhanti, pageva pana sabbabuddhavandanagāthāyo vacasā dhārayitvā dine dine </p>','\r',char(13)),'\n',char(10)),'-33-');
INSERT INTO pages (bookid, page, content, paranum) VALUES('annya_buddha_vandana_gantha_sanggaho_e0601n',224,replace(replace('<p class="bodytext">buddhavandaneti <a name="M0.0224"></a> atthoti. Iminā pana gāthāpañcakena yathāvutta phalānisaṃsaṃ ñatvā saddahako sammādiṭṭhiko kulaputto sabbabuddhavandanagāthāyo vacasā dhārayitvā rattindivaṃ pubbaṇhakāle ca sāyanhakāle ca rattiyā paṭhamayāme ca pacchimayāme ca satataṃ samitaṃ nirantaraṃ buddhaṃ vandeyyāti uyyojanaṃ dassetīti.</p>\r\n<p class="centered">Pañcakagāthāvaṇṇanā samattā.</p>\r\n<p class="bodytext">Iti porāṇācariyehi vanditassa namakkārassa saddatthanayehi chandālaṅkāranayehi ca saṇhasukhumasududdasa gambhīrassa buddhassa duppaṭividhaguṇaparidīpakassa sappurisānaṃ cittapasannajanakassa sāṭṭhakathe piṭakattaye asaṃhira visāradañāṇacārinā sāsanasodhakena bhaddantareva tattheravarena racitā buddhaguṇappadīpikanāmikā vaṇṇanā.</p>\r\n<p class="subhead">Nigamana</p>\r\n<p class="bodytext">Idaṃ pana puraṃ nimmitena sirīpavaravijayānantayasapaṇḍita tribhavanādityādhipatimahādhammarājādhirājāti lañchitanāmikena piṭakattayapāḷiṃ silārūḷhaṃ kārayitvā pañcama saṅgītikaraṇena timahādhammarājena ratanāpuñjanti sammate rājadhānībhūte nānākulasaṃkiṇṇe puññadhaññavantānaṃ sādhūnañca sīlasamādhipaññavantānaṃ bhikkhūnañca nivāsabhūte buddhadhammasaṅgharatanākare candimasūriyā viya buddhasāsanujjotane <span class="bld">mantale</span> nagare iti parikittite mahārāme dese vasantena upāsaka guṇasampannena nāmikena upāsakena ca tassupaṭṭhākāya nāmikāya upāsikāya ca samakusalacchandaṃ katvā nibbānassa sacchikaraṇatthāya kārite manorame suvaṇṇena limpitattā suvaṇṇavatī </p>','\r',char(13)),'\n',char(10)),'');
INSERT INTO pages (bookid, page, content, paranum) VALUES('annya_buddha_vandana_gantha_sanggaho_e0601n',225,replace(replace('<p class="bodytext">nāmike <a name="M0.0225"></a> dvibhummike mahiṭṭhakavihāre aṭṭhahi disāhi āgatānaṃ sutesanabhikkhūnaṃ sāṭṭhakathaṃ piṭakattayaṃ dine dine satataṃ nirantaraṃ vācentena adhivasantena sāṭṭhakathe piṭakattaye asaṃhiravisāradañāṇacārinā mantale pure pariyattisāsanahitadhammācariyagaṇassa jeṭṭhukkaṭṭhabhūtena revatābhipaṇḍitadhajasāsanavaṃsamahādhammarājagurūti ca <span class="bld">agga mahāpaṇḍitā</span>ti ca laddhalañchitena mūladvādasasāsana karamahāgaṇassa jeṭṭhamahānāyakabhūtena <span class="bld">sāsanāpruñño</span> ācariyoti vissutena sāsanasodhaka mahānāyakattheravarena porāṇehi tattha tattha pāḷiyaṃ bhagavatā vuttehi buddhaguṇappakāsakehi buddhaguṇapadehi thomitvā vanditassa atthabyañjanena chandālaṅkāranayena ca pathavīsandhārakassa udakakkhandhassa viya gambhīrassa pabbatena paṭicchādetvā ṭhapitassa vatthussa viya atiduddasassa satadhā bhinnassa vālassa aggakoṭiyā viya atisaṇha sukhumassa puthujjanañāṇena buddhassa duppaṭividhaguṇaparidīpakassa namakkārassa līnatthappakāsanā buddhaguṇappadīpikanāmikā saṃvaṇṇanā tāsu tāsu aṭṭhakathāṭīkāsu āgataṃ saṃvaṇṇanānayaṃ nissāya paññāpāṭavatthāya sāsanavuddhiyā ca katā.</p>\r\n<p class="indent">Ettāvatā ca –</p>\r\n<p class="gatha1">Sampatte cakkavasse sā, dvisahasse catūsate;</p>\r\n<p class="gathalast">Navādhikāsitīyā ca, sakkarāje ca sampatte.</p>\r\n<p class="gatha1">Sattatisatasahassa, vasse phussamāsasseva;</p>\r\n<p class="gathalast">Kālapakkhasattame ca, buddhadine suniṭṭhitā; Sāmañña.</p>\r\n<p class="gatha1">Esā ca saṅkharontena, yaṃ puññaṃ pasutaṃ mayā;</p>\r\n<p class="gathalast">Aññampi tena puññena, patvā sambodhimuttamaṃ.</p>','\r',char(13)),'\n',char(10)),'');
INSERT INTO pages (bookid, page, content, paranum) VALUES('annya_buddha_vandana_gantha_sanggaho_e0601n',226,replace(replace('<p class="gatha1">Saṃsārato <a name="M0.0226"></a> bahū satte, tārayitvā taṇhakkhayaṃ;</p>\r\n<p class="gathalast">Nibbānaṃ sacchikāreyyaṃ, maggañāṇuttarena ca.</p>\r\n<p class="gatha1">Sadā rakkhantu rājāno, dhammeneva pajaṃ imaṃ;</p>\r\n<p class="gathalast">Sabbe sattā sukhī hontu, jotentu jinasāsanaṃ.</p>\r\n<p class="gatha1">Mrammaraṭṭhe manussā ca, sabbadā nirupaddavā;</p>\r\n<p class="gathalast">Niccaṃ kalyāṇasaṅkappā, pappontu amataṃ padanti.</p>\r\n<p class="centered">Buddhaguṇappadīpikanāmikā</p>\r\n<p class="centered">Namakkāraṭīkā samattā.</p>','\r',char(13)),'\n',char(10)),'');
DELETE FROM books where id='annya_buddha_vandana_gantha_sanggaho_e0602n';
INSERT INTO books VALUES('annya_buddha_vandana_gantha_sanggaho_e0602n','annya','annya_buddha_vandana_gantha_sanggaho','Mahāpaṇāmapāṭha',1,214,53);
DELETE FROM tocs where book_id='annya_buddha_vandana_gantha_sanggaho_e0602n';
INSERT INTO tocs VALUES('annya_buddha_vandana_gantha_sanggaho_e0602n','Mahāpaṇāmapāṭha','chapter',1);
INSERT INTO tocs VALUES('annya_buddha_vandana_gantha_sanggaho_e0602n','(Buddhavandanā)','title',1);
INSERT INTO tocs VALUES('annya_buddha_vandana_gantha_sanggaho_e0602n','Tigumbacetiya thomanā','chapter',52);
INSERT INTO tocs VALUES('annya_buddha_vandana_gantha_sanggaho_e0602n','Vāsamālinīkya','chapter',121);
DELETE FROM paragraphs where book_id='annya_buddha_vandana_gantha_sanggaho_e0602n';
INSERT INTO paragraphs VALUES('annya_buddha_vandana_gantha_sanggaho_e0602n',1,1);
INSERT INTO paragraphs VALUES('annya_buddha_vandana_gantha_sanggaho_e0602n',2,41);
INSERT INTO paragraphs VALUES('annya_buddha_vandana_gantha_sanggaho_e0602n',3,41);
INSERT INTO paragraphs VALUES('annya_buddha_vandana_gantha_sanggaho_e0602n',4,41);
INSERT INTO paragraphs VALUES('annya_buddha_vandana_gantha_sanggaho_e0602n',5,41);
INSERT INTO paragraphs VALUES('annya_buddha_vandana_gantha_sanggaho_e0602n',6,41);
INSERT INTO paragraphs VALUES('annya_buddha_vandana_gantha_sanggaho_e0602n',7,41);
INSERT INTO paragraphs VALUES('annya_buddha_vandana_gantha_sanggaho_e0602n',8,41);
INSERT INTO paragraphs VALUES('annya_buddha_vandana_gantha_sanggaho_e0602n',9,41);
INSERT INTO paragraphs VALUES('annya_buddha_vandana_gantha_sanggaho_e0602n',10,41);
INSERT INTO paragraphs VALUES('annya_buddha_vandana_gantha_sanggaho_e0602n',11,41);
INSERT INTO paragraphs VALUES('annya_buddha_vandana_gantha_sanggaho_e0602n',12,41);
INSERT INTO paragraphs VALUES('annya_buddha_vandana_gantha_sanggaho_e0602n',13,42);
INSERT INTO paragraphs VALUES('annya_buddha_vandana_gantha_sanggaho_e0602n',14,42);
INSERT INTO paragraphs VALUES('annya_buddha_vandana_gantha_sanggaho_e0602n',15,42);
INSERT INTO paragraphs VALUES('annya_buddha_vandana_gantha_sanggaho_e0602n',16,42);
INSERT INTO paragraphs VALUES('annya_buddha_vandana_gantha_sanggaho_e0602n',17,42);
INSERT INTO paragraphs VALUES('annya_buddha_vandana_gantha_sanggaho_e0602n',18,42);
INSERT INTO paragraphs VALUES('annya_buddha_vandana_gantha_sanggaho_e0602n',19,42);
INSERT INTO paragraphs VALUES('annya_buddha_vandana_gantha_sanggaho_e0602n',20,42);
INSERT INTO paragraphs VALUES('annya_buddha_vandana_gantha_sanggaho_e0602n',21,42);
INSERT INTO paragraphs VALUES('annya_buddha_vandana_gantha_sanggaho_e0602n',22,42);
INSERT INTO paragraphs VALUES('annya_buddha_vandana_gantha_sanggaho_e0602n',23,43);
INSERT INTO paragraphs VALUES('annya_buddha_vandana_gantha_sanggaho_e0602n',24,43);
INSERT INTO paragraphs VALUES('annya_buddha_vandana_gantha_sanggaho_e0602n',25,43);
INSERT INTO paragraphs VALUES('annya_buddha_vandana_gantha_sanggaho_e0602n',26,43);
INSERT INTO paragraphs VALUES('annya_buddha_vandana_gantha_sanggaho_e0602n',27,43);
INSERT INTO paragraphs VALUES('annya_buddha_vandana_gantha_sanggaho_e0602n',28,43);
INSERT INTO paragraphs VALUES('annya_buddha_vandana_gantha_sanggaho_e0602n',29,43);
INSERT INTO paragraphs VALUES('annya_buddha_vandana_gantha_sanggaho_e0602n',30,43);
INSERT INTO paragraphs VALUES('annya_buddha_vandana_gantha_sanggaho_e0602n',31,44);
INSERT INTO paragraphs VALUES('annya_buddha_vandana_gantha_sanggaho_e0602n',32,44);
INSERT INTO paragraphs VALUES('annya_buddha_vandana_gantha_sanggaho_e0602n',33,44);
INSERT INTO paragraphs VALUES('annya_buddha_vandana_gantha_sanggaho_e0602n',34,44);
INSERT INTO paragraphs VALUES('annya_buddha_vandana_gantha_sanggaho_e0602n',35,44);
INSERT INTO paragraphs VALUES('annya_buddha_vandana_gantha_sanggaho_e0602n',36,44);
INSERT INTO paragraphs VALUES('annya_buddha_vandana_gantha_sanggaho_e0602n',37,44);
INSERT INTO paragraphs VALUES('annya_buddha_vandana_gantha_sanggaho_e0602n',38,44);
INSERT INTO paragraphs VALUES('annya_buddha_vandana_gantha_sanggaho_e0602n',39,45);
INSERT INTO paragraphs VALUES('annya_buddha_vandana_gantha_sanggaho_e0602n',40,45);
INSERT INTO paragraphs VALUES('annya_buddha_vandana_gantha_sanggaho_e0602n',41,45);
INSERT INTO paragraphs VALUES('annya_buddha_vandana_gantha_sanggaho_e0602n',42,45);
INSERT INTO paragraphs VALUES('annya_buddha_vandana_gantha_sanggaho_e0602n',43,45);
INSERT INTO paragraphs VALUES('annya_buddha_vandana_gantha_sanggaho_e0602n',44,45);
INSERT INTO paragraphs VALUES('annya_buddha_vandana_gantha_sanggaho_e0602n',45,45);
INSERT INTO paragraphs VALUES('annya_buddha_vandana_gantha_sanggaho_e0602n',46,45);
INSERT INTO paragraphs VALUES('annya_buddha_vandana_gantha_sanggaho_e0602n',47,46);
INSERT INTO paragraphs VALUES('annya_buddha_vandana_gantha_sanggaho_e0602n',48,46);
INSERT INTO paragraphs VALUES('annya_buddha_vandana_gantha_sanggaho_e0602n',49,46);
INSERT INTO paragraphs VALUES('annya_buddha_vandana_gantha_sanggaho_e0602n',50,46);
INSERT INTO paragraphs VALUES('annya_buddha_vandana_gantha_sanggaho_e0602n',51,46);
INSERT INTO paragraphs VALUES('annya_buddha_vandana_gantha_sanggaho_e0602n',52,46);
INSERT INTO paragraphs VALUES('annya_buddha_vandana_gantha_sanggaho_e0602n',53,46);
INSERT INTO paragraphs VALUES('annya_buddha_vandana_gantha_sanggaho_e0602n',54,46);
INSERT INTO paragraphs VALUES('annya_buddha_vandana_gantha_sanggaho_e0602n',55,47);
INSERT INTO paragraphs VALUES('annya_buddha_vandana_gantha_sanggaho_e0602n',56,47);
INSERT INTO paragraphs VALUES('annya_buddha_vandana_gantha_sanggaho_e0602n',57,47);
INSERT INTO paragraphs VALUES('annya_buddha_vandana_gantha_sanggaho_e0602n',58,47);
INSERT INTO paragraphs VALUES('annya_buddha_vandana_gantha_sanggaho_e0602n',59,47);
INSERT INTO paragraphs VALUES('annya_buddha_vandana_gantha_sanggaho_e0602n',60,47);
INSERT INTO paragraphs VALUES('annya_buddha_vandana_gantha_sanggaho_e0602n',61,47);
INSERT INTO paragraphs VALUES('annya_buddha_vandana_gantha_sanggaho_e0602n',62,47);
INSERT INTO paragraphs VALUES('annya_buddha_vandana_gantha_sanggaho_e0602n',63,48);
INSERT INTO paragraphs VALUES('annya_buddha_vandana_gantha_sanggaho_e0602n',64,48);
INSERT INTO paragraphs VALUES('annya_buddha_vandana_gantha_sanggaho_e0602n',65,48);
INSERT INTO paragraphs VALUES('annya_buddha_vandana_gantha_sanggaho_e0602n',66,48);
INSERT INTO paragraphs VALUES('annya_buddha_vandana_gantha_sanggaho_e0602n',67,48);
INSERT INTO paragraphs VALUES('annya_buddha_vandana_gantha_sanggaho_e0602n',68,48);
INSERT INTO paragraphs VALUES('annya_buddha_vandana_gantha_sanggaho_e0602n',69,48);
INSERT INTO paragraphs VALUES('annya_buddha_vandana_gantha_sanggaho_e0602n',70,48);
INSERT INTO paragraphs VALUES('annya_buddha_vandana_gantha_sanggaho_e0602n',71,49);
INSERT INTO paragraphs VALUES('annya_buddha_vandana_gantha_sanggaho_e0602n',72,49);
INSERT INTO paragraphs VALUES('annya_buddha_vandana_gantha_sanggaho_e0602n',73,49);
INSERT INTO paragraphs VALUES('annya_buddha_vandana_gantha_sanggaho_e0602n',74,49);
INSERT INTO paragraphs VALUES('annya_buddha_vandana_gantha_sanggaho_e0602n',75,49);
INSERT INTO paragraphs VALUES('annya_buddha_vandana_gantha_sanggaho_e0602n',76,49);
INSERT INTO paragraphs VALUES('annya_buddha_vandana_gantha_sanggaho_e0602n',77,49);
INSERT INTO paragraphs VALUES('annya_buddha_vandana_gantha_sanggaho_e0602n',78,50);
INSERT INTO paragraphs VALUES('annya_buddha_vandana_gantha_sanggaho_e0602n',79,50);
INSERT INTO paragraphs VALUES('annya_buddha_vandana_gantha_sanggaho_e0602n',80,50);
INSERT INTO paragraphs VALUES('annya_buddha_vandana_gantha_sanggaho_e0602n',81,50);
INSERT INTO paragraphs VALUES('annya_buddha_vandana_gantha_sanggaho_e0602n',82,50);
INSERT INTO paragraphs VALUES('annya_buddha_vandana_gantha_sanggaho_e0602n',83,50);
INSERT INTO paragraphs VALUES('annya_buddha_vandana_gantha_sanggaho_e0602n',84,50);
INSERT INTO paragraphs VALUES('annya_buddha_vandana_gantha_sanggaho_e0602n',85,50);
INSERT INTO paragraphs VALUES('annya_buddha_vandana_gantha_sanggaho_e0602n',86,50);
INSERT INTO paragraphs VALUES('annya_buddha_vandana_gantha_sanggaho_e0602n',87,50);
INSERT INTO paragraphs VALUES('annya_buddha_vandana_gantha_sanggaho_e0602n',88,51);
INSERT INTO paragraphs VALUES('annya_buddha_vandana_gantha_sanggaho_e0602n',89,51);
INSERT INTO paragraphs VALUES('annya_buddha_vandana_gantha_sanggaho_e0602n',90,51);
INSERT INTO paragraphs VALUES('annya_buddha_vandana_gantha_sanggaho_e0602n',91,51);
INSERT INTO paragraphs VALUES('annya_buddha_vandana_gantha_sanggaho_e0602n',92,51);
INSERT INTO paragraphs VALUES('annya_buddha_vandana_gantha_sanggaho_e0602n',93,51);
INSERT INTO paragraphs VALUES('annya_buddha_vandana_gantha_sanggaho_e0602n',94,52);
INSERT INTO paragraphs VALUES('annya_buddha_vandana_gantha_sanggaho_e0602n',1,52);
INSERT INTO paragraphs VALUES('annya_buddha_vandana_gantha_sanggaho_e0602n',2,118);
INSERT INTO paragraphs VALUES('annya_buddha_vandana_gantha_sanggaho_e0602n',3,118);
INSERT INTO paragraphs VALUES('annya_buddha_vandana_gantha_sanggaho_e0602n',4,118);
INSERT INTO paragraphs VALUES('annya_buddha_vandana_gantha_sanggaho_e0602n',5,118);
INSERT INTO paragraphs VALUES('annya_buddha_vandana_gantha_sanggaho_e0602n',6,119);
INSERT INTO paragraphs VALUES('annya_buddha_vandana_gantha_sanggaho_e0602n',7,119);
INSERT INTO paragraphs VALUES('annya_buddha_vandana_gantha_sanggaho_e0602n',8,119);
INSERT INTO paragraphs VALUES('annya_buddha_vandana_gantha_sanggaho_e0602n',9,120);
INSERT INTO paragraphs VALUES('annya_buddha_vandana_gantha_sanggaho_e0602n',10,120);
INSERT INTO paragraphs VALUES('annya_buddha_vandana_gantha_sanggaho_e0602n',11,120);
INSERT INTO paragraphs VALUES('annya_buddha_vandana_gantha_sanggaho_e0602n',12,121);
INSERT INTO paragraphs VALUES('annya_buddha_vandana_gantha_sanggaho_e0602n',1,121);
INSERT INTO paragraphs VALUES('annya_buddha_vandana_gantha_sanggaho_e0602n',2,179);
INSERT INTO paragraphs VALUES('annya_buddha_vandana_gantha_sanggaho_e0602n',3,179);
INSERT INTO paragraphs VALUES('annya_buddha_vandana_gantha_sanggaho_e0602n',4,180);
INSERT INTO paragraphs VALUES('annya_buddha_vandana_gantha_sanggaho_e0602n',5,180);
INSERT INTO paragraphs VALUES('annya_buddha_vandana_gantha_sanggaho_e0602n',6,180);
INSERT INTO paragraphs VALUES('annya_buddha_vandana_gantha_sanggaho_e0602n',7,181);
INSERT INTO paragraphs VALUES('annya_buddha_vandana_gantha_sanggaho_e0602n',8,181);
INSERT INTO paragraphs VALUES('annya_buddha_vandana_gantha_sanggaho_e0602n',9,181);
INSERT INTO paragraphs VALUES('annya_buddha_vandana_gantha_sanggaho_e0602n',10,182);
INSERT INTO paragraphs VALUES('annya_buddha_vandana_gantha_sanggaho_e0602n',11,182);
INSERT INTO paragraphs VALUES('annya_buddha_vandana_gantha_sanggaho_e0602n',12,182);
INSERT INTO paragraphs VALUES('annya_buddha_vandana_gantha_sanggaho_e0602n',13,183);
INSERT INTO paragraphs VALUES('annya_buddha_vandana_gantha_sanggaho_e0602n',14,183);
INSERT INTO paragraphs VALUES('annya_buddha_vandana_gantha_sanggaho_e0602n',15,184);
INSERT INTO paragraphs VALUES('annya_buddha_vandana_gantha_sanggaho_e0602n',16,184);
INSERT INTO paragraphs VALUES('annya_buddha_vandana_gantha_sanggaho_e0602n',17,185);
INSERT INTO paragraphs VALUES('annya_buddha_vandana_gantha_sanggaho_e0602n',18,186);
INSERT INTO paragraphs VALUES('annya_buddha_vandana_gantha_sanggaho_e0602n',19,186);
INSERT INTO paragraphs VALUES('annya_buddha_vandana_gantha_sanggaho_e0602n',20,187);
INSERT INTO paragraphs VALUES('annya_buddha_vandana_gantha_sanggaho_e0602n',21,187);
INSERT INTO paragraphs VALUES('annya_buddha_vandana_gantha_sanggaho_e0602n',22,187);
INSERT INTO paragraphs VALUES('annya_buddha_vandana_gantha_sanggaho_e0602n',23,188);
INSERT INTO paragraphs VALUES('annya_buddha_vandana_gantha_sanggaho_e0602n',24,189);
INSERT INTO paragraphs VALUES('annya_buddha_vandana_gantha_sanggaho_e0602n',25,189);
INSERT INTO paragraphs VALUES('annya_buddha_vandana_gantha_sanggaho_e0602n',26,190);
INSERT INTO paragraphs VALUES('annya_buddha_vandana_gantha_sanggaho_e0602n',27,190);
INSERT INTO paragraphs VALUES('annya_buddha_vandana_gantha_sanggaho_e0602n',28,191);
INSERT INTO paragraphs VALUES('annya_buddha_vandana_gantha_sanggaho_e0602n',29,191);
INSERT INTO paragraphs VALUES('annya_buddha_vandana_gantha_sanggaho_e0602n',30,192);
INSERT INTO paragraphs VALUES('annya_buddha_vandana_gantha_sanggaho_e0602n',31,193);
INSERT INTO paragraphs VALUES('annya_buddha_vandana_gantha_sanggaho_e0602n',32,193);
INSERT INTO paragraphs VALUES('annya_buddha_vandana_gantha_sanggaho_e0602n',33,194);
INSERT INTO paragraphs VALUES('annya_buddha_vandana_gantha_sanggaho_e0602n',34,194);
INSERT INTO paragraphs VALUES('annya_buddha_vandana_gantha_sanggaho_e0602n',35,195);
INSERT INTO paragraphs VALUES('annya_buddha_vandana_gantha_sanggaho_e0602n',36,196);
INSERT INTO paragraphs VALUES('annya_buddha_vandana_gantha_sanggaho_e0602n',37,196);
INSERT INTO paragraphs VALUES('annya_buddha_vandana_gantha_sanggaho_e0602n',38,197);
INSERT INTO paragraphs VALUES('annya_buddha_vandana_gantha_sanggaho_e0602n',39,198);
INSERT INTO paragraphs VALUES('annya_buddha_vandana_gantha_sanggaho_e0602n',40,198);
INSERT INTO paragraphs VALUES('annya_buddha_vandana_gantha_sanggaho_e0602n',41,199);
INSERT INTO paragraphs VALUES('annya_buddha_vandana_gantha_sanggaho_e0602n',42,200);
INSERT INTO paragraphs VALUES('annya_buddha_vandana_gantha_sanggaho_e0602n',43,200);
INSERT INTO paragraphs VALUES('annya_buddha_vandana_gantha_sanggaho_e0602n',44,201);
INSERT INTO paragraphs VALUES('annya_buddha_vandana_gantha_sanggaho_e0602n',45,201);
INSERT INTO paragraphs VALUES('annya_buddha_vandana_gantha_sanggaho_e0602n',46,202);
INSERT INTO paragraphs VALUES('annya_buddha_vandana_gantha_sanggaho_e0602n',47,202);
INSERT INTO paragraphs VALUES('annya_buddha_vandana_gantha_sanggaho_e0602n',48,203);
INSERT INTO paragraphs VALUES('annya_buddha_vandana_gantha_sanggaho_e0602n',49,203);
INSERT INTO paragraphs VALUES('annya_buddha_vandana_gantha_sanggaho_e0602n',50,204);
INSERT INTO paragraphs VALUES('annya_buddha_vandana_gantha_sanggaho_e0602n',51,205);
INSERT INTO paragraphs VALUES('annya_buddha_vandana_gantha_sanggaho_e0602n',52,205);
INSERT INTO paragraphs VALUES('annya_buddha_vandana_gantha_sanggaho_e0602n',53,206);
INSERT INTO paragraphs VALUES('annya_buddha_vandana_gantha_sanggaho_e0602n',54,206);
INSERT INTO paragraphs VALUES('annya_buddha_vandana_gantha_sanggaho_e0602n',55,207);
INSERT INTO paragraphs VALUES('annya_buddha_vandana_gantha_sanggaho_e0602n',56,208);
INSERT INTO paragraphs VALUES('annya_buddha_vandana_gantha_sanggaho_e0602n',57,208);
INSERT INTO paragraphs VALUES('annya_buddha_vandana_gantha_sanggaho_e0602n',58,209);
INSERT INTO paragraphs VALUES('annya_buddha_vandana_gantha_sanggaho_e0602n',59,210);
INSERT INTO paragraphs VALUES('annya_buddha_vandana_gantha_sanggaho_e0602n',60,211);
DELETE FROM pages where bookid='annya_buddha_vandana_gantha_sanggaho_e0602n';
INSERT INTO pages (bookid, page, content, paranum) VALUES('annya_buddha_vandana_gantha_sanggaho_e0602n',1,replace(replace('<p class="centered"> Namo tassa bhagavato arahato sammāsambuddhassa</p>\r\n<p class="chapter">Mahāpaṇāmapāṭha</p>\r\n<p class="title">(Buddhavandanā)</p>\r\n<p class="hangnum"><a name="para1"></a><span class="paranum">1</span>.</p>\r\n<p class="gatha1"> </p>','\r',char(13)),'\n',char(10)),'-1-');
INSERT INTO pages (bookid, page, content, paranum) VALUES('annya_buddha_vandana_gantha_sanggaho_e0602n',41,replace(replace('<p class="gatha1">So<a name="M0.0041"></a>, ko; Ne, saṃ;</p>\r\n<p class="hangnum"><a name="para2"></a><span class="paranum">2</span>.</p>\r\n<p class="gatha1"> Satthā, nesaṃ; Khemaṃ, dātā;</p>\r\n<p class="hangnum"><a name="para3"></a><span class="paranum">3</span>.</p>\r\n<p class="gatha1"> Heḷāta-kkāro so; Jantūnaṃ, no mā nu;</p>\r\n<p class="hangnum"><a name="para4"></a><span class="paranum">4</span>.</p>\r\n<p class="gatha1"> So lokandhaṃ, hantvā nakko;</p>\r\n<p class="gathalast">Sattambojaṃ, bodhetā nu.</p>\r\n<p class="hangnum"><a name="para5"></a><span class="paranum">5</span>.</p>\r\n<p class="gatha1"> Jinasūriyo, tibhavanabhe;</p>\r\n<p class="gathalast">Muhatimiraṃ, abhitapaye.</p>\r\n<p class="hangnum"><a name="para6"></a><span class="paranum">6</span>.</p>\r\n<p class="gatha1"> Jeno jinamūle, disvā janakāyaṃ;</p>\r\n<p class="gathalast">Saṃsāranimuggaṃ, sabbaññuta micchaṃ.</p>\r\n<p class="hangnum"><a name="para7"></a><span class="paranum">7</span>.</p>\r\n<p class="gatha1"> Hitvā karupetaṃ, mokkhaṃ paṇidhānaṃ;</p>\r\n<p class="gathalast">Vattesi dayāṇā, yo taṃ muni vande.</p>\r\n<p class="hangnum"><a name="para8"></a><span class="paranum">8</span>.</p>\r\n<p class="gatha1"> Sutāyubhariyā me, dhanaṅgamapi cajjaṃ.</p>\r\n<p class="gathalast">Cinaṃ budhinidāne, agā muniyaṃ metaṃ.</p>\r\n<p class="hangnum"><a name="para9"></a><span class="paranum">9</span>.</p>\r\n<p class="gatha1"> So sasajātiya dehaṃ, cajjiya dānavarañca;</p>\r\n<p class="gathalast">Nāgusabho varasīlaṃ, pūrayi samparicāgo.</p>\r\n<p class="hangnum"><a name="para10"></a><span class="paranum">10</span>.</p>\r\n<p class="gatha1"> Nekkhammaggaṃ rājā hutvā, senabbidvā paññāseṭṭhaṃ;</p>\r\n<p class="gathalast">Vedehindo vīrukkaṃsaṃ, khantīvādī khantīseṭṭhaṃ.</p>\r\n<p class="hangnum"><a name="para11"></a><span class="paranum">11</span>.</p>\r\n<p class="gatha1"> So sutasomo tathagaṃ, temiya dhiṭṭhānavaraṃ;</p>\r\n<p class="gathalast">Ekabhugo mettavaraṃ, lomahasopekkhataraṃ.</p>\r\n<p class="hangnum"><a name="para12"></a><span class="paranum">12</span>.</p>\r\n<p class="gatha1"> </p>','\r',char(13)),'\n',char(10)),'-2-3-4-5-6-7-8-9-10-11-12-');
INSERT INTO pages (bookid, page, content, paranum) VALUES('annya_buddha_vandana_gantha_sanggaho_e0602n',42,replace(replace('<p class="gatha1">Pāramī <a name="M0.0042"></a> tidukkarāva, pūriyāna seṭṭhabodhi;</p>\r\n<p class="gathalast">Pāpuṇittha yo ananta-dhammasāradaṃ namāmi.</p>\r\n<p class="hangnum"><a name="para13"></a><span class="paranum">13</span>.</p>\r\n<p class="gatha1"> Pahāya cakkavattikaṃ, karopanīta maddiyaṃ;</p>\r\n<p class="gathalast">Bhusidhare sasenakaṃ, ajeni pāpimaṃ name.</p>\r\n<p class="hangnum"><a name="para14"></a><span class="paranum">14</span>.</p>\r\n<p class="gatha1"> Athuttaraṃ jayākaraṃ, bahūpakārataṃ jino;</p>\r\n<p class="gathalast">Paṭicca nimmisakkhibhi, udikkhate namāmi taṃ.</p>\r\n<p class="hangnum"><a name="para15"></a><span class="paranum">15</span>.</p>\r\n<p class="gatha1"> Caṅkame maruvimati yo, chindayaṃ kami rataniye;</p>\r\n<p class="gathalast">Iddhipāṭihiraṇakaro, cakkhumaṃ tamabhipaṇame.</p>\r\n<p class="hangnum"><a name="para16"></a><span class="paranum">16</span>.</p>\r\n<p class="gatha1"> Atha ratanaghare buddho, chadidhiti janayaṃ saṅkhyaṃ;</p>\r\n<p class="gathalast">Sīmīsā tamabhidhammaṃ yo, suranaramahitaṃ vande.</p>\r\n<p class="hangnum"><a name="para17"></a><span class="paranum">17</span>.</p>\r\n<p class="gatha1"> Nigrodhantika nubbhavī sukhaṃ, dhammaṃ yo vicinaṃ nadhīvaro;</p>\r\n<p class="gathalast">Kicchāladdha manaññabodhiyaṃ, vande taṃ sugataṃ nigrocaraṃ.</p>\r\n<p class="hangnum"><a name="para18"></a><span class="paranum">18</span>.</p>\r\n<p class="gatha1"> Sabbhogehi tha mucalindena,</p>\r\n<p class="gatha2">Nāgindena rahasi pāvutto;</p>\r\n<p class="gatha3">Sokhyaṃ yo nubhavi vimuttiṃtaṃ,</p>\r\n<p class="gathalast">Vande mārāji atulappañño.</p>\r\n<p class="hangnum"><a name="para19"></a><span class="paranum">19</span>.</p>\r\n<p class="gatha1"> Kāruṇiko rājāyatane yo,</p>\r\n<p class="gatha2">Bhoja muḷāraṃ bhojjarasekaṃ;</p>\r\n<p class="gatha3">Vāsa makā nantagguṇadhāro,</p>\r\n<p class="gathalast">Ekagato vandāmi mahesī.</p>\r\n<p class="hangnum"><a name="para20"></a><span class="paranum">20</span>.</p>\r\n<p class="gatha1"> Keyyaṃ keyyaṃ abhijayaketuṃ,</p>\r\n<p class="gatha2">Jeyyaṃ jeyyaṃ varajayapānaṃ;</p>\r\n<p class="gatha3">Peyyaṃ peyyaṃ suvici name taṃ,</p>\r\n<p class="gathalast">Neyyaṃ neyyaṃ samatamupekkhiṃ.</p>\r\n<p class="hangnum"><a name="para21"></a><span class="paranum">21</span>.</p>\r\n<p class="gatha1"> Satta ca sattāhe vijitāvī,</p>\r\n<p class="gatha2">Khepiya nigrodhaṃ puna gantvā;</p>\r\n<p class="gatha3">Dhammasududdasyaṃ pati jāto,</p>\r\n<p class="gathalast">Dhammakathā pposukka vitakko.</p>\r\n<p class="hangnum"><a name="para22"></a><span class="paranum">22</span>.</p>\r\n<p class="gatha1"> </p>','\r',char(13)),'\n',char(10)),'-13-14-15-16-17-18-19-20-21-22-');
INSERT INTO pages (bookid, page, content, paranum) VALUES('annya_buddha_vandana_gantha_sanggaho_e0602n',43,replace(replace('<p class="gatha1">Marugaṇehi <a name="M0.0043"></a> brahmunā samaṃ,</p>\r\n<p class="gatha2">Ratanadāmameruṇā dadā;</p>\r\n<p class="gatha3">Samabhiyācito paṭissavaṃ,</p>\r\n<p class="gathalast">Dasabalo namāmi desituṃ.</p>\r\n<p class="hangnum"><a name="para23"></a><span class="paranum">23</span>.</p>\r\n<p class="gatha1"> Gantvā isippātakkānanañca,</p>\r\n<p class="gatha2">Satthā migaddāyaṃ desayittha;</p>\r\n<p class="gatha3">Saccappakāraṃ yo dhammacakka-</p>\r\n<p class="gathalast">Suttaṃ name chabbīdhaṃsu tāva.</p>\r\n<p class="hangnum"><a name="para24"></a><span class="paranum">24</span>.</p>\r\n<p class="gatha1"> Rañño magadhassa katappaṭiñño,</p>\r\n<p class="gatha2">Gantvānatha rājagahaṃ vineti;</p>\r\n<p class="gatha3">Satte malarogayute gadaggaṃ,</p>\r\n<p class="gathalast">Pāyetuna taṃ paṇame bhisakkaṃ.</p>\r\n<p class="hangnum"><a name="para25"></a><span class="paranum">25</span>.</p>\r\n<p class="gatha1"> Sakyādhivāse kapile saññatiṃ,</p>\r\n<p class="gatha2">Mānaddhajaṃ bhindiya middhivātā;</p>\r\n<p class="gatha3">Dhammāmataṃ pāyi pituppabhuti,</p>\r\n<p class="gathalast">Vandāmi sakyinda manomadassiṃ.</p>\r\n<p class="hangnum"><a name="para26"></a><span class="paranum">26</span>.</p>\r\n<p class="gatha1"> Anāthapiṇḍoti vhayena nanta-</p>\r\n<p class="gatha2">Ddhanaṃ cajitvā sukate vihāre;</p>\r\n<p class="gatha3">Vihāsi bhiyyo janatā hitatthaṃ,</p>\r\n<p class="gathalast">Sudhammabheriṃ vadayaṃ bhivande.</p>\r\n<p class="hangnum"><a name="para27"></a><span class="paranum">27</span>.</p>\r\n<p class="gatha1"> Upetapuññaṃ varalakkhaṇokaṃ-</p>\r\n<p class="gatha2">Ṇokaṃ visuddhaṃ jalitappadīmaṃ;</p>\r\n<p class="gatha3">Dīpaṃ pajānaṃ anighaṃ navajjaṃ-</p>\r\n<p class="gathalast">Navajjavācaṃ sugataṃ namāmi.</p>\r\n<p class="hangnum"><a name="para28"></a><span class="paranum">28</span>.</p>\r\n<p class="gatha1"> Munibhānu dhammapabhāhi jana-</p>\r\n<p class="gatha2">Mbuja muddhatandhatamo sutapo;</p>\r\n<p class="gatha3">Karuṇāruṇo samabodhayi yo,</p>\r\n<p class="gathalast">Bhavisītalattapano paṇame.</p>\r\n<p class="hangnum"><a name="para29"></a><span class="paranum">29</span>.</p>\r\n<p class="gatha1"> Indu viyambaramajjhatale yo,</p>\r\n<p class="gatha2">Rājati tāragaṇena munindo;</p>\r\n<p class="gatha3">Ariyagaṇapparito tibhave taṃ,</p>\r\n<p class="gathalast">Sādara muggatasobha mavandi.</p>\r\n<p class="hangnum"><a name="para30"></a><span class="paranum">30</span>.</p>\r\n<p class="gatha1"> </p>','\r',char(13)),'\n',char(10)),'-23-24-25-26-27-28-29-30-');
INSERT INTO pages (bookid, page, content, paranum) VALUES('annya_buddha_vandana_gantha_sanggaho_e0602n',44,replace(replace('<p class="gatha1">Mūlāmūlā <a name="M0.0044"></a> tiṃsatipāramiyo,</p>\r\n<p class="gatha2">Sākhāsākhā majjhimajjhānakāyā;</p>\r\n<p class="gatha3">Pattāpattā buddhacakkhuni yassa,</p>\r\n<p class="gathalast">Pupphāpupphā kāruṇā maggakhandho.</p>\r\n<p class="hangnum"><a name="para31"></a><span class="paranum">31</span>.</p>\r\n<p class="gatha1"> Sārāsārā yamakā pheggubhiññā,</p>\r\n<p class="gatha2">Sabbālambaṅkurakaṃ sīlavaṇṭaṃ;</p>\r\n<p class="gatha3">Sesādhammā madhupakkapphalāni,</p>\r\n<p class="gathalast">Raṃsīchallī sutacā lakkhaṇāni.</p>\r\n<p class="hangnum"><a name="para32"></a><span class="paranum">32</span>.</p>\r\n<p class="gatha1"> Chāyupagā suṃ puthunaradevā,</p>\r\n<p class="gatha2">Mārajidīpaṅkara mahijātaṃ;</p>\r\n<p class="gatha3">Patthatanantañca kusalabījaṃ,</p>\r\n<p class="gathalast">Ekaruhaṃ pādapamuni vande.</p>\r\n<p class="hangnum"><a name="para33"></a><span class="paranum">33</span>.</p>\r\n<p class="gatha1"> Māratitthiyaripuṃ tamañca yo,</p>\r\n<p class="gatha2">Dhaṃsayaṃ nagaradhamma māpayaṃ;</p>\r\n<p class="gatha3">Sīlanīvaraṇa dvārakoṭṭhakaṃ,</p>\r\n<p class="gathalast">Esikāparamasaddha muttamaṃ.</p>\r\n<p class="hangnum"><a name="para34"></a><span class="paranum">34</span>.</p>\r\n<p class="gatha1"> Dvārapālasuyataṃ satiṭālaṃ,</p>\r\n<p class="gatha2">Ñāṇacaccara sighāṭapadiddhiṃ;</p>\r\n<p class="gatha3">Dhammamaggakuṭisāla sahittaṃ,</p>\r\n<p class="gathalast">Dhammasenapatisārijabhūtaṃ.</p>\r\n<p class="hangnum"><a name="para35"></a><span class="paranum">35</span>.</p>\r\n<p class="gatha1"> Dutiyasutaparohitaṃ mahā-</p>\r\n<p class="gatha2">Dhutaguṇadharamaggha dassikaṃ;</p>\r\n<p class="gatha3">Vinayacinaka dhammarakkhakaṃ,</p>\r\n<p class="gathalast">Tibhavapatika dhammarājiyaṃ.</p>\r\n<p class="hangnum"><a name="para36"></a><span class="paranum">36</span>.</p>\r\n<p class="gatha1"> Sutaṃ sutaṃ sabbadhi sajjanaṃjanaṃ,</p>\r\n<p class="gatha2">Mitaṃ mitaṃ nantaguṇālayaṃ layaṃ;</p>\r\n<p class="gatha3">Hutaṃ hutaṃ jantunamānamaṃ namaṃ,</p>\r\n<p class="gathalast">Bhave bhave tebhavamaṅgalaṃ galaṃ.</p>\r\n<p class="hangnum"><a name="para37"></a><span class="paranum">37</span>.</p>\r\n<p class="gatha1"> Lokābhirāmaṃ ramaṇeyyaveduraṃ,</p>\r\n<p class="gatha2">Lokantaguṃ antubhayānupāgataṃ;</p>\r\n<p class="gatha3">Lokaddhajaṃ mānadhajappahārakaṃ,</p>\r\n<p class="gathalast">Lokaggaruṃ aggaru paccaye name.</p>\r\n<p class="hangnum"><a name="para38"></a><span class="paranum">38</span>.</p>\r\n<p class="gatha1"> </p>','\r',char(13)),'\n',char(10)),'-31-32-33-34-35-36-37-38-');
INSERT INTO pages (bookid, page, content, paranum) VALUES('annya_buddha_vandana_gantha_sanggaho_e0602n',45,replace(replace('<p class="gatha1">Makuṭaggaphalaṃ <a name="M0.0045"></a> nayanañcanikaṃ,</p>\r\n<p class="gatha2">Savanabbhusanaṃ vadanabbhusanaṃ;</p>\r\n<p class="gatha3">Galamaṇḍanamiddhi manaññurasaṃ,</p>\r\n<p class="gathalast">Kiriyaññudaraṃ dvikhaṇaññukaraṃ.</p>\r\n<p class="hangnum"><a name="para39"></a><span class="paranum">39</span>.</p>\r\n<p class="gatha1"> Kaṭivibhūsana majjhimaññaṇakaṃ,</p>\r\n<p class="gatha2">Dayavilepana dhāraṇamaṇḍanaṃ;</p>\r\n<p class="gatha3">Paṭakhilaññunivattha manuttaraṃ,</p>\r\n<p class="gathalast">Munimaruttama meka mahaṃ name.</p>\r\n<p class="hangnum"><a name="para40"></a><span class="paranum">40</span>.</p>\r\n<p class="gatha1"> Sativara sucakaṃ ibbhaggapaññaṃ,</p>\r\n<p class="gatha2">Suvīriyavasuvāhaṃ pītiselaṃ;</p>\r\n<p class="gatha3">Gahapatisamathaggaṃ thīpasaddhiṃ,</p>\r\n<p class="gathalast">Asaṇiyasunupekkhaṃ sattabhogaṃ.</p>\r\n<p class="hangnum"><a name="para41"></a><span class="paranum">41</span>.</p>\r\n<p class="gatha1"> Catudisikiddhippada masahāyaṃ,</p>\r\n<p class="gatha2">Suparivutaṃ khattiyavirajānaṃ;</p>\r\n<p class="gatha3">Suciparisaṃ devanara manāpaṃ,</p>\r\n<p class="gathalast">Dasabalacakkādhipati bhivande.</p>\r\n<p class="hangnum"><a name="para42"></a><span class="paranum">42</span>.</p>\r\n<p class="gatha1"> Samādhibbahiddhaṃ saticchaṭṭhaselaṃ,</p>\r\n<p class="gatha2">Virappañcamā jīvamajjhaṃ sukamma-</p>\r\n<p class="gatha3">Ttatiyaṃ suvācādutiyaṃ bhiseṭṭhaṃ,</p>\r\n<p class="gathalast">Samātakkapubbañca sattappavāraṃ.</p>\r\n<p class="hangnum"><a name="para43"></a><span class="paranum">43</span>.</p>\r\n<p class="gatha1"> Vividhañāṇapabhutibbasākaraṃ,</p>\r\n<p class="gatha2">Bahumahiddhika marūna māsayaṃ;</p>\r\n<p class="gatha3">Dhuṃvapabhājalitarāmaṇeyyakaṃ,</p>\r\n<p class="gathalast">Sugatanerunagarāja māname.</p>\r\n<p class="hangnum"><a name="para44"></a><span class="paranum">44</span>.</p>\r\n<p class="gatha1"> Sīlajjalaṃ ratanadhamma mākaraṃ,</p>\r\n<p class="gatha2">Bhiññāviciṃ satikulaṭṭhi gambhiraṃ;</p>\r\n<p class="gatha3">Vitthiṇṇañāṇa mariyodajāsayaṃ,</p>\r\n<p class="gathalast">Aṭṭhambīdhacchariyakaṃ asandanaṃ.</p>\r\n<p class="hangnum"><a name="para45"></a><span class="paranum">45</span>.</p>\r\n<p class="gatha1"> Bahunajjamosaraṇa mekarasaṃ,</p>\r\n<p class="gatha2">Durupaggamaṃ acitasambharinaṃ;</p>\r\n<p class="gatha3">Puthupotapuññavatameva name,</p>\r\n<p class="gathalast">Dvīpaduttamaṇṇava nadindavaraṃ.</p>\r\n<p class="hangnum"><a name="para46"></a><span class="paranum">46</span>.</p>\r\n<p class="gatha1"> </p>','\r',char(13)),'\n',char(10)),'-39-40-41-42-43-44-45-46-');
INSERT INTO pages (bookid, page, content, paranum) VALUES('annya_buddha_vandana_gantha_sanggaho_e0602n',46,replace(replace('<p class="gatha1">Abhiniharadhanuṃ <a name="M0.0046"></a> guṇapāramiṃ,</p>\r\n<p class="gatha2">Naḷamatimanabājarahammukhā;</p>\r\n<p class="gatha3">Dhitisamitasarena sudhārayaṃ,</p>\r\n<p class="gathalast">Malama gagaṇa mekapavedanā.</p>\r\n<p class="hangnum"><a name="para47"></a><span class="paranum">47</span>.</p>\r\n<p class="gatha1"> Yo pāvedhesiṃ aggamaggañca tūṇiṃ,</p>\r\n<p class="gatha2">Dhammālaṅkārabbamma mekabbalaṃ taṃ;</p>\r\n<p class="gatha3">Nettiṃsānantañāṇa gīrellimantaṃ,</p>\r\n<p class="gathalast">Sabbaññussāsaṃ iddhidaṇḍaṃ namāmi.</p>\r\n<p class="hangnum"><a name="para48"></a><span class="paranum">48</span>.</p>\r\n<p class="gatha1"> Varatapavuṭṭhi subījakasaddhā,</p>\r\n<p class="gatha2">Matiyuganaṅgala hīrutapīsā;</p>\r\n<p class="gatha3">Susamatharajju satidvijatuttaṃ,</p>\r\n<p class="gathalast">Vīriyadurāvaha saccanidānaṃ.</p>\r\n<p class="hangnum"><a name="para49"></a><span class="paranum">49</span>.</p>\r\n<p class="gatha1"> Vatisaṃvaraṃ soratamocanañcaṃ,</p>\r\n<p class="gatha2">Saraṇā nivattabbahanatthaṃ yassa;</p>\r\n<p class="gatha3">Amatapphalaṃ nekarasehupetaṃ,</p>\r\n<p class="gathalast">Sugataṃ mahākassaka mābhivande.</p>\r\n<p class="hangnum"><a name="para50"></a><span class="paranum">50</span>.</p>\r\n<p class="gatha1"> Devaggo tidasapure varāsane yo,</p>\r\n<p class="gatha2">Devānaṃ janikapabhutinaṃ bhidhammaṃ;</p>\r\n<p class="gatha3">Bālakkova laḷayamācale timāsaṃ,</p>\r\n<p class="gathalast">Desesyā paravisayaṃ name ajeyyo.</p>\r\n<p class="hangnum"><a name="para51"></a><span class="paranum">51</span>.</p>\r\n<p class="gatha1"> Mahāyaso vividhasubhappakāsakaṃ,</p>\r\n<p class="gatha2">Kurūsu yo amitaguṇo tamonudo;</p>\r\n<p class="gatha3">Parappavādahari subhānuyoginaṃ,</p>\r\n<p class="gathalast">Namāmi taṃ kathayi satippaṭhānakaṃ.</p>\r\n<p class="hangnum"><a name="para52"></a><span class="paranum">52</span>.</p>\r\n<p class="gatha1"> Samathakapaliko sasnehasammāsati,</p>\r\n<p class="gatha2">Paramamatiginī savaṭṭiparakkamo;</p>\r\n<p class="gatha3">Sakalajutikaro sudhammapadīpako,</p>\r\n<p class="gathalast">Ima mupajalito jinena namāmahaṃ.</p>\r\n<p class="hangnum"><a name="para53"></a><span class="paranum">53</span>.</p>\r\n<p class="gatha1"> Vigatagatamalaṃ malagatavigataṃ,</p>\r\n<p class="gatha2">Mahita hitamanaṃ manahitamahitaṃ;</p>\r\n<p class="gatha3">Vibhavabhavakaraṃ karabhavavibhavaṃ,</p>\r\n<p class="gathalast">Sujana janaguṇaṃ guṇajanasujanaṃ.</p>\r\n<p class="hangnum"><a name="para54"></a><span class="paranum">54</span>.</p>\r\n<p class="gatha1"> </p>','\r',char(13)),'\n',char(10)),'-47-48-49-50-51-52-53-54-');
INSERT INTO pages (bookid, page, content, paranum) VALUES('annya_buddha_vandana_gantha_sanggaho_e0602n',47,replace(replace('<p class="gatha1">Sīlaggadaṇḍavicitaṃ <a name="M0.0047"></a> susamādhipattaṃ,</p>\r\n<p class="gatha2">Sobhāsamujjala manantaga ñāṇasīkhaṃ;</p>\r\n<p class="gatha3">Saddhammaseṭṭharatanañca tilokaketuṃ,</p>\r\n<p class="gathalast">Vandāmi locanabhiseka susobhayuttaṃ.</p>\r\n<p class="hangnum"><a name="para55"></a><span class="paranum">55</span>.</p>\r\n<p class="gatha1"> Vinayanaya manayavinaya manamitaṃ,</p>\r\n<p class="gatha2">Vijayajaya majayavijaya matulitaṃ;</p>\r\n<p class="gatha3">Vibhajabhaja mabhajavibhaja mananakaṃ,</p>\r\n<p class="gathalast">Visamasama masamavisama mabhiname.</p>\r\n<p class="hangnum"><a name="para56"></a><span class="paranum">56</span>.</p>\r\n<p class="gatha1"> Paramarama maramaparama matiguṇaṃ,</p>\r\n<p class="gatha2">Pagahagati magatipagata mamamakaṃ;</p>\r\n<p class="gatha3">Pacayacaya macayapapaya manaṇakaṃ,</p>\r\n<p class="gathalast">Pakatakata makatapakata macalakaṃ.</p>\r\n<p class="hangnum"><a name="para57"></a><span class="paranum">57</span>.</p>\r\n<p class="gatha1"> Ujuka mayanamagge mokkhadesaṃ niyāsi,</p>\r\n<p class="gatha2">Vararathakujarena cammacakkena satthā;</p>\r\n<p class="gatha3">Hiritapadukapālambena dhammassutena,</p>\r\n<p class="gathalast">Satinivarayutena ppāṭihiraddhajena.</p>\r\n<p class="hangnum"><a name="para58"></a><span class="paranum">58</span>.</p>\r\n<p class="gatha1"> Avihananakkhinā suyama nemupakkharā,</p>\r\n<p class="gatha2">Udariyamabbhinā paripuraṅgasaccinā;</p>\r\n<p class="gatha3">Kusalavibhūsinā nimadakupparena yo,</p>\r\n<p class="gathalast">Akharanatesinā gupitasilanandanā.</p>\r\n<p class="hangnum"><a name="para59"></a><span class="paranum">59</span>.</p>\r\n<p class="gatha1"> Anusanughātinā matipurejavena kāla-</p>\r\n<p class="gatha2">Ññutamatisārike na ca visāradatthidaṇḍā;</p>\r\n<p class="gatha3">Satituda dhītirasmi manadammasindhavena,</p>\r\n<p class="gathalast">Vinayagaṇe namāmi ta matulyasatthavāhaṃ.</p>\r\n<p class="hangnum"><a name="para60"></a><span class="paranum">60</span>.</p>\r\n<p class="gatha1"> Yamakkaggijālaṃ paravisaya maccherasahitaṃ,</p>\r\n<p class="gatha2">Dudiṭṭhandhubbāhaṃ yugagahaṇatitthīna makarī;</p>\r\n<p class="gatha3">Bahūnaṃ majjhe yo ratanakamane pāṭihariyaṃ,</p>\r\n<p class="gathalast">Jayakketussāpi ta mabhinami kaṇṭambasamipe.</p>\r\n<p class="hangnum"><a name="para61"></a><span class="paranum">61</span>.</p>\r\n<p class="gatha1"> Nakhajutirajaṃ cakkaṅgopeta pādavarambujaṃ,</p>\r\n<p class="gatha2">Subhasirimato raṃsijālaṅgulidasasaṃsubhiṃ;</p>\r\n<p class="gatha3">Pavarasirasā devādevā sadā na pilandhayuṃ,</p>\r\n<p class="gathalast">Ta mativa manorammaṃ tittīkarā nami yassa ke.</p>\r\n<p class="hangnum"><a name="para62"></a><span class="paranum">62</span>.</p>\r\n<p class="gatha1"> </p>','\r',char(13)),'\n',char(10)),'-55-56-57-58-59-60-61-62-');
INSERT INTO pages (bookid, page, content, paranum) VALUES('annya_buddha_vandana_gantha_sanggaho_e0602n',48,replace(replace('<p class="gatha1">Buddhopyeko <a name="M0.0048"></a> nidhanaguṇino vaṇṇaye yāvajīvaṃ,</p>\r\n<p class="gatha2">Kāmaṃ aññaṃ kathamabhaṇa māsuṃ khiyethā yukappo;</p>\r\n<p class="gatha3">Na tvevā yaṃ khaya mupavajje yassa vaṇṇo ananto,</p>\r\n<p class="gathalast">Taṃ sabbaññuṃ sakalarirī nekanāthaṃ namāmi.</p>\r\n<p class="hangnum"><a name="para63"></a><span class="paranum">63</span>.</p>\r\n<p class="gatha1"> Pādidīpādaṃ dvinayanadijaṃ dhammakāyaṃ dhisoṇḍaṃ,</p>\r\n<p class="gatha2">Bhāṇīsoṇḍaggaṃ saraṇasirasiṃ maggāvālaṃ subhaṅgaṃ;</p>\r\n<p class="gatha3">Sīlālaṅkāraṃ vimalibhavu taṃ sattatiṭṭhidhidabbaṃ,</p>\r\n<p class="gathalast">Nāthebhindaggaṃ phalakariṇukaṃ mokkhabhojaṃ namāmi.</p>\r\n<p class="hangnum"><a name="para64"></a><span class="paranum">64</span>.</p>\r\n<p class="gatha1"> Malāloḷullolaṃ atibhayajanaṃ duggasaṃsārasinduṃ,</p>\r\n<p class="gatha2">Phiyabbhāniggāho sivataṭamukho nāvi kajjeṭṭhanātho;</p>\r\n<p class="gatha3">Padappārakkāmaṃ bahujanagaṇaṃ ekamaggattaramhi,</p>\r\n<p class="gathalast">Samāropetvā mattari ta matulasādarañcā bhivande.</p>\r\n<p class="hangnum"><a name="para65"></a><span class="paranum">65</span>.</p>\r\n<p class="gatha1"> Byāmaṃsugghanadhāra makkuḷusatabbhāṇujjalantattanaṃ,</p>\r\n<p class="gatha2">Ukkaṃsajjuti ketumālavicitaṃ saddhammajotindharaṃ;</p>\r\n<p class="gatha3">Bundinniggatapajjalanta didhitiṃ ajjatthanā yāva ca,</p>\r\n<p class="gathalast">Vandetaṃ muni sakyapuṅgava mahaṃ puṇṇinduvattampi ca.</p>\r\n<p class="hangnum"><a name="para66"></a><span class="paranum">66</span>.</p>\r\n<p class="gatha1"> Sattamaṃtamaṃ vināsakaṃsakaṃ dadaṃ vineyyakānameva,</p>\r\n<p class="gatha2">Bhāvanaṃvanaṃ dhulīkaraṃ karaṃ tidukkaraṃ pajābhibhuñja;</p>\r\n<p class="gatha3">Gāravaṃravaṃ manoharaṃharaṃ narānarānayaṃ namāmi,</p>\r\n<p class="gathalast">Sādaraṃdaraṃ vinodakaṃdakaṃ pavassakaṃ pajānamiva.</p>\r\n<p class="hangnum"><a name="para67"></a><span class="paranum">67</span>.</p>\r\n<p class="gatha1"> Buddho nigrodhabimbo mudukaracaraṇo brahmaghoseṇijaṅgho,</p>\r\n<p class="gatha2">Kosacchādaṅgajāto punarapi sugato suppatiṭṭhitapādo;</p>\r\n<p class="gatha3">Mudodātuṇṇalomo athamapi sugato brahmujuggattabhāvo,</p>\r\n<p class="gathalast">Nīlakkhī dīghapaṇhī sukhumamalachavī thomyarassaggasaggī.</p>\r\n<p class="hangnum"><a name="para68"></a><span class="paranum">68</span>.</p>\r\n<p class="gatha1"> Cattālīsaggadanto samakalapanajo antaraṃsappapīṇo,</p>\r\n<p class="gatha2">Cakkenaṅkītapādo aviraḷadasano mārajussaṅkhapādo;</p>\r\n<p class="gatha3">Tiṭṭhantonomento bhayakaramudunā jaṇṇukānā masanto,</p>\r\n<p class="gathalast">Vaṭṭakkhandho jino gotaruṇapakhumako sīhapubbaḍḍhukāyo.</p>\r\n<p class="hangnum"><a name="para69"></a><span class="paranum">69</span>.</p>\r\n<p class="gatha1"> Sattappīṇo ca dīghaṅgulaṃ matha sugato lomakūpekalomo,</p>\r\n<p class="gatha2">Sampannodātadāṭho kanakasamataco nīlamuddhaggalomo;</p>\r\n<p class="gatha3">Sambuddho thūlajivho atha sīhahanuko jālikappādahattho,</p>\r\n<p class="gathalast">Nātho uṇhīsasīso iti guṇasahitaṃ taṃ mahesiṃ namāmi.</p>\r\n<p class="hangnum"><a name="para70"></a><span class="paranum">70</span>.</p>\r\n<p class="gatha1"> </p>','\r',char(13)),'\n',char(10)),'-63-64-65-66-67-68-69-70-');
INSERT INTO pages (bookid, page, content, paranum) VALUES('annya_buddha_vandana_gantha_sanggaho_e0602n',49,replace(replace('<p class="gatha1">Vaṭṭacitānupubbakasubhaṅgulī <a name="M0.0049"></a> ruhiramaṭṭhatuṅganakhako,</p>\r\n<p class="gatha2">Nigguḷagopphako samapado sīhosabhibha haṃsasannibhakamo;</p>\r\n<p class="gatha3">Dakkhiṇatāvatakkami samantamaṇḍala nigaṇṭhi jāṇusubhako,</p>\r\n<p class="gathalast">Byañjanapuṇṇaposatanu nābhigambhīra achiddadakkhiṇavaṭo.</p>\r\n<p class="hangnum"><a name="para71"></a><span class="paranum">71</span>.</p>\r\n<p class="gatha1"> Dviradakarappakāsurubhujo suvibbhajanupubbamaṭṭhaanunā-</p>\r\n<p class="gatha2">Nunaalinānupubbarucira ttilādirahitabbisuddhatanuko;</p>\r\n<p class="gatha3">Dasasatakoṭi hatthibaladhāraṇo kanakatuṅganāsikasubho,</p>\r\n<p class="gathalast">Suruhiradantamaṃsatha sucisiniddhadasano tha lokasaraṇo.</p>\r\n<p class="hangnum"><a name="para72"></a><span class="paranum">72</span>.</p>\r\n<p class="gatha1"> Suddhapasādindri ca vaṭṭataradāṭho ruhiroṭṭha ca suranaranātho,</p>\r\n<p class="gatha2">Āyatasobhabbadano tha muni gambhīrujukāyatasuruciralekho;</p>\r\n<p class="gatha3">Byāmapabhāmaṇḍalabundi supuraggaṇṇi ca āyatavisaṭasubhakkhī,</p>\r\n<p class="gathalast">Pañcapasādakkhi ca kuñcikasubhaggapakhumo mudutanuruṇajivho.</p>\r\n<p class="hangnum"><a name="para73"></a><span class="paranum">73</span>.</p>\r\n<p class="gatha1"> Sommasiniddha tyujjalakomala varuṇavimalatanu ca amitaguṇo,</p>\r\n<p class="gatha2">Komala dakkhiṇāvaṭa añjanabhidasarisanilaka mudutanuruho;</p>\r\n<p class="gatha3">Dakkhiṇavaṭṭakomala saṇusamasunila alulita siraruhi jino,</p>\r\n<p class="gathalast">Sobhaṇasaṇṭhāno tha siniddhasiraruhi ca supacitasatakusala jo.</p>\r\n<p class="hangnum"><a name="para74"></a><span class="paranum">74</span>.</p>\r\n<p class="gatha1"> Nigguḷonigganticchattassarisaatisubhagasira cāyatāruci kaṇṇako,</p>\r\n<p class="gatha2">Sosaṇṭhānassaṇhāhārānukamapahutabhamutha suāyatabbhamuko ca so;</p>\r\n<p class="gatha3">Suggandhaggatto muddhicātha vadani ca puthulakanalāṭa āyatasobhaṇo,</p>\r\n<p class="gathalast">Assāsappassāsātissaṇu dharamasamasama nami ketumālavicittakaṃ.</p>\r\n<p class="hangnum"><a name="para75"></a><span class="paranum">75</span>.</p>\r\n<p class="gatha1"> Buddhuppādo kimaṅgaṃ atidulabhataraṃ ghosamattampi loke,</p>\r\n<p class="gatha2">Tasmā nānappakāraṃ saparahitasukhaṃ viddhasū patthayantā;</p>\r\n<p class="gatha3">Yātiṭṭhatthāva haṃ taṃ suranarasaraṇaṃ antarāyappahānaṃ,</p>\r\n<p class="gathalast">Puññakkhettekabhūtaṃ sugatamavirataṃ sādhu vandantu santo.</p>\r\n<p class="hangnum"><a name="para76"></a><span class="paranum">76</span>.</p>\r\n<p class="gatha1"> Khettavaraṅgatatthutipure javapaṇama tejasā idha bhave,</p>\r\n<p class="gatha2">Rogabhayādyupaddavahato anunasukha bhogapuññamatiko;</p>\r\n<p class="gatha3">Devamanussabhogapavaraṃ paratthanubhāvañca antimabhave,</p>\r\n<p class="gathalast">Aññataro tibodhipavare bhavissati yathāsayaṃ katanato.</p>\r\n<p class="hangnum"><a name="para77"></a><span class="paranum">77</span>.</p>\r\n<p class="gatha1"> </p>','\r',char(13)),'\n',char(10)),'-71-72-73-74-75-76-77-');
INSERT INTO pages (bookid, page, content, paranum) VALUES('annya_buddha_vandana_gantha_sanggaho_e0602n',50,replace(replace('<p class="gatha1">Puññenānena <a name="M0.0050"></a> sohaṃ nipuṇajavamati pemavāco sakhīlo,</p>\r\n<p class="gatha2">Saddho kalyāṇamittotisaraṇagamano sīlavā cāgayogo;</p>\r\n<p class="gatha3">Hirottappī sudakkho avitasucarito dhitimā saccabhāṇī,</p>\r\n<p class="gathalast">Bāhussacci vibhāgi saparahitakaro vaggurāvo bhirupo.</p>\r\n<p class="hangnum"><a name="para78"></a><span class="paranum">78</span>.</p>\r\n<p class="gatha1"> Dīghajjīvi nirogo sucikulapassuto dhammaratto viratto,</p>\r\n<p class="gatha2">Niccāpalyo kataññu atimudujumano sādhubhāvādiviññū;</p>\r\n<p class="gatha3">Dhammājīvo bhaveyyaṃ bahukusalarato appakodho aluddho,</p>\r\n<p class="gathalast">Evañcaññaṃ kareyyaṃ paṇidhi carimake mokkhanibbānabhāgī.</p>\r\n<p class="hangnum"><a name="para79"></a><span class="paranum">79</span>.</p>\r\n<p class="gatha1"> (1) Mahākathaṃ buddhaghoso, tanumeva karaṃapi;</p>\r\n<p class="gathalast">Cajaṃ heyyā diyā deyyaṃ, akarittha yathā tathā.</p>\r\n<p class="hangnum"><a name="para80"></a><span class="paranum">80</span>.</p>\r\n<p class="gatha1"> (2) Mahāpaṇāmaporāṇaṃ, kiñci eva punappunaṃ;</p>\r\n<p class="gathalast">Kāmokkamaṃ dudhārañca, cajaṃ deyyā diyaññattha.</p>\r\n<p class="hangnum"><a name="para81"></a><span class="paranum">81</span>.</p>\r\n<p class="gatha1"> (3) Sutajjaya anubhava-ṭṭhapanatthena lañchinā;</p>\r\n<p class="gathalast">Sutena garunānena, katoyaṃ paṇāmo navo.</p>\r\n<p class="hangnum"><a name="para82"></a><span class="paranum">82</span>.</p>\r\n<p class="gatha1"> (4) Ekakkharāya gāthāyo, yāva chabbisatakkharā;</p>\r\n<p class="gathalast">Jātiya pajjasattatyā, saṅkhato caturādhikā.</p>\r\n<p class="hangnum"><a name="para83"></a><span class="paranum">83</span>.</p>\r\n<p class="gatha1"> (5) Aṭṭhādhikā sahevuyyo- janādīhi midaṃ nataṃ;</p>\r\n<p class="gathalast">Yathāvuttatthakā kāmā, ye niccaṃ dhārayantu te.</p>\r\n<p class="hangnum"><a name="para84"></a><span class="paranum">84</span>.</p>\r\n<p class="gatha1"> Rājātirājātimanoharo yo,</p>\r\n<p class="gatha2">Devātidevātiguṇoghadhārī;</p>\r\n<p class="gatha3">Brahmātibrahmātibhavantagū taṃ,</p>\r\n<p class="gathalast">Saṅghātisaṅghātivirāva vande.</p>\r\n<p class="hangnum"><a name="para85"></a><span class="paranum">85</span>.</p>\r\n<p class="gatha1"> Anaṅganaṅgaṃ naradevadevaṃ,</p>\r\n<p class="gatha2">Aniñjaniñjaṃ bhayatāṇatāṇaṃ;</p>\r\n<p class="gatha3">Anaṇḍanaṇḍañca anāthanāthaṃ,</p>\r\n<p class="gathalast">Khayantayantaṃ paṇamāmi māmi.</p>\r\n<p class="hangnum"><a name="para86"></a><span class="paranum">86</span>.</p>\r\n<p class="gatha1"> Tambasiniddhatuṅganakhako nuṃvaṭṭasucituraṅguli ca muniso,</p>\r\n<p class="gatha2">Sīhusabhobhahaṃsasamago nigūḷasama gopphakāyatamukho;</p>\r\n<p class="gatha3">Komaladakkhāṇāvaṭatanuruho sucimalujjalābhasariro,</p>\r\n<p class="gathalast">Pañcapasādayuttanayano sugandhamukhatuṅganāsikayuto.</p>\r\n<p class="hangnum"><a name="para87"></a><span class="paranum">87</span>.</p>\r\n<p class="gatha1"> </p>','\r',char(13)),'\n',char(10)),'-78-79-80-81-82-83-84-85-86-87-');
INSERT INTO pages (bookid, page, content, paranum) VALUES('annya_buddha_vandana_gantha_sanggaho_e0602n',51,replace(replace('<p class="gatha1">Koṭisahassanāgabaliko <a name="M0.0051"></a> surattamadharo suvaṭṭadasano,</p>\r\n<p class="gatha2">Āyatasaṇulomabhamūko muduttanukaratta jivhasahito;</p>\r\n<p class="gatha3">Chattasamānasobhaṇasiro sukesavara ketumālavicito,</p>\r\n<p class="gathalast">Iccanubyañjanebhi sahitaṃ munindapavaraṃ namāmi sirasā.</p>\r\n<p class="hangnum"><a name="para88"></a><span class="paranum">88</span>.</p>\r\n<p class="gatha1"> Sakalamalehi so muni sudūratāya ca malāriniṃ hatatayā,</p>\r\n<p class="gatha2">Tibhavarathe samānitamanārakāni ca namālayo naravaro;</p>\r\n<p class="gatha3">Malakaraṇe rahāraha manantañeyya mabhijānanā muni tathā,</p>\r\n<p class="gathalast">Caraṇayuto tivijji ca suvācatā sugamanā janesu sugato.</p>\r\n<p class="hangnum"><a name="para89"></a><span class="paranum">89</span>.</p>\r\n<p class="gatha1"> Lokavidū so nitalokatayatā sākalato asamanaradamā so,</p>\r\n<p class="gatha2">Sārathi jino anusāsanakaro satthavaho dupathataraṇasattā;</p>\r\n<p class="gatha3">Bujjhati sāmaṃ catusaccamakhilaṃ bodhayi jantugaṇamiti ca buddho,</p>\r\n<p class="gathalast">Bhākaraābhāphuṭapaṅkajasamo maggiyañāṇaphuvikasito ca.</p>\r\n<p class="hangnum"><a name="para90"></a><span class="paranum">90</span>.</p>\r\n<p class="gatha1"> Bhaggakileso so bhagavā tibhava vamita gamana sujana bhajanato,</p>\r\n<p class="gatha2">So bhaji saddhamme pavibhatta sarasa chabhagayuta garukaraṇiyato;</p>\r\n<p class="gatha3">Sattanikāye kenapitulyaguṇamapamita sirighaṃnajutisusubhaṃ,</p>\r\n<p class="gathalast">Devanarānaṃ ekapatiṭṭha mavitathutiyasa masaki mabhaṃname.</p>\r\n<p class="hangnum"><a name="para91"></a><span class="paranum">91</span>.</p>\r\n<p class="gatha1"> Buddhuppādo kimmaṅgaṃ bho atidulabhataramidha bhave sughosa mapāparo,</p>\r\n<p class="gatha2">Tasmā patthentā sabbaññuṃ vividhahitasukha manadhikaṃ namantu ca sādhavo;</p>\r\n<p class="gatha3">Puññenānenete diṭṭhe bhayaaghaṃpīḷanaṭṭha virahitā parattha cubho subhe,</p>\r\n<p class="gathalast">Bhutvānante ve hessante avikalasukhasirimatikā anuttara bhāgino.</p>\r\n<p class="hangnum"><a name="para92"></a><span class="paranum">92</span>.</p>\r\n<p class="gatha1"> So cakkopetapādo mudubhujacaraṇo suppatiṭṭhitapādo,</p>\r\n<p class="gatha2">Eṇījaṅgho ca buddho kanakanibhataco āyatapaṇhi nātho;</p>\r\n<p class="gatha3">Kosonaddhaṅgajāto atisudhumachavī jālikappānaheṭṭhā,</p>\r\n<p class="gathalast">Ussaṅkhapādayutto abhinilanayano āyataṅguliyogo.</p>\r\n<p class="hangnum"><a name="para93"></a><span class="paranum">93</span>.</p>\r\n<p class="gatha1"> </p>','\r',char(13)),'\n',char(10)),'-88-89-90-91-92-93-');
INSERT INTO pages (bookid, page, content, paranum) VALUES('annya_buddha_vandana_gantha_sanggaho_e0602n',52,replace(replace('<p class="gatha1">Ṭhito <a name="M0.0052"></a> kho no namanto kirubhayaputhunājāṇuyo āmasanto,</p>\r\n<p class="gatha2">Lomakūpekekalomo samataladasano añjanuddhaggalomo;</p>\r\n<p class="gatha3">Brahmaddehujjugatto aviraḷamukhato sattakaṅgussado so,</p>\r\n<p class="gathalast">Nigrodhappāribimbo migapatihanuko sīhapubbaḍḍhakāyo.</p>\r\n<p class="hangnum"><a name="para94"></a><span class="paranum">94</span>.</p>\r\n<p class="gatha1"> Puṇṇattālīsadanto supahutarasano sobhaṇodātadāṭho,</p>\r\n<p class="gatha2">Saṇhodātuṇṇalomo samavaṭalagalo antaraṃsapiṇo so;</p>\r\n<p class="gatha3">Brahmagghoso munindo punapi gupakhumo uṇhisasamphullasīso,</p>\r\n<p class="gathalast">Bāttiṃsaṅgopasobhaṃ mudurasahaṇī lokajeṭṭhaṃ name taṃ.</p>\r\n<p class="centered">Mahāpaṇāma niṭṭhitā.</p>\r\n<p class="chapter">Tigumbacetiya thomanā</p>\r\n<p class="centered">Namo tassa bhagavato arahato sammāsambuddhassa</p>\r\n<p class="hangnum"><a name="para1"></a><span class="paranum">1</span>.</p>\r\n<p class="gatha1"> </p>','\r',char(13)),'\n',char(10)),'-94-1-');
INSERT INTO pages (bookid, page, content, paranum) VALUES('annya_buddha_vandana_gantha_sanggaho_e0602n',118,replace(replace('<p class="gatha1">Yo <a name="M0.0118"></a> dīpaṅkaramūlamhi, padaṃ hattagataṃ caji;</p>\r\n<p class="gathalast">Sammāsambodhi mākaṅkhaṃ, vande tassa siroruhaṃ.</p>\r\n<p class="bodytext">(Pathyāvattagāthā).</p>\r\n<p class="hangnum"><a name="para2"></a><span class="paranum">2</span>.</p>\r\n<p class="gatha1"> Pūretvā bodhisambhāra-mahesaṃ yo anuttaraṃ;</p>\r\n<p class="gathalast">Alattha buddhattaṃ tassa, kesadhātuvaraṃ name.</p>\r\n<p class="bodytext">(Pathyāvattagāthā).</p>\r\n<p class="hangnum"><a name="para3"></a><span class="paranum">3</span>.</p>\r\n<p class="gatha1"> Laddhā buddhattaṃ chaṭhāna-matikkamma pavedayi;</p>\r\n<p class="gathalast">Vimuttiṃ rājāyatane, tassa kesavaraṃ name.</p>\r\n<p class="bodytext">(Rakāra bhakāravipulā pathyāvattagāthā).</p>\r\n<p class="hangnum"><a name="para4"></a><span class="paranum">4</span>.</p>\r\n<p class="gatha1"> Tattha sakkadattiyampi, nāgalataṃ harītakaṃ;</p>\r\n<p class="gathalast">Anotattodakaṃ bhuñji, vande tassa siroruhaṃ.</p>\r\n<p class="bodytext">(Rakāravipulā pathyāvattagāthā).</p>\r\n<p class="hangnum"><a name="para5"></a><span class="paranum">5</span>.</p>\r\n<p class="gatha1"> </p>','\r',char(13)),'\n',char(10)),'-2-3-4-5-');
INSERT INTO pages (bookid, page, content, paranum) VALUES('annya_buddha_vandana_gantha_sanggaho_e0602n',119,replace(replace('<p class="gatha1">Tadā <a name="M0.0119"></a> muggaselapattaṃ, mahārājūhi dinnakaṃ;</p>\r\n<p class="gathalast">Tathāgato paṭiggaṇhi, vandāmi tassa sīsajaṃ.</p>\r\n<p class="bodytext">(Rakāravipulā pathyāvattagāthā).</p>\r\n<p class="hangnum"><a name="para6"></a><span class="paranum">6</span>.</p>\r\n<p class="gatha1"> Tadā dvinnaṃ dvebhātika-janehi madhupiṇḍikaṃ;</p>\r\n<p class="gathalast">Paribhuñjesi manthampi, tassa sīsasiriṃ name.</p>\r\n<p class="bodytext">(Takāravipulā pathyāvattagāthā).</p>\r\n<p class="hangnum"><a name="para7"></a><span class="paranum">7</span>.</p>\r\n<p class="gatha1"> Yo tapussabhallikānaṃ, tadā dvisaraṇaṃ adā;</p>\r\n<p class="gathalast">Lokamhi sabbapaṭhamaṃ, tassa sīrivahaṃ name.</p>\r\n<p class="bodytext">(Rakāra nakāra vipulāpathyāvattagāthā).</p>\r\n<p class="hangnum"><a name="para8"></a><span class="paranum">8</span>.</p>\r\n<p class="gatha1"> </p>','\r',char(13)),'\n',char(10)),'-6-7-8-');
INSERT INTO pages (bookid, page, content, paranum) VALUES('annya_buddha_vandana_gantha_sanggaho_e0602n',120,replace(replace('<p class="gatha1">Tadā <a name="M0.0120"></a> tatthupaṭṭhakānaṃ, tesaṃ kese adā aṭha;</p>\r\n<p class="gathalast">Lokahita mapekkhanto, nātho yo tassa te name.</p>\r\n<p class="bodytext">(Rakāravipulā pathyāvattagāthā).</p>\r\n<p class="hangnum"><a name="para9"></a><span class="paranum">9</span>.</p>\r\n<p class="gatha1"> Tepi taṃ āhāritvāna, pokkharabbatiyaṃ karuṃ;</p>\r\n<p class="gathalast">Sajīvakesa cetiyaṃ, nametaṃ sabbapubbakaṃ.</p>\r\n<p class="bodytext">(Makāravipulā pathyāvattagāthā).</p>\r\n<p class="hangnum"><a name="para10"></a><span class="paranum">10</span>.</p>\r\n<p class="gatha1"> Uposathuposathamhi, muñcantaṃ nīlarasmiyo;</p>\r\n<p class="gathalast">Bhagavāva lokaatthaṃ, karontaṃ taṃ sadā name.</p>\r\n<p class="bodytext">(Rakāravipulā pathyāvattagāthā).</p>\r\n<p class="hangnum"><a name="para11"></a><span class="paranum">11</span>.</p>\r\n<p class="gatha1"> </p>','\r',char(13)),'\n',char(10)),'-9-10-11-');
INSERT INTO pages (bookid, page, content, paranum) VALUES('annya_buddha_vandana_gantha_sanggaho_e0602n',121,replace(replace('<p class="gatha1">Cūḷāmaṇidussacetyaṃ<a name="M0.0121"></a>, kālamhi bodhisattake;</p>\r\n<p class="gathalast">Buddhakāle idaṃ sabba-paṭhamaṃ taṃ namāmahaṃ.</p>\r\n<p class="bodytext">(Rakāravipulā pathyāvattagāthā).</p>\r\n<p class="hangnum"><a name="para12"></a><span class="paranum">12</span>.</p>\r\n<p class="gatha1"> Namāmahaṃ vandāmahaṃ, pūjemahaṃ siroruhaṃ;</p>\r\n<p class="gathalast">Puññamidaṃ bhavatu me, paccayo āsavakkhaye.</p>\r\n<p class="bodytext">(Takāra nakāravipulā pathyāvattagāthā).</p>\r\n<p class="centered">Tigumbacetiyathomanā niṭṭhitā.</p>\r\n<p class="chapter">Vāsamālinīkya</p>\r\n<p class="centered">Namo tassa bhagavato arahato sammāsambuddhassa</p>\r\n<p class="hangnum"><a name="para1"></a><span class="paranum">1</span>.</p>\r\n<p class="gatha1"> </p>','\r',char(13)),'\n',char(10)),'-12-1-');
INSERT INTO pages (bookid, page, content, paranum) VALUES('annya_buddha_vandana_gantha_sanggaho_e0602n',179,replace(replace('<p class="gatha1">Vuḍḍhopi <a name="M0.0179"></a> jinānaṃ, buddhosi vijānaṃ;</p>\r\n<p class="gathalast">Pubboditi māhaṃ, kubbomi vimānaṃ.</p>\r\n<p class="bodytext">(Tanumajjhāgāthā)</p>\r\n<p class="hangnum"><a name="para2"></a><span class="paranum">2</span>.</p>\r\n<p class="gatha1"> Mahāsamatakūlaṃ, narāpavarapūjaṃ;</p>\r\n<p class="gathalast">Jahā abhayapūraṃ, namā kanakarūpaṃ.</p>\r\n<p class="bodytext">(Kumāralalitāgāthā)</p>\r\n<p class="hangnum"><a name="para3"></a><span class="paranum">3</span>.</p>\r\n<p class="gatha1"> </p>','\r',char(13)),'\n',char(10)),'-2-3-');
INSERT INTO pages (bookid, page, content, paranum) VALUES('annya_buddha_vandana_gantha_sanggaho_e0602n',180,replace(replace('<p class="gatha1">Narāsabhasubuddhaṃ<a name="M0.0180"></a>, pajāmatanuruttaṃ;</p>\r\n<p class="gathalast">Dayākaramuduttaṃ, namāma ha usukkaṃ.</p>\r\n<p class="bodytext">(Kumāralalitāgāthā)</p>\r\n<p class="hangnum"><a name="para4"></a><span class="paranum">4</span>.</p>\r\n<p class="gatha1"> Hitaṃ vahasusīlo, pamodati sukhatte;</p>\r\n<p class="gathalast">Name tamapabuddhaṃ, jinaṃ gatasukhantaṃ.</p>\r\n<p class="bodytext">(Kumāralalitāgāthā)</p>\r\n<p class="hangnum"><a name="para5"></a><span class="paranum">5</span>.</p>\r\n<p class="gatha1"> Bandhu ca santakileso, yo pitavaṇṇapabhāso;</p>\r\n<p class="gathalast">Gotamagottasuññato, tassa namo narasīho.</p>\r\n<p class="bodytext">(Citrapadāgāthā)</p>\r\n<p class="hangnum"><a name="para6"></a><span class="paranum">6</span>.</p>\r\n<p class="gatha1"> </p>','\r',char(13)),'\n',char(10)),'-4-5-6-');
INSERT INTO pages (bookid, page, content, paranum) VALUES('annya_buddha_vandana_gantha_sanggaho_e0602n',181,replace(replace('<p class="gatha1">Buddhaṃ <a name="M0.0181"></a> suddhaṃ lokesītaṃ, ukkaṃ yuttaṃ yoge haṃ;</p>\r\n<p class="gathalast">Vantātītaṃ oghe sīdaṃ, vandāpīhaṃ sokehīhaṃ.</p>\r\n<p class="bodytext">(Vijjummālāgāthā)</p>\r\n<p class="hangnum"><a name="para7"></a><span class="paranum">7</span>.</p>\r\n<p class="gatha1"> Bhogavatī yopakhamī, sītadayā lokasakhā;</p>\r\n<p class="gathalast">Dhātutaye kitti sa ve, dātu jaye-tassa ca me;</p>\r\n<p class="bodytext">(Māṇavakagāthā)</p>\r\n<p class="hangnum"><a name="para8"></a><span class="paranum">8</span>.</p>\r\n<p class="gatha1"> Mānito lukho rutotha, sannibho subho sukho ca;</p>\r\n<p class="gathalast">Jānito dharo namo ca, tassa yo thuto guṇova.</p>\r\n<p class="bodytext">(Samānikāgāthā)</p>\r\n<p class="hangnum"><a name="para9"></a><span class="paranum">9</span>.</p>\r\n<p class="gatha1"> </p>','\r',char(13)),'\n',char(10)),'-7-8-9-');
INSERT INTO pages (bookid, page, content, paranum) VALUES('annya_buddha_vandana_gantha_sanggaho_e0602n',182,replace(replace('<p class="gatha1">Jayaṃ <a name="M0.0182"></a> dhajaṃ pajāpuge, ṭhitaṃ lilaṃ mahāsukhe;</p>\r\n<p class="gathalast">Subhaṃ phuṭaṃ pabhaṃ name, hitaṃ sukhaṃ dadātu me.</p>\r\n<p class="bodytext">(Pamāṇikāgāthā)</p>\r\n<p class="hangnum"><a name="para10"></a><span class="paranum">10</span>.</p>\r\n<p class="gatha1"> Puṇṇapuññajanitasubhaṃ, jātiñātithutiyaguṇaṃ;</p>\r\n<p class="gathalast">Bhedaveravimalajinaṃ, ñāṇapādacaraṇa-mahaṃ.</p>\r\n<p class="bodytext">(Halamukhīgāthā)</p>\r\n<p class="hangnum"><a name="para11"></a><span class="paranum">11</span>.</p>\r\n<p class="gatha1"> Sati mati suci yo-bhāso, thuti muni sukhito kāyo;</p>\r\n<p class="gathalast">Manujapumasuto nātho, jayavara mu-sabho dāto.</p>\r\n<p class="bodytext">(Bhujagasusugāthā)</p>\r\n<p class="hangnum"><a name="para12"></a><span class="paranum">12</span>.</p>\r\n<p class="gatha1"> </p>','\r',char(13)),'\n',char(10)),'-10-11-12-');
INSERT INTO pages (bookid, page, content, paranum) VALUES('annya_buddha_vandana_gantha_sanggaho_e0602n',183,replace(replace('<p class="gatha1">Yo <a name="M0.0183"></a> buddho pavaro lilo puge,</p>\r\n<p class="gatha2">Lokutto abhayo ṭhito sukhe;</p>\r\n<p class="gatha3">Uttiṇṇaṃ nisabhaṃ hitaṃ vahe,</p>\r\n<p class="gathalast">Monindaṃ vimalaṃ jinaṃ name.</p>\r\n<p class="bodytext">(Suddhavirājitagāthā)</p>\r\n<p class="hangnum"><a name="para13"></a><span class="paranum">13</span>.</p>\r\n<p class="gatha1"> Devindaṃ varagaṇatherindaṃ,</p>\r\n<p class="gatha2">Niṭṭhānaṃ bhavajananibbānaṃ;</p>\r\n<p class="gatha3">Niddosaṃ raṇarajanipphoṭaṃ,</p>\r\n<p class="gathalast">Vande-haṃ subhamukhasoṇṇemaṃ.</p>\r\n<p class="bodytext">(Paṇavagāthā)</p>\r\n<p class="hangnum"><a name="para14"></a><span class="paranum">14</span>.</p>\r\n<p class="gatha1"> </p>','\r',char(13)),'\n',char(10)),'-13-14-');
INSERT INTO pages (bookid, page, content, paranum) VALUES('annya_buddha_vandana_gantha_sanggaho_e0602n',184,replace(replace('<p class="gatha1">Gotamagotte <a name="M0.0184"></a> ketuva ñātaṃ,</p>\r\n<p class="gatha2">Lokajakhette meruva jātaṃ;</p>\r\n<p class="gatha3">Thandilajeṭṭhe bheditamāraṃ,</p>\r\n<p class="gatha2">Paṇḍitamajjhe medhiva bhāṇaṃ;</p>\r\n<p class="gathalast">Mantiya vande sevitanāthaṃ.</p>\r\n<p class="bodytext">(Rummavatīgāthā)</p>\r\n<p class="hangnum"><a name="para15"></a><span class="paranum">15</span>.</p>\r\n<p class="gatha1"> Buddho sukko amitaguṇīso,</p>\r\n<p class="gatha2">Yutto mutto sasiva timīto;</p>\r\n<p class="gatha3">Khe yo tejo tapasiva akko,</p>\r\n<p class="gathalast">Phelo theto tava namakāro.</p>\r\n<p class="bodytext">(Mattāgāthā)</p>\r\n<p class="hangnum"><a name="para16"></a><span class="paranum">16</span>.</p>\r\n<p class="gatha1"> </p>','\r',char(13)),'\n',char(10)),'-15-16-');
INSERT INTO pages (bookid, page, content, paranum) VALUES('annya_buddha_vandana_gantha_sanggaho_e0602n',185,replace(replace('<p class="gatha1">Yo <a name="M0.0185"></a> jitamāre ve aji sabbaṃ,</p>\r\n<p class="gatha2">Tho mitasāre he-dhitapattaṃ;</p>\r\n<p class="gatha3">Saṃsitapuṇṇo so nami tassa,</p>\r\n<p class="gathalast">Paṇḍitaphullo so matikassa.</p>\r\n<p class="bodytext">(Campakamālāgāthā)</p>\r\n<p class="hangnum"><a name="para17"></a><span class="paranum">17</span>.</p>\r\n<p class="gatha1"> </p>','\r',char(13)),'\n',char(10)),'-17-');
INSERT INTO pages (bookid, page, content, paranum) VALUES('annya_buddha_vandana_gantha_sanggaho_e0602n',186,replace(replace('<p class="gatha1">Kanakarūpa <a name="M0.0186"></a> mūpameyyakaṃ,</p>\r\n<p class="gatha2">Pavarasūra pūjasevataṃ;</p>\r\n<p class="gatha3">Kamalabhūma dhūradesakaṃ,</p>\r\n<p class="gathalast">Naramarūpa rū name ta-haṃ.</p>\r\n<p class="bodytext">(Manoramāgāthā)</p>\r\n<p class="hangnum"><a name="para18"></a><span class="paranum">18</span>.</p>\r\n<p class="gatha1"> Deve gate dvevārā gamāsi,</p>\r\n<p class="gatha2">Sele cale ye ñātā pacāyi;</p>\r\n<p class="gatha3">Uddhaṃ tale tevāsaṃ akāsi,</p>\r\n<p class="gathalast">Buddhaṃ mate esāhaṃ namāmi.</p>\r\n<p class="bodytext">(Ubbhāsakantagāthā)</p>\r\n<p class="hangnum"><a name="para19"></a><span class="paranum">19</span>.</p>\r\n<p class="gatha1"> Ukke sunutaṃ puthukañca theraṃ,</p>\r\n<p class="gatha2">Vutte sukhumaṃ ujukaṃ tathetaṃ;</p>\r\n<p class="gatha3">Dibbe paṭimaṃ kiriyaṃ vadetaṃ,</p>\r\n<p class="gathalast">Iddhe mahitaṃ kathitaṃ namehaṃ.</p>\r\n<p class="bodytext">(Upaṭṭhitagāthā)</p>','\r',char(13)),'\n',char(10)),'-18-19-');
INSERT INTO pages (bookid, page, content, paranum) VALUES('annya_buddha_vandana_gantha_sanggaho_e0602n',187,replace(replace('<p class="bodytext"><a name="para20"></a><span class="paranum">20</span>. Dibbassa <a name="M0.0187"></a> pūre pavarehi gutto,</p>\r\n<p class="gatha2">Siddhattha bhūte nagarehi vuṭṭho;</p>\r\n<p class="gatha3">Saṅkassa pūre ma-gaṇehi buddho,</p>\r\n<p class="gathalast">Aññattha pūje paname ni kubbo.</p>\r\n<p class="bodytext">(Indavajirāgāthā)</p>\r\n<p class="hangnum"><a name="para21"></a><span class="paranum">21</span>.</p>\r\n<p class="gatha1"> Subhaṃ thutaṃ yo rajataṃ balatthaṃ,</p>\r\n<p class="gatha2">Yugaṃ hutaṃ so kanakaṃ kamatthaṃ;</p>\r\n<p class="gatha3">Citaṃ ṭhitaṃ lohitakaṃ manāpaṃ,</p>\r\n<p class="gathalast">Lilaṃ itaṃ soraci taṃ namāhaṃ.</p>\r\n<p class="bodytext">(Upendavajirāgāthā)</p>\r\n<p class="hangnum"><a name="para22"></a><span class="paranum">22</span>.</p>\r\n<p class="gatha1"> </p>','\r',char(13)),'\n',char(10)),'-20-21-22-');
INSERT INTO pages (bookid, page, content, paranum) VALUES('annya_buddha_vandana_gantha_sanggaho_e0602n',188,replace(replace('<p class="gatha1">Pinitaṃ <a name="M0.0188"></a> viṇaṃ sakhilaṃ yaji taṃ,</p>\r\n<p class="gatha2">Susukhaṃ dhujaṃ biluvaṃ niyutaṃ;</p>\r\n<p class="gatha3">Ṭhapiyaṃ simaṃ thunutaṃ puthulaṃ,</p>\r\n<p class="gathalast">Nami haṃ khiṇaṃ sukhumaṃ mudukaṃ.</p>\r\n<p class="bodytext">(Sumukhīgāthā)</p>\r\n<p class="hangnum"><a name="para23"></a><span class="paranum">23</span>.</p>\r\n<p class="gatha1"> </p>','\r',char(13)),'\n',char(10)),'-23-');
INSERT INTO pages (bookid, page, content, paranum) VALUES('annya_buddha_vandana_gantha_sanggaho_e0602n',189,replace(replace('<p class="gatha1">Sogati <a name="M0.0189"></a> bodhayiṃ gāhiya pattaṃ,</p>\r\n<p class="gatha2">Otari sonami jānita atthaṃ;</p>\r\n<p class="gatha3">Bhūpati pūjayi sākiya vaṃsaṃ,</p>\r\n<p class="gathalast">Sūjadhi ūpadhi bhāsita dhammaṃ.</p>\r\n<p class="bodytext">(Dodhakagāthā)</p>\r\n<p class="hangnum"><a name="para24"></a><span class="paranum">24</span>.</p>\r\n<p class="gatha1"> Cattāro-me yācite so pavutthe,</p>\r\n<p class="gatha2">Laddhā bhoge kāmite oghamutte;</p>\r\n<p class="gatha3">Kattā tose-taṃ name colayutte,</p>\r\n<p class="gathalast">Tatthā-loke taṃpate kho padukke.</p>\r\n<p class="bodytext">(Sālinīgāthā)</p>\r\n<p class="hangnum"><a name="para25"></a><span class="paranum">25</span>.</p>\r\n<p class="gatha1"> </p>','\r',char(13)),'\n',char(10)),'-24-25-');
INSERT INTO pages (bookid, page, content, paranum) VALUES('annya_buddha_vandana_gantha_sanggaho_e0602n',190,replace(replace('<p class="gatha1">Sattā-loko <a name="M0.0190"></a> sarito yo dhajukkaṃ,</p>\r\n<p class="gatha2">Tatthā-gopo raciyo-noja-muddhaṃ;</p>\r\n<p class="gatha3">Bhaddā-soko-pacito-bho pabuddhaṃ,</p>\r\n<p class="gathalast">Saddhāyogo bhaji so-ho-namuccaṃ.</p>\r\n<p class="bodytext">(Vātompīgāthā)</p>\r\n<p class="hangnum"><a name="para26"></a><span class="paranum">26</span>.</p>\r\n<p class="gatha1"> Ñātamarūnaṃ upari ṭhitānaṃ,</p>\r\n<p class="gatha2">Vālapasūkaṃ huvati jinānaṃ;</p>\r\n<p class="gatha3">Devasuyāmo jinamiti ñāto,</p>\r\n<p class="gathalast">Tena sukhā-bho vinami idā so.</p>\r\n<p class="bodytext">(Sirīgāthā)</p>\r\n<p class="hangnum"><a name="para27"></a><span class="paranum">27</span>.</p>\r\n<p class="gatha1"> </p>','\r',char(13)),'\n',char(10)),'-26-27-');
INSERT INTO pages (bookid, page, content, paranum) VALUES('annya_buddha_vandana_gantha_sanggaho_e0602n',191,replace(replace('<p class="gatha1">Puṇṇakena <a name="M0.0191"></a> kusumena sevataṃ,</p>\r\n<p class="gatha2">Kuñjareva thunutena khe gataṃ;</p>\r\n<p class="gatha3">Sundarena nami tena me jayaṃ,</p>\r\n<p class="gathalast">Puññatejakari-dhesa ve dadaṃ.</p>\r\n<p class="bodytext">(Rathoddhatāgāthā)</p>\r\n<p class="hangnum"><a name="para28"></a><span class="paranum">28</span>.</p>\r\n<p class="gatha1"> Mātu āyu khiṇu-ke iha pubbe,</p>\r\n<p class="gatha2">Tāsu sādhu visute-disakucce;</p>\r\n<p class="gatha3">Vāta tāla khaciteni-dha soṇṇe,</p>\r\n<p class="gathalast">‘‘Tāta tāta’’ yaji te-tisa vande.</p>\r\n<p class="bodytext">(Svāgatagāthā)</p>\r\n<p class="hangnum"><a name="para29"></a><span class="paranum">29</span>.</p>\r\n<p class="gatha1"> </p>','\r',char(13)),'\n',char(10)),'-28-29-');
INSERT INTO pages (bookid, page, content, paranum) VALUES('annya_buddha_vandana_gantha_sanggaho_e0602n',192,replace(replace('<p class="gatha1">Upari <a name="M0.0192"></a> kamalayoni sobhitaṃ,</p>\r\n<p class="gatha2">Juhati dhavalajoti-dositaṃ;</p>\r\n<p class="gatha3">Sukari ya-matabodhi-mocitaṃ,</p>\r\n<p class="gathalast">Sunami caraṇaloki-dho-rimaṃ.</p>\r\n<p class="bodytext">(Bhaddikāgāthā)</p>\r\n<p class="hangnum"><a name="para30"></a><span class="paranum">30</span>.</p>\r\n<p class="gatha1"> </p>','\r',char(13)),'\n',char(10)),'-30-');
INSERT INTO pages (bookid, page, content, paranum) VALUES('annya_buddha_vandana_gantha_sanggaho_e0602n',193,replace(replace('<p class="gatha1">Vane <a name="M0.0193"></a> jino yo vinayaṃ supekkhi-maṃ,</p>\r\n<p class="gatha2">Mate ṭhito-bho dijakaṃ dubajjitaṃ;</p>\r\n<p class="gatha3">Aghe-nidho khobhi-taraṃ mune-cchi-daṃ,</p>\r\n<p class="gathalast">Name-bhito bodhimahaṃ lukha-jjhitaṃ.</p>\r\n<p class="bodytext">(Vaṃsaṭṭhagāthā)</p>\r\n<p class="hangnum"><a name="para31"></a><span class="paranum">31</span>.</p>\r\n<p class="gatha1"> Yo jāti-domānī-mupāsi lambi taṃ,</p>\r\n<p class="gatha2">Kodhehi lokehi dubhāsi paṇḍitaṃ;</p>\r\n<p class="gatha3">Pūrepi mūlepi pahāsi diṭṭhikaṃ,</p>\r\n<p class="gathalast">Sabbehi pattehi namāmi icchitaṃ.</p>\r\n<p class="bodytext">(Indavaṃsāgāthā)</p>\r\n<p class="hangnum"><a name="para32"></a><span class="paranum">32</span>.</p>\r\n<p class="gatha1"> </p>','\r',char(13)),'\n',char(10)),'-31-32-');
INSERT INTO pages (bookid, page, content, paranum) VALUES('annya_buddha_vandana_gantha_sanggaho_e0602n',194,replace(replace('<p class="gatha1">Verañjake <a name="M0.0194"></a> pūravare vibhūsite,</p>\r\n<p class="gatha2">Nelañjane dūmavane vikūjite;</p>\r\n<p class="gatha3">Khemaṅkare thūlatare vidū site,</p>\r\n<p class="gathalast">Eta-ṅgame pūna name virūpi ve.</p>\r\n<p class="bodytext">(Indavaṃsāgāthā)</p>\r\n<p class="hangnum"><a name="para33"></a><span class="paranum">33</span>.</p>\r\n<p class="gatha1"> Adhunāpi sa sārisuto nimalaṃ,</p>\r\n<p class="gatha2">Tamupāsi matāpi kuto ci nayaṃ;</p>\r\n<p class="gatha3">Karuṇāyi dha yāci budho vinayaṃ,</p>\r\n<p class="gathalast">Garukāpi namāmi su-yo jita-haṃ.</p>\r\n<p class="bodytext">(Toṭakagāthā)</p>\r\n<p class="hangnum"><a name="para34"></a><span class="paranum">34</span>.</p>\r\n<p class="gatha1"> </p>','\r',char(13)),'\n',char(10)),'-33-34-');
INSERT INTO pages (bookid, page, content, paranum) VALUES('annya_buddha_vandana_gantha_sanggaho_e0602n',195,replace(replace('<p class="gatha1">Janavaro <a name="M0.0195"></a> muni so sarito vane,</p>\r\n<p class="gatha2">Vasabhato udito-pari gotame;</p>\r\n<p class="gatha3">Gamanaso guṇiko gami-to name,</p>\r\n<p class="gathalast">Nagara-do juti-mo ghatito-sathe.</p>\r\n<p class="bodytext">(Dutavilambitagāthā)</p>\r\n<p class="hangnum"><a name="para35"></a><span class="paranum">35</span>.</p>\r\n<p class="gatha1"> </p>','\r',char(13)),'\n',char(10)),'-35-');
INSERT INTO pages (bookid, page, content, paranum) VALUES('annya_buddha_vandana_gantha_sanggaho_e0602n',196,replace(replace('<p class="gatha1">Bhagavati <a name="M0.0196"></a> kuṭigāre yo nisinne,</p>\r\n<p class="gatha2">Dhanavati suvisāle-ko isinde;</p>\r\n<p class="gatha3">Ya-malabhi muni lābhe molichinne,</p>\r\n<p class="gathalast">Sa panami juti-māse-to kilinne.</p>\r\n<p class="bodytext">(Puṭagāthā)</p>\r\n<p class="hangnum"><a name="para36"></a><span class="paranum">36</span>.</p>\r\n<p class="gatha1"> Paṭhapita-miccassa sidatu sabbaṃ,</p>\r\n<p class="gatha2">Paṭhami-dha sikkhassa hitasukhatthaṃ;</p>\r\n<p class="gatha3">Pavadiya giddhassa khiṇalukhatthaṃ,</p>\r\n<p class="gathalast">Panami ca kiccassa sikhamukappaṃ.</p>\r\n<p class="bodytext">(Kusumavicittāgāthā)</p>\r\n<p class="hangnum"><a name="para37"></a><span class="paranum">37</span>.</p>\r\n<p class="gatha1"> </p>','\r',char(13)),'\n',char(10)),'-36-37-');
INSERT INTO pages (bookid, page, content, paranum) VALUES('annya_buddha_vandana_gantha_sanggaho_e0602n',197,replace(replace('<p class="gatha1">Nilobhāsi <a name="M0.0197"></a> dhūmehi yu-cco vilāse,</p>\r\n<p class="gatha2">Ṭhito cā-bhi bhū tehi rukkho-digāhe;</p>\r\n<p class="gatha3">Yi-to tāni pūrepi luddho dvivāre,</p>\r\n<p class="gathalast">Jino-kāsi pūjemi buddho hitā-se.</p>\r\n<p class="bodytext">(Bhujaṅgappayātagāthā)</p>\r\n<p class="hangnum"><a name="para38"></a><span class="paranum">38</span>.</p>\r\n<p class="gatha1"> </p>','\r',char(13)),'\n',char(10)),'-38-');
INSERT INTO pages (bookid, page, content, paranum) VALUES('annya_buddha_vandana_gantha_sanggaho_e0602n',198,replace(replace('<p class="gatha1">Janarame <a name="M0.0198"></a> dasasare visālake,</p>\r\n<p class="gatha2">Munivare kuṭighare-riyāpathe;</p>\r\n<p class="gatha3">Dhutatare-subhakathe caji sa ve,</p>\r\n<p class="gathalast">Tatiyake-ta-midha ve ṭhapi name.</p>\r\n<p class="bodytext">(Piyaṃvadāgāthā)</p>\r\n<p class="hangnum"><a name="para39"></a><span class="paranum">39</span>.</p>\r\n<p class="gatha1"> Vesālike tu vasi kātu cātukaṃ,</p>\r\n<p class="gatha2">Te ñāhi tesu labhi-dhā-mukā-mukaṃ;</p>\r\n<p class="gatha3">Negāmikesu bhaji phāsu sā-yukaṃ,</p>\r\n<p class="gathalast">Etā-dhikesu nami-kāsu-dā-tulaṃ.</p>\r\n<p class="bodytext">(Lalitāgāthā)</p>\r\n<p class="hangnum"><a name="para40"></a><span class="paranum">40</span>.</p>\r\n<p class="gatha1"> </p>','\r',char(13)),'\n',char(10)),'-39-40-');
INSERT INTO pages (bookid, page, content, paranum) VALUES('annya_buddha_vandana_gantha_sanggaho_e0602n',199,replace(replace('<p class="gatha1">Vadi <a name="M0.0199"></a> suppiyo duvacanaṃ tamato,</p>\r\n<p class="gatha2">Sahi muttiko guṇakathaṃ tathato;</p>\r\n<p class="gatha3">Gami māṇavo durapathaṃ carato,</p>\r\n<p class="gathalast">Nami sādhavo budhavaraṃ paraso.</p>\r\n<p class="bodytext">(Pamitakkharāgāthā)</p>\r\n<p class="hangnum"><a name="para41"></a><span class="paranum">41</span>.</p>\r\n<p class="gatha1"> Yu-pagami vimalo sakhilo tadā,</p>\r\n<p class="gatha2">Yuvavati-pivano rami yo brahmā;</p>','\r',char(13)),'\n',char(10)),'-41-');
INSERT INTO pages (bookid, page, content, paranum) VALUES('annya_buddha_vandana_gantha_sanggaho_e0602n',200,replace(replace('<p class="gatha3">Ekasayi <a name="M0.0200"></a> ṭhitato kathi kho guṇe,</p>\r\n<p class="gathalast">Esa nami jina-mo padhi-do-juke.</p>\r\n<p class="bodytext">(Ujjalāgāthā)</p>\r\n<p class="hangnum"><a name="para42"></a><span class="paranum">42</span>.</p>\r\n<p class="gatha1"> Jānaṃ sabbesaṃ desi yo kho-dhimuttaṃ,</p>\r\n<p class="gatha2">Ānandattheraṃ vedito coḷisuttaṃ;</p>\r\n<p class="gatha3">Kāyassammukhe kātuno-lokiyaṃ-se,</p>\r\n<p class="gathalast">Ṭhāna-ssa-ppuge kāruṇo hoti vande.</p>\r\n<p class="bodytext">(Vessadevī gāthā)</p>\r\n<p class="hangnum"><a name="para43"></a><span class="paranum">43</span>.</p>\r\n<p class="gatha1"> </p>','\r',char(13)),'\n',char(10)),'-42-43-');
INSERT INTO pages (bookid, page, content, paranum) VALUES('annya_buddha_vandana_gantha_sanggaho_e0602n',201,replace(replace('<p class="gatha1">Sukathiya <a name="M0.0201"></a> majjhimasīla-maparaṃ,</p>\r\n<p class="gatha2">Yu-pacita-metthi-dha cīra-manayaṃ;</p>\r\n<p class="gatha3">Budhayi ca bhajjita-mīṇavataraṃ,</p>\r\n<p class="gathalast">Sunami pavajjita-mīha-mamalaṃ.</p>\r\n<p class="bodytext">(Tāmarasagāthā)</p>\r\n<p class="hangnum"><a name="para44"></a><span class="paranum">44</span>.</p>\r\n<p class="gatha1"> Mahakañhi sīlampi abhāsi kante,</p>\r\n<p class="gatha2">Brahmathandilī mamhi manāpi ramme;</p>\r\n<p class="gatha3">Calakampi gīrampi kadāci ambe,</p>\r\n<p class="gathalast">Varapaṇḍi khīṇampi namāmi taṃ ve.</p>\r\n<p class="bodytext">(Kamalāgāthā)</p>\r\n<p class="hangnum"><a name="para45"></a><span class="paranum">45</span>.</p>\r\n<p class="gatha1"> </p>','\r',char(13)),'\n',char(10)),'-44-45-');
INSERT INTO pages (bookid, page, content, paranum) VALUES('annya_buddha_vandana_gantha_sanggaho_e0602n',202,replace(replace('<p class="gatha1">Mohante <a name="M0.0202"></a> jini paṭhame jaye jitāyaṃ,</p>\r\n<p class="gatha2">Soramme isipatane vane nivāsaṃ.</p>\r\n<p class="gatha3">Khobhante kiri sakale vade vilāsaṃ,</p>\r\n<p class="gathalast">Ghoraṃve vinidamane name jinā-haṃ.</p>\r\n<p class="bodytext">(Pahāsinīgāthā)</p>\r\n<p class="hangnum"><a name="para46"></a><span class="paranum">46</span>.</p>\r\n<p class="gatha1"> Divārakaṃ bajanagaraṃ phitaṃ vase,</p>\r\n<p class="gatha2">Nisāya taṃ janagaṇanaṃ ṭhitaṃ mate;</p>\r\n<p class="gatha3">Vijānakaṃ tamajaṭakaṃ sitaṃ vane,</p>\r\n<p class="gathalast">Hitāvahaṃ narapavaraṃ imaṃ name.</p>\r\n<p class="bodytext">(Ruciragāthā)</p>\r\n<p class="hangnum"><a name="para47"></a><span class="paranum">47</span>.</p>\r\n<p class="gatha1"> </p>','\r',char(13)),'\n',char(10)),'-46-47-');
INSERT INTO pages (bookid, page, content, paranum) VALUES('annya_buddha_vandana_gantha_sanggaho_e0602n',203,replace(replace('<p class="gatha1">Racita-maviralaṃ <a name="M0.0203"></a> manussa mathā paṇaṃ,</p>\r\n<p class="gatha2">Pasiya tatiyakaṃ catuttha makā sayaṃ;</p>\r\n<p class="gatha3">Karita-madhikataṃ akhubbhamalā sabhaṃ,</p>\r\n<p class="gathalast">Jahitagatiparaṃ panujja namāma-haṃ.</p>\r\n<p class="bodytext">(Parājitāgāthā)</p>\r\n<p class="hangnum"><a name="para48"></a><span class="paranum">48</span>.</p>\r\n<p class="gatha1"> Nagara-majaya-mesa nivasi tha pare,</p>\r\n<p class="gatha2">Mahati sa maṇike sakuṇakujavane;</p>\r\n<p class="gatha3">Yapati vasati ve hitasivavahane,</p>\r\n<p class="gathalast">Surata mubhayame-sita mima paname.</p>\r\n<p class="bodytext">(Paharaṇakalikāgāthā)</p>\r\n<p class="hangnum"><a name="para49"></a><span class="paranum">49</span>.</p>\r\n<p class="gatha1"> </p>','\r',char(13)),'\n',char(10)),'-48-49-');
INSERT INTO pages (bookid, page, content, paranum) VALUES('annya_buddha_vandana_gantha_sanggaho_e0602n',204,replace(replace('<p class="gatha1">Chaṭṭhaṃ <a name="M0.0204"></a> vase athu-da tattha vane mune saṃ,</p>\r\n<p class="gatha2">Sabbaṃ dhare makulapabbatake upedaṃ;</p>\r\n<p class="gatha3">Cattaṃ male manuja matthavase sudesaṃ,</p>\r\n<p class="gathalast">Bhattaṃ name lahuka mappa mare dhune taṃ.</p>\r\n<p class="bodytext">(Vasantatilakagāthā)</p>\r\n<p class="hangnum"><a name="para50"></a><span class="paranum">50</span>.</p>\r\n<p class="gatha1"> </p>','\r',char(13)),'\n',char(10)),'-50-');
INSERT INTO pages (bookid, page, content, paranum) VALUES('annya_buddha_vandana_gantha_sanggaho_e0602n',205,replace(replace('<p class="gatha1">Nuna <a name="M0.0205"></a> upavasati idha tha puna parime,</p>\r\n<p class="gatha2">Sukhaguṇamahati tidasapura ajite;</p>\r\n<p class="gatha3">Yuganuta mavadi vitatha mughatari ve,</p>\r\n<p class="gathalast">Hutathuna manami simada tula mariye.</p>\r\n<p class="bodytext">(Sasikalāgāthā)</p>\r\n<p class="hangnum"><a name="para51"></a><span class="paranum">51</span>.</p>\r\n<p class="gatha1"> Jinapati susumāraṃ bhesakallāvane-saṃ,</p>\r\n<p class="gatha2">Nivasati puthuñāṇaṃ khve-sa nandālaye-taṃ;</p>\r\n<p class="gatha3">Vimala-mi dhu-jukāyaṃ bhedasantāpa-sesaṃ,</p>\r\n<p class="gathalast">Vijaha-pi sukhumālaṃ esamantā name-haṃ.</p>\r\n<p class="bodytext">(Mālinīgāthā)</p>\r\n<p class="hangnum"><a name="para52"></a><span class="paranum">52</span>.</p>\r\n<p class="gatha1"> </p>','\r',char(13)),'\n',char(10)),'-51-52-');
INSERT INTO pages (bookid, page, content, paranum) VALUES('annya_buddha_vandana_gantha_sanggaho_e0602n',206,replace(replace('<p class="gatha1">Mahati <a name="M0.0206"></a> sukantiye atha ca tattha sītale,</p>\r\n<p class="gatha2">Vasati kusambiye navamavassa-pī-tare;</p>\r\n<p class="gatha3">Avahi sukha-ntime pajaha-mattha-mī-dha ve,</p>\r\n<p class="gathalast">Panami nudaṃ hine sakalasatthavasaye.</p>\r\n<p class="bodytext">(Pabhaddakagāthā)</p>\r\n<p class="hangnum"><a name="para53"></a><span class="paranum">53</span>.</p>\r\n<p class="gatha1"> Yudhavati pālileyyaka vane pahāya nāge,</p>\r\n<p class="gatha2">Upaṭhahi nāgi-dhe-sa dasame jahāya bāle;</p>\r\n<p class="gatha3">Sukhavasi kāyike ca manake tadāsa sāte,</p>\r\n<p class="gathalast">Yuta-madhi vāhite ca paname payāta māre.</p>\r\n<p class="bodytext">(Vāṇinīgāthā)</p>\r\n<p class="hangnum"><a name="para54"></a><span class="paranum">54</span>.</p>\r\n<p class="gatha1"> </p>','\r',char(13)),'\n',char(10)),'-53-54-');
INSERT INTO pages (bookid, page, content, paranum) VALUES('annya_buddha_vandana_gantha_sanggaho_e0602n',207,replace(replace('<p class="gatha1">Ito <a name="M0.0207"></a> patte nāḷe vasati dijagāmepi dasame,</p>\r\n<p class="gatha2">Hitopatthenā-yeka adhiki-dha vādehi vadake;</p>\r\n<p class="gatha3">Vilomatthehā-neka-sahi ṭhita-māghepi samaye,</p>\r\n<p class="gathalast">Viyogatthe-tā-neja-mapi pihavāsehi paname.</p>\r\n<p class="bodytext">(Sikharaṇīgāthā)</p>\r\n<p class="hangnum"><a name="para55"></a><span class="paranum">55</span>.</p>\r\n<p class="gatha1"> </p>','\r',char(13)),'\n',char(10)),'-55-');
INSERT INTO pages (bookid, page, content, paranum) VALUES('annya_buddha_vandana_gantha_sanggaho_e0602n',208,replace(replace('<p class="gatha1">Dviadhiki-tare <a name="M0.0208"></a> verañjāyaṃ tato dasamaṃ pare,</p>\r\n<p class="gatha2">Nivasi nilake khedaṅghātaṃ karo paramaṃ vane;</p>\r\n<p class="gatha3">Kilami idha ve vehaṅgānaṃ manoramakaṃ vase,</p>\r\n<p class="gathalast">Viraji-sigaṇe medhaṅkāraṃ asokadadaṃ name.</p>\r\n<p class="bodytext">(Hiriṇīgāthā)</p>\r\n<p class="hangnum"><a name="para56"></a><span class="paranum">56</span>.</p>\r\n<p class="gatha1"> Yo sampuṇṇe upari tirase cāliye pabbatepi,</p>\r\n<p class="gatha2">Sobhaṃ phulle suvasi itare kāmite appamehi;</p>\r\n<p class="gatha3">Sāvatthikkenu-da catudase kārite ālayepi,</p>\r\n<p class="gathalast">Kāmo-cchidde tu bhaya muname ñātime dvārakehi.</p>\r\n<p class="bodytext">(Mandakkantāgāthā)</p>\r\n<p class="hangnum"><a name="para57"></a><span class="paranum">57</span>.</p>\r\n<p class="gatha1"> </p>','\r',char(13)),'\n',char(10)),'-56-57-');
INSERT INTO pages (bookid, page, content, paranum) VALUES('annya_buddha_vandana_gantha_sanggaho_e0602n',209,replace(replace('<p class="gatha1">Sakko <a name="M0.0209"></a> kappile kariya madake niggaho yoti pañce,</p>\r\n<p class="gatha2">Dakkho kappiye vasidha yamake iddhako bhohi aññe;</p>\r\n<p class="gatha3">Yakkho dabbike damiya nagare soḷase-topi vaṅke,</p>\r\n<p class="gathalast">Aggo-ghattite paciya paname bodhake monipaññe.</p>\r\n<p class="bodytext">(Kusumitalatāvellitagāthā)</p>\r\n<p class="hangnum"><a name="para58"></a><span class="paranum">58</span>.</p>\r\n<p class="gatha1"> </p>','\r',char(13)),'\n',char(10)),'-58-');
INSERT INTO pages (bookid, page, content, paranum) VALUES('annya_buddha_vandana_gantha_sanggaho_e0602n',210,replace(replace('<p class="gatha1">Duladdhe <a name="M0.0210"></a> pūre yopari ca dasato rājagehaṃ bhajanto,</p>\r\n<p class="gatha2">Tu satte kūle kho kari dha yapato vāsamejaṃ jahanto;</p>\r\n<p class="gatha3">Dumaṭṭhe pūneso ramita-calato ṭṭhārasetaṃ dadaṃ so,</p>\r\n<p class="gathalast">Guṇasse vūpeto namidha karabho kāyakhedaṃ sahanto.</p>\r\n<p class="bodytext">(Meghavipphujjitagāthā)</p>\r\n<p class="hangnum"><a name="para59"></a><span class="paranum">59</span>.</p>\r\n<p class="gatha1"> </p>','\r',char(13)),'\n',char(10)),'-59-');
INSERT INTO pages (bookid, page, content, paranum) VALUES('annya_buddha_vandana_gantha_sanggaho_e0602n',211,replace(replace('<p class="gatha1">Cālīye <a name="M0.0211"></a> parime tatheva acale-kūnepi vīse lilaṃ,</p>\r\n<p class="gatha2">Bhāgī ce sa hite pageva pavase sūrehi nisevitaṃ;</p>\r\n<p class="gatha3">Kārite ramike pare ca nagare pūrepi vīse imaṃ,</p>\r\n<p class="gathalast">Hārite vasime jahena paname mūlepi khīṇe jitaṃ.</p>\r\n<p class="bodytext">(Saddūlavikkīlitagāthā)</p>\r\n<p class="hangnum"><a name="para60"></a><span class="paranum">60</span>.</p>\r\n<p class="gatha1"> Pañcapañca-mākare tatopi piṇḍakena jetakānane ca,</p>\r\n<p class="gatha2">Aññamañña-mādarena yo nisinnakena te ca māpayeva;</p>\r\n<p class="gatha3">Pubbapubbaārāme payoji-pāsikāya vāramāvasedha,</p>\r\n<p class="gathalast">Suddhasuddha-māmalena poriyātimāya mānasā namesa.</p>\r\n<p class="bodytext">(Vuttagāthā)</p>','\r',char(13)),'\n',char(10)),'-60-');
INSERT INTO pages (bookid, page, content, paranum) VALUES('annya_buddha_vandana_gantha_sanggaho_e0602n',212,replace(replace('<p class="gatha1">Puññenā’nena <a name="M0.0212"></a> saṃsāramupadhi suci sappūrise vo paseve,</p>\r\n<p class="gatha2">Tehā dinnaṃ sugāho suciparisaupeto arogo bhaveyyaṃ;</p>\r\n<p class="gatha3">Dīghāyūko mahāpañña yasadhanasulābho ca kalyāṇamitto,</p>\r\n<p class="gathalast">Lokādibbo ca maggo samamatiparivārova nibbānapatto.</p>\r\n<p class="bodytext">(Saddharāgāthā)</p>\r\n<p class="hangnum">Ka.</p>\r\n<p class="gatha1"> </p>','\r',char(13)),'\n',char(10)),'');
INSERT INTO pages (bookid, page, content, paranum) VALUES('annya_buddha_vandana_gantha_sanggaho_e0602n',213,replace(replace('<p class="gatha1">Nassati <a name="M0.0213"></a> sāsane chanavutādhike ca tivise sate kaliyuge,</p>\r\n<p class="gatha2">Dvesatacuddasādhikasahassake sakalaraṭṭhakaṃ khubhi gate;</p>\r\n<p class="gatha3">Bhātikayuddhakena nagaraṃ tadā bhavati chārikā yatigaṇo,</p>\r\n<p class="gathalast">Dukkhagato mahāpaharaṇehi jivitakhayampi eti piṭake.</p>\r\n<p class="bodytext">(Bhaddakagāthā)</p>\r\n<p class="hangnum">Kha.</p>\r\n<p class="gatha1"> </p>','\r',char(13)),'\n',char(10)),'');
INSERT INTO pages (bookid, page, content, paranum) VALUES('annya_buddha_vandana_gantha_sanggaho_e0602n',214,replace(replace('<p class="gatha1">Udisaka <a name="M0.0214"></a> cetyakepi vikiriya nāsati dha so thiro sagaṇato,</p>\r\n<p class="gatha2">Vijahiya purato ttaravaneka kumbhakaragāmakaṃ nivasaye;</p>\r\n<p class="gatha3">Satagaṇakehi tattha janakopi ‘‘bhota idha vāsa sabbayatinaṃ,</p>\r\n<p class="gathalast">Upaṭṭhahamī’’ti tamhi katipāhanaṃ vasati kho vimaṃsiya sukhaṃ.</p>\r\n<p class="bodytext">(Lalitagāthā)</p>\r\n<p class="hangnum">Ga.</p>\r\n<p class="gatha1"> Tattha araññe ramito sucari saddhamma-timāni suyatīhi tipīko,</p>\r\n<p class="gatha2">Dhūrasuyutto parigāhiya sujāto supaṭṭhāti kunadita-muyānaṃ;</p>\r\n<p class="gatha3">So satamaccehi kataṃ nagari daṃ tassa ca pācina raha dhikakose,</p>\r\n<p class="gathalast">Paccayanāyāsu da chāyabahuko suddhayatipi idha vasanakāle.</p>\r\n<p class="bodytext">(Tanugāthā)</p>\r\n<p class="hangnum">Gha.</p>\r\n<p class="gatha1"> Phagguṇamāse chadine raciya niṭṭhaṃva gato paramari iminā-yaṃ,</p>\r\n<p class="gathalast">Sijjhatu pemaṃ vata rakkhatu sudevo uda vaḍḍhatu jinavacane taṃ;</p>\r\n<p class="centered">Vāsamālinī niṭṭhitā.</p>','\r',char(13)),'\n',char(10)),'');
DELETE FROM books where id='annya_buddha_vandana_gantha_sanggaho_e0603n';
INSERT INTO books VALUES('annya_buddha_vandana_gantha_sanggaho_e0603n','annya','annya_buddha_vandana_gantha_sanggaho','Lakkhaṇāto',1,72,46);
DELETE FROM tocs where book_id='annya_buddha_vandana_gantha_sanggaho_e0603n';
INSERT INTO tocs VALUES('annya_buddha_vandana_gantha_sanggaho_e0603n','Buddhathomanāgāthā','chapter',1);
INSERT INTO tocs VALUES('annya_buddha_vandana_gantha_sanggaho_e0603n','Buddhavandanā','chapter',56);
INSERT INTO tocs VALUES('annya_buddha_vandana_gantha_sanggaho_e0603n','Uṇṇālomikanātha vandanā','chapter',71);
DELETE FROM paragraphs where book_id='annya_buddha_vandana_gantha_sanggaho_e0603n';
INSERT INTO paragraphs VALUES('annya_buddha_vandana_gantha_sanggaho_e0603n',1,1);
INSERT INTO paragraphs VALUES('annya_buddha_vandana_gantha_sanggaho_e0603n',2,19);
INSERT INTO paragraphs VALUES('annya_buddha_vandana_gantha_sanggaho_e0603n',3,20);
INSERT INTO paragraphs VALUES('annya_buddha_vandana_gantha_sanggaho_e0603n',4,21);
INSERT INTO paragraphs VALUES('annya_buddha_vandana_gantha_sanggaho_e0603n',5,21);
INSERT INTO paragraphs VALUES('annya_buddha_vandana_gantha_sanggaho_e0603n',6,22);
INSERT INTO paragraphs VALUES('annya_buddha_vandana_gantha_sanggaho_e0603n',8,23);
INSERT INTO paragraphs VALUES('annya_buddha_vandana_gantha_sanggaho_e0603n',8,24);
INSERT INTO paragraphs VALUES('annya_buddha_vandana_gantha_sanggaho_e0603n',9,25);
INSERT INTO paragraphs VALUES('annya_buddha_vandana_gantha_sanggaho_e0603n',10,26);
INSERT INTO paragraphs VALUES('annya_buddha_vandana_gantha_sanggaho_e0603n',11,27);
INSERT INTO paragraphs VALUES('annya_buddha_vandana_gantha_sanggaho_e0603n',12,27);
INSERT INTO paragraphs VALUES('annya_buddha_vandana_gantha_sanggaho_e0603n',13,28);
INSERT INTO paragraphs VALUES('annya_buddha_vandana_gantha_sanggaho_e0603n',14,29);
INSERT INTO paragraphs VALUES('annya_buddha_vandana_gantha_sanggaho_e0603n',15,29);
INSERT INTO paragraphs VALUES('annya_buddha_vandana_gantha_sanggaho_e0603n',16,30);
INSERT INTO paragraphs VALUES('annya_buddha_vandana_gantha_sanggaho_e0603n',17,31);
INSERT INTO paragraphs VALUES('annya_buddha_vandana_gantha_sanggaho_e0603n',18,32);
INSERT INTO paragraphs VALUES('annya_buddha_vandana_gantha_sanggaho_e0603n',19,32);
INSERT INTO paragraphs VALUES('annya_buddha_vandana_gantha_sanggaho_e0603n',20,33);
INSERT INTO paragraphs VALUES('annya_buddha_vandana_gantha_sanggaho_e0603n',21,34);
INSERT INTO paragraphs VALUES('annya_buddha_vandana_gantha_sanggaho_e0603n',22,34);
INSERT INTO paragraphs VALUES('annya_buddha_vandana_gantha_sanggaho_e0603n',23,35);
INSERT INTO paragraphs VALUES('annya_buddha_vandana_gantha_sanggaho_e0603n',24,36);
INSERT INTO paragraphs VALUES('annya_buddha_vandana_gantha_sanggaho_e0603n',25,36);
INSERT INTO paragraphs VALUES('annya_buddha_vandana_gantha_sanggaho_e0603n',26,37);
INSERT INTO paragraphs VALUES('annya_buddha_vandana_gantha_sanggaho_e0603n',27,37);
INSERT INTO paragraphs VALUES('annya_buddha_vandana_gantha_sanggaho_e0603n',28,38);
INSERT INTO paragraphs VALUES('annya_buddha_vandana_gantha_sanggaho_e0603n',29,39);
INSERT INTO paragraphs VALUES('annya_buddha_vandana_gantha_sanggaho_e0603n',30,39);
INSERT INTO paragraphs VALUES('annya_buddha_vandana_gantha_sanggaho_e0603n',31,40);
INSERT INTO paragraphs VALUES('annya_buddha_vandana_gantha_sanggaho_e0603n',32,41);
INSERT INTO paragraphs VALUES('annya_buddha_vandana_gantha_sanggaho_e0603n',33,42);
INSERT INTO paragraphs VALUES('annya_buddha_vandana_gantha_sanggaho_e0603n',34,42);
INSERT INTO paragraphs VALUES('annya_buddha_vandana_gantha_sanggaho_e0603n',35,43);
INSERT INTO paragraphs VALUES('annya_buddha_vandana_gantha_sanggaho_e0603n',36,44);
INSERT INTO paragraphs VALUES('annya_buddha_vandana_gantha_sanggaho_e0603n',37,44);
INSERT INTO paragraphs VALUES('annya_buddha_vandana_gantha_sanggaho_e0603n',38,45);
INSERT INTO paragraphs VALUES('annya_buddha_vandana_gantha_sanggaho_e0603n',39,46);
INSERT INTO paragraphs VALUES('annya_buddha_vandana_gantha_sanggaho_e0603n',40,47);
INSERT INTO paragraphs VALUES('annya_buddha_vandana_gantha_sanggaho_e0603n',41,48);
INSERT INTO paragraphs VALUES('annya_buddha_vandana_gantha_sanggaho_e0603n',42,48);
INSERT INTO paragraphs VALUES('annya_buddha_vandana_gantha_sanggaho_e0603n',43,49);
INSERT INTO paragraphs VALUES('annya_buddha_vandana_gantha_sanggaho_e0603n',44,49);
INSERT INTO paragraphs VALUES('annya_buddha_vandana_gantha_sanggaho_e0603n',45,50);
INSERT INTO paragraphs VALUES('annya_buddha_vandana_gantha_sanggaho_e0603n',46,50);
INSERT INTO paragraphs VALUES('annya_buddha_vandana_gantha_sanggaho_e0603n',47,51);
INSERT INTO paragraphs VALUES('annya_buddha_vandana_gantha_sanggaho_e0603n',48,51);
INSERT INTO paragraphs VALUES('annya_buddha_vandana_gantha_sanggaho_e0603n',49,52);
INSERT INTO paragraphs VALUES('annya_buddha_vandana_gantha_sanggaho_e0603n',50,53);
INSERT INTO paragraphs VALUES('annya_buddha_vandana_gantha_sanggaho_e0603n',51,54);
INSERT INTO paragraphs VALUES('annya_buddha_vandana_gantha_sanggaho_e0603n',52,54);
INSERT INTO paragraphs VALUES('annya_buddha_vandana_gantha_sanggaho_e0603n',1,56);
INSERT INTO paragraphs VALUES('annya_buddha_vandana_gantha_sanggaho_e0603n',2,65);
INSERT INTO paragraphs VALUES('annya_buddha_vandana_gantha_sanggaho_e0603n',3,66);
INSERT INTO paragraphs VALUES('annya_buddha_vandana_gantha_sanggaho_e0603n',4,66);
INSERT INTO paragraphs VALUES('annya_buddha_vandana_gantha_sanggaho_e0603n',5,67);
INSERT INTO paragraphs VALUES('annya_buddha_vandana_gantha_sanggaho_e0603n',6,68);
INSERT INTO paragraphs VALUES('annya_buddha_vandana_gantha_sanggaho_e0603n',7,68);
DELETE FROM pages where bookid='annya_buddha_vandana_gantha_sanggaho_e0603n';
INSERT INTO pages (bookid, page, content, paranum) VALUES('annya_buddha_vandana_gantha_sanggaho_e0603n',1,replace(replace('<p class="centered"> Namo tassa bhagavato arahato sammāsambuddhassa</p>\r\n<p class="book">Lakkhaṇāto</p>\r\n<p class="chapter">Buddhathomanāgāthā</p>\r\n<p class="hangnum"><a name="para1"></a><span class="paranum">1</span>.</p>\r\n<p class="gatha1"> </p>','\r',char(13)),'\n',char(10)),'-1-');
INSERT INTO pages (bookid, page, content, paranum) VALUES('annya_buddha_vandana_gantha_sanggaho_e0603n',19,replace(replace('<p class="gatha1">Bhavābhavesu <a name="M0.0019"></a> nekesu,</p>\r\n<p class="gatha2">Pūresi tiṃsapāramī;</p>\r\n<p class="gatha3">Cariyāyoca sambuddho,</p>\r\n<p class="gathalast">Pariccāgejahaṃsadā.</p>\r\n<p class="hangnum"><a name="para2"></a><span class="paranum">2</span>.</p>\r\n<p class="gatha1"> </p>','\r',char(13)),'\n',char(10)),'-2-');
INSERT INTO pages (bookid, page, content, paranum) VALUES('annya_buddha_vandana_gantha_sanggaho_e0603n',20,replace(replace('<p class="gatha1">Vessantarattabhāvamhi<a name="M0.0020"></a>,</p>\r\n<p class="gatha2">Ṭhitomaddiṃ pisoadā;</p>\r\n<p class="gatha3">Nijaṃkaṇhājinaṃjāliṃ,</p>\r\n<p class="gathalast">Viyaṃvaṅkatapabbate.</p>\r\n<p class="hangnum"><a name="para3"></a><span class="paranum">3</span>.</p>\r\n<p class="gatha1"> Tatocavitvātusite,</p>\r\n<p class="gatha2">Pureuppajjipuññavā;</p>','\r',char(13)),'\n',char(10)),'-3-');
INSERT INTO pages (bookid, page, content, paranum) VALUES('annya_buddha_vandana_gantha_sanggaho_e0603n',21,replace(replace('<p class="gatha3">Rūpādidasaṭhānehi<a name="M0.0021"></a>,</p>\r\n<p class="gathalast">Aññedeveatikkami.</p>\r\n<p class="hangnum"><a name="para4"></a><span class="paranum">4</span>.</p>\r\n<p class="gatha1"> Cakkavāḷasahassehi,</p>\r\n<p class="gatha2">Dasahāgammasabbaso;</p>\r\n<p class="gatha3">Yācitodevabrahmūhi,</p>\r\n<p class="gathalast">Buddhabhāvamanonato.</p>\r\n<p class="hangnum"><a name="para5"></a><span class="paranum">5</span>.</p>\r\n<p class="gatha1"> </p>','\r',char(13)),'\n',char(10)),'-4-5-');
INSERT INTO pages (bookid, page, content, paranum) VALUES('annya_buddha_vandana_gantha_sanggaho_e0603n',22,replace(replace('<p class="gatha1">Vilokanānisopañca<a name="M0.0022"></a>,</p>\r\n<p class="gatha2">Viloketvāsirindharo;</p>\r\n<p class="gatha3">Tatocavitvāmāyāya,</p>\r\n<p class="gathalast">Uppajjisākiyekule.</p>\r\n<p class="hangnum"><a name="para6"></a><span class="paranum">6</span>.</p>\r\n<p class="gatha1"> </p>','\r',char(13)),'\n',char(10)),'-6-');
INSERT INTO pages (bookid, page, content, paranum) VALUES('annya_buddha_vandana_gantha_sanggaho_e0603n',23,replace(replace('<p class="gatha1">Visākhapuṇṇameseṭṭhe<a name="M0.0023"></a>,</p>\r\n<p class="gatha2">Vijāyilumbinīvane;</p>\r\n<p class="gatha3">Sīhanādaṃpanādento,</p>\r\n<p class="gathalast">Sattapādaṃgatotadā.</p>\r\n<p class="hangnum"><a name="para8"></a><span class="paranum">8</span>.</p>\r\n<p class="gatha1"> </p>','\r',char(13)),'\n',char(10)),'-8-');
INSERT INTO pages (bookid, page, content, paranum) VALUES('annya_buddha_vandana_gantha_sanggaho_e0603n',24,replace(replace('<p class="gatha1">Virociṃsutadākāse<a name="M0.0024"></a>,</p>\r\n<p class="gatha2">Tārocandadivākarā;</p>\r\n<p class="gatha3">Ratanānicabhūmaṭṭhā,</p>\r\n<p class="gathalast">Nānāpupphācapupphare.</p>\r\n<p class="hangnum"><a name="para8"></a><span class="paranum">8</span>.</p>\r\n<p class="gatha1"> Sītāyanti </p>','\r',char(13)),'\n',char(10)),'-8-');
INSERT INTO pages (bookid, page, content, paranum) VALUES('annya_buddha_vandana_gantha_sanggaho_e0603n',25,replace(replace('<p class="gatha1">avīcaggī<a name="M0.0025"></a>,</p>\r\n<p class="gatha2">Khuppipāsācasohitā;</p>\r\n<p class="gatha3">Lokantaremahāpabhā,</p>\r\n<p class="gathalast">Andhāpassantitāvade.</p>\r\n<p class="hangnum"><a name="para9"></a><span class="paranum">9</span>.</p>\r\n<p class="gatha1"> </p>','\r',char(13)),'\n',char(10)),'-9-');
INSERT INTO pages (bookid, page, content, paranum) VALUES('annya_buddha_vandana_gantha_sanggaho_e0603n',26,replace(replace('<p class="gatha1">Aghaṭṭitāvāditāni<a name="M0.0026"></a>,</p>\r\n<p class="gatha2">Tūriyānicaambare;</p>\r\n<p class="gatha3">Madhurenapanādiṃsu,</p>\r\n<p class="gathalast">Yasaṃsarenatāvade.</p>\r\n<p class="hangnum"><a name="para10"></a><span class="paranum">10</span>.</p>\r\n<p class="gatha1"> Thutigītānigāyantā,</p>\r\n<p class="gatha2">Devācakamalāsanā;</p>','\r',char(13)),'\n',char(10)),'-10-');
INSERT INTO pages (bookid, page, content, paranum) VALUES('annya_buddha_vandana_gantha_sanggaho_e0603n',27,replace(replace('<p class="gatha3">Sammodentāvaaṭṭhaṃsu<a name="M0.0027"></a>,</p>\r\n<p class="gathalast">Buddhaṅkurassasantike.</p>\r\n<p class="hangnum"><a name="para11"></a><span class="paranum">11</span>.</p>\r\n<p class="gatha1"> Kumārocārudhātīhi,</p>\r\n<p class="gatha2">Tositārājamandire;</p>\r\n<p class="gatha3">Vuddhosisusukhaṃkhemaṃ,</p>\r\n<p class="gathalast">Sakyakaññānamantare.</p>\r\n<p class="hangnum"><a name="para12"></a><span class="paranum">12</span>.</p>\r\n<p class="gatha1"> </p>','\r',char(13)),'\n',char(10)),'-11-12-');
INSERT INTO pages (bookid, page, content, paranum) VALUES('annya_buddha_vandana_gantha_sanggaho_e0603n',28,replace(replace('<p class="gatha1">Soḷasavassikosakya<a name="M0.0028"></a>,</p>\r\n<p class="gatha2">Nandanopitarāsatā;</p>\r\n<p class="gatha3">Rājatteabhisittosi,</p>\r\n<p class="gathalast">Modesituvanattaye.</p>\r\n<p class="hangnum"><a name="para13"></a><span class="paranum">13</span>.</p>\r\n<p class="gatha1"> </p>','\r',char(13)),'\n',char(10)),'-13-');
INSERT INTO pages (bookid, page, content, paranum) VALUES('annya_buddha_vandana_gantha_sanggaho_e0603n',29,replace(replace('<p class="gatha1">Nandanānaṃsovaṇṇa<a name="M0.0029"></a>,</p>\r\n<p class="gatha2">Vaṇṇasobhaṃyasodharaṃ;</p>\r\n<p class="gatha3">Sokāresimahesittaṃ,</p>\r\n<p class="gathalast">Lokanettarasāyanaṃ.</p>\r\n<p class="hangnum"><a name="para14"></a><span class="paranum">14</span>.</p>\r\n<p class="gatha1"> Ekūnatiṃsamevasse,</p>\r\n<p class="gatha2">Visākhapuṇṇamevare;</p>\r\n<p class="gatha3">Sahasenāyauyyāsi,</p>\r\n<p class="gathalast">Yānenuyyānamaṇḍalaṃ.</p>\r\n<p class="hangnum"><a name="para15"></a><span class="paranum">15</span>.</p>\r\n<p class="gatha1"> </p>','\r',char(13)),'\n',char(10)),'-14-15-');
INSERT INTO pages (bookid, page, content, paranum) VALUES('annya_buddha_vandana_gantha_sanggaho_e0603n',30,replace(replace('<p class="gatha1">Nimittecaturodisvā<a name="M0.0030"></a>,</p>\r\n<p class="gatha2">Puttassacavijāyanaṃ;</p>\r\n<p class="gatha3">Sutvāubbiggacittena,</p>\r\n<p class="gathalast">Naramitthapuretahiṃ.</p>\r\n<p class="hangnum"><a name="para16"></a><span class="paranum">16</span>.</p>\r\n<p class="gatha1"> </p>','\r',char(13)),'\n',char(10)),'-16-');
INSERT INTO pages (bookid, page, content, paranum) VALUES('annya_buddha_vandana_gantha_sanggaho_e0603n',31,replace(replace('<p class="gatha1">Paccāgammapuraṃtamhā<a name="M0.0031"></a>,</p>\r\n<p class="gatha2">Pattopāsādamaṇḍalaṃ;</p>\r\n<p class="gatha3">Nippajjidevarājāva,</p>\r\n<p class="gathalast">Sayanesomahārahe.</p>\r\n<p class="hangnum"><a name="para17"></a><span class="paranum">17</span>.</p>\r\n<p class="gatha1"> </p>','\r',char(13)),'\n',char(10)),'-17-');
INSERT INTO pages (bookid, page, content, paranum) VALUES('annya_buddha_vandana_gantha_sanggaho_e0603n',32,replace(replace('<p class="gatha1">Sundarītaṃpurakkhitvā<a name="M0.0032"></a>,</p>\r\n<p class="gatha2">Naccagītenatosayuṃ;</p>\r\n<p class="gatha3">Evaṃpisonaramitvā,</p>\r\n<p class="gathalast">Āhunikkhamamānaso.</p>\r\n<p class="hangnum"><a name="para18"></a><span class="paranum">18</span>.</p>\r\n<p class="gatha1"> Pathamaṃrāhulaṃputtaṃ,</p>\r\n<p class="gatha2">Passitvānikkhamāmahaṃ;</p>\r\n<p class="gatha3">Iticintiyamāneso,</p>\r\n<p class="gatha2">Agājāyānivesanaṃ;</p>\r\n<p class="hangnum"><a name="para19"></a><span class="paranum">19</span>.</p>\r\n<p class="gatha1"> </p>','\r',char(13)),'\n',char(10)),'-18-19-');
INSERT INTO pages (bookid, page, content, paranum) VALUES('annya_buddha_vandana_gantha_sanggaho_e0603n',33,replace(replace('<p class="gatha1">Thapetvāpādadummāre<a name="M0.0033"></a>,</p>\r\n<p class="gatha2">Gīvamantopavesayaṃ;</p>\r\n<p class="gatha3">Olokayaṃsapassittha,</p>\r\n<p class="gathalast">Nippannaṃtaṃsamātaraṃ.</p>\r\n<p class="hangnum"><a name="para20"></a><span class="paranum">20</span>.</p>\r\n<p class="gatha1"> </p>','\r',char(13)),'\n',char(10)),'-20-');
INSERT INTO pages (bookid, page, content, paranum) VALUES('annya_buddha_vandana_gantha_sanggaho_e0603n',34,replace(replace('<p class="gatha1">Gaṇheyyaṃtaṃapanetvā<a name="M0.0034"></a>,</p>\r\n<p class="gatha2">Bāhuṃcedeviyāahaṃ;</p>\r\n<p class="gatha3">Nadadenikkhamokāsaṃ,</p>\r\n<p class="gathalast">Pabujjhitvāyasodharā.</p>\r\n<p class="hangnum"><a name="para21"></a><span class="paranum">21</span>.</p>\r\n<p class="gatha1"> Buddhapattovapasseyyaṃ,</p>\r\n<p class="gatha2">Rāhulaṃiticintiya;</p>\r\n<p class="gatha3">Kaṇḍakaṃāruhitvāna,</p>\r\n<p class="gathalast">Tamhāchannenanikkhami.</p>\r\n<p class="hangnum"><a name="para22"></a><span class="paranum">22</span>.</p>\r\n<p class="gatha1"> </p>','\r',char(13)),'\n',char(10)),'-21-22-');
INSERT INTO pages (bookid, page, content, paranum) VALUES('annya_buddha_vandana_gantha_sanggaho_e0603n',35,replace(replace('<p class="gatha1">Dvārāsayāvivariṃsu<a name="M0.0035"></a>,</p>\r\n<p class="gatha2">Devatādvāramaṇḍalaṃ;</p>\r\n<p class="gatha3">Ratanukkāsahassāni,</p>\r\n<p class="gathalast">Jālayiṃsumarūtahiṃ.</p>\r\n<p class="hangnum"><a name="para23"></a><span class="paranum">23</span>.</p>\r\n<p class="gatha1"> Mānikkhamassusiddhattha,</p>\r\n<p class="gatha2">Itotvaṃsattamedine;</p>','\r',char(13)),'\n',char(10)),'-23-');
INSERT INTO pages (bookid, page, content, paranum) VALUES('annya_buddha_vandana_gantha_sanggaho_e0603n',36,replace(replace('<p class="gatha3">Bhavissasecakkavattī<a name="M0.0036"></a>,</p>\r\n<p class="gathalast">Itinīvāripāpimā.</p>\r\n<p class="hangnum"><a name="para24"></a><span class="paranum">24</span>.</p>\r\n<p class="gatha1"> Tagghajānāmitaṃmāra,</p>\r\n<p class="gatha2">Idhamātiṭṭhapakkama;</p>\r\n<p class="gatha3">Itimāraṃ palāpetvā,</p>\r\n<p class="gathalast">Vissaṭṭhosoabhikkami.</p>\r\n<p class="hangnum"><a name="para25"></a><span class="paranum">25</span>.</p>\r\n<p class="gatha1"> </p>','\r',char(13)),'\n',char(10)),'-24-25-');
INSERT INTO pages (bookid, page, content, paranum) VALUES('annya_buddha_vandana_gantha_sanggaho_e0603n',37,replace(replace('<p class="gatha1">Patvānomanadītīraṃ<a name="M0.0037"></a>,</p>\r\n<p class="gatha2">Punāgamesituragaṃ;</p>\r\n<p class="gatha3">Channañcanagaraṃ bimbā;</p>\r\n<p class="gathalast">Devilāpaṭivedituṃ.</p>\r\n<p class="hangnum"><a name="para26"></a><span class="paranum">26</span>.</p>\r\n<p class="gatha1"> Bandhitaṃyasodharāya,</p>\r\n<p class="gatha2">Moḷiṃsugandhavāsitaṃ;</p>\r\n<p class="gatha3">Chetvākhaggenatiṇhena,</p>\r\n<p class="gathalast">Ukkhipitthatamambare.</p>\r\n<p class="hangnum"><a name="para27"></a><span class="paranum">27</span>.</p>\r\n<p class="gatha1"> </p>','\r',char(13)),'\n',char(10)),'-26-27-');
INSERT INTO pages (bookid, page, content, paranum) VALUES('annya_buddha_vandana_gantha_sanggaho_e0603n',38,replace(replace('<p class="gatha1">Aṭṭhaseṭṭhaparikkhāre<a name="M0.0038"></a>,</p>\r\n<p class="gatha2">Dhāretvābrahmunābhate;</p>\r\n<p class="gatha3">Hitvārājārahaṃdussaṃ,</p>\r\n<p class="gathalast">Samaṇatthamupāgami.</p>\r\n<p class="hangnum"><a name="para28"></a><span class="paranum">28</span>.</p>\r\n<p class="gatha1"> </p>','\r',char(13)),'\n',char(10)),'-28-');
INSERT INTO pages (bookid, page, content, paranum) VALUES('annya_buddha_vandana_gantha_sanggaho_e0603n',39,replace(replace('<p class="gatha1">Karontodukkaraṃkammaṃ<a name="M0.0039"></a>,</p>\r\n<p class="gatha2">Chabbassāniparakkamo;</p>\r\n<p class="gatha3">Oḷārikannapānehi;</p>\r\n<p class="gathalast">Dehaṃyāpesiṭhītiyā.</p>\r\n<p class="hangnum"><a name="para29"></a><span class="paranum">29</span>.</p>\r\n<p class="gatha1"> Visākhapuṇṇamehema,</p>\r\n<p class="gatha2">Pātiṃpāyasapūritaṃ;</p>\r\n<p class="gatha3">Sujātāyābhataṃgayha,</p>\r\n<p class="gathalast">Nerañcaramupāgami.</p>\r\n<p class="hangnum"><a name="para30"></a><span class="paranum">30</span>.</p>\r\n<p class="gatha1"> </p>','\r',char(13)),'\n',char(10)),'-29-30-');
INSERT INTO pages (bookid, page, content, paranum) VALUES('annya_buddha_vandana_gantha_sanggaho_e0603n',40,replace(replace('<p class="gatha1">Nerañcarāyatīramhi<a name="M0.0040"></a>,</p>\r\n<p class="gatha2">Sutvāpāyāsamuttamaṃ;</p>\r\n<p class="gatha3">Paṭiyatthavaramaggena,</p>\r\n<p class="gathalast">Bodhimaṇḍamupāgami.</p>\r\n<p class="hangnum"><a name="para31"></a><span class="paranum">31</span>.</p>\r\n<p class="gatha1"> </p>','\r',char(13)),'\n',char(10)),'-31-');
INSERT INTO pages (bookid, page, content, paranum) VALUES('annya_buddha_vandana_gantha_sanggaho_e0603n',41,replace(replace('<p class="gatha1">Jayāsanepallaṅkamhi<a name="M0.0041"></a>,</p>\r\n<p class="gatha2">Ṭhitodhiṭṭhesidhītimā;</p>\r\n<p class="gatha3">Navīriyaṃjahissāmi,</p>\r\n<p class="gathalast">Apattoitibuddhataṃ.</p>\r\n<p class="hangnum"><a name="para32"></a><span class="paranum">32</span>.</p>\r\n<p class="gatha1"> </p>','\r',char(13)),'\n',char(10)),'-32-');
INSERT INTO pages (bookid, page, content, paranum) VALUES('annya_buddha_vandana_gantha_sanggaho_e0603n',42,replace(replace('<p class="gatha1">Devindodhamayaṃsaṅkhaṃ<a name="M0.0042"></a>,</p>\r\n<p class="gatha2">Setacchattaṃpitāmaho;</p>\r\n<p class="gatha3">Dhārayaṃvādentovīṇaṃ,</p>\r\n<p class="gathalast">Pañcasīkhoṭhitotahiṃ.</p>\r\n<p class="hangnum"><a name="para33"></a><span class="paranum">33</span>.</p>\r\n<p class="gatha1"> Thutigītānigāyantī,</p>\r\n<p class="gatha2">Aṭṭhāsuṃdevasundarī;</p>\r\n<p class="gatha3">Gahetvāhemamañjūsā,</p>\r\n<p class="gathalast">Surapupphehipūritā.</p>\r\n<p class="hangnum"><a name="para34"></a><span class="paranum">34</span>.</p>\r\n<p class="gatha1"> </p>','\r',char(13)),'\n',char(10)),'-33-34-');
INSERT INTO pages (bookid, page, content, paranum) VALUES('annya_buddha_vandana_gantha_sanggaho_e0603n',43,replace(replace('<p class="gatha1">Anatthamentesūriye<a name="M0.0043"></a>,</p>\r\n<p class="gatha2">Mārasenaṃpalāpayī;</p>\r\n<p class="gatha3">Aruṇuggamanekāle,</p>\r\n<p class="gathalast">Pattosibuddhataṃvaraṃ.</p>\r\n<p class="hangnum"><a name="para35"></a><span class="paranum">35</span>.</p>\r\n<p class="gatha1"> Paṭṭhānaṃsammasantassa,</p>\r\n<p class="gatha2">Nāthassadehatosubhā;</p>','\r',char(13)),'\n',char(10)),'-35-');
INSERT INTO pages (bookid, page, content, paranum) VALUES('annya_buddha_vandana_gantha_sanggaho_e0603n',44,replace(replace('<p class="gatha3">Chabbaṇṇabhānicchadhanti<a name="M0.0044"></a>,</p>\r\n<p class="gathalast">Vidhāvanti tahiṃ tahiṃ.</p>\r\n<p class="hangnum"><a name="para36"></a><span class="paranum">36</span>.</p>\r\n<p class="gatha1"> Nīlānīlāpitāpītā,</p>\r\n<p class="gatha2">Rattārattācanicchare;</p>\r\n<p class="gatha3">Setāsetācamañciṭṭhā,</p>\r\n<p class="gathalast">Tamhātamhāpabhassarā.</p>\r\n<p class="hangnum"><a name="para37"></a><span class="paranum">37</span>.</p>\r\n<p class="gatha1"> </p>','\r',char(13)),'\n',char(10)),'-36-37-');
INSERT INTO pages (bookid, page, content, paranum) VALUES('annya_buddha_vandana_gantha_sanggaho_e0603n',45,replace(replace('<p class="gatha1">Buddhapattopibodheyya<a name="M0.0045"></a>,</p>\r\n<p class="gatha2">Dhammagambhīrataṃjino;</p>\r\n<p class="gatha3">Nisāmetvānadesetuṃ,</p>\r\n<p class="gathalast">Nirussāhamupāgato.</p>\r\n<p class="hangnum"><a name="para38"></a><span class="paranum">38</span>.</p>\r\n<p class="gatha1"> </p>','\r',char(13)),'\n',char(10)),'-38-');
INSERT INTO pages (bookid, page, content, paranum) VALUES('annya_buddha_vandana_gantha_sanggaho_e0603n',46,replace(replace('<p class="gatha1">Sahampatitadābrahmā<a name="M0.0046"></a>,</p>\r\n<p class="gatha2">Desanāyābhiyācati;</p>\r\n<p class="gatha3">Tenasopathamaṃseṭṭhaṃ,</p>\r\n<p class="gathalast">Dhammacakkamadesayi.</p>\r\n<p class="hangnum"><a name="para39"></a><span class="paranum">39</span>.</p>\r\n<p class="gatha1"> </p>','\r',char(13)),'\n',char(10)),'-39-');
INSERT INTO pages (bookid, page, content, paranum) VALUES('annya_buddha_vandana_gantha_sanggaho_e0603n',47,replace(replace('<p class="gatha1">Ekavassovasambuddho<a name="M0.0047"></a>,</p>\r\n<p class="gatha2">Varephagguṇapuṇṇame;</p>\r\n<p class="gatha3">Sakyānaṃnagaraṃgañchī,</p>\r\n<p class="gathalast">Sāvakehipurakkhato.</p>\r\n<p class="hangnum"><a name="para40"></a><span class="paranum">40</span>.</p>\r\n<p class="gatha1"> Samāgamamhiñātīnaṃ,</p>\r\n<p class="gatha2">Vassāpesisusītalaṃ;</p>','\r',char(13)),'\n',char(10)),'-40-');
INSERT INTO pages (bookid, page, content, paranum) VALUES('annya_buddha_vandana_gantha_sanggaho_e0603n',48,replace(replace('<p class="gatha3">Mahāmeghañcadesesi<a name="M0.0048"></a>,</p>\r\n<p class="gathalast">Vessantarassajātakaṃ.</p>\r\n<p class="hangnum"><a name="para41"></a><span class="paranum">41</span>.</p>\r\n<p class="gatha1"> Gantvāsāvakayugena,</p>\r\n<p class="gatha2">Yasodharāyamandiraṃ;</p>\r\n<p class="gatha3">Taṃtosetvānadesesi,</p>\r\n<p class="gathalast">Candakinnarajātakaṃ.</p>\r\n<p class="hangnum"><a name="para42"></a><span class="paranum">42</span>.</p>\r\n<p class="gatha1"> </p>','\r',char(13)),'\n',char(10)),'-41-42-');
INSERT INTO pages (bookid, page, content, paranum) VALUES('annya_buddha_vandana_gantha_sanggaho_e0603n',49,replace(replace('<p class="gatha1">Vasitvāsattamevasse<a name="M0.0049"></a>,</p>\r\n<p class="gatha2">Tāvatiṃse silāsane;</p>\r\n<p class="gatha3">Abhidhammena tosesi,</p>\r\n<p class="gathalast">Devabrahmagaṇaṃbahuṃ.</p>\r\n<p class="hangnum"><a name="para43"></a><span class="paranum">43</span>.</p>\r\n<p class="gatha1"> Pattharaṃñāṇajālena,</p>\r\n<p class="gatha2">Lokaṃlokesisabbadā;</p>\r\n<p class="gatha3">Bodhetuṃbodhiyābhāya;</p>\r\n<p class="gathalast">Bodheyyajanapaṅkajaṃ.</p>\r\n<p class="hangnum"><a name="para44"></a><span class="paranum">44</span>.</p>\r\n<p class="gatha1"> </p>','\r',char(13)),'\n',char(10)),'-43-44-');
INSERT INTO pages (bookid, page, content, paranum) VALUES('annya_buddha_vandana_gantha_sanggaho_e0603n',50,replace(replace('<p class="gatha1">Bodhaneyyaṃjanaṃdisvā<a name="M0.0050"></a>,</p>\r\n<p class="gatha2">Cakkavāḷaparaṃparā;</p>\r\n<p class="gatha3">Gantvāpivibodhesi,</p>\r\n<p class="gathalast">Buddhaseṭṭhosubodhimā.</p>\r\n<p class="hangnum"><a name="para45"></a><span class="paranum">45</span>.</p>\r\n<p class="gatha1"> Bakādikecabrahmāno,</p>\r\n<p class="gatha2">Yakkhecāḷavakādike;</p>\r\n<p class="gatha3">Purindadādikedeve,</p>\r\n<p class="gathalast">Sūcilomādirakkhase.</p>\r\n<p class="hangnum"><a name="para46"></a><span class="paranum">46</span>.</p>\r\n<p class="gatha1"> </p>','\r',char(13)),'\n',char(10)),'-45-46-');
INSERT INTO pages (bookid, page, content, paranum) VALUES('annya_buddha_vandana_gantha_sanggaho_e0603n',51,replace(replace('<p class="gatha1">Jāṇusoṇādikeneke<a name="M0.0051"></a>,</p>\r\n<p class="gatha2">Brāhmaṇecāvikakkhaḷe;</p>\r\n<p class="gatha3">Cūḷodarādikenāge,</p>\r\n<p class="gathalast">Dhanapālādikegaje.</p>\r\n<p class="hangnum"><a name="para47"></a><span class="paranum">47</span>.</p>\r\n<p class="gatha1"> Buddhāmayaṃtimaññante,</p>\r\n<p class="gatha2">Titthiyenekaladdhike;</p>\r\n<p class="gatha3">Damesidamataṃseṭṭho,</p>\r\n<p class="gathalast">Paravādappamaddano.</p>\r\n<p class="hangnum"><a name="para48"></a><span class="paranum">48</span>.</p>\r\n<p class="gatha1"> </p>','\r',char(13)),'\n',char(10)),'-47-48-');
INSERT INTO pages (bookid, page, content, paranum) VALUES('annya_buddha_vandana_gantha_sanggaho_e0603n',52,replace(replace('<p class="gatha1">Anubyañjanasampanno<a name="M0.0052"></a>,</p>\r\n<p class="gatha2">Esabāttiṃsalakkhaṇo;</p>\r\n<p class="gatha3">Byāmappabhāparikkhitto,</p>\r\n<p class="gathalast">Ketumālāsilaṅkhato.</p>\r\n<p class="hangnum"><a name="para49"></a><span class="paranum">49</span>.</p>\r\n<p class="gatha1"> </p>','\r',char(13)),'\n',char(10)),'-49-');
INSERT INTO pages (bookid, page, content, paranum) VALUES('annya_buddha_vandana_gantha_sanggaho_e0603n',53,replace(replace('<p class="gatha1">Caturāsītisahassa<a name="M0.0053"></a>,</p>\r\n<p class="gatha2">Dhammakkhandhesadesayi;</p>\r\n<p class="gatha3">Pañcatāthīsavassāni,</p>\r\n<p class="gathalast">Tilokassahitāyave.</p>\r\n<p class="hangnum"><a name="para50"></a><span class="paranum">50</span>.</p>\r\n<p class="gatha1"> Buddhakiccaṃkarontoso,</p>\r\n<p class="gatha2">Vahaṃlokahitaṃvaraṃ;</p>','\r',char(13)),'\n',char(10)),'-50-');
INSERT INTO pages (bookid, page, content, paranum) VALUES('annya_buddha_vandana_gantha_sanggaho_e0603n',54,replace(replace('<p class="gatha3">Mocayaṃbandhanāsatte<a name="M0.0054"></a>,</p>\r\n<p class="gathalast">Kālaṃkhepetisabbadā.</p>\r\n<p class="hangnum"><a name="para51"></a><span class="paranum">51</span>.</p>\r\n<p class="gatha1"> Yahiṃ āsītikonātho,</p>\r\n<p class="gatha2">Nibbutovaramañjake;</p>\r\n<p class="gatha3">Mahāsālavaneramme,</p>\r\n<p class="gathalast">Mallānaṃnigametahiṃ.</p>\r\n<p class="hangnum"><a name="para52"></a><span class="paranum">52</span>.</p>\r\n<p class="gatha1"> </p>','\r',char(13)),'\n',char(10)),'-51-52-');
INSERT INTO pages (bookid, page, content, paranum) VALUES('annya_buddha_vandana_gantha_sanggaho_e0603n',55,replace(replace('<p class="gatha1">Aggikkhandhovalokasmiṃ<a name="M0.0055"></a>,</p>\r\n<p class="gatha2">Jāletvānasasāvako;</p>\r\n<p class="gatha3">Nibbāyitthasaṅkhatānaṃ,</p>\r\n<p class="gathalast">Pakāsentoaniccataṃti.</p>','\r',char(13)),'\n',char(10)),'');
INSERT INTO pages (bookid, page, content, paranum) VALUES('annya_buddha_vandana_gantha_sanggaho_e0603n',56,replace(replace('<p class="gatha1">‘‘Namotebhagavānātha<a name="M0.0056"></a>,</p>\r\n<p class="gatha2">Namotejayataṃjaya;</p>\r\n<p class="gatha3">Namotesirisampanna,</p>\r\n<p class="gathalast">Namotelokanandana.’’</p>\r\n<p class="chapter">Buddhavandanā</p>\r\n<p class="hangnum"><a name="para1"></a><span class="paranum">1</span>.</p>\r\n<p class="gatha1"> Devalokā </p>','\r',char(13)),'\n',char(10)),'-1-');
INSERT INTO pages (bookid, page, content, paranum) VALUES('annya_buddha_vandana_gantha_sanggaho_e0603n',65,replace(replace('<p class="gatha1">cavitvāna<a name="M0.0065"></a>,</p>\r\n<p class="gatha2">Mahāmāyāya kucchiyaṃ;</p>\r\n<p class="gatha3">Uppajji guruvāramhi,</p>\r\n<p class="gathalast">Vandetaṃ sakyapuṅgavaṃ.</p>\r\n<p class="hangnum"><a name="para2"></a><span class="paranum">2</span>.</p>\r\n<p class="gatha1"> Dasamā saccaye </p>','\r',char(13)),'\n',char(10)),'-2-');
INSERT INTO pages (bookid, page, content, paranum) VALUES('annya_buddha_vandana_gantha_sanggaho_e0603n',66,replace(replace('<p class="gatha1">neso<a name="M0.0066"></a>,</p>\r\n<p class="gatha2">Vijāyi mātukucchito;</p>\r\n<p class="gatha3">Sukkavāre lumbiniyaṃ,</p>\r\n<p class="gathalast">Vande taṃ lokapūjitaṃ.</p>\r\n<p class="hangnum"><a name="para3"></a><span class="paranum">3</span>.</p>\r\n<p class="gatha1"> Cakkavattisiriṃ hitvā,</p>\r\n<p class="gatha2">Mahāsinikkhamaṃ sudhī;</p>\r\n<p class="gatha3">Nikkhamī candavāramhi,</p>\r\n<p class="gathalast">Name taṃ munikuñjaraṃ.</p>\r\n<p class="hangnum"><a name="para4"></a><span class="paranum">4</span>.</p>\r\n<p class="gatha1"> </p>','\r',char(13)),'\n',char(10)),'-3-4-');
INSERT INTO pages (bookid, page, content, paranum) VALUES('annya_buddha_vandana_gantha_sanggaho_e0603n',67,replace(replace('<p class="gatha1">Assatthabodhimūlamhi<a name="M0.0067"></a>,</p>\r\n<p class="gatha2">Pallaṅke aparājite;</p>\r\n<p class="gatha3">Patto sabbaññutaṃ nātho,</p>\r\n<p class="gathalast">Name taṃ budhavāsare.</p>\r\n<p class="hangnum"><a name="para5"></a><span class="paranum">5</span>.</p>\r\n<p class="gatha1"> </p>','\r',char(13)),'\n',char(10)),'-5-');
INSERT INTO pages (bookid, page, content, paranum) VALUES('annya_buddha_vandana_gantha_sanggaho_e0603n',68,replace(replace('<p class="gatha1">Pañcavaggiyamukhānaṃ<a name="M0.0068"></a>,</p>\r\n<p class="gatha2">Devānaṃ migadāvane;</p>\r\n<p class="gatha3">Sorivāre dhammacakkaṃ,</p>\r\n<p class="gathalast">Vattesi taṃ jinaṃ name.</p>\r\n<p class="hangnum"><a name="para6"></a><span class="paranum">6</span>.</p>\r\n<p class="gatha1"> Sabbasaṅkhatadhammānaṃ,</p>\r\n<p class="gatha2">Pakāsiyaaniccataṃ;</p>\r\n<p class="gatha3">Nibbutaṃaṅgavāramhi,</p>\r\n<p class="gathalast">Namādhiamatandadaṃ.</p>\r\n<p class="hangnum"><a name="para7"></a><span class="paranum">7</span>.</p>\r\n<p class="gatha1"> Sūriyavāre </p>','\r',char(13)),'\n',char(10)),'-6-7-');
INSERT INTO pages (bookid, page, content, paranum) VALUES('annya_buddha_vandana_gantha_sanggaho_e0603n',69,replace(replace('<p class="gatha1">soṇṇāya<a name="M0.0069"></a>,</p>\r\n<p class="gatha2">Doṇiyā jinaviggaho;</p>\r\n<p class="gatha3">Agginujjalito tassa,</p>\r\n<p class="gathalast">Name dhātusarīrakaṃ.</p>','\r',char(13)),'\n',char(10)),'');
INSERT INTO pages (bookid, page, content, paranum) VALUES('annya_buddha_vandana_gantha_sanggaho_e0603n',71,replace(replace('<p class="chapter">Uṇṇālomikanātha vandanā</p>\r\n<p class="gatha1">Uṇṇālodhikanāthassa<a name="M0.0071"></a>,</p>\r\n<p class="gatha2">Uṇṇāya bhamukantare;</p>\r\n<p class="gatha3">Vajirāviya sobhanti,</p>\r\n<p class="gathalast">Nikkhanti yo supaṇḍarā.</p>','\r',char(13)),'\n',char(10)),'');
INSERT INTO pages (bookid, page, content, paranum) VALUES('annya_buddha_vandana_gantha_sanggaho_e0603n',72,replace(replace('<p class="gatha1">Vajiragghanakāyassa<a name="M0.0072"></a>,</p>\r\n<p class="gatha2">Nāthassa dehato subhā;</p>\r\n<p class="gatha3">Vajireyyā niccharanti;</p>\r\n<p class="gathalast">Vijjūva gagaṇantare.</p>\r\n<p class="gatha1">Rinindamandahāsena,</p>\r\n<p class="gatha2">Dāṭhāya niccharā pabhā;</p>\r\n<p class="gatha3">Vipphūrisā disāsabbā,</p>\r\n<p class="gathalast">Vajirāyanti paṇḍarā.</p>','\r',char(13)),'\n',char(10)),'');
DELETE FROM books where id='annya_buddha_vandana_gantha_sanggaho_e0604n';
INSERT INTO books VALUES('annya_buddha_vandana_gantha_sanggaho_e0604n','annya','annya_buddha_vandana_gantha_sanggaho','Suttavandanā',1,86,75);
DELETE FROM tocs where book_id='annya_buddha_vandana_gantha_sanggaho_e0604n';
INSERT INTO tocs VALUES('annya_buddha_vandana_gantha_sanggaho_e0604n','Suttavandanā','chapter',1);
DELETE FROM paragraphs where book_id='annya_buddha_vandana_gantha_sanggaho_e0604n';
INSERT INTO paragraphs VALUES('annya_buddha_vandana_gantha_sanggaho_e0604n',1,1);
INSERT INTO paragraphs VALUES('annya_buddha_vandana_gantha_sanggaho_e0604n',2,13);
INSERT INTO paragraphs VALUES('annya_buddha_vandana_gantha_sanggaho_e0604n',3,14);
INSERT INTO paragraphs VALUES('annya_buddha_vandana_gantha_sanggaho_e0604n',4,15);
INSERT INTO paragraphs VALUES('annya_buddha_vandana_gantha_sanggaho_e0604n',5,15);
INSERT INTO paragraphs VALUES('annya_buddha_vandana_gantha_sanggaho_e0604n',6,16);
INSERT INTO paragraphs VALUES('annya_buddha_vandana_gantha_sanggaho_e0604n',7,17);
INSERT INTO paragraphs VALUES('annya_buddha_vandana_gantha_sanggaho_e0604n',8,18);
INSERT INTO paragraphs VALUES('annya_buddha_vandana_gantha_sanggaho_e0604n',9,19);
INSERT INTO paragraphs VALUES('annya_buddha_vandana_gantha_sanggaho_e0604n',10,19);
INSERT INTO paragraphs VALUES('annya_buddha_vandana_gantha_sanggaho_e0604n',11,20);
INSERT INTO paragraphs VALUES('annya_buddha_vandana_gantha_sanggaho_e0604n',12,20);
INSERT INTO paragraphs VALUES('annya_buddha_vandana_gantha_sanggaho_e0604n',13,21);
INSERT INTO paragraphs VALUES('annya_buddha_vandana_gantha_sanggaho_e0604n',14,21);
INSERT INTO paragraphs VALUES('annya_buddha_vandana_gantha_sanggaho_e0604n',15,22);
INSERT INTO paragraphs VALUES('annya_buddha_vandana_gantha_sanggaho_e0604n',16,23);
INSERT INTO paragraphs VALUES('annya_buddha_vandana_gantha_sanggaho_e0604n',17,23);
INSERT INTO paragraphs VALUES('annya_buddha_vandana_gantha_sanggaho_e0604n',18,24);
INSERT INTO paragraphs VALUES('annya_buddha_vandana_gantha_sanggaho_e0604n',19,24);
INSERT INTO paragraphs VALUES('annya_buddha_vandana_gantha_sanggaho_e0604n',20,25);
INSERT INTO paragraphs VALUES('annya_buddha_vandana_gantha_sanggaho_e0604n',21,25);
INSERT INTO paragraphs VALUES('annya_buddha_vandana_gantha_sanggaho_e0604n',22,26);
INSERT INTO paragraphs VALUES('annya_buddha_vandana_gantha_sanggaho_e0604n',23,27);
INSERT INTO paragraphs VALUES('annya_buddha_vandana_gantha_sanggaho_e0604n',24,27);
INSERT INTO paragraphs VALUES('annya_buddha_vandana_gantha_sanggaho_e0604n',25,28);
INSERT INTO paragraphs VALUES('annya_buddha_vandana_gantha_sanggaho_e0604n',26,29);
INSERT INTO paragraphs VALUES('annya_buddha_vandana_gantha_sanggaho_e0604n',27,29);
INSERT INTO paragraphs VALUES('annya_buddha_vandana_gantha_sanggaho_e0604n',28,30);
INSERT INTO paragraphs VALUES('annya_buddha_vandana_gantha_sanggaho_e0604n',29,31);
INSERT INTO paragraphs VALUES('annya_buddha_vandana_gantha_sanggaho_e0604n',30,32);
INSERT INTO paragraphs VALUES('annya_buddha_vandana_gantha_sanggaho_e0604n',31,32);
INSERT INTO paragraphs VALUES('annya_buddha_vandana_gantha_sanggaho_e0604n',32,33);
INSERT INTO paragraphs VALUES('annya_buddha_vandana_gantha_sanggaho_e0604n',33,34);
INSERT INTO paragraphs VALUES('annya_buddha_vandana_gantha_sanggaho_e0604n',34,34);
INSERT INTO paragraphs VALUES('annya_buddha_vandana_gantha_sanggaho_e0604n',35,34);
INSERT INTO paragraphs VALUES('annya_buddha_vandana_gantha_sanggaho_e0604n',36,35);
INSERT INTO paragraphs VALUES('annya_buddha_vandana_gantha_sanggaho_e0604n',37,36);
INSERT INTO paragraphs VALUES('annya_buddha_vandana_gantha_sanggaho_e0604n',38,37);
INSERT INTO paragraphs VALUES('annya_buddha_vandana_gantha_sanggaho_e0604n',39,38);
INSERT INTO paragraphs VALUES('annya_buddha_vandana_gantha_sanggaho_e0604n',40,38);
INSERT INTO paragraphs VALUES('annya_buddha_vandana_gantha_sanggaho_e0604n',41,39);
INSERT INTO paragraphs VALUES('annya_buddha_vandana_gantha_sanggaho_e0604n',42,40);
INSERT INTO paragraphs VALUES('annya_buddha_vandana_gantha_sanggaho_e0604n',43,41);
INSERT INTO paragraphs VALUES('annya_buddha_vandana_gantha_sanggaho_e0604n',44,42);
INSERT INTO paragraphs VALUES('annya_buddha_vandana_gantha_sanggaho_e0604n',45,42);
INSERT INTO paragraphs VALUES('annya_buddha_vandana_gantha_sanggaho_e0604n',46,43);
INSERT INTO paragraphs VALUES('annya_buddha_vandana_gantha_sanggaho_e0604n',47,44);
INSERT INTO paragraphs VALUES('annya_buddha_vandana_gantha_sanggaho_e0604n',48,44);
INSERT INTO paragraphs VALUES('annya_buddha_vandana_gantha_sanggaho_e0604n',49,45);
INSERT INTO paragraphs VALUES('annya_buddha_vandana_gantha_sanggaho_e0604n',50,46);
INSERT INTO paragraphs VALUES('annya_buddha_vandana_gantha_sanggaho_e0604n',51,47);
INSERT INTO paragraphs VALUES('annya_buddha_vandana_gantha_sanggaho_e0604n',52,47);
INSERT INTO paragraphs VALUES('annya_buddha_vandana_gantha_sanggaho_e0604n',53,48);
INSERT INTO paragraphs VALUES('annya_buddha_vandana_gantha_sanggaho_e0604n',54,48);
INSERT INTO paragraphs VALUES('annya_buddha_vandana_gantha_sanggaho_e0604n',55,49);
INSERT INTO paragraphs VALUES('annya_buddha_vandana_gantha_sanggaho_e0604n',56,49);
INSERT INTO paragraphs VALUES('annya_buddha_vandana_gantha_sanggaho_e0604n',57,50);
INSERT INTO paragraphs VALUES('annya_buddha_vandana_gantha_sanggaho_e0604n',58,51);
INSERT INTO paragraphs VALUES('annya_buddha_vandana_gantha_sanggaho_e0604n',59,51);
INSERT INTO paragraphs VALUES('annya_buddha_vandana_gantha_sanggaho_e0604n',60,53);
INSERT INTO paragraphs VALUES('annya_buddha_vandana_gantha_sanggaho_e0604n',61,53);
INSERT INTO paragraphs VALUES('annya_buddha_vandana_gantha_sanggaho_e0604n',62,54);
INSERT INTO paragraphs VALUES('annya_buddha_vandana_gantha_sanggaho_e0604n',63,55);
INSERT INTO paragraphs VALUES('annya_buddha_vandana_gantha_sanggaho_e0604n',64,56);
INSERT INTO paragraphs VALUES('annya_buddha_vandana_gantha_sanggaho_e0604n',65,57);
INSERT INTO paragraphs VALUES('annya_buddha_vandana_gantha_sanggaho_e0604n',66,58);
INSERT INTO paragraphs VALUES('annya_buddha_vandana_gantha_sanggaho_e0604n',67,59);
INSERT INTO paragraphs VALUES('annya_buddha_vandana_gantha_sanggaho_e0604n',68,59);
INSERT INTO paragraphs VALUES('annya_buddha_vandana_gantha_sanggaho_e0604n',69,60);
INSERT INTO paragraphs VALUES('annya_buddha_vandana_gantha_sanggaho_e0604n',70,61);
INSERT INTO paragraphs VALUES('annya_buddha_vandana_gantha_sanggaho_e0604n',71,61);
INSERT INTO paragraphs VALUES('annya_buddha_vandana_gantha_sanggaho_e0604n',72,62);
INSERT INTO paragraphs VALUES('annya_buddha_vandana_gantha_sanggaho_e0604n',73,62);
INSERT INTO paragraphs VALUES('annya_buddha_vandana_gantha_sanggaho_e0604n',74,63);
INSERT INTO paragraphs VALUES('annya_buddha_vandana_gantha_sanggaho_e0604n',75,64);
INSERT INTO paragraphs VALUES('annya_buddha_vandana_gantha_sanggaho_e0604n',76,64);
INSERT INTO paragraphs VALUES('annya_buddha_vandana_gantha_sanggaho_e0604n',77,65);
INSERT INTO paragraphs VALUES('annya_buddha_vandana_gantha_sanggaho_e0604n',78,66);
INSERT INTO paragraphs VALUES('annya_buddha_vandana_gantha_sanggaho_e0604n',79,66);
INSERT INTO paragraphs VALUES('annya_buddha_vandana_gantha_sanggaho_e0604n',80,67);
INSERT INTO paragraphs VALUES('annya_buddha_vandana_gantha_sanggaho_e0604n',81,68);
INSERT INTO paragraphs VALUES('annya_buddha_vandana_gantha_sanggaho_e0604n',82,68);
INSERT INTO paragraphs VALUES('annya_buddha_vandana_gantha_sanggaho_e0604n',83,69);
INSERT INTO paragraphs VALUES('annya_buddha_vandana_gantha_sanggaho_e0604n',84,69);
INSERT INTO paragraphs VALUES('annya_buddha_vandana_gantha_sanggaho_e0604n',85,70);
INSERT INTO paragraphs VALUES('annya_buddha_vandana_gantha_sanggaho_e0604n',86,71);
INSERT INTO paragraphs VALUES('annya_buddha_vandana_gantha_sanggaho_e0604n',87,71);
INSERT INTO paragraphs VALUES('annya_buddha_vandana_gantha_sanggaho_e0604n',88,72);
INSERT INTO paragraphs VALUES('annya_buddha_vandana_gantha_sanggaho_e0604n',89,72);
INSERT INTO paragraphs VALUES('annya_buddha_vandana_gantha_sanggaho_e0604n',90,73);
INSERT INTO paragraphs VALUES('annya_buddha_vandana_gantha_sanggaho_e0604n',91,73);
INSERT INTO paragraphs VALUES('annya_buddha_vandana_gantha_sanggaho_e0604n',92,74);
INSERT INTO paragraphs VALUES('annya_buddha_vandana_gantha_sanggaho_e0604n',93,75);
INSERT INTO paragraphs VALUES('annya_buddha_vandana_gantha_sanggaho_e0604n',94,76);
INSERT INTO paragraphs VALUES('annya_buddha_vandana_gantha_sanggaho_e0604n',95,76);
INSERT INTO paragraphs VALUES('annya_buddha_vandana_gantha_sanggaho_e0604n',96,77);
INSERT INTO paragraphs VALUES('annya_buddha_vandana_gantha_sanggaho_e0604n',97,77);
INSERT INTO paragraphs VALUES('annya_buddha_vandana_gantha_sanggaho_e0604n',98,78);
INSERT INTO paragraphs VALUES('annya_buddha_vandana_gantha_sanggaho_e0604n',99,78);
INSERT INTO paragraphs VALUES('annya_buddha_vandana_gantha_sanggaho_e0604n',100,79);
INSERT INTO paragraphs VALUES('annya_buddha_vandana_gantha_sanggaho_e0604n',101,80);
INSERT INTO paragraphs VALUES('annya_buddha_vandana_gantha_sanggaho_e0604n',102,80);
INSERT INTO paragraphs VALUES('annya_buddha_vandana_gantha_sanggaho_e0604n',103,81);
INSERT INTO paragraphs VALUES('annya_buddha_vandana_gantha_sanggaho_e0604n',104,82);
INSERT INTO paragraphs VALUES('annya_buddha_vandana_gantha_sanggaho_e0604n',105,82);
INSERT INTO paragraphs VALUES('annya_buddha_vandana_gantha_sanggaho_e0604n',106,83);
INSERT INTO paragraphs VALUES('annya_buddha_vandana_gantha_sanggaho_e0604n',107,83);
INSERT INTO paragraphs VALUES('annya_buddha_vandana_gantha_sanggaho_e0604n',108,84);
INSERT INTO paragraphs VALUES('annya_buddha_vandana_gantha_sanggaho_e0604n',109,85);
INSERT INTO paragraphs VALUES('annya_buddha_vandana_gantha_sanggaho_e0604n',111,85);
DELETE FROM pages where bookid='annya_buddha_vandana_gantha_sanggaho_e0604n';
INSERT INTO pages (bookid, page, content, paranum) VALUES('annya_buddha_vandana_gantha_sanggaho_e0604n',1,replace(replace('<p class="centered"> Namo tassa bhagavato arahato sammāsambuddhassa</p>\r\n<p class="chapter">Suttavandanā</p>\r\n<p class="hangnum"><a name="para1"></a><span class="paranum">1</span>.</p>\r\n<p class="gatha1"> </p>','\r',char(13)),'\n',char(10)),'-1-');
INSERT INTO pages (bookid, page, content, paranum) VALUES('annya_buddha_vandana_gantha_sanggaho_e0604n',13,replace(replace('<p class="gatha1">Dhammattha <a name="M0.0013"></a> desanā vedha,</p>\r\n<p class="gatha2">Catugambhīra duddasaṃ;</p>\r\n<p class="gatha3">Dhammaṃ lokassa desentaṃ,</p>\r\n<p class="gathalast">Dhammarājaṃ namāmahaṃ;</p>\r\n<p class="hangnum"><a name="para2"></a><span class="paranum">2</span>.</p>\r\n<p class="gatha1"> </p>','\r',char(13)),'\n',char(10)),'-2-');
INSERT INTO pages (bookid, page, content, paranum) VALUES('annya_buddha_vandana_gantha_sanggaho_e0604n',14,replace(replace('<p class="gatha1">Buddho <a name="M0.0014"></a> paccekabuddho ca,</p>\r\n<p class="gatha2">Arahā cakkavattīti;</p>\r\n<p class="gatha3">Thūpāthūpārahaṃ vande,</p>\r\n<p class="gathalast">Catuthūpārahesu taṃ;</p>\r\n<p class="hangnum"><a name="para3"></a><span class="paranum">3</span>.</p>\r\n<p class="gatha1"> </p>','\r',char(13)),'\n',char(10)),'-3-');
INSERT INTO pages (bookid, page, content, paranum) VALUES('annya_buddha_vandana_gantha_sanggaho_e0604n',15,replace(replace('<p class="gatha1">Petaseyyo <a name="M0.0015"></a> kāmabhogī,</p>\r\n<p class="gatha2">Sīhaseyyo tathāgato;</p>\r\n<p class="gatha3">Sayantaṃ catuseyyesu,</p>\r\n<p class="gathalast">Catutthena name jinaṃ;</p>\r\n<p class="hangnum"><a name="para4"></a><span class="paranum">4</span>.</p>\r\n<p class="gatha1"> Aṇḍajā jalābujā ca;</p>\r\n<p class="gatha2">Saṃsedajo papātikā;</p>\r\n<p class="gatha3">Catuyoni pariccheda,</p>\r\n<p class="gathalast">Ñāṇavantaṃ name jinaṃ;</p>\r\n<p class="hangnum"><a name="para5"></a><span class="paranum">5</span>.</p>\r\n<p class="gatha1"> </p>','\r',char(13)),'\n',char(10)),'-4-5-');
INSERT INTO pages (bookid, page, content, paranum) VALUES('annya_buddha_vandana_gantha_sanggaho_e0604n',16,replace(replace('<p class="gatha1">Sutabuddhonubuddho <a name="M0.0016"></a> ca,</p>\r\n<p class="gatha2">Pacceko jinabuddhoti;</p>\r\n<p class="gatha3">Catutthaṃ catubuddhesu,</p>\r\n<p class="gathalast">Vandāmi lokanāyakaṃ;</p>\r\n<p class="hangnum"><a name="para6"></a><span class="paranum">6</span>.</p>\r\n<p class="gatha1"> </p>','\r',char(13)),'\n',char(10)),'-6-');
INSERT INTO pages (bookid, page, content, paranum) VALUES('annya_buddha_vandana_gantha_sanggaho_e0604n',17,replace(replace('<p class="gatha1">Rāhuggaṃ <a name="M0.0017"></a> attabhāgīnaṃ,</p>\r\n<p class="gatha2">Mandhātā kāmabhogīnaṃ;</p>\r\n<p class="gatha3">Māro adhipateyyānaṃ,</p>\r\n<p class="gatha2">Buddho loke sadevake;</p>\r\n<p class="gatha3">Catuagga paññattīnaṃ,</p>\r\n<p class="gathalast">Aggapattaṃ name jinaṃ.</p>\r\n<p class="hangnum"><a name="para7"></a><span class="paranum">7</span>.</p>\r\n<p class="gatha1"> </p>','\r',char(13)),'\n',char(10)),'-7-');
INSERT INTO pages (bookid, page, content, paranum) VALUES('annya_buddha_vandana_gantha_sanggaho_e0604n',18,replace(replace('<p class="gatha1">Dānaṃ <a name="M0.0018"></a> piyakathā attha,</p>\r\n<p class="gatha2">Cariyā sadisattatā;</p>\r\n<p class="gatha3">Catusaṅgaha vatthūhi,</p>\r\n<p class="gatha2">Asaṅkhiyesu jātisu;</p>\r\n<p class="gatha3">Lokassa saṅgahetāraṃ,</p>\r\n<p class="gathalast">Vandāmi lokanāyakaṃ;</p>\r\n<p class="hangnum"><a name="para8"></a><span class="paranum">8</span>.</p>\r\n<p class="gatha1"> Lobho doso ca mohoti,</p>\r\n<p class="gatha2">Anto paccatthike tayo;</p>','\r',char(13)),'\n',char(10)),'-8-');
INSERT INTO pages (bookid, page, content, paranum) VALUES('annya_buddha_vandana_gantha_sanggaho_e0604n',19,replace(replace('<p class="gatha3">Dujjaye <a name="M0.0019"></a> sabbaverīhi,</p>\r\n<p class="gathalast">Sañjitaṃpi sudhiṃ name;</p>\r\n<p class="hangnum"><a name="para9"></a><span class="paranum">9</span>.</p>\r\n<p class="gatha1"> Jāti puñña mahattāni,</p>\r\n<p class="gatha2">Guṇamahattamuttamaṃ;</p>\r\n<p class="gatha3">Timahatthehi sampannaṃ,</p>\r\n<p class="gathalast">Vandāmi lokanāyakaṃ;</p>\r\n<p class="hangnum"><a name="para10"></a><span class="paranum">10</span>.</p>\r\n<p class="gatha1"> </p>','\r',char(13)),'\n',char(10)),'-9-10-');
INSERT INTO pages (bookid, page, content, paranum) VALUES('annya_buddha_vandana_gantha_sanggaho_e0604n',20,replace(replace('<p class="gatha1">Hetu <a name="M0.0020"></a> phala sampadāyo,</p>\r\n<p class="gatha2">Sattupakārasampadā;</p>\r\n<p class="gatha3">Tisampadāhi sampannaṃ,</p>\r\n<p class="gathalast">Vandāmi lokanāyakaṃ.</p>\r\n<p class="hangnum"><a name="para11"></a><span class="paranum">11</span>.</p>\r\n<p class="gatha1"> Ñāṇappahānānubhāva,</p>\r\n<p class="gatha2">Surūpakārasampadā;</p>\r\n<p class="gatha3">Catuphala sampadāhi,</p>\r\n<p class="gathalast">Taṃ sampannaṃ name jinaṃ.</p>\r\n<p class="hangnum"><a name="para12"></a><span class="paranum">12</span>.</p>\r\n<p class="gatha1"> </p>','\r',char(13)),'\n',char(10)),'-11-12-');
INSERT INTO pages (bookid, page, content, paranum) VALUES('annya_buddha_vandana_gantha_sanggaho_e0604n',21,replace(replace('<p class="gatha1">Āsayo <a name="M0.0021"></a> ca payogoti,</p>\r\n<p class="gatha2">Sattupakāra sampadā;</p>\r\n<p class="gatha3">Duvidhā yassa sampannā,</p>\r\n<p class="gathalast">Sammā maṃ pātu so jino.</p>\r\n<p class="hangnum"><a name="para13"></a><span class="paranum">13</span>.</p>\r\n<p class="gatha1"> Mahosadhe vessantare,</p>\r\n<p class="gatha2">Pacchimabhavike tathā;</p>\r\n<p class="gatha3">Tijātīsu name vācaṃ,</p>\r\n<p class="gathalast">Bhāsentaṃ jāyanakkhaṇe.</p>\r\n<p class="hangnum"><a name="para14"></a><span class="paranum">14</span>.</p>\r\n<p class="gatha1"> </p>','\r',char(13)),'\n',char(10)),'-13-14-');
INSERT INTO pages (bookid, page, content, paranum) VALUES('annya_buddha_vandana_gantha_sanggaho_e0604n',22,replace(replace('<p class="gatha1">Nemimhi <a name="M0.0022"></a> sādhine ceva,</p>\r\n<p class="gatha2">Mandhātari ca guttile;</p>\r\n<p class="gatha3">Catūsu manujattena,</p>\r\n<p class="gathalast">Devalokaṃ gataṃ name.</p>\r\n<p class="hangnum"><a name="para15"></a><span class="paranum">15</span>.</p>\r\n<p class="gatha1"> Saṅkhāro rūpavikāro,</p>\r\n<p class="gatha2">Lakkhaṇaṃ vānanissaṭaṃ;</p>','\r',char(13)),'\n',char(10)),'-15-');
INSERT INTO pages (bookid, page, content, paranum) VALUES('annya_buddha_vandana_gantha_sanggaho_e0604n',23,replace(replace('<p class="gatha3">Nibbānaṃ <a name="M0.0023"></a> paññatticeti,</p>\r\n<p class="gathalast">Pañca ñeyyantaguṃ name.</p>\r\n<p class="hangnum"><a name="para16"></a><span class="paranum">16</span>.</p>\r\n<p class="gatha1"> Putta dāra pariccāgā,</p>\r\n<p class="gatha2">Rajjaṅgaṃ jīva cāgīti;</p>\r\n<p class="gatha3">Pañca mahāpariccāge,</p>\r\n<p class="gathalast">Karaṃ sudukkare name.</p>\r\n<p class="hangnum"><a name="para17"></a><span class="paranum">17</span>.</p>\r\n<p class="gatha1"> </p>','\r',char(13)),'\n',char(10)),'-16-17-');
INSERT INTO pages (bookid, page, content, paranum) VALUES('annya_buddha_vandana_gantha_sanggaho_e0604n',24,replace(replace('<p class="gatha1">Rūpañca <a name="M0.0024"></a> vedanā saññā,</p>\r\n<p class="gatha2">Saṅkhārā viññāṇantime;</p>\r\n<p class="gatha3">Pañcakkhandhe parijānaṃ,</p>\r\n<p class="gathalast">Tipariññāhi taṃ name.</p>\r\n<p class="hangnum"><a name="para18"></a><span class="paranum">18</span>.</p>\r\n<p class="gatha1"> Manussa deva gatiyo,</p>\r\n<p class="gatha2">Peto ca nirayo tathā;</p>\r\n<p class="gatha3">Tiracchānoti pañcetā,</p>\r\n<p class="gathalast">Chindantaṃ gatiyo name;</p>\r\n<p class="hangnum"><a name="para19"></a><span class="paranum">19</span>.</p>\r\n<p class="gatha1"> </p>','\r',char(13)),'\n',char(10)),'-18-19-');
INSERT INTO pages (bookid, page, content, paranum) VALUES('annya_buddha_vandana_gantha_sanggaho_e0604n',25,replace(replace('<p class="gatha1">Devaputto <a name="M0.0025"></a> kileso ca,</p>\r\n<p class="gatha2">Abhisaṅkhāra mārako;</p>\r\n<p class="gatha3">Khandho maccūti pañcete,</p>\r\n<p class="gathalast">Māre vijitavaṃ name.</p>\r\n<p class="hangnum"><a name="para20"></a><span class="paranum">20</span>.</p>\r\n<p class="gatha1"> Purebhattaṃ pacchābhattaṃ,</p>\r\n<p class="gatha2">Purimañceva majjhimaṃ;</p>\r\n<p class="gatha3">Pacchimanti sadā pañca,</p>\r\n<p class="gathalast">Buddhakiccaṃ karaṃ name.</p>\r\n<p class="hangnum"><a name="para21"></a><span class="paranum">21</span>.</p>\r\n<p class="gatha1"> </p>','\r',char(13)),'\n',char(10)),'-20-21-');
INSERT INTO pages (bookid, page, content, paranum) VALUES('annya_buddha_vandana_gantha_sanggaho_e0604n',26,replace(replace('<p class="gatha1">Rūpā <a name="M0.0026"></a> saddā gandhā rasā,</p>\r\n<p class="gatha2">Phoṭṭhabbā ca manoramā;</p>\r\n<p class="gatha3">Pañca kāmaguṇe hitvā,</p>\r\n<p class="gathalast">Kheḷaṃva niggataṃ name.</p>\r\n<p class="hangnum"><a name="para22"></a><span class="paranum">22</span>.</p>\r\n<p class="gatha1"> </p>','\r',char(13)),'\n',char(10)),'-22-');
INSERT INTO pages (bookid, page, content, paranum) VALUES('annya_buddha_vandana_gantha_sanggaho_e0604n',27,replace(replace('<p class="gatha1">Rāgasallaṃ <a name="M0.0027"></a> dosasallaṃ,</p>\r\n<p class="gatha2">Mohā māno ca diṭṭhīti;</p>\r\n<p class="gatha3">Vande vajjātivajjantaṃ,</p>\r\n<p class="gathalast">Pañcasallapanūdanaṃ.</p>\r\n<p class="hangnum"><a name="para23"></a><span class="paranum">23</span>.</p>\r\n<p class="gatha1"> Dīgho majjhima saṃyuttā,</p>\r\n<p class="gatha2">Aṅguttaro ca khuddako;</p>\r\n<p class="gatha3">Iti pañca nikāyehi,</p>\r\n<p class="gathalast">Suvinentaṃ pajaṃ name.</p>\r\n<p class="hangnum"><a name="para24"></a><span class="paranum">24</span>.</p>\r\n<p class="gatha1"> </p>','\r',char(13)),'\n',char(10)),'-23-24-');
INSERT INTO pages (bookid, page, content, paranum) VALUES('annya_buddha_vandana_gantha_sanggaho_e0604n',28,replace(replace('<p class="gatha1">Issariyaṃ <a name="M0.0028"></a> yaso dhammo,</p>\r\n<p class="gatha2">Kāmo sirī payattīti;</p>\r\n<p class="gatha3">Bhagyehi chahi sampannaṃ,</p>\r\n<p class="gathalast">Vandāmi lokanāyakaṃ.</p>\r\n<p class="hangnum"><a name="para25"></a><span class="paranum">25</span>.</p>\r\n<p class="gatha1"> </p>','\r',char(13)),'\n',char(10)),'-25-');
INSERT INTO pages (bookid, page, content, paranum) VALUES('annya_buddha_vandana_gantha_sanggaho_e0604n',29,replace(replace('<p class="gatha1">Piyāpiyaṃ <a name="M0.0029"></a> bhūtābhūtaṃ,</p>\r\n<p class="gatha2">Atthānatthaṃ yathārahaṃ;</p>\r\n<p class="gatha3">Missā chasu suvācaṃva,</p>\r\n<p class="gathalast">Bhāsantaṃ atthakaṃ name.</p>\r\n<p class="hangnum"><a name="para26"></a><span class="paranum">26</span>.</p>\r\n<p class="gatha1"> Alaso ca pamādo ca,</p>\r\n<p class="gatha2">Anuṭṭhānaṃ asaṃyamo;</p>\r\n<p class="gatha3">Niddā tantīti chiddehi,</p>\r\n<p class="gathalast">Chahi muttaṃ sadā name.</p>\r\n<p class="hangnum"><a name="para27"></a><span class="paranum">27</span>.</p>\r\n<p class="gatha1"> </p>','\r',char(13)),'\n',char(10)),'-26-27-');
INSERT INTO pages (bookid, page, content, paranum) VALUES('annya_buddha_vandana_gantha_sanggaho_e0604n',30,replace(replace('<p class="gatha1">Mahākaruṇāsamāpatti<a name="M0.0030"></a>,</p>\r\n<p class="gatha2">Yamakappāṭihāriyaṃ;</p>\r\n<p class="gatha3">Āsayānusaye ñāṇaṃ,</p>\r\n<p class="gatha2">Indriyāna paropare;</p>\r\n<p class="gatha3">Sabbaññutā nāvaraṇaṃ,</p>\r\n<p class="gathalast">Chā sādhāraṇikaṃ name.</p>\r\n<p class="hangnum"><a name="para28"></a><span class="paranum">28</span>.</p>\r\n<p class="gatha1"> </p>','\r',char(13)),'\n',char(10)),'-28-');
INSERT INTO pages (bookid, page, content, paranum) VALUES('annya_buddha_vandana_gantha_sanggaho_e0604n',31,replace(replace('<p class="gatha1">Kāmacchando <a name="M0.0031"></a> ca byāpādo,</p>\r\n<p class="gatha2">Thinamiddhañca saṃsayo;</p>\r\n<p class="gatha3">Avijjuddhacca kukkuccaṃ,</p>\r\n<p class="gathalast">Chavinīvaraṇaṃ name.</p>\r\n<p class="hangnum"><a name="para29"></a><span class="paranum">29</span>.</p>\r\n<p class="gatha1"> Iddhividhaṃ dibbasotaṃ,</p>\r\n<p class="gatha2">Paracitta vijānanā;</p>','\r',char(13)),'\n',char(10)),'-29-');
INSERT INTO pages (bookid, page, content, paranum) VALUES('annya_buddha_vandana_gantha_sanggaho_e0604n',32,replace(replace('<p class="gatha3">Pubbenivāsānussati<a name="M0.0032"></a>,</p>\r\n<p class="gatha2">Dibbacakkhāsavakkhayo;</p>\r\n<p class="gatha3">Chaḷabhiññāhi sampannaṃ,</p>\r\n<p class="gathalast">Vandāmi purisuttamaṃ.</p>\r\n<p class="hangnum"><a name="para30"></a><span class="paranum">30</span>.</p>\r\n<p class="gatha1"> Nīla pītā ca odātā,</p>\r\n<p class="gatha2">Mañjiṭṭhā ca pabhassarā;</p>\r\n<p class="gatha3">Lohitāti cha raṃsīhī,</p>\r\n<p class="gathalast">Vijjotantaṃ sadā name.</p>\r\n<p class="hangnum"><a name="para31"></a><span class="paranum">31</span>.</p>\r\n<p class="gatha1"> </p>','\r',char(13)),'\n',char(10)),'-30-31-');
INSERT INTO pages (bookid, page, content, paranum) VALUES('annya_buddha_vandana_gantha_sanggaho_e0604n',33,replace(replace('<p class="gatha1">Assādādīnavo <a name="M0.0033"></a> ceva,</p>\r\n<p class="gatha2">Nissaraṇaphalaṃ tathā;</p>\r\n<p class="gatha3">Upāyāṇattīti chadhā,</p>\r\n<p class="gathalast">Saddhammadesakaṃ name.</p>\r\n<p class="hangnum"><a name="para32"></a><span class="paranum">32</span>.</p>\r\n<p class="gatha1"> </p>','\r',char(13)),'\n',char(10)),'-32-');
INSERT INTO pages (bookid, page, content, paranum) VALUES('annya_buddha_vandana_gantha_sanggaho_e0604n',34,replace(replace('<p class="gatha1">Rāgo <a name="M0.0034"></a> doso ca moho ca,</p>\r\n<p class="gatha2">Vitakkacariyā tathā;</p>\r\n<p class="gatha3">Saddhā buddhīti bhājentaṃ,</p>\r\n<p class="gathalast">Tā chaḷecariyā name.</p>\r\n<p class="hangnum"><a name="para33"></a><span class="paranum">33</span>.</p>\r\n<p class="gatha1"> Rajataṃ kanakaṃ muttā,</p>\r\n<p class="gatha2">Maṇi veḷuriyāni ca;</p>\r\n<p class="gatha3">Vajirañca pavāḷanti,</p>\r\n<p class="gathalast">Seṭṭhi sattadhano viya.</p>\r\n<p class="hangnum"><a name="para34"></a><span class="paranum">34</span>.</p>\r\n<p class="gatha1"> Saddhāsīlaṃ sutaṃcāgo,</p>\r\n<p class="gatha2">Hirī ottappiyaṃ dhanaṃ,</p>\r\n<p class="gatha3">Paññādhananti sambuddhaṃ,</p>\r\n<p class="gathalast">Vande sattamahādhanaṃ.</p>\r\n<p class="hangnum"><a name="para35"></a><span class="paranum">35</span>.</p>\r\n<p class="gatha1"> </p>','\r',char(13)),'\n',char(10)),'-33-34-35-');
INSERT INTO pages (bookid, page, content, paranum) VALUES('annya_buddha_vandana_gantha_sanggaho_e0604n',35,replace(replace('<p class="gatha1">Cakkaṃ <a name="M0.0035"></a> hatthi asso maṇi,</p>\r\n<p class="gatha2">Gahapatitthiyo tathā;</p>\r\n<p class="gatha3">Supariṇāyakocāti,</p>\r\n<p class="gathalast">Sattaratano cakkavattīva.</p>\r\n<p class="hangnum"><a name="para36"></a><span class="paranum">36</span>.</p>\r\n<p class="gatha1"> Sati dhammavicayo ca,</p>\r\n<p class="gatha2">Tatheva vīriyaṃ pīti;</p>','\r',char(13)),'\n',char(10)),'-36-');
INSERT INTO pages (bookid, page, content, paranum) VALUES('annya_buddha_vandana_gantha_sanggaho_e0604n',36,replace(replace('<p class="gatha3">Passaddhi <a name="M0.0036"></a> samādhupekkhā,</p>\r\n<p class="gatha2">Saddhamma cakkavattikaṃ;</p>\r\n<p class="gatha3">Satta bojjhaṅgaratanaṃ,</p>\r\n<p class="gathalast">Namāmi purisuttamaṃ.</p>\r\n<p class="hangnum"><a name="para37"></a><span class="paranum">37</span>.</p>\r\n<p class="gatha1"> </p>','\r',char(13)),'\n',char(10)),'-37-');
INSERT INTO pages (bookid, page, content, paranum) VALUES('annya_buddha_vandana_gantha_sanggaho_e0604n',37,replace(replace('<p class="gatha1">Yugandharo <a name="M0.0037"></a> īsadharo,</p>\r\n<p class="gatha2">Karavīko sudassano;</p>\r\n<p class="gatha3">Nemindharo vinatako,</p>\r\n<p class="gatha2">Assakaṇṇo mahānage;</p>\r\n<p class="gatha3">Sattete hattharūpaṃva,</p>\r\n<p class="gathalast">Sampassantaṃ jinaṃ name.</p>\r\n<p class="hangnum"><a name="para38"></a><span class="paranum">38</span>.</p>\r\n<p class="gatha1"> Kaṇṇamuṇḍo anotatto,</p>\r\n<p class="gatha2">Kuṇālo rathakārako;</p>\r\n<p class="gatha3">Sīhappapāta chaddantā,</p>\r\n<p class="gatha2">Mandākinī mahāsare;</p>','\r',char(13)),'\n',char(10)),'-38-');
INSERT INTO pages (bookid, page, content, paranum) VALUES('annya_buddha_vandana_gantha_sanggaho_e0604n',38,replace(replace('<p class="gatha3">Sattete <a name="M0.0038"></a> sabbathā passaṃ,</p>\r\n<p class="gathalast">Diṭṭheva pātikaṃ name.</p>\r\n<p class="hangnum"><a name="para39"></a><span class="paranum">39</span>.</p>\r\n<p class="gatha1"> Manussattaṃ liṅgasampatti,</p>\r\n<p class="gatha2">Hetu satthāradassanaṃ;</p>\r\n<p class="gatha3">Pabbajjā guṇasampatti,</p>\r\n<p class="gatha2">Adhikāro ca chandatā;</p>\r\n<p class="gatha3">Aṭṭhadhamma samodhānā,</p>\r\n<p class="gathalast">Bhinīhārantaguṃ name.</p>\r\n<p class="hangnum"><a name="para40"></a><span class="paranum">40</span>.</p>\r\n<p class="gatha1"> </p>','\r',char(13)),'\n',char(10)),'-39-40-');
INSERT INTO pages (bookid, page, content, paranum) VALUES('annya_buddha_vandana_gantha_sanggaho_e0604n',39,replace(replace('<p class="gatha1">Visaṭṭhaṃ <a name="M0.0039"></a> mañju viññeyyaṃ,</p>\r\n<p class="gatha2">Savanīyāvisāriṇā;</p>\r\n<p class="gatha3">Gambhīro binduninnādo,</p>\r\n<p class="gathalast">Aṭṭhaṅgikasaraṃ name.</p>\r\n<p class="hangnum"><a name="para41"></a><span class="paranum">41</span>.</p>\r\n<p class="gatha1"> </p>','\r',char(13)),'\n',char(10)),'-41-');
INSERT INTO pages (bookid, page, content, paranum) VALUES('annya_buddha_vandana_gantha_sanggaho_e0604n',40,replace(replace('<p class="gatha1">Cattāri <a name="M0.0040"></a> rūpajhānāni,</p>\r\n<p class="gatha2">Tathevārūpajhānāni;</p>\r\n<p class="gatha3">Tā samāpattiyo aṭṭha,</p>\r\n<p class="gathalast">Sevantaṃ ruciyā name.</p>\r\n<p class="hangnum"><a name="para42"></a><span class="paranum">42</span>.</p>\r\n<p class="gatha1"> Aṇimā laṅghimā kammaṃ,</p>\r\n<p class="gatha2">Mahimā pattimā tathā;</p>','\r',char(13)),'\n',char(10)),'-42-');
INSERT INTO pages (bookid, page, content, paranum) VALUES('annya_buddha_vandana_gantha_sanggaho_e0604n',41,replace(replace('<p class="gatha3">Īsitā <a name="M0.0041"></a> vasitā ceva,</p>\r\n<p class="gatha2">Yatthakāmāvasāyitā;</p>\r\n<p class="gatha3">Aṭṭhissariya puṇṇattā,</p>\r\n<p class="gathalast">Issarātissaraṃ name.</p>\r\n<p class="hangnum"><a name="para43"></a><span class="paranum">43</span>.</p>\r\n<p class="gatha1"> </p>','\r',char(13)),'\n',char(10)),'-43-');
INSERT INTO pages (bookid, page, content, paranum) VALUES('annya_buddha_vandana_gantha_sanggaho_e0604n',42,replace(replace('<p class="gatha1">Manomayiddhiñāṇañca<a name="M0.0042"></a>,</p>\r\n<p class="gatha2">Chaḷabhiññā vipassanā;</p>\r\n<p class="gatha3">Aṭṭhavijjāhi sampannaṃ,</p>\r\n<p class="gathalast">Vande tilokaketukaṃ.</p>\r\n<p class="hangnum"><a name="para44"></a><span class="paranum">44</span>.</p>\r\n<p class="gatha1"> Jāti jarā rujā kālo,</p>\r\n<p class="gatha2">Caturāpāyadukkhāti;</p>\r\n<p class="gatha3">Aṭṭha saṃvegavatthūni,</p>\r\n<p class="gathalast">Bhāsantaṃ vividhaṃ name.</p>\r\n<p class="hangnum"><a name="para45"></a><span class="paranum">45</span>.</p>\r\n<p class="gatha1"> </p>','\r',char(13)),'\n',char(10)),'-44-45-');
INSERT INTO pages (bookid, page, content, paranum) VALUES('annya_buddha_vandana_gantha_sanggaho_e0604n',43,replace(replace('<p class="gatha1">Suttaṅgaṃ <a name="M0.0043"></a> veyyākaraṇaṃ,</p>\r\n<p class="gatha2">Geyyaṃ gāthā ca jātakaṃ;</p>\r\n<p class="gatha3">Abbhūtadhamma vedallā,</p>\r\n<p class="gatha2">Udānamiti vuttakaṃ;</p>\r\n<p class="gatha3">Navaṅgaṃ sabbalokassa,</p>\r\n<p class="gathalast">Dadantaṃ sāsanaṃ name.</p>\r\n<p class="hangnum"><a name="para46"></a><span class="paranum">46</span>.</p>\r\n<p class="gatha1"> </p>','\r',char(13)),'\n',char(10)),'-46-');
INSERT INTO pages (bookid, page, content, paranum) VALUES('annya_buddha_vandana_gantha_sanggaho_e0604n',44,replace(replace('<p class="gatha1">Yā <a name="M0.0044"></a> samāpattiyo aṭṭha,</p>\r\n<p class="gatha2">Nirodho cāti te nava,</p>\r\n<p class="gatha3">Anupubbavihāre taṃ,</p>\r\n<p class="gathalast">Sevantaṃ ruciyā name.</p>\r\n<p class="hangnum"><a name="para47"></a><span class="paranum">47</span>.</p>\r\n<p class="gatha1"> Ekattañceva nānattaṃ,</p>\r\n<p class="gatha2">Kāyasaññīhi yogato,</p>\r\n<p class="gatha3">Cattāro tathāruppā ca,</p>\r\n<p class="gatha2">Asaññīcāti te nava,</p>\r\n<p class="gatha3">Sattavāse vibhajitvā,</p>\r\n<p class="gathalast">Pakāsentaṃ name jinaṃ.</p>\r\n<p class="hangnum"><a name="para48"></a><span class="paranum">48</span>.</p>\r\n<p class="gatha1"> </p>','\r',char(13)),'\n',char(10)),'-47-48-');
INSERT INTO pages (bookid, page, content, paranum) VALUES('annya_buddha_vandana_gantha_sanggaho_e0604n',45,replace(replace('<p class="gatha1">Seyyassa <a name="M0.0045"></a> sadiso seyyo,</p>\r\n<p class="gatha2">Hīnoti tividho vidho,</p>\r\n<p class="gatha3">Tathā sadisahīnānaṃ,</p>\r\n<p class="gathalast">Navavidhe nudaṃ name.</p>\r\n<p class="hangnum"><a name="para49"></a><span class="paranum">49</span>.</p>\r\n<p class="gatha1"> </p>','\r',char(13)),'\n',char(10)),'-49-');
INSERT INTO pages (bookid, page, content, paranum) VALUES('annya_buddha_vandana_gantha_sanggaho_e0604n',46,replace(replace('<p class="gatha1">Anatthaṃ <a name="M0.0046"></a> me carati ca,</p>\r\n<p class="gatha2">Tathā cari carissati,</p>\r\n<p class="gatha3">Mittassa arinotvatthaṃ,</p>\r\n<p class="gathalast">Navāghāte jahaṃ name.</p>\r\n<p class="hangnum"><a name="para50"></a><span class="paranum">50</span>.</p>\r\n<p class="gatha1"> Dānaṃ sīlañca nikkhamaṃ,</p>\r\n<p class="gatha2">Paññā vīriyapañcamaṃ,</p>','\r',char(13)),'\n',char(10)),'-50-');
INSERT INTO pages (bookid, page, content, paranum) VALUES('annya_buddha_vandana_gantha_sanggaho_e0604n',47,replace(replace('<p class="gatha3">Khantī <a name="M0.0047"></a> saccamadhiṭṭhānaṃ,</p>\r\n<p class="gatha2">Mettupekkhāti tādasa,</p>\r\n<p class="gatha3">Pūretvā pāramī vande,</p>\r\n<p class="gathalast">Sammāsambodhimajjhavaṃ;</p>\r\n<p class="hangnum"><a name="para51"></a><span class="paranum">51</span>.</p>\r\n<p class="gatha1"> Kāḷāvakañca gaṅgeyyaṃ,</p>\r\n<p class="gatha2">Paṇḍaraṃ tamba piṅgalaṃ,</p>\r\n<p class="gatha3">Gandha maṅgala hemañca,</p>\r\n<p class="gathalast">Uposatha chaddantime.</p>\r\n<p class="hangnum"><a name="para52"></a><span class="paranum">52</span>.</p>\r\n<p class="gatha1"> Dhāreti dasaposānaṃ,</p>\r\n<p class="gatha2">Nāgo kāḷāvako balaṃ;</p>','\r',char(13)),'\n',char(10)),'-51-52-');
INSERT INTO pages (bookid, page, content, paranum) VALUES('annya_buddha_vandana_gantha_sanggaho_e0604n',48,replace(replace('<p class="gatha3">Sahassakoṭiposānaṃ<a name="M0.0048"></a>;</p>\r\n<p class="gathalast">Chaddantovāranuttamo.</p>\r\n<p class="hangnum"><a name="para53"></a><span class="paranum">53</span>.</p>\r\n<p class="gatha1"> Dasa sahassakoṭīnaṃ,</p>\r\n<p class="gatha2">Posānaṃ baladhāraṇaṃ;</p>\r\n<p class="gatha3">Chaddantānaṃ dasannañca,</p>\r\n<p class="gathalast">Dasakāyabalaṃ name.</p>\r\n<p class="hangnum"><a name="para54"></a><span class="paranum">54</span>.</p>\r\n<p class="gatha1"> </p>','\r',char(13)),'\n',char(10)),'-53-54-');
INSERT INTO pages (bookid, page, content, paranum) VALUES('annya_buddha_vandana_gantha_sanggaho_e0604n',49,replace(replace('<p class="gatha1">Ṭhānāṭhāne <a name="M0.0049"></a> vipāke ca,</p>\r\n<p class="gatha2">Magge sabbatthagāminaṃ;</p>\r\n<p class="gatha3">Nānādhātūsu lokesu,</p>\r\n<p class="gathalast">Adhimuttimhi pāṇinaṃ;</p>\r\n<p class="hangnum"><a name="para55"></a><span class="paranum">55</span>.</p>\r\n<p class="gatha1"> Paropariyatte ñāṇaṃ,</p>\r\n<p class="gatha2">Indriyānañca pāṇinaṃ;</p>\r\n<p class="gatha3">Jhānādīsu ñāṇaṃ pubbe,</p>\r\n<p class="gatha2">Nivāse dibbacakkhu ca;</p>\r\n<p class="gatha3">Āsavakkhayañāṇanti,</p>\r\n<p class="gathalast">Dasabalañāṇaṃ name.</p>\r\n<p class="hangnum"><a name="para56"></a><span class="paranum">56</span>.</p>\r\n<p class="gatha1"> </p>','\r',char(13)),'\n',char(10)),'-55-56-');
INSERT INTO pages (bookid, page, content, paranum) VALUES('annya_buddha_vandana_gantha_sanggaho_e0604n',50,replace(replace('<p class="gatha1">Mūlagandho <a name="M0.0050"></a> sāro pheggu,</p>\r\n<p class="gatha2">Taco papaṭiko raso;</p>\r\n<p class="gatha3">Pattaṃ pupphaṃ phalañceva,</p>\r\n<p class="gatha2">Gandhagandhoti saṃvaraṃ;</p>\r\n<p class="gatha3">Sugandhaṃ dasagandhehi,</p>\r\n<p class="gathalast">Vilimpantaṃ sadā name.</p>\r\n<p class="hangnum"><a name="para57"></a><span class="paranum">57</span>.</p>\r\n<p class="gatha1"> </p>','\r',char(13)),'\n',char(10)),'-57-');
INSERT INTO pages (bookid, page, content, paranum) VALUES('annya_buddha_vandana_gantha_sanggaho_e0604n',51,replace(replace('<p class="gatha1">Samādhi <a name="M0.0051"></a> ñāṇavipphārā,</p>\r\n<p class="gatha2">Adhiṭṭhānaṃ vikubbanā;</p>\r\n<p class="gatha3">Manomayāriyā iddhi,</p>\r\n<p class="gathalast">Tathā kammavipākajā.</p>\r\n<p class="hangnum"><a name="para58"></a><span class="paranum">58</span>.</p>\r\n<p class="gatha1"> Vijjāmayā puññavato;</p>\r\n<p class="gatha2">Payoga paccayiddhiti;</p>\r\n<p class="gatha3">Aggapatta dasiddhīnaṃ,</p>\r\n<p class="gathalast">Pāṭiheraṃ karaṃ name.</p>\r\n<p class="hangnum"><a name="para59"></a><span class="paranum">59</span>.</p>\r\n<p class="gatha1"> </p>','\r',char(13)),'\n',char(10)),'-58-59-');
INSERT INTO pages (bookid, page, content, paranum) VALUES('annya_buddha_vandana_gantha_sanggaho_e0604n',52,replace(replace('<p class="gatha1">Muttā <a name="M0.0052"></a> maṇi veḷuriyaṃ,</p>\r\n<p class="gatha2">Saṅkho sallo pavāḷakaṃ;</p>\r\n<p class="gatha3">Suvaṇṇaṃ rajataṃ lohi,</p>\r\n<p class="gatha2">Taṅko masāragallanti;</p>','\r',char(13)),'\n',char(10)),'');
INSERT INTO pages (bookid, page, content, paranum) VALUES('annya_buddha_vandana_gantha_sanggaho_e0604n',53,replace(replace('<p class="gatha3">Dasadhā <a name="M0.0053"></a> ratanehiggaṃ,</p>\r\n<p class="gathalast">Bhogiṃ paññāmaṇiṃ name.</p>\r\n<p class="hangnum"><a name="para60"></a><span class="paranum">60</span>.</p>\r\n<p class="gatha1"> Sithilaṃ dhanitaṃ dīghaṃ,</p>\r\n<p class="gatha2">Rassañca garukaṃ lahu;</p>\r\n<p class="gatha3">Niggahitaṃ vimuttañca,</p>\r\n<p class="gatha2">Sambandhañca vavatthitaṃ;</p>\r\n<p class="gatha3">Vivarantaṃ name dhammaṃ,</p>\r\n<p class="gathalast">Dasabyañjanabheditaṃ.</p>\r\n<p class="hangnum"><a name="para61"></a><span class="paranum">61</span>.</p>\r\n<p class="gatha1"> </p>','\r',char(13)),'\n',char(10)),'-60-61-');
INSERT INTO pages (bookid, page, content, paranum) VALUES('annya_buddha_vandana_gantha_sanggaho_e0604n',54,replace(replace('<p class="gatha1">Pasādojo <a name="M0.0054"></a> madhuratā,</p>\r\n<p class="gatha2">Samatā sukhumālatā;</p>\r\n<p class="gatha3">Silesodāratā kanti,</p>\r\n<p class="gatha2">Atthabyatti samādhayo;</p>\r\n<p class="gatha3">Dasa saddaguṇopetaṃ,</p>\r\n<p class="gathalast">Dhammaṃ pātu karaṃ name.</p>\r\n<p class="hangnum"><a name="para62"></a><span class="paranum">62</span>.</p>\r\n<p class="gatha1"> </p>','\r',char(13)),'\n',char(10)),'-62-');
INSERT INTO pages (bookid, page, content, paranum) VALUES('annya_buddha_vandana_gantha_sanggaho_e0604n',55,replace(replace('<p class="gatha1">Lobho <a name="M0.0055"></a> doso moho māno,</p>\r\n<p class="gatha2">Uddhaccaṃ diṭṭhi saṃsayo;</p>\r\n<p class="gatha3">Ahirikamanottappaṃ,</p>\r\n<p class="gatha2">Thinanti sabba dāhake;</p>\r\n<p class="gatha3">Kilese dasa te saddhiṃ,</p>\r\n<p class="gathalast">Vāsanāya jahaṃ name.</p>\r\n<p class="hangnum"><a name="para63"></a><span class="paranum">63</span>.</p>\r\n<p class="gatha1"> </p>','\r',char(13)),'\n',char(10)),'-63-');
INSERT INTO pages (bookid, page, content, paranum) VALUES('annya_buddha_vandana_gantha_sanggaho_e0604n',56,replace(replace('<p class="gatha1">Saterā <a name="M0.0056"></a> daṇḍamaṇikā,</p>\r\n<p class="gatha2">Macchavilolagaggarā;</p>\r\n<p class="gatha3">Sukkhāsani kapisisā,</p>\r\n<p class="gatha2">Vicakkā sañña kukkuṭā;</p>\r\n<p class="gatha3">Navāsanīhi phālentaṃ,</p>\r\n<p class="gathalast">Tibbaṃ paññāsaniṃ name.</p>\r\n<p class="hangnum"><a name="para64"></a><span class="paranum">64</span>.</p>\r\n<p class="gatha1"> </p>','\r',char(13)),'\n',char(10)),'-64-');
INSERT INTO pages (bookid, page, content, paranum) VALUES('annya_buddha_vandana_gantha_sanggaho_e0604n',57,replace(replace('<p class="gatha1">Rodanā <a name="M0.0057"></a> kodhāvudho ca,</p>\r\n<p class="gatha2">Ujjhantissariyaṃ tathā;</p>\r\n<p class="gatha3">Paṭisaṅkhānaṃ,</p>\r\n<p class="gatha2">Khanti aṭṭhabalesu taṃ;</p>\r\n<p class="gatha3">Pathavīsadisaṃ vande,</p>\r\n<p class="gathalast">Aṭṭhamena vināyakaṃ.</p>\r\n<p class="hangnum"><a name="para65"></a><span class="paranum">65</span>.</p>\r\n<p class="gatha1"> </p>','\r',char(13)),'\n',char(10)),'-65-');
INSERT INTO pages (bookid, page, content, paranum) VALUES('annya_buddha_vandana_gantha_sanggaho_e0604n',58,replace(replace('<p class="gatha1">Kāmarogo <a name="M0.0058"></a> ca paṭigho,</p>\r\n<p class="gatha2">Māno diṭṭhi ca saṃsayo;</p>\r\n<p class="gatha3">Bhavarāgo avijjāti,</p>\r\n<p class="gathalast">Sattānusayinaṃ name.</p>\r\n<p class="hangnum"><a name="para66"></a><span class="paranum">66</span>.</p>\r\n<p class="gatha1"> Titthiyāpakatimahāsāvakā,</p>\r\n<p class="gatha2">Aggasāvakā paccekabuddhasambuddhā;</p>','\r',char(13)),'\n',char(10)),'-66-');
INSERT INTO pages (bookid, page, content, paranum) VALUES('annya_buddha_vandana_gantha_sanggaho_e0604n',59,replace(replace('<p class="gatha3">Visiṭṭhaṃ <a name="M0.0059"></a> sabbathā chasu,</p>\r\n<p class="gatha2">Pubbe nivāsa viññūsu;</p>\r\n<p class="gathalast">Tilokamakuṭaṃ name.</p>\r\n<p class="hangnum"><a name="para67"></a><span class="paranum">67</span>.</p>\r\n<p class="gatha1"> Buddhacakkhu samantā ca,</p>\r\n<p class="gatha2">Ñāṇaṃ yaṃ dibbacakkhu ca;</p>\r\n<p class="gatha3">Dhammoti pañca cakkhūhi,</p>\r\n<p class="gathalast">Dassāviṃ mārajiṃ name.</p>\r\n<p class="hangnum"><a name="para68"></a><span class="paranum">68</span>.</p>\r\n<p class="gatha1"> </p>','\r',char(13)),'\n',char(10)),'-67-68-');
INSERT INTO pages (bookid, page, content, paranum) VALUES('annya_buddha_vandana_gantha_sanggaho_e0604n',60,replace(replace('<p class="gatha1">Khuddakā <a name="M0.0060"></a> khaṇikā okkantikā ca,</p>\r\n<p class="gatha2">Pharaṇā tathā ubbegā;</p>\r\n<p class="gatha3">Pañca pītīhi pinentaṃ,</p>\r\n<p class="gathalast">Ruciyā ca namāmahaṃ.</p>\r\n<p class="hangnum"><a name="para69"></a><span class="paranum">69</span>.</p>\r\n<p class="gatha1"> Dukkhaṃ samudayasaccaṃ,</p>\r\n<p class="gatha2">Nirodho maggasaccakaṃ;</p>','\r',char(13)),'\n',char(10)),'-69-');
INSERT INTO pages (bookid, page, content, paranum) VALUES('annya_buddha_vandana_gantha_sanggaho_e0604n',61,replace(replace('<p class="gatha3">Catusaccamabhijānaṃ<a name="M0.0061"></a>,</p>\r\n<p class="gathalast">Catukiccehi taṃ name.</p>\r\n<p class="hangnum"><a name="para70"></a><span class="paranum">70</span>.</p>\r\n<p class="gatha1"> Pīḷanā saṅkhatattho ca,</p>\r\n<p class="gatha2">Tapo vipariṇāmanā;</p>\r\n<p class="gatha3">Dukkhasaccaṃ catukkehi,</p>\r\n<p class="gathalast">Vibhattāviṃ muniṃ name.</p>\r\n<p class="hangnum"><a name="para71"></a><span class="paranum">71</span>.</p>\r\n<p class="gatha1"> </p>','\r',char(13)),'\n',char(10)),'-70-71-');
INSERT INTO pages (bookid, page, content, paranum) VALUES('annya_buddha_vandana_gantha_sanggaho_e0604n',62,replace(replace('<p class="gatha1">Āyūhanaṃ <a name="M0.0062"></a> nidānañca,</p>\r\n<p class="gatha2">Saṃyogo palibodhanaṃ;</p>\r\n<p class="gatha3">Catukkehi samudayaṃ,</p>\r\n<p class="gathalast">Vibhattāviṃ muniṃ name.</p>\r\n<p class="hangnum"><a name="para72"></a><span class="paranum">72</span>.</p>\r\n<p class="gatha1"> Nissaraṇañca viveko,</p>\r\n<p class="gatha2">Asaṅkhatāmataṃ tathā;</p>\r\n<p class="gatha3">Nirodhañca catukkehi,</p>\r\n<p class="gathalast">Vibhattāviṃ muniṃ name.</p>\r\n<p class="hangnum"><a name="para73"></a><span class="paranum">73</span>.</p>\r\n<p class="gatha1"> </p>','\r',char(13)),'\n',char(10)),'-72-73-');
INSERT INTO pages (bookid, page, content, paranum) VALUES('annya_buddha_vandana_gantha_sanggaho_e0604n',63,replace(replace('<p class="gatha1">Niyyāniko <a name="M0.0063"></a> ca hetvattho,</p>\r\n<p class="gatha2">Dassanādhipateyyakaṃ;</p>\r\n<p class="gatha3">Maggasaccaṃ catukkehi,</p>\r\n<p class="gathalast">Vibhattāviṃ muniṃ name.</p>\r\n<p class="hangnum"><a name="para74"></a><span class="paranum">74</span>.</p>\r\n<p class="gatha1"> </p>','\r',char(13)),'\n',char(10)),'-74-');
INSERT INTO pages (bookid, page, content, paranum) VALUES('annya_buddha_vandana_gantha_sanggaho_e0604n',64,replace(replace('<p class="gatha1">Satthako <a name="M0.0064"></a> ca asammoho,</p>\r\n<p class="gatha2">Sappāyo ceva gocaro;</p>\r\n<p class="gatha3">Catusampajaññā vinā,</p>\r\n<p class="gathalast">Bhāviṃ name tathāgataṃ.</p>\r\n<p class="hangnum"><a name="para75"></a><span class="paranum">75</span>.</p>\r\n<p class="gatha1"> Pahinākhila dukkhāhaṃ,</p>\r\n<p class="gatha2">Bhavasāgara pāraguṃ;</p>\r\n<p class="gatha3">Vande sāraguṇopetaṃ,</p>\r\n<p class="gathalast">Tenamhi bhavapārago.</p>\r\n<p class="hangnum"><a name="para76"></a><span class="paranum">76</span>.</p>\r\n<p class="gatha1"> </p>','\r',char(13)),'\n',char(10)),'-75-76-');
INSERT INTO pages (bookid, page, content, paranum) VALUES('annya_buddha_vandana_gantha_sanggaho_e0604n',65,replace(replace('<p class="gatha1">Rūpārūpavilāsagga<a name="M0.0065"></a>,</p>\r\n<p class="gatha2">Rūpācinteyya saṃyuttaṃ;</p>\r\n<p class="gatha3">Vande sāraguṇopetaṃ,</p>\r\n<p class="gathalast">Tenamhātularūpavā.</p>\r\n<p class="hangnum"><a name="para77"></a><span class="paranum">77</span>.</p>\r\n<p class="gatha1"> </p>','\r',char(13)),'\n',char(10)),'-77-');
INSERT INTO pages (bookid, page, content, paranum) VALUES('annya_buddha_vandana_gantha_sanggaho_e0604n',66,replace(replace('<p class="gatha1">Iddhi <a name="M0.0066"></a> iddhi vilāsagga,</p>\r\n<p class="gatha2">Iddhi cinteyya saṃyuttaṃ;</p>\r\n<p class="gatha3">Vande sāraguṇepetaṃ,</p>\r\n<p class="gathalast">Tenamhā tulaiddhimā.</p>\r\n<p class="hangnum"><a name="para78"></a><span class="paranum">78</span>.</p>\r\n<p class="gatha1"> Vācā vācā vilāsagga,</p>\r\n<p class="gatha2">Vācā cinteyya saṃyuttaṃ;</p>\r\n<p class="gatha3">Vande sāraguṇopetaṃ,</p>\r\n<p class="gathalast">Tenamhā tulavācako.</p>\r\n<p class="hangnum"><a name="para79"></a><span class="paranum">79</span>.</p>\r\n<p class="gatha1"> </p>','\r',char(13)),'\n',char(10)),'-78-79-');
INSERT INTO pages (bookid, page, content, paranum) VALUES('annya_buddha_vandana_gantha_sanggaho_e0604n',67,replace(replace('<p class="gatha1">Ñāṇa <a name="M0.0067"></a> ñāṇa vilāsagga,</p>\r\n<p class="gatha2">Ñāṇācinteyya saṃyuttaṃ;</p>\r\n<p class="gatha3">Vande sāraguṇopetaṃ,</p>\r\n<p class="gathalast">Tenamhā tulañāṇavā.</p>\r\n<p class="hangnum"><a name="para80"></a><span class="paranum">80</span>.</p>\r\n<p class="gatha1"> Sajjhaṃ hemañca ratanaṃ,</p>\r\n<p class="gatha2">Gehaṃ vatthañca bhojanaṃ;</p>','\r',char(13)),'\n',char(10)),'-80-');
INSERT INTO pages (bookid, page, content, paranum) VALUES('annya_buddha_vandana_gantha_sanggaho_e0604n',68,replace(replace('<p class="gatha3">Tadaññepi <a name="M0.0068"></a> yathācittaṃ,</p>\r\n<p class="gathalast">Māpeyyāhaṃ name jinaṃ.</p>\r\n<p class="hangnum"><a name="para81"></a><span class="paranum">81</span>.</p>\r\n<p class="gatha1"> Sajjhaṃ hemañca ratanaṃ,</p>\r\n<p class="gatha2">Gehaṃ vatthañca bhojanaṃ;</p>\r\n<p class="gatha3">Tadaññepi yathācittaṃ,</p>\r\n<p class="gathalast">Māpeyyaṃ kammajiddhiyā.</p>\r\n<p class="hangnum"><a name="para82"></a><span class="paranum">82</span>.</p>\r\n<p class="gatha1"> </p>','\r',char(13)),'\n',char(10)),'-81-82-');
INSERT INTO pages (bookid, page, content, paranum) VALUES('annya_buddha_vandana_gantha_sanggaho_e0604n',69,replace(replace('<p class="gatha1">Sattabojjhaṅga <a name="M0.0069"></a> ratano,</p>\r\n<p class="gatha2">Saddhādiratano muni;</p>\r\n<p class="gatha3">Satippabhutiratano,</p>\r\n<p class="gathalast">Vande taṃ purisuttamaṃ.</p>\r\n<p class="hangnum"><a name="para83"></a><span class="paranum">83</span>.</p>\r\n<p class="gatha1"> Cakkādisattaratanaṃ,</p>\r\n<p class="gatha2">Muttādiratanaṃ subhaṃ;</p>\r\n<p class="gatha3">Vatthappabhutiratanaṃ,</p>\r\n<p class="gathalast">Chandakkhaṇe labhāmahaṃ.</p>\r\n<p class="hangnum"><a name="para84"></a><span class="paranum">84</span>.</p>\r\n<p class="gatha1"> </p>','\r',char(13)),'\n',char(10)),'-83-84-');
INSERT INTO pages (bookid, page, content, paranum) VALUES('annya_buddha_vandana_gantha_sanggaho_e0604n',70,replace(replace('<p class="gatha1">Sampuṇṇacittasaṅkappo<a name="M0.0070"></a>,</p>\r\n<p class="gatha2">Yathākaṅkhitamāpako,</p>\r\n<p class="gatha3">Kenacinabhibhūto yo,</p>\r\n<p class="gathalast">Sabbābhibhū name jinaṃ.</p>\r\n<p class="hangnum"><a name="para85"></a><span class="paranum">85</span>.</p>\r\n<p class="gatha1"> </p>','\r',char(13)),'\n',char(10)),'-85-');
INSERT INTO pages (bookid, page, content, paranum) VALUES('annya_buddha_vandana_gantha_sanggaho_e0604n',71,replace(replace('<p class="gatha1">Sampuṇṇacittasaṅkappo<a name="M0.0071"></a>,</p>\r\n<p class="gatha2">Yathākaṅkhitamāpako,</p>\r\n<p class="gatha3">Kenacinabhibhūtamhi,</p>\r\n<p class="gathalast">Sabbābhibhū bhave bhave.</p>\r\n<p class="hangnum"><a name="para86"></a><span class="paranum">86</span>.</p>\r\n<p class="gatha1"> Dasa chaddantarājāva,</p>\r\n<p class="gatha2">Dasa kāyabalo muni;</p>\r\n<p class="gatha3">Dasa ñāṇabbalotulyo,</p>\r\n<p class="gathalast">Vande taṃ samaṇuttamaṃ.</p>\r\n<p class="hangnum"><a name="para87"></a><span class="paranum">87</span>.</p>\r\n<p class="gatha1"> </p>','\r',char(13)),'\n',char(10)),'-86-87-');
INSERT INTO pages (bookid, page, content, paranum) VALUES('annya_buddha_vandana_gantha_sanggaho_e0604n',72,replace(replace('<p class="gatha1">Atikāyajavo <a name="M0.0072"></a> buddho,</p>\r\n<p class="gatha2">Raññājavanahaṃsato;</p>\r\n<p class="gatha3">Kā kathā ñāṇavegassa,</p>\r\n<p class="gathalast">Vande taṃ samaṇuttamaṃ.</p>\r\n<p class="hangnum"><a name="para88"></a><span class="paranum">88</span>.</p>\r\n<p class="gatha1"> Chaddantanāgarājāva,</p>\r\n<p class="gatha2">Bhave bhave mahabbalo;</p>\r\n<p class="gatha3">Rājājavanahaṃsova,</p>\r\n<p class="gathalast">Paramaggajavo bhave.</p>\r\n<p class="hangnum"><a name="para89"></a><span class="paranum">89</span>.</p>\r\n<p class="gatha1"> </p>','\r',char(13)),'\n',char(10)),'-88-89-');
INSERT INTO pages (bookid, page, content, paranum) VALUES('annya_buddha_vandana_gantha_sanggaho_e0604n',73,replace(replace('<p class="gatha1">Udakā <a name="M0.0073"></a> kāsacārī ca,</p>\r\n<p class="gatha2">Mahinimujjako jino;</p>\r\n<p class="gatha3">Māpako ca yathā cittaṃ,</p>\r\n<p class="gathalast">Vande taṃ ñeyyapāraguṃ.</p>\r\n<p class="hangnum"><a name="para90"></a><span class="paranum">90</span>.</p>\r\n<p class="gatha1"> Udakā kāsacārī ca,</p>\r\n<p class="gatha2">Mahinimujjako bhave;</p>\r\n<p class="gatha3">Māpako ca yathācittaṃ,</p>\r\n<p class="gathalast">Bhavaso kammajiddhiyā.</p>\r\n<p class="hangnum"><a name="para91"></a><span class="paranum">91</span>.</p>\r\n<p class="gatha1"> </p>','\r',char(13)),'\n',char(10)),'-90-91-');
INSERT INTO pages (bookid, page, content, paranum) VALUES('annya_buddha_vandana_gantha_sanggaho_e0604n',74,replace(replace('<p class="gatha1">Gāme <a name="M0.0074"></a> vane ca sabbattha,</p>\r\n<p class="gatha2">Devehi manussehi ca;</p>\r\n<p class="gatha3">Ābhatānantalābhassa,</p>\r\n<p class="gatha2">Sadā yassa mahesino;</p>\r\n<p class="gatha3">Pattalābhaggataṃ lokaṃ,</p>\r\n<p class="gathalast">Taṃ vande munipuṅgavaṃ.</p>\r\n<p class="hangnum"><a name="para92"></a><span class="paranum">92</span>.</p>\r\n<p class="gatha1"> </p>','\r',char(13)),'\n',char(10)),'-92-');
INSERT INTO pages (bookid, page, content, paranum) VALUES('annya_buddha_vandana_gantha_sanggaho_e0604n',75,replace(replace('<p class="gatha1">Gāme <a name="M0.0075"></a> vane ca sabbattha,</p>\r\n<p class="gatha2">Devehi manussehi ca;</p>\r\n<p class="gatha3">Ābhatā nantalābho me,</p>\r\n<p class="gathalast">Sadā hotu bhavābhave.</p>\r\n<p class="hangnum"><a name="para93"></a><span class="paranum">93</span>.</p>\r\n<p class="gatha1"> Puññassimassa tejena,</p>\r\n<p class="gatha2">Yathā cittaṃ samijjhatu;</p>','\r',char(13)),'\n',char(10)),'-93-');
INSERT INTO pages (bookid, page, content, paranum) VALUES('annya_buddha_vandana_gantha_sanggaho_e0604n',76,replace(replace('<p class="gatha3">Sabbicchā <a name="M0.0076"></a> sabbacintā ca,</p>\r\n<p class="gathalast">Khippaṃ me jātijātiyaṃ.</p>\r\n<p class="hangnum"><a name="para94"></a><span class="paranum">94</span>.</p>\r\n<p class="gatha1"> Natthīti vacanaṃ dukkhaṃ,</p>\r\n<p class="gatha2">Dehīti vacanaṃ tathā;</p>\r\n<p class="gatha3">Tasmā natthīti dehīti,</p>\r\n<p class="gathalast">Mā me hotu bhavābhave.</p>\r\n<p class="hangnum"><a name="para95"></a><span class="paranum">95</span>.</p>\r\n<p class="gatha1"> </p>','\r',char(13)),'\n',char(10)),'-94-95-');
INSERT INTO pages (bookid, page, content, paranum) VALUES('annya_buddha_vandana_gantha_sanggaho_e0604n',77,replace(replace('<p class="gatha1">Sabbaṃ <a name="M0.0077"></a> paravasaṃ dukkhaṃ,</p>\r\n<p class="gatha2">Sabbamissariyaṃ sukhaṃ;</p>\r\n<p class="gatha3">Sabbaṃ paravasamatthu,</p>\r\n<p class="gathalast">Sabbamissariyaṃ bhave.</p>\r\n<p class="hangnum"><a name="para96"></a><span class="paranum">96</span>.</p>\r\n<p class="gatha1"> Vitakkento bhajjakāyo,</p>\r\n<p class="gatha2">Sabbāvudha vāraṇo ca;</p>\r\n<p class="gatha3">Chaddanta vāraṇabalo,</p>\r\n<p class="gathalast">Bhaveyyaṃ jātijā tiyaṃ.</p>\r\n<p class="hangnum"><a name="para97"></a><span class="paranum">97</span>.</p>\r\n<p class="gatha1"> </p>','\r',char(13)),'\n',char(10)),'-96-97-');
INSERT INTO pages (bookid, page, content, paranum) VALUES('annya_buddha_vandana_gantha_sanggaho_e0604n',78,replace(replace('<p class="gatha1">Subhalakkhaṇasampanno<a name="M0.0078"></a>,</p>\r\n<p class="gatha2">Suvaṇṇavaṇṇavā bhave;</p>\r\n<p class="gatha3">Brahmassaro karavika,</p>\r\n<p class="gathalast">Bhāṇī ca jātijātiyaṃ.</p>\r\n<p class="hangnum"><a name="para98"></a><span class="paranum">98</span>.</p>\r\n<p class="gatha1"> Bhūrimapañño sippānaṃ,</p>\r\n<p class="gatha2">Sabbesaṃ kusalo bhave;</p>\r\n<p class="gatha3">Visajjetuṃ samatthova,</p>\r\n<p class="gathalast">Sabbapucchānaṃ ṭhānaso.</p>\r\n<p class="hangnum"><a name="para99"></a><span class="paranum">99</span>.</p>\r\n<p class="gatha1"> </p>','\r',char(13)),'\n',char(10)),'-98-99-');
INSERT INTO pages (bookid, page, content, paranum) VALUES('annya_buddha_vandana_gantha_sanggaho_e0604n',79,replace(replace('<p class="gatha1">Verādhaṃsīya <a name="M0.0079"></a> bhogā ca,</p>\r\n<p class="gatha2">Anantākhīṇa bhogavā;</p>\r\n<p class="gatha3">Anantābhajja pariso,</p>\r\n<p class="gathalast">Bhavaso pāpuṇe sivaṃ.</p>\r\n<p class="hangnum"><a name="para100"></a><span class="paranum">100</span>.</p>\r\n<p class="gatha1"> </p>','\r',char(13)),'\n',char(10)),'-100-');
INSERT INTO pages (bookid, page, content, paranum) VALUES('annya_buddha_vandana_gantha_sanggaho_e0604n',80,replace(replace('<p class="gatha1">Mā <a name="M0.0080"></a> nasseyyaṃ pasayheyyaṃ,</p>\r\n<p class="gatha2">Ussukkehi pyahaṃ saha;</p>\r\n<p class="gatha3">Pañcaverehi koṭīhi,</p>\r\n<p class="gathalast">Bhaṇḍaṃ vā akātukāmitaṃ.</p>\r\n<p class="hangnum"><a name="para101"></a><span class="paranum">101</span>.</p>\r\n<p class="gatha1"> Meghaṃ vātañca ratanaṃ,</p>\r\n<p class="gatha2">Dhaññaṃ vatthañca bhojanaṃ;</p>\r\n<p class="gatha3">Sabbicchitaṃ tadaññampi,</p>\r\n<p class="gathalast">Māpeyyaṃ kammajiddhiyā.</p>\r\n<p class="hangnum"><a name="para102"></a><span class="paranum">102</span>.</p>\r\n<p class="gatha1"> </p>','\r',char(13)),'\n',char(10)),'-101-102-');
INSERT INTO pages (bookid, page, content, paranum) VALUES('annya_buddha_vandana_gantha_sanggaho_e0604n',81,replace(replace('<p class="gatha1">Puññenetena <a name="M0.0081"></a> nibbānaṃ,</p>\r\n<p class="gatha2">Santaṃ pappomi tāvatā;</p>\r\n<p class="gatha3">Bhaveyyaṃ sabbajātīsu,</p>\r\n<p class="gatha2">Catusampattiyā sadā;</p>\r\n<p class="gatha3">Catucakkena sampanno,</p>\r\n<p class="gathalast">Saddhammehi ca sattahi.</p>\r\n<p class="hangnum"><a name="para103"></a><span class="paranum">103</span>.</p>\r\n<p class="gatha1"> </p>','\r',char(13)),'\n',char(10)),'-103-');
INSERT INTO pages (bookid, page, content, paranum) VALUES('annya_buddha_vandana_gantha_sanggaho_e0604n',82,replace(replace('<p class="gatha1">Sammādiṭṭhi <a name="M0.0082"></a> vasupete,</p>\r\n<p class="gatha2">Kulamhi seṭṭhasammate,</p>\r\n<p class="gatha3">Sabbasakkata saṃsuddhe;</p>\r\n<p class="gathalast">Bhave tihetusandhiko.</p>\r\n<p class="hangnum"><a name="para104"></a><span class="paranum">104</span>.</p>\r\n<p class="gatha1"> Ghāsacchādanaṃ bhogañca,</p>\r\n<p class="gatha2">Neva hatthena kātuna,</p>\r\n<p class="gatha3">Bhuñjeyyamiddhiyātveva,</p>\r\n<p class="gathalast">Māpetvā yāvadatthakaṃ.</p>\r\n<p class="hangnum"><a name="para105"></a><span class="paranum">105</span>.</p>\r\n<p class="gatha1"> </p>','\r',char(13)),'\n',char(10)),'-104-105-');
INSERT INTO pages (bookid, page, content, paranum) VALUES('annya_buddha_vandana_gantha_sanggaho_e0604n',83,replace(replace('<p class="gatha1">Manussānaṃ <a name="M0.0083"></a> atikkamma,</p>\r\n<p class="gatha2">Devānaṃ viya bhojanaṃ,</p>\r\n<p class="gatha3">Vatthaṃ bhogo ca me hontu,</p>\r\n<p class="gathalast">Parivārātisundarā.</p>\r\n<p class="hangnum"><a name="para106"></a><span class="paranum">106</span>.</p>\r\n<p class="gatha1"> Dasāsuttaṃpi me bhogaṃ,</p>\r\n<p class="gatha2">Pañcaverā bhave bhave;</p>\r\n<p class="gatha3">Māgaṇheyyuñca nasseyyuṃ,</p>\r\n<p class="gathalast">Asoko bhogahetume.</p>\r\n<p class="hangnum"><a name="para107"></a><span class="paranum">107</span>.</p>\r\n<p class="gatha1"> </p>','\r',char(13)),'\n',char(10)),'-106-107-');
INSERT INTO pages (bookid, page, content, paranum) VALUES('annya_buddha_vandana_gantha_sanggaho_e0604n',84,replace(replace('<p class="gatha1">Sabbaṅgasubha <a name="M0.0084"></a> sampanno,</p>\r\n<p class="gatha2">Siṅgīnikkha savaṇṇa vā;</p>\r\n<p class="gatha3">Bāttiṃsa lakkhaṇūpeto,</p>\r\n<p class="gathalast">Atappana rūpa vā bhave.</p>\r\n<p class="hangnum"><a name="para108"></a><span class="paranum">108</span>.</p>\r\n<p class="gatha1"> Kāyo candanagandho ca,</p>\r\n<p class="gatha2">Mukhaṃ uppalagandhikaṃ;</p>','\r',char(13)),'\n',char(10)),'-108-');
INSERT INTO pages (bookid, page, content, paranum) VALUES('annya_buddha_vandana_gantha_sanggaho_e0604n',85,replace(replace('<p class="gatha3">Aṭṭhaṅgiko <a name="M0.0085"></a> karavika,</p>\r\n<p class="gathalast">Mañjūghoso ca me hotu.</p>\r\n<p class="hangnum"><a name="para109"></a><span class="paranum">109</span>.</p>\r\n<p class="gatha1"> Tikkha gambhīra pañño ca,</p>\r\n<p class="gatha2">Hāsātijavapaññavā,</p>\r\n<p class="gatha3">Bhūri nibbedha pañño ca;</p>\r\n<p class="gathalast">Sabbapañhavisajjano.</p>\r\n<p class="hangnum"><a name="para111"></a><span class="paranum">111</span>.</p>\r\n<p class="gatha1"> </p>','\r',char(13)),'\n',char(10)),'-109-111-');
INSERT INTO pages (bookid, page, content, paranum) VALUES('annya_buddha_vandana_gantha_sanggaho_e0604n',86,replace(replace('<p class="gatha1">Anto <a name="M0.0086"></a> soḷasavassassa,</p>\r\n<p class="gatha2">Tipeṭakadharo bhave;</p>\r\n<p class="gatha3">Sabbakammesu sippesu,</p>\r\n<p class="gathalast">Vijjāṭhānesu pāragū.</p>','\r',char(13)),'\n',char(10)),'');
DELETE FROM books where id='annya_buddha_vandana_gantha_sanggaho_e0605n';
INSERT INTO books VALUES('annya_buddha_vandana_gantha_sanggaho_e0605n','annya','annya_buddha_vandana_gantha_sanggaho','Jinālaṅkāra',1,1,1);
DELETE FROM tocs where book_id='annya_buddha_vandana_gantha_sanggaho_e0605n';
INSERT INTO tocs VALUES('annya_buddha_vandana_gantha_sanggaho_e0605n','Paṇāmadīpanīgāthā','chapter',1);
INSERT INTO tocs VALUES('annya_buddha_vandana_gantha_sanggaho_e0605n','Yogāvacarasampattidīpanīgāthā','chapter',1);
INSERT INTO tocs VALUES('annya_buddha_vandana_gantha_sanggaho_e0605n','Vatthuvisodhanīgāthā','chapter',1);
INSERT INTO tocs VALUES('annya_buddha_vandana_gantha_sanggaho_e0605n','Anaññasādhāraṇadīpanīgāthā','chapter',1);
INSERT INTO tocs VALUES('annya_buddha_vandana_gantha_sanggaho_e0605n','Abhinīhāradīpanīgāthā','chapter',1);
INSERT INTO tocs VALUES('annya_buddha_vandana_gantha_sanggaho_e0605n','Bodhisambhāradīpanīgāthā','chapter',1);
INSERT INTO tocs VALUES('annya_buddha_vandana_gantha_sanggaho_e0605n','Gabbhokkantidīpanīgāthā','chapter',1);
INSERT INTO tocs VALUES('annya_buddha_vandana_gantha_sanggaho_e0605n','Vijāyanamaṅgaladīpanīgāthā','chapter',1);
INSERT INTO tocs VALUES('annya_buddha_vandana_gantha_sanggaho_e0605n','Agāriyasampattidīpanīgāthā','chapter',1);
INSERT INTO tocs VALUES('annya_buddha_vandana_gantha_sanggaho_e0605n','Nekkhammajjhāsayadīpanīyamakagāthā','chapter',1);
INSERT INTO tocs VALUES('annya_buddha_vandana_gantha_sanggaho_e0605n','Pāduddhāravimhayadīpanīgāthā','chapter',1);
INSERT INTO tocs VALUES('annya_buddha_vandana_gantha_sanggaho_e0605n','Apunarāvattigamanadīpanīyamakagāthā','chapter',1);
INSERT INTO tocs VALUES('annya_buddha_vandana_gantha_sanggaho_e0605n','Dvipādabyāsayamakagāthā','chapter',1);
INSERT INTO tocs VALUES('annya_buddha_vandana_gantha_sanggaho_e0605n','Tipādabyāsayamakagāthā','chapter',1);
INSERT INTO tocs VALUES('annya_buddha_vandana_gantha_sanggaho_e0605n','Pādabyāsamahāyamakagāthā','chapter',1);
INSERT INTO tocs VALUES('annya_buddha_vandana_gantha_sanggaho_e0605n','Abyāpetādyantayamakagāthā','chapter',1);
INSERT INTO tocs VALUES('annya_buddha_vandana_gantha_sanggaho_e0605n','Paṭilomayamakagāthā','chapter',1);
INSERT INTO tocs VALUES('annya_buddha_vandana_gantha_sanggaho_e0605n','Ekaṭhānikādiyamakagāthā','chapter',1);
INSERT INTO tocs VALUES('annya_buddha_vandana_gantha_sanggaho_e0605n','Akkharuttarikayamakagāthā','chapter',1);
INSERT INTO tocs VALUES('annya_buddha_vandana_gantha_sanggaho_e0605n','Paheḷigāthā','chapter',1);
INSERT INTO tocs VALUES('annya_buddha_vandana_gantha_sanggaho_e0605n','Byāpetādiyamakagāthā','chapter',1);
INSERT INTO tocs VALUES('annya_buddha_vandana_gantha_sanggaho_e0605n','Mahāpadhānadīpanīgāthā','chapter',1);
INSERT INTO tocs VALUES('annya_buddha_vandana_gantha_sanggaho_e0605n','Māraparājayadīpanīgāthā','chapter',1);
INSERT INTO tocs VALUES('annya_buddha_vandana_gantha_sanggaho_e0605n','Abhisambodhidīpanīgāthā','chapter',1);
INSERT INTO tocs VALUES('annya_buddha_vandana_gantha_sanggaho_e0605n','Dhammacakkapavattanadīpanīgāthā','chapter',1);
INSERT INTO tocs VALUES('annya_buddha_vandana_gantha_sanggaho_e0605n','Pāṭihāriyadīpanīgāthā','chapter',1);
INSERT INTO tocs VALUES('annya_buddha_vandana_gantha_sanggaho_e0605n','Navaguṇadīpanīgāthā','chapter',1);
INSERT INTO tocs VALUES('annya_buddha_vandana_gantha_sanggaho_e0605n','Guṇadīpanīgāthā','chapter',1);
INSERT INTO tocs VALUES('annya_buddha_vandana_gantha_sanggaho_e0605n','Pūjānidhānadīpanīgāthā','chapter',1);
INSERT INTO tocs VALUES('annya_buddha_vandana_gantha_sanggaho_e0605n','Patthanādīpanīgāthā','chapter',1);
DELETE FROM paragraphs where book_id='annya_buddha_vandana_gantha_sanggaho_e0605n';
INSERT INTO paragraphs VALUES('annya_buddha_vandana_gantha_sanggaho_e0605n',1,1);
INSERT INTO paragraphs VALUES('annya_buddha_vandana_gantha_sanggaho_e0605n',2,1);
INSERT INTO paragraphs VALUES('annya_buddha_vandana_gantha_sanggaho_e0605n',3,1);
INSERT INTO paragraphs VALUES('annya_buddha_vandana_gantha_sanggaho_e0605n',4,1);
INSERT INTO paragraphs VALUES('annya_buddha_vandana_gantha_sanggaho_e0605n',5,1);
INSERT INTO paragraphs VALUES('annya_buddha_vandana_gantha_sanggaho_e0605n',6,1);
INSERT INTO paragraphs VALUES('annya_buddha_vandana_gantha_sanggaho_e0605n',7,1);
INSERT INTO paragraphs VALUES('annya_buddha_vandana_gantha_sanggaho_e0605n',8,1);
INSERT INTO paragraphs VALUES('annya_buddha_vandana_gantha_sanggaho_e0605n',9,1);
INSERT INTO paragraphs VALUES('annya_buddha_vandana_gantha_sanggaho_e0605n',10,1);
INSERT INTO paragraphs VALUES('annya_buddha_vandana_gantha_sanggaho_e0605n',11,1);
INSERT INTO paragraphs VALUES('annya_buddha_vandana_gantha_sanggaho_e0605n',12,1);
INSERT INTO paragraphs VALUES('annya_buddha_vandana_gantha_sanggaho_e0605n',13,1);
INSERT INTO paragraphs VALUES('annya_buddha_vandana_gantha_sanggaho_e0605n',14,1);
INSERT INTO paragraphs VALUES('annya_buddha_vandana_gantha_sanggaho_e0605n',15,1);
INSERT INTO paragraphs VALUES('annya_buddha_vandana_gantha_sanggaho_e0605n',16,1);
INSERT INTO paragraphs VALUES('annya_buddha_vandana_gantha_sanggaho_e0605n',17,1);
INSERT INTO paragraphs VALUES('annya_buddha_vandana_gantha_sanggaho_e0605n',18,1);
INSERT INTO paragraphs VALUES('annya_buddha_vandana_gantha_sanggaho_e0605n',19,1);
INSERT INTO paragraphs VALUES('annya_buddha_vandana_gantha_sanggaho_e0605n',20,1);
INSERT INTO paragraphs VALUES('annya_buddha_vandana_gantha_sanggaho_e0605n',21,1);
INSERT INTO paragraphs VALUES('annya_buddha_vandana_gantha_sanggaho_e0605n',22,1);
INSERT INTO paragraphs VALUES('annya_buddha_vandana_gantha_sanggaho_e0605n',23,1);
INSERT INTO paragraphs VALUES('annya_buddha_vandana_gantha_sanggaho_e0605n',24,1);
INSERT INTO paragraphs VALUES('annya_buddha_vandana_gantha_sanggaho_e0605n',25,1);
INSERT INTO paragraphs VALUES('annya_buddha_vandana_gantha_sanggaho_e0605n',26,1);
INSERT INTO paragraphs VALUES('annya_buddha_vandana_gantha_sanggaho_e0605n',27,1);
INSERT INTO paragraphs VALUES('annya_buddha_vandana_gantha_sanggaho_e0605n',28,1);
INSERT INTO paragraphs VALUES('annya_buddha_vandana_gantha_sanggaho_e0605n',29,1);
INSERT INTO paragraphs VALUES('annya_buddha_vandana_gantha_sanggaho_e0605n',30,1);
INSERT INTO paragraphs VALUES('annya_buddha_vandana_gantha_sanggaho_e0605n',31,1);
INSERT INTO paragraphs VALUES('annya_buddha_vandana_gantha_sanggaho_e0605n',32,1);
INSERT INTO paragraphs VALUES('annya_buddha_vandana_gantha_sanggaho_e0605n',33,1);
INSERT INTO paragraphs VALUES('annya_buddha_vandana_gantha_sanggaho_e0605n',34,1);
INSERT INTO paragraphs VALUES('annya_buddha_vandana_gantha_sanggaho_e0605n',35,1);
INSERT INTO paragraphs VALUES('annya_buddha_vandana_gantha_sanggaho_e0605n',36,1);
INSERT INTO paragraphs VALUES('annya_buddha_vandana_gantha_sanggaho_e0605n',37,1);
INSERT INTO paragraphs VALUES('annya_buddha_vandana_gantha_sanggaho_e0605n',38,1);
INSERT INTO paragraphs VALUES('annya_buddha_vandana_gantha_sanggaho_e0605n',39,1);
INSERT INTO paragraphs VALUES('annya_buddha_vandana_gantha_sanggaho_e0605n',40,1);
INSERT INTO paragraphs VALUES('annya_buddha_vandana_gantha_sanggaho_e0605n',41,1);
INSERT INTO paragraphs VALUES('annya_buddha_vandana_gantha_sanggaho_e0605n',42,1);
INSERT INTO paragraphs VALUES('annya_buddha_vandana_gantha_sanggaho_e0605n',43,1);
INSERT INTO paragraphs VALUES('annya_buddha_vandana_gantha_sanggaho_e0605n',44,1);
INSERT INTO paragraphs VALUES('annya_buddha_vandana_gantha_sanggaho_e0605n',45,1);
INSERT INTO paragraphs VALUES('annya_buddha_vandana_gantha_sanggaho_e0605n',46,1);
INSERT INTO paragraphs VALUES('annya_buddha_vandana_gantha_sanggaho_e0605n',47,1);
INSERT INTO paragraphs VALUES('annya_buddha_vandana_gantha_sanggaho_e0605n',48,1);
INSERT INTO paragraphs VALUES('annya_buddha_vandana_gantha_sanggaho_e0605n',49,1);
INSERT INTO paragraphs VALUES('annya_buddha_vandana_gantha_sanggaho_e0605n',50,1);
INSERT INTO paragraphs VALUES('annya_buddha_vandana_gantha_sanggaho_e0605n',51,1);
INSERT INTO paragraphs VALUES('annya_buddha_vandana_gantha_sanggaho_e0605n',52,1);
INSERT INTO paragraphs VALUES('annya_buddha_vandana_gantha_sanggaho_e0605n',53,1);
INSERT INTO paragraphs VALUES('annya_buddha_vandana_gantha_sanggaho_e0605n',54,1);
INSERT INTO paragraphs VALUES('annya_buddha_vandana_gantha_sanggaho_e0605n',55,1);
INSERT INTO paragraphs VALUES('annya_buddha_vandana_gantha_sanggaho_e0605n',56,1);
INSERT INTO paragraphs VALUES('annya_buddha_vandana_gantha_sanggaho_e0605n',57,1);
INSERT INTO paragraphs VALUES('annya_buddha_vandana_gantha_sanggaho_e0605n',58,1);
INSERT INTO paragraphs VALUES('annya_buddha_vandana_gantha_sanggaho_e0605n',59,1);
INSERT INTO paragraphs VALUES('annya_buddha_vandana_gantha_sanggaho_e0605n',60,1);
INSERT INTO paragraphs VALUES('annya_buddha_vandana_gantha_sanggaho_e0605n',61,1);
INSERT INTO paragraphs VALUES('annya_buddha_vandana_gantha_sanggaho_e0605n',62,1);
INSERT INTO paragraphs VALUES('annya_buddha_vandana_gantha_sanggaho_e0605n',63,1);
INSERT INTO paragraphs VALUES('annya_buddha_vandana_gantha_sanggaho_e0605n',64,1);
INSERT INTO paragraphs VALUES('annya_buddha_vandana_gantha_sanggaho_e0605n',65,1);
INSERT INTO paragraphs VALUES('annya_buddha_vandana_gantha_sanggaho_e0605n',66,1);
INSERT INTO paragraphs VALUES('annya_buddha_vandana_gantha_sanggaho_e0605n',67,1);
INSERT INTO paragraphs VALUES('annya_buddha_vandana_gantha_sanggaho_e0605n',68,1);
INSERT INTO paragraphs VALUES('annya_buddha_vandana_gantha_sanggaho_e0605n',69,1);
INSERT INTO paragraphs VALUES('annya_buddha_vandana_gantha_sanggaho_e0605n',70,1);
INSERT INTO paragraphs VALUES('annya_buddha_vandana_gantha_sanggaho_e0605n',71,1);
INSERT INTO paragraphs VALUES('annya_buddha_vandana_gantha_sanggaho_e0605n',72,1);
INSERT INTO paragraphs VALUES('annya_buddha_vandana_gantha_sanggaho_e0605n',73,1);
INSERT INTO paragraphs VALUES('annya_buddha_vandana_gantha_sanggaho_e0605n',74,1);
INSERT INTO paragraphs VALUES('annya_buddha_vandana_gantha_sanggaho_e0605n',75,1);
INSERT INTO paragraphs VALUES('annya_buddha_vandana_gantha_sanggaho_e0605n',76,1);
INSERT INTO paragraphs VALUES('annya_buddha_vandana_gantha_sanggaho_e0605n',77,1);
INSERT INTO paragraphs VALUES('annya_buddha_vandana_gantha_sanggaho_e0605n',78,1);
INSERT INTO paragraphs VALUES('annya_buddha_vandana_gantha_sanggaho_e0605n',79,1);
INSERT INTO paragraphs VALUES('annya_buddha_vandana_gantha_sanggaho_e0605n',80,1);
INSERT INTO paragraphs VALUES('annya_buddha_vandana_gantha_sanggaho_e0605n',81,1);
INSERT INTO paragraphs VALUES('annya_buddha_vandana_gantha_sanggaho_e0605n',82,1);
INSERT INTO paragraphs VALUES('annya_buddha_vandana_gantha_sanggaho_e0605n',83,1);
INSERT INTO paragraphs VALUES('annya_buddha_vandana_gantha_sanggaho_e0605n',84,1);
INSERT INTO paragraphs VALUES('annya_buddha_vandana_gantha_sanggaho_e0605n',85,1);
INSERT INTO paragraphs VALUES('annya_buddha_vandana_gantha_sanggaho_e0605n',86,1);
INSERT INTO paragraphs VALUES('annya_buddha_vandana_gantha_sanggaho_e0605n',87,1);
INSERT INTO paragraphs VALUES('annya_buddha_vandana_gantha_sanggaho_e0605n',88,1);
INSERT INTO paragraphs VALUES('annya_buddha_vandana_gantha_sanggaho_e0605n',89,1);
INSERT INTO paragraphs VALUES('annya_buddha_vandana_gantha_sanggaho_e0605n',90,1);
INSERT INTO paragraphs VALUES('annya_buddha_vandana_gantha_sanggaho_e0605n',91,1);
INSERT INTO paragraphs VALUES('annya_buddha_vandana_gantha_sanggaho_e0605n',92,1);
INSERT INTO paragraphs VALUES('annya_buddha_vandana_gantha_sanggaho_e0605n',93,1);
INSERT INTO paragraphs VALUES('annya_buddha_vandana_gantha_sanggaho_e0605n',94,1);
INSERT INTO paragraphs VALUES('annya_buddha_vandana_gantha_sanggaho_e0605n',95,1);
INSERT INTO paragraphs VALUES('annya_buddha_vandana_gantha_sanggaho_e0605n',96,1);
INSERT INTO paragraphs VALUES('annya_buddha_vandana_gantha_sanggaho_e0605n',97,1);
INSERT INTO paragraphs VALUES('annya_buddha_vandana_gantha_sanggaho_e0605n',98,1);
INSERT INTO paragraphs VALUES('annya_buddha_vandana_gantha_sanggaho_e0605n',99,1);
INSERT INTO paragraphs VALUES('annya_buddha_vandana_gantha_sanggaho_e0605n',100,1);
INSERT INTO paragraphs VALUES('annya_buddha_vandana_gantha_sanggaho_e0605n',101,1);
INSERT INTO paragraphs VALUES('annya_buddha_vandana_gantha_sanggaho_e0605n',102,1);
INSERT INTO paragraphs VALUES('annya_buddha_vandana_gantha_sanggaho_e0605n',103,1);
INSERT INTO paragraphs VALUES('annya_buddha_vandana_gantha_sanggaho_e0605n',104,1);
INSERT INTO paragraphs VALUES('annya_buddha_vandana_gantha_sanggaho_e0605n',105,1);
INSERT INTO paragraphs VALUES('annya_buddha_vandana_gantha_sanggaho_e0605n',106,1);
INSERT INTO paragraphs VALUES('annya_buddha_vandana_gantha_sanggaho_e0605n',107,1);
INSERT INTO paragraphs VALUES('annya_buddha_vandana_gantha_sanggaho_e0605n',108,1);
INSERT INTO paragraphs VALUES('annya_buddha_vandana_gantha_sanggaho_e0605n',109,1);
INSERT INTO paragraphs VALUES('annya_buddha_vandana_gantha_sanggaho_e0605n',110,1);
INSERT INTO paragraphs VALUES('annya_buddha_vandana_gantha_sanggaho_e0605n',111,1);
INSERT INTO paragraphs VALUES('annya_buddha_vandana_gantha_sanggaho_e0605n',112,1);
INSERT INTO paragraphs VALUES('annya_buddha_vandana_gantha_sanggaho_e0605n',113,1);
INSERT INTO paragraphs VALUES('annya_buddha_vandana_gantha_sanggaho_e0605n',114,1);
INSERT INTO paragraphs VALUES('annya_buddha_vandana_gantha_sanggaho_e0605n',115,1);
INSERT INTO paragraphs VALUES('annya_buddha_vandana_gantha_sanggaho_e0605n',116,1);
INSERT INTO paragraphs VALUES('annya_buddha_vandana_gantha_sanggaho_e0605n',118,1);
INSERT INTO paragraphs VALUES('annya_buddha_vandana_gantha_sanggaho_e0605n',119,1);
INSERT INTO paragraphs VALUES('annya_buddha_vandana_gantha_sanggaho_e0605n',120,1);
INSERT INTO paragraphs VALUES('annya_buddha_vandana_gantha_sanggaho_e0605n',121,1);
INSERT INTO paragraphs VALUES('annya_buddha_vandana_gantha_sanggaho_e0605n',122,1);
INSERT INTO paragraphs VALUES('annya_buddha_vandana_gantha_sanggaho_e0605n',123,1);
INSERT INTO paragraphs VALUES('annya_buddha_vandana_gantha_sanggaho_e0605n',124,1);
INSERT INTO paragraphs VALUES('annya_buddha_vandana_gantha_sanggaho_e0605n',125,1);
INSERT INTO paragraphs VALUES('annya_buddha_vandana_gantha_sanggaho_e0605n',126,1);
INSERT INTO paragraphs VALUES('annya_buddha_vandana_gantha_sanggaho_e0605n',127,1);
INSERT INTO paragraphs VALUES('annya_buddha_vandana_gantha_sanggaho_e0605n',128,1);
INSERT INTO paragraphs VALUES('annya_buddha_vandana_gantha_sanggaho_e0605n',129,1);
INSERT INTO paragraphs VALUES('annya_buddha_vandana_gantha_sanggaho_e0605n',130,1);
INSERT INTO paragraphs VALUES('annya_buddha_vandana_gantha_sanggaho_e0605n',131,1);
INSERT INTO paragraphs VALUES('annya_buddha_vandana_gantha_sanggaho_e0605n',132,1);
INSERT INTO paragraphs VALUES('annya_buddha_vandana_gantha_sanggaho_e0605n',133,1);
INSERT INTO paragraphs VALUES('annya_buddha_vandana_gantha_sanggaho_e0605n',134,1);
INSERT INTO paragraphs VALUES('annya_buddha_vandana_gantha_sanggaho_e0605n',135,1);
INSERT INTO paragraphs VALUES('annya_buddha_vandana_gantha_sanggaho_e0605n',136,1);
INSERT INTO paragraphs VALUES('annya_buddha_vandana_gantha_sanggaho_e0605n',137,1);
INSERT INTO paragraphs VALUES('annya_buddha_vandana_gantha_sanggaho_e0605n',138,1);
INSERT INTO paragraphs VALUES('annya_buddha_vandana_gantha_sanggaho_e0605n',139,1);
INSERT INTO paragraphs VALUES('annya_buddha_vandana_gantha_sanggaho_e0605n',140,1);
INSERT INTO paragraphs VALUES('annya_buddha_vandana_gantha_sanggaho_e0605n',141,1);
INSERT INTO paragraphs VALUES('annya_buddha_vandana_gantha_sanggaho_e0605n',142,1);
INSERT INTO paragraphs VALUES('annya_buddha_vandana_gantha_sanggaho_e0605n',143,1);
INSERT INTO paragraphs VALUES('annya_buddha_vandana_gantha_sanggaho_e0605n',144,1);
INSERT INTO paragraphs VALUES('annya_buddha_vandana_gantha_sanggaho_e0605n',145,1);
INSERT INTO paragraphs VALUES('annya_buddha_vandana_gantha_sanggaho_e0605n',146,1);
INSERT INTO paragraphs VALUES('annya_buddha_vandana_gantha_sanggaho_e0605n',147,1);
INSERT INTO paragraphs VALUES('annya_buddha_vandana_gantha_sanggaho_e0605n',148,1);
INSERT INTO paragraphs VALUES('annya_buddha_vandana_gantha_sanggaho_e0605n',149,1);
INSERT INTO paragraphs VALUES('annya_buddha_vandana_gantha_sanggaho_e0605n',150,1);
INSERT INTO paragraphs VALUES('annya_buddha_vandana_gantha_sanggaho_e0605n',151,1);
INSERT INTO paragraphs VALUES('annya_buddha_vandana_gantha_sanggaho_e0605n',152,1);
INSERT INTO paragraphs VALUES('annya_buddha_vandana_gantha_sanggaho_e0605n',153,1);
INSERT INTO paragraphs VALUES('annya_buddha_vandana_gantha_sanggaho_e0605n',154,1);
INSERT INTO paragraphs VALUES('annya_buddha_vandana_gantha_sanggaho_e0605n',155,1);
INSERT INTO paragraphs VALUES('annya_buddha_vandana_gantha_sanggaho_e0605n',156,1);
INSERT INTO paragraphs VALUES('annya_buddha_vandana_gantha_sanggaho_e0605n',157,1);
INSERT INTO paragraphs VALUES('annya_buddha_vandana_gantha_sanggaho_e0605n',158,1);
INSERT INTO paragraphs VALUES('annya_buddha_vandana_gantha_sanggaho_e0605n',159,1);
INSERT INTO paragraphs VALUES('annya_buddha_vandana_gantha_sanggaho_e0605n',160,1);
INSERT INTO paragraphs VALUES('annya_buddha_vandana_gantha_sanggaho_e0605n',161,1);
INSERT INTO paragraphs VALUES('annya_buddha_vandana_gantha_sanggaho_e0605n',162,1);
INSERT INTO paragraphs VALUES('annya_buddha_vandana_gantha_sanggaho_e0605n',163,1);
INSERT INTO paragraphs VALUES('annya_buddha_vandana_gantha_sanggaho_e0605n',164,1);
INSERT INTO paragraphs VALUES('annya_buddha_vandana_gantha_sanggaho_e0605n',165,1);
INSERT INTO paragraphs VALUES('annya_buddha_vandana_gantha_sanggaho_e0605n',166,1);
INSERT INTO paragraphs VALUES('annya_buddha_vandana_gantha_sanggaho_e0605n',167,1);
INSERT INTO paragraphs VALUES('annya_buddha_vandana_gantha_sanggaho_e0605n',168,1);
INSERT INTO paragraphs VALUES('annya_buddha_vandana_gantha_sanggaho_e0605n',169,1);
INSERT INTO paragraphs VALUES('annya_buddha_vandana_gantha_sanggaho_e0605n',170,1);
INSERT INTO paragraphs VALUES('annya_buddha_vandana_gantha_sanggaho_e0605n',171,1);
INSERT INTO paragraphs VALUES('annya_buddha_vandana_gantha_sanggaho_e0605n',172,1);
INSERT INTO paragraphs VALUES('annya_buddha_vandana_gantha_sanggaho_e0605n',173,1);
INSERT INTO paragraphs VALUES('annya_buddha_vandana_gantha_sanggaho_e0605n',174,1);
INSERT INTO paragraphs VALUES('annya_buddha_vandana_gantha_sanggaho_e0605n',175,1);
INSERT INTO paragraphs VALUES('annya_buddha_vandana_gantha_sanggaho_e0605n',176,1);
INSERT INTO paragraphs VALUES('annya_buddha_vandana_gantha_sanggaho_e0605n',177,1);
INSERT INTO paragraphs VALUES('annya_buddha_vandana_gantha_sanggaho_e0605n',178,1);
INSERT INTO paragraphs VALUES('annya_buddha_vandana_gantha_sanggaho_e0605n',179,1);
INSERT INTO paragraphs VALUES('annya_buddha_vandana_gantha_sanggaho_e0605n',180,1);
INSERT INTO paragraphs VALUES('annya_buddha_vandana_gantha_sanggaho_e0605n',181,1);
INSERT INTO paragraphs VALUES('annya_buddha_vandana_gantha_sanggaho_e0605n',182,1);
INSERT INTO paragraphs VALUES('annya_buddha_vandana_gantha_sanggaho_e0605n',183,1);
INSERT INTO paragraphs VALUES('annya_buddha_vandana_gantha_sanggaho_e0605n',184,1);
INSERT INTO paragraphs VALUES('annya_buddha_vandana_gantha_sanggaho_e0605n',185,1);
INSERT INTO paragraphs VALUES('annya_buddha_vandana_gantha_sanggaho_e0605n',186,1);
INSERT INTO paragraphs VALUES('annya_buddha_vandana_gantha_sanggaho_e0605n',187,1);
INSERT INTO paragraphs VALUES('annya_buddha_vandana_gantha_sanggaho_e0605n',188,1);
INSERT INTO paragraphs VALUES('annya_buddha_vandana_gantha_sanggaho_e0605n',189,1);
INSERT INTO paragraphs VALUES('annya_buddha_vandana_gantha_sanggaho_e0605n',190,1);
INSERT INTO paragraphs VALUES('annya_buddha_vandana_gantha_sanggaho_e0605n',191,1);
INSERT INTO paragraphs VALUES('annya_buddha_vandana_gantha_sanggaho_e0605n',192,1);
INSERT INTO paragraphs VALUES('annya_buddha_vandana_gantha_sanggaho_e0605n',193,1);
INSERT INTO paragraphs VALUES('annya_buddha_vandana_gantha_sanggaho_e0605n',194,1);
INSERT INTO paragraphs VALUES('annya_buddha_vandana_gantha_sanggaho_e0605n',195,1);
INSERT INTO paragraphs VALUES('annya_buddha_vandana_gantha_sanggaho_e0605n',196,1);
INSERT INTO paragraphs VALUES('annya_buddha_vandana_gantha_sanggaho_e0605n',197,1);
INSERT INTO paragraphs VALUES('annya_buddha_vandana_gantha_sanggaho_e0605n',198,1);
INSERT INTO paragraphs VALUES('annya_buddha_vandana_gantha_sanggaho_e0605n',199,1);
INSERT INTO paragraphs VALUES('annya_buddha_vandana_gantha_sanggaho_e0605n',200,1);
INSERT INTO paragraphs VALUES('annya_buddha_vandana_gantha_sanggaho_e0605n',201,1);
INSERT INTO paragraphs VALUES('annya_buddha_vandana_gantha_sanggaho_e0605n',202,1);
INSERT INTO paragraphs VALUES('annya_buddha_vandana_gantha_sanggaho_e0605n',203,1);
INSERT INTO paragraphs VALUES('annya_buddha_vandana_gantha_sanggaho_e0605n',205,1);
INSERT INTO paragraphs VALUES('annya_buddha_vandana_gantha_sanggaho_e0605n',206,1);
INSERT INTO paragraphs VALUES('annya_buddha_vandana_gantha_sanggaho_e0605n',207,1);
INSERT INTO paragraphs VALUES('annya_buddha_vandana_gantha_sanggaho_e0605n',208,1);
INSERT INTO paragraphs VALUES('annya_buddha_vandana_gantha_sanggaho_e0605n',209,1);
INSERT INTO paragraphs VALUES('annya_buddha_vandana_gantha_sanggaho_e0605n',210,1);
INSERT INTO paragraphs VALUES('annya_buddha_vandana_gantha_sanggaho_e0605n',211,1);
INSERT INTO paragraphs VALUES('annya_buddha_vandana_gantha_sanggaho_e0605n',212,1);
INSERT INTO paragraphs VALUES('annya_buddha_vandana_gantha_sanggaho_e0605n',213,1);
INSERT INTO paragraphs VALUES('annya_buddha_vandana_gantha_sanggaho_e0605n',214,1);
INSERT INTO paragraphs VALUES('annya_buddha_vandana_gantha_sanggaho_e0605n',215,1);
INSERT INTO paragraphs VALUES('annya_buddha_vandana_gantha_sanggaho_e0605n',216,1);
INSERT INTO paragraphs VALUES('annya_buddha_vandana_gantha_sanggaho_e0605n',217,1);
INSERT INTO paragraphs VALUES('annya_buddha_vandana_gantha_sanggaho_e0605n',218,1);
INSERT INTO paragraphs VALUES('annya_buddha_vandana_gantha_sanggaho_e0605n',219,1);
INSERT INTO paragraphs VALUES('annya_buddha_vandana_gantha_sanggaho_e0605n',220,1);
INSERT INTO paragraphs VALUES('annya_buddha_vandana_gantha_sanggaho_e0605n',221,1);
INSERT INTO paragraphs VALUES('annya_buddha_vandana_gantha_sanggaho_e0605n',222,1);
INSERT INTO paragraphs VALUES('annya_buddha_vandana_gantha_sanggaho_e0605n',223,1);
INSERT INTO paragraphs VALUES('annya_buddha_vandana_gantha_sanggaho_e0605n',224,1);
INSERT INTO paragraphs VALUES('annya_buddha_vandana_gantha_sanggaho_e0605n',225,1);
INSERT INTO paragraphs VALUES('annya_buddha_vandana_gantha_sanggaho_e0605n',226,1);
INSERT INTO paragraphs VALUES('annya_buddha_vandana_gantha_sanggaho_e0605n',227,1);
INSERT INTO paragraphs VALUES('annya_buddha_vandana_gantha_sanggaho_e0605n',228,1);
INSERT INTO paragraphs VALUES('annya_buddha_vandana_gantha_sanggaho_e0605n',229,1);
INSERT INTO paragraphs VALUES('annya_buddha_vandana_gantha_sanggaho_e0605n',230,1);
INSERT INTO paragraphs VALUES('annya_buddha_vandana_gantha_sanggaho_e0605n',231,1);
INSERT INTO paragraphs VALUES('annya_buddha_vandana_gantha_sanggaho_e0605n',232,1);
INSERT INTO paragraphs VALUES('annya_buddha_vandana_gantha_sanggaho_e0605n',233,1);
INSERT INTO paragraphs VALUES('annya_buddha_vandana_gantha_sanggaho_e0605n',234,1);
INSERT INTO paragraphs VALUES('annya_buddha_vandana_gantha_sanggaho_e0605n',235,1);
INSERT INTO paragraphs VALUES('annya_buddha_vandana_gantha_sanggaho_e0605n',236,1);
INSERT INTO paragraphs VALUES('annya_buddha_vandana_gantha_sanggaho_e0605n',237,1);
INSERT INTO paragraphs VALUES('annya_buddha_vandana_gantha_sanggaho_e0605n',238,1);
INSERT INTO paragraphs VALUES('annya_buddha_vandana_gantha_sanggaho_e0605n',239,1);
INSERT INTO paragraphs VALUES('annya_buddha_vandana_gantha_sanggaho_e0605n',240,1);
INSERT INTO paragraphs VALUES('annya_buddha_vandana_gantha_sanggaho_e0605n',241,1);
INSERT INTO paragraphs VALUES('annya_buddha_vandana_gantha_sanggaho_e0605n',242,1);
INSERT INTO paragraphs VALUES('annya_buddha_vandana_gantha_sanggaho_e0605n',243,1);
INSERT INTO paragraphs VALUES('annya_buddha_vandana_gantha_sanggaho_e0605n',244,1);
INSERT INTO paragraphs VALUES('annya_buddha_vandana_gantha_sanggaho_e0605n',245,1);
INSERT INTO paragraphs VALUES('annya_buddha_vandana_gantha_sanggaho_e0605n',246,1);
INSERT INTO paragraphs VALUES('annya_buddha_vandana_gantha_sanggaho_e0605n',247,1);
INSERT INTO paragraphs VALUES('annya_buddha_vandana_gantha_sanggaho_e0605n',248,1);
INSERT INTO paragraphs VALUES('annya_buddha_vandana_gantha_sanggaho_e0605n',249,1);
INSERT INTO paragraphs VALUES('annya_buddha_vandana_gantha_sanggaho_e0605n',250,1);
DELETE FROM pages where bookid='annya_buddha_vandana_gantha_sanggaho_e0605n';
INSERT INTO pages (bookid, page, content, paranum) VALUES('annya_buddha_vandana_gantha_sanggaho_e0605n',1,replace(replace('<p class="centered"> Namo tassa bhagavato arahato sammāsambuddhassa</p>\r\n<p class="book">Jinālaṅkāra</p>\r\n<p class="chapter">Paṇāmadīpanīgāthā</p>\r\n<p class="hangnum"><a name="para1"></a><span class="paranum">1</span>.</p>\r\n<p class="gatha1"> Yo lokatthāya buddho dhanasutabhariyāaṅgajīve cajitvā pūretvā āramiyo tidasamanupame bodhipakkhīyadhamme,</p>\r\n<p class="gatha2">Patvā bodhiṃ visuddhaṃ sakalaguṇadadaṃ seṭṭhabhūto tiloke,</p>\r\n<p class="gathalast">Katvā dukkhassa antaṃ katasubhajanataṃ dukkhato mocayittha.</p>\r\n<p class="hangnum"><a name="para2"></a><span class="paranum">2</span>.</p>\r\n<p class="gatha1"> Natvānāhaṃ jinantaṃ samupacitasubhaṃ sabbalokekabandhuṃ,</p>\r\n<p class="gatha2">Nāhu yenapi tulyo kusalamahimato uttamo bhūtaloke tassevāyaṃ uvimhaṃ suvipulamamalaṃ bodhisambhārabhūtaṃ,</p>\r\n<p class="gathalast">Hetuṃ hetvānurūpaṃ sugatagataphalaṃ bhāsato me suṇātha.</p>\r\n<p class="chapter">Yogāvacarasampattidīpanīgāthā</p>\r\n<p class="hangnum"><a name="para3"></a><span class="paranum">3</span>.</p>\r\n<p class="gatha1"> Jāto yo navame khaṇe sutadharo sīlena suddhindriyo saṃsāraṃ ayato bhavakkayakaraṃ disvā sivaṃ khemato,</p>\r\n<p class="gathalast">Taṃ sampāpakamaggadesakamuniṃ sampūjayanto tato uddhānussatibhāvanādikamato sampādaye taṃ sivaṃ.</p>\r\n<p class="chapter">Vatthuvisodhanīgāthā</p>\r\n<p class="hangnum"><a name="para4"></a><span class="paranum">4</span>.</p>\r\n<p class="gatha1"> Buddhoti ko buddhaguṇo ti ko so,</p>\r\n<p class="gatha2">Acintayādittamupāgato yo;</p>\r\n<p class="gatha3">Anaññasādhāraṇabhūtamatthaṃ,</p>\r\n<p class="gathalast">Akāsi kiṃ so kimavoca buddho.</p>\r\n<p class="hangnum"><a name="para5"></a><span class="paranum">5</span>.</p>\r\n<p class="gatha1"> Visuddhakhandhasantāno buddhoti niyamo kato,</p>\r\n<p class="gathalast">Khandhasantānasuddhī tu guṇoti niyamo kato.</p>\r\n<p class="hangnum"><a name="para6"></a><span class="paranum">6</span>.</p>\r\n<p class="gatha1"> Akāsi kiccāni dinesu pañca,</p>\r\n<p class="gatha2">Pasādayañciddhibalena sena;</p>\r\n<p class="gatha3">Janānasesaṃ cariyānukūlaṃ,</p>\r\n<p class="gathalast">Ñatvānavocānusayappahānaṃ.</p>\r\n<p class="chapter">Anaññasādhāraṇadīpanīgāthā</p>\r\n<p class="hangnum"><a name="para7"></a><span class="paranum">7</span>.</p>\r\n<p class="gatha1"> Abbhuggatā yassa guṇā anantā,</p>\r\n<p class="gatha2">Tibuddhakhettekadivākaroti;</p>\r\n<p class="gatha3">Jānāti so lokamimaṃ parañca,</p>\r\n<p class="gatha2">Sacetanañceva acetanañca;</p>\r\n<p class="gatha3">Sakassa santānagataṃ paresaṃ,</p>\r\n<p class="gathalast">Byatītamappattakamatrabhūtaṃ.</p>\r\n<p class="hangnum"><a name="para8"></a><span class="paranum">8</span>.</p>\r\n<p class="gatha1"> Anantasattesu ca lokadhātusu,</p>\r\n<p class="gatha2">Ekova sabbepi samā na tena;</p>\r\n<p class="gatha3">Disāsu pubbādisu cakkavāḷā,</p>\r\n<p class="gatha2">Sahassasaṅkhāyapi appameyyā;</p>\r\n<p class="gatha3">Ye tesu devā manujā ca brahmā,</p>\r\n<p class="gathalast">Ekattha saṅgamma hi mantayantā.</p>\r\n<p class="hangnum"><a name="para9"></a><span class="paranum">9</span>.</p>\r\n<p class="gatha1"> Anādikālāgatanāmarūpinaṃ,</p>\r\n<p class="gatha2">Yathāsakaṃ hetuphalattavuttinaṃ;</p>\r\n<p class="gatha3">Tabbhāvabhāvittamasambhuṇantā,</p>\r\n<p class="gathalast">Nānāvipallāsamanupaviṭṭhā.</p>\r\n<p class="hangnum"><a name="para10"></a><span class="paranum">10</span>.</p>\r\n<p class="gatha1"> Kammappavattiñca phalappavattiṃ,</p>\r\n<p class="gatha2">Ekattanānattanirīhadhammataṃ;</p>\r\n<p class="gatha3">Viññattisantānaghanena channato,</p>\r\n<p class="gathalast">Sivañjasaṃ no bhaṇituṃ samatthā.</p>\r\n<p class="hangnum"><a name="para11"></a><span class="paranum">11</span>.</p>\r\n<p class="gatha1"> Eko va so santikaro pabhaṅkaro,</p>\r\n<p class="gatha2">Saṅkhāya ñeyyāni asesitāni;</p>\r\n<p class="gatha3">Tesañhi majjhe paramāsambhīvadaṃ,</p>\r\n<p class="gathalast">Sivañjasaṃ dīpayituṃ samattho.</p>\r\n<p class="hangnum"><a name="para12"></a><span class="paranum">12</span>.</p>\r\n<p class="gatha1"> So gotamo sakyasuto munindo,</p>\r\n<p class="gatha2">Sabbassa lokassa padīpabhūto;</p>\r\n<p class="gatha3">Anantasatte bhavabandhanamhā,</p>\r\n<p class="gathalast">Mocesi kāruññaphalānupekkhī.</p>\r\n<p class="chapter">Abhinīhāradīpanīgāthā</p>\r\n<p class="hangnum"><a name="para13"></a><span class="paranum">13</span>.</p>\r\n<p class="gatha1"> Vadetha tassīdha anappakaṃ guṇaṃ,</p>\r\n<p class="gatha2">Na tena tulyo paramo ca vijjati;</p>\r\n<p class="gatha3">Kiṃ taṃ guṇaṃ taṃ sadisena dinnaṃ,</p>\r\n<p class="gathalast">Sayaṃkataṃ kinnu adhiccaladdhaṃ.</p>\r\n<p class="hangnum"><a name="para14"></a><span class="paranum">14</span>.</p>\r\n<p class="gatha1"> Nādhiccaladdhaṃ na ca pubbabuddhā,</p>\r\n<p class="gatha2">Brahmādinaṃ sammutiyā bahūnaṃ;</p>\r\n<p class="gatha3">Sayaṃkateneva anopamena,</p>\r\n<p class="gathalast">Dānādinā laddhamidaṃ vipākaṃ.</p>\r\n<p class="hangnum"><a name="para15"></a><span class="paranum">15</span>.</p>\r\n<p class="gatha1"> Ito catunnaṃ asaṅkhiyānaṃ,</p>\r\n<p class="gatha2">Sataṃsahassānadhikānamatthake;</p>\r\n<p class="gatha3">Kappe atītamhi sumedhatāpaso,</p>\r\n<p class="gathalast">Vehāyasaṃ gacchati iddhiyā tadā.</p>\r\n<p class="hangnum"><a name="para16"></a><span class="paranum">16</span>.</p>\r\n<p class="gatha1"> Dipaṅkaro nāma jino sasaṅgho,</p>\r\n<p class="gatha2">Rammaṃ puraṃ yāti virocamāno;</p>\r\n<p class="gatha3">Manussadevehibhipūjiyanto,</p>\r\n<p class="gathalast">Sahassaraṃsi viya bhāṇumā nabhe.</p>\r\n<p class="hangnum"><a name="para17"></a><span class="paranum">17</span>.</p>\r\n<p class="gatha1"> Tassañjasaṃ kātubahussahānaṃ,</p>\r\n<p class="gatha2">Buddhoti sutvā sumano patīto;</p>\r\n<p class="gatha3">Mamajja dehaṃ panimassa datvā,</p>\r\n<p class="gathalast">Buddho ahaṃ hessamanāgatediso.</p>\r\n<p class="hangnum"><a name="para18"></a><span class="paranum">18</span>.</p>\r\n<p class="gatha1"> Tasmiñjase kandaratamhi paṅke,</p>\r\n<p class="gatha2">Katvāna setuṃ sayi so sadehaṃ;</p>\r\n<p class="gatha3">Buddho ayaṃ gacchatu piṭṭhiyā mamaṃ,</p>\r\n<p class="gathalast">Bodhissace hessati me anāgate.</p>\r\n<p class="hangnum"><a name="para19"></a><span class="paranum">19</span>.</p>\r\n<p class="gatha1"> Ussīsakaṃ yāti jino hi tassa,</p>\r\n<p class="gatha2">Ajjhāsayo sijjhatimassanāgate;</p>\r\n<p class="gatha3">Ñatvāna byākāsi asesato hi,</p>\r\n<p class="gathalast">Buddho ayaṃ hessatināgatesu.</p>\r\n<p class="hangnum"><a name="para20"></a><span class="paranum">20</span>.</p>\r\n<p class="gatha1"> Sutvāna patto va mahābhisekaṃ,</p>\r\n<p class="gatha2">Laddhaṃ va bodhiṃ samanussaranto;</p>\r\n<p class="gatha3">Pūjetvā yāte munidevamānuse,</p>\r\n<p class="gathalast">Uṭṭhāya so sammasi pāramī dasa.</p>\r\n<p class="hangnum"><a name="para21"></a><span class="paranum">21</span>.</p>\r\n<p class="gatha1"> Daḷhaṃ gahetvā samatiṃsapāramī,</p>\r\n<p class="gatha2">Sikkhattayañcassa jinassa santike;</p>\r\n<p class="gatha3">Kātuṃ samattho pi bhavassa pāraṃ,</p>\r\n<p class="gathalast">Sattesu kāruññabalā bhavaṃ gato.</p>\r\n<p class="hangnum"><a name="para22"></a><span class="paranum">22</span>.</p>\r\n<p class="gatha1"> Uppannuppannake so jinavaramatule pūjayitvā asesaṃ buddho eso hi oso bhavati niyamato byākato tehi tehi tesaṃ tesaṃ jinānaṃ acanamanupamaṃ pūjayitvā sirena,</p>\r\n<p class="gathalast">Taṃ taṃ dukkhaṃ sahitvā sakalaguṇadadaṃ pāramī pūrayittha.</p>\r\n<p class="chapter">Bodhisambhāradīpanīgāthā</p>\r\n<p class="hangnum"><a name="para23"></a><span class="paranum">23</span>.</p>\r\n<p class="gatha1"> So dukkhakhinnajanadassanadukkhakhinno,</p>\r\n<p class="gatha2">Kāruññameva janatāya akāsi niccaṃ;</p>\r\n<p class="gatha3">Tesaṃ hi mocanamupāyamidanti ñatvā,</p>\r\n<p class="gathalast">Tādīparādhamapi attani ropayī so.</p>\r\n<p class="hangnum"><a name="para24"></a><span class="paranum">24</span>.</p>\r\n<p class="gatha1"> Dānādinekavarapāramisāgaresu,</p>\r\n<p class="gatha2">Ogāḷhatāyapi paduṭṭhajanena dinnaṃ;</p>\r\n<p class="gatha3">Dukkhaṃ tathā atimahantatarampi kiñci,</p>\r\n<p class="gathalast">Nāññāsi sattahitamevea gavesayanto.</p>\r\n<p class="hangnum"><a name="para25"></a><span class="paranum">25</span>.</p>\r\n<p class="gatha1"> Chetvāna sīsaṃ hi sakaṃ dadanto,</p>\r\n<p class="gatha2">Maṃsaṃ pacitvāna sakaṃ dadanto;</p>\r\n<p class="gatha3">So cattagatto paṇidhānakāle,</p>\r\n<p class="gathalast">Duṭṭhassa kiṃ dussati chedanena.</p>\r\n<p class="hangnum"><a name="para26"></a><span class="paranum">26</span>.</p>\r\n<p class="gatha1"> Evaṃ anantamapi jātisatesu dukkhaṃ,</p>\r\n<p class="gatha2">Patvāna sattahitameva gavesayanto;</p>\r\n<p class="gatha3">Dīpaṅkare gahitasīlasamādhipaññaṃ,</p>\r\n<p class="gathalast">Pālesi yāva sakabodhitale suniṭṭho.</p>\r\n<p class="hangnum"><a name="para27"></a><span class="paranum">27</span>.</p>\r\n<p class="gatha1"> Yadābhinīhāramakā sumedho,</p>\r\n<p class="gatha2">Yadā ca maddiṃ adadā sivindo;</p>\r\n<p class="gatha3">Etthantare jātisu kiñcipekaṃ,</p>\r\n<p class="gathalast">Niratthakaṃ no agamāsi tassa.</p>\r\n<p class="hangnum"><a name="para28"></a><span class="paranum">28</span>.</p>\r\n<p class="gatha1"> Mahāsamudde jalabindutopi,</p>\r\n<p class="gatha2">Tadantre jāti anappakā va;</p>\r\n<p class="gatha3">Nirantaraṃ pūritapāramīnaṃ,</p>\r\n<p class="gathalast">Kathaṃ pamāṇaṃ upamā kuhiṃ vā.</p>\r\n<p class="hangnum"><a name="para29"></a><span class="paranum">29</span>.</p>\r\n<p class="gatha1"> Yo maggapasse madhurambabījaṃ,</p>\r\n<p class="gatha2">Chāyāphalatthāya mahājanānaṃ;</p>\r\n<p class="gatha3">Ropesi tasmiṃ hi khaṇeva tena,</p>\r\n<p class="gathalast">Chāyāphale puññamaladdhamuddhaṃ.</p>\r\n<p class="hangnum"><a name="para30"></a><span class="paranum">30</span>.</p>\r\n<p class="gatha1"> Tatheva saṃsārapathe janānaṃ,</p>\r\n<p class="gatha2">Hitāya attanamabhiropitakkhaṇe;</p>\r\n<p class="gatha3">Siddhaṃ va puññūpari tassa tasmiṃ,</p>\r\n<p class="gathalast">Dhanaṅgajīvaṃ pi haranti ye ye.</p>\r\n<p class="hangnum"><a name="para31"></a><span class="paranum">31</span>.</p>\r\n<p class="gatha1"> So sāgare jaladhikaṃ ruhiraṃ adāsi,</p>\r\n<p class="gatha2">Bhūmāparājiya samaṃsamadāsi dānaṃ;</p>\r\n<p class="gatha3">Meruppamāṇamadhikañca samoḷisīsaṃ,</p>\r\n<p class="gathalast">Khe tārakādhikataraṃ nayanaṃ adāsi.</p>\r\n<p class="chapter">Gabbhokkantidīpanīgāthā</p>\r\n<p class="hangnum"><a name="para32"></a><span class="paranum">32</span>.</p>\r\n<p class="gatha1"> Gambhīrapānadānādisāgaresu hi thāmasā;</p>\r\n<p class="gathalast">Taranto maddidānena niṭṭhāpetvāna pāramī.</p>\r\n<p class="hangnum"><a name="para33"></a><span class="paranum">33</span>.</p>\r\n<p class="gatha1"> Vasanto tusīte kāye bodhiparipākamāgamma;</p>\r\n<p class="gathalast">Āyācanāya ca devānaṃ mātugabbhamupāgami.</p>\r\n<p class="hangnum"><a name="para34"></a><span class="paranum">34</span>.</p>\r\n<p class="gatha1"> Sato ca sampajāno ca mātukucchimhi okkami;</p>\r\n<p class="gathalast">Tassa okkantiyaṃ sabbā dasasahassī pakampittha.</p>\r\n<p class="hangnum"><a name="para35"></a><span class="paranum">35</span>.</p>\r\n<p class="gatha1"> Tato pubbanimittāni dvattiṃsāni tadā siyuṃ;</p>\r\n<p class="gathalast">Tuṭṭhahaṭṭhā va sā mātā puttaṃ passati kucchiyaṃ.</p>\r\n<p class="chapter">Vijāyanamaṅgaladīpanīgāthā</p>\r\n<p class="hangnum"><a name="para36"></a><span class="paranum">36</span>.</p>\r\n<p class="gatha1"> Sā puṇṇagabbhā dasamāsato paraṃ,</p>\r\n<p class="gatha2">Gantvāna phullaṃ varalumbinīvanaṃ;</p>\r\n<p class="gatha3">Ṭhitā gahetvā varasālasākhaṃ,</p>\r\n<p class="gathalast">Vijāyi taṃ puttavaraṃ sukhena.</p>\r\n<p class="hangnum"><a name="para37"></a><span class="paranum">37</span>.</p>\r\n<p class="gatha1"> Tadā sahassīdasalokadhātusu,</p>\r\n<p class="gatha2">Devā ca nāgā asurā ca yakkhā;</p>\r\n<p class="gatha3">Nānādisā maṅgalacakkavāḷaṃ,</p>\r\n<p class="gathalast">Sumaṅgalaṃ maṅgalamāgamiṃsu.</p>\r\n<p class="hangnum"><a name="para38"></a><span class="paranum">38</span>.</p>\r\n<p class="gatha1"> Anekasākhañca sahassamaṇḍalaṃ,</p>\r\n<p class="gatha2">Chattaṃ marū dhārayumantalikkhe;</p>\r\n<p class="gatha3">Suvaṇṇadaṇḍā vipatanti cāmarā,</p>\r\n<p class="gathalast">Khajjiṃsu bherī ca nadiṃsu saṅkhā.</p>\r\n<p class="hangnum"><a name="para39"></a><span class="paranum">39</span>.</p>\r\n<p class="gatha1"> Malenakenāpi anūpalitto,</p>\r\n<p class="gatha2">Ṭhito va pādāni pasārayanto;</p>\r\n<p class="gatha3">Kathī va dhammāsanatotaranto,</p>\r\n<p class="gathalast">Jāto yathādiccavaro nabhamhā.</p>\r\n<p class="hangnum"><a name="para40"></a><span class="paranum">40</span>.</p>\r\n<p class="gatha1"> Khīṇāsavā brahmagaṇopagantvā,</p>\r\n<p class="gatha2">Suvaṇṇajālena paṭiggahesuṃ;</p>\r\n<p class="gatha3">Tato ca devājinacammakena,</p>\r\n<p class="gathalast">Tato dukūlena ca taṃ manussā.</p>\r\n<p class="hangnum"><a name="para41"></a><span class="paranum">41</span>.</p>\r\n<p class="gatha1"> Tesaṃ pi hatthā varabhūmiyaṃ ṭhito,</p>\r\n<p class="gatha2">Disā vilokesi sabbā samantato;</p>\r\n<p class="gatha3">Vadiṃsu devā pi ca brahmakāyikā,</p>\r\n<p class="gathalast">Tayā samo katthaci natthi uttaro.</p>\r\n<p class="hangnum"><a name="para42"></a><span class="paranum">42</span>.</p>\r\n<p class="gatha1"> Gantvāna uttaraṃ satta padavārehi vikkamo,</p>\r\n<p class="gathalast">Sīhanādaṃ nadī tesaṃ devatānaṃ hi sāvayaṃ.</p>\r\n<p class="hangnum"><a name="para43"></a><span class="paranum">43</span>.</p>\r\n<p class="gatha1"> Tato puttaṃ gahetvāna gatā mātā sakaṅgharaṃ,</p>\r\n<p class="gathalast">Mātā sattamiyaṃ gantvā deaputtattamāgami.</p>\r\n<p class="hangnum"><a name="para44"></a><span class="paranum">44</span>.</p>\r\n<p class="gatha1"> Te brahmaṇā pañcamiyaṃ subhuttā,</p>\r\n<p class="gatha2">Nāmaṃ gahetuṃ varalakkhaṇāni;</p>\r\n<p class="gatha3">Disvāna ekaṅgulimukkhipiṃsu,</p>\r\n<p class="gathalast">Buddho ayaṃ hessati vītarāgo.</p>\r\n<p class="hangnum"><a name="para45"></a><span class="paranum">45</span>.</p>\r\n<p class="gatha1"> Jiṇṇañca disvā byādhikaṃ matañca,</p>\r\n<p class="gatha2">Avhāyitaṃ pabbajitañca disvā;</p>\r\n<p class="gatha3">Ohāya pabbajjamupeti kāme,</p>\r\n<p class="gathalast">Buddho ayaṃ hessati vītarāgo.</p>\r\n<p class="chapter">Agāriyasampattidīpanīgāthā</p>\r\n<p class="hangnum"><a name="para46"></a><span class="paranum">46</span>.</p>\r\n<p class="gatha1"> Kālakkamena cando va vaḍḍhanto vaḍḍhite kule,</p>\r\n<p class="gathalast">Puññodayenudento so bhāṇumā viya ambare.</p>\r\n<p class="hangnum"><a name="para47"></a><span class="paranum">47</span>.</p>\r\n<p class="gatha1"> Siddhathako hi siddhattho laddhā deviṃ yasodharaṃ,</p>\r\n<p class="gathalast">Cattālīsasahassehi pūritthīhi purakkhito.</p>\r\n<p class="hangnum"><a name="para48"></a><span class="paranum">48</span>.</p>\r\n<p class="gatha1"> Rammasurammasubhesu gharesu,</p>\r\n<p class="gatha2">Tiṇṇamutūnamanucchavikesu;</p>\r\n<p class="gatha3">Dibbasukhaṃ viya bhuñji sukhaṃ so,</p>\r\n<p class="gathalast">Acchariyabbhutarājavibhūtiṃ.</p>\r\n<p class="chapter">Nekkhammajjhāsayadīpanīyamakagāthā</p>\r\n<p class="centered"> Namo tassa yato mahimato yassa tamo na</p>\r\n<p class="hangnum"><a name="para49"></a><span class="paranum">49</span>.</p>\r\n<p class="gatha1"> Disvā nimittāni madacchidāni,</p>\r\n<p class="gatha2">Thīnaṃ virūpāni ratacchidāni;</p>\r\n<p class="gatha3">Pāpāni kammāni sukhacchidāni,</p>\r\n<p class="gathalast">Laddhāni ñāṇāni bhavacchidāni.</p>\r\n<p class="hangnum"><a name="para50"></a><span class="paranum">50</span>.</p>\r\n<p class="gatha1"> Padittagehā viya bheravaṃ ravaṃ,</p>\r\n<p class="gatha2">Ravaṃ sammuṭṭhāya gato mahesi;</p>\r\n<p class="gatha3">Mahesimolokiyaputtamattano,</p>\r\n<p class="gathalast">Tanosi no pemamahoghamattano.</p>\r\n<p class="hangnum"><a name="para51"></a><span class="paranum">51</span>.</p>\r\n<p class="gatha1"> Ummāraummāragatuddharitvā,</p>\r\n<p class="gatha2">Padaṃ padaṃ yātanarāsabhassa;</p>\r\n<p class="gatha3">Alaṃ alaṃkāratarena gantuṃ,</p>\r\n<p class="gathalast">Matī matīvetimanaṅgabhaṅge.</p>\r\n<p class="hangnum"><a name="para52"></a><span class="paranum">52</span>.</p>\r\n<p class="gatha1"> Ummāraummāragato mahesi,</p>\r\n<p class="gatha2">Anaṅgabhaṅgaṃ samacintayittha;</p>\r\n<p class="gatha3">Kiṃ me jarāmaccumukhe ṭhitassa,</p>\r\n<p class="gathalast">Na me vase kāmavase ṭhitassa.</p>\r\n<p class="hangnum"><a name="para53"></a><span class="paranum">53</span>.</p>\r\n<p class="gatha1"> Kāmena kāmena na sādhyamokkhaṃ,</p>\r\n<p class="gatha2">Mānena mānena mamatthi kiñci;</p>\r\n<p class="gatha3">Māro saseno hi avāraṇīyo,</p>\r\n<p class="gathalast">Yantena ucchuṃ viya maddatī maṃ.</p>\r\n<p class="hangnum"><a name="para54"></a><span class="paranum">54</span>.</p>\r\n<p class="gatha1"> Ādittamuyātapayātamūnaṃ,</p>\r\n<p class="gatha2">Atāṇāleṇāsaraṇe jane te;</p>\r\n<p class="gatha3">Disvāna disvāna sivaṃ mayā te,</p>\r\n<p class="gathalast">Kāmena kāmena kathaṃ vineyya.</p>\r\n<p class="hangnum"><a name="para55"></a><span class="paranum">55</span>.</p>\r\n<p class="gatha1"> Vijjāvijjāya cutañcupetaṃ,</p>\r\n<p class="gatha2">Asārasārūpagatañjanaṃ janaṃ;</p>\r\n<p class="gatha3">Vijjāyavijjāya yuto cutohaṃ,</p>\r\n<p class="gathalast">Pahomi tāretumasaṅgaho gato.</p>\r\n<p class="hangnum"><a name="para56"></a><span class="paranum">56</span>.</p>\r\n<p class="gatha1"> Magganti no diṭṭhigatāpavaggaṃ,</p>\r\n<p class="gatha2">Aggā ti tevāhu janā samaggā;</p>\r\n<p class="gatha3">Naggaṃ aho mohatamassa vaggaṃ,</p>\r\n<p class="gathalast">Vaggaṃ hanissāmi tamaggamaggā.</p>\r\n<p class="hangnum"><a name="para57"></a><span class="paranum">57</span>.</p>\r\n<p class="gatha1"> Paseyhakārena aseyhadukkhaṃ,</p>\r\n<p class="gatha2">Janā janentīha janānameva;</p>\r\n<p class="gatha3">Paseyhakārenā aseyhadukkhaṃ,</p>\r\n<p class="gathalast">Pāpaṃ na jānanti tato nidānaṃ.</p>\r\n<p class="hangnum"><a name="para58"></a><span class="paranum">58</span>.</p>\r\n<p class="gatha1"> Te oghayogāsavasaṃkilesā,</p>\r\n<p class="gatha2">Tameva nāsenti tato samuṭṭhitā;</p>\r\n<p class="gatha3">Ekantikaṃ jāti jarā ca maccu,</p>\r\n<p class="gathalast">Nirantaraṃ taṃ byasanañcanekaṃ.</p>\r\n<p class="hangnum"><a name="para59"></a><span class="paranum">59</span>.</p>\r\n<p class="gatha1"> Cīraṃ kilesānasamujjalantaṃ,</p>\r\n<p class="gatha2">Disvāna sattānusayaṃ sayambhū;</p>\r\n<p class="gatha3">Sādhemi bodhiṃ vinayāmi satte,</p>\r\n<p class="gathalast">Pacchāpi passāmi sutaṃ sutantaṃ.</p>\r\n<p class="hangnum"><a name="para60"></a><span class="paranum">60</span>.</p>\r\n<p class="gatha1"> Taṃ dibbacakkaṃ khuracakkamālaṃ,</p>\r\n<p class="gatha2">Rajjaṃ sasārajjasamajjamajjaṃ;</p>\r\n<p class="gatha3">Te bandhavā bandhanamāgatā pare,</p>\r\n<p class="gathalast">Suto pasūtoyamanaṅgadūto.</p>\r\n<p class="hangnum"><a name="para61"></a><span class="paranum">61</span>.</p>\r\n<p class="gatha1"> Samujjalantaṃ vasatī satīsirī,</p>\r\n<p class="gatha2">Sirīsapāgāramidaṃ mahāvisaṃ;</p>\r\n<p class="gatha3">Daddallamānā yuvatī vatīmā,</p>\r\n<p class="gathalast">Sakaṇṭakāyeva samañjasañjase.</p>\r\n<p class="hangnum"><a name="para62"></a><span class="paranum">62</span>.</p>\r\n<p class="gatha1"> Yassā virājitasirī siriyāpi natthi,</p>\r\n<p class="gatha2">Tassāvalokiya na tittivasānamatthi;</p>\r\n<p class="gatha3">Gacchāmi handa tavanaṅga sirappabhedaṃ,</p>\r\n<p class="gathalast">Mattebhakumbhupari sīhavilāsagāmiṃ.</p>\r\n<p class="hangnum"><a name="para63"></a><span class="paranum">63</span>.</p>\r\n<p class="gatha1"> Bho bho anaṅgasucira pi panuṇṇabāṇa,</p>\r\n<p class="gatha2">Bāṇāni saṃhara panuṇṇamito nirodha;</p>\r\n<p class="gatha3">Rodhena cāpadagato manaso na soca,</p>\r\n<p class="gathalast">Socaṃ tavappanavalokiya yāmi santiṃ.</p>\r\n<p class="hangnum"><a name="para64"></a><span class="paranum">64</span>.</p>\r\n<p class="gatha1"> Ratī ratī kāmaguṇe viveke,</p>\r\n<p class="gatha2">Alaṃ alanteva vicintayanto;</p>\r\n<p class="gatha3">Manaṃ manaṅgālayasampadālayaṃ,</p>\r\n<p class="gathalast">Tahiṃ tahiṃ diṭṭhabālā va pakkami.</p>\r\n<p class="chapter">Pāduddhāravimhayadīpanīgāthā</p>\r\n<p class="hangnum"><a name="para65"></a><span class="paranum">65</span>.</p>\r\n<p class="gatha1"> Yāvañcayaṃ ravi caratyacalena ruddhe,</p>\r\n<p class="gatha2">Yāvañca cakkaratanañca payāti loke;</p>\r\n<p class="gatha3">Tāvissaro nabhacaro jitacāturanto,</p>\r\n<p class="gathalast">Hitvā kathaṃ nu padamuddhari so nirāso.</p>\r\n<p class="hangnum"><a name="para66"></a><span class="paranum">66</span>.</p>\r\n<p class="gatha1"> Dīpe mahā ca caturādhikadvesahasse,</p>\r\n<p class="gatha2">Tatrāpi seṭṭhabhajitaṃ varajambudīpaṃ;</p>\r\n<p class="gatha3">Bhūnābhikaṃ kapilavatthupuraṃ surammaṃ,</p>\r\n<p class="gathalast">Hitvā kathaṃ nu padamuddhari so nirāso.</p>\r\n<p class="hangnum"><a name="para67"></a><span class="paranum">67</span>.</p>\r\n<p class="gatha1"> Ñātīnasīti kulato hi sahassa sākye,</p>\r\n<p class="gatha2">Hatthissadhaññadhanino vijitārisaṅghe;</p>\r\n<p class="gatha3">Gottena gotamabhavaṃ pitarañjanaggaṃ,</p>\r\n<p class="gathalast">Hitvā kathaṃ nu padamuddhari so nirāso.</p>\r\n<p class="hangnum"><a name="para68"></a><span class="paranum">68</span>.</p>\r\n<p class="gatha1"> Rammaṃ surammavasatiṃ ratanujjalantaṃ,</p>\r\n<p class="gatha2">Gimhepi vimhayakaraṃ suramandirābhaṃ;</p>\r\n<p class="gatha3">Ussāpitaddhajapaṭākasitātapattaṃ,</p>\r\n<p class="gathalast">Hitvā kathaṃ nu padamuddhari so nirāso.</p>\r\n<p class="hangnum"><a name="para69"></a><span class="paranum">69</span>.</p>\r\n<p class="gatha1"> Sapokkharā pokkharaṇī catasso,</p>\r\n<p class="gatha2">Supupphitā mandirato samantā;</p>\r\n<p class="gatha3">Kokā nadantūpari kokanāde,</p>\r\n<p class="gathalast">Hitvā kathaṃ nu padamuddhari so nirāso.</p>\r\n<p class="hangnum"><a name="para70"></a><span class="paranum">70</span>.</p>\r\n<p class="gatha1"> Sare saroje ruditāḷipāḷi,</p>\r\n<p class="gatha2">Samantato passati pañjarañjasā;</p>\r\n<p class="gatha3">Disvāravindāni mukhāravindaṃ</p>\r\n<p class="gathalast">Nāthassa lajjā viya saṃkujanti.</p>\r\n<p class="hangnum"><a name="para71"></a><span class="paranum">71</span>.</p>\r\n<p class="gatha1"> Madhurā madhurābhirutā,</p>\r\n<p class="gatha2">Caritā padume padumeḷigaṇā;</p>\r\n<p class="gatha3">Vasatiṃ adhunā madhunā,</p>\r\n<p class="gathalast">Akaruṃ jahitaṃ kimidaṃ patinā.</p>\r\n<p class="hangnum"><a name="para72"></a><span class="paranum">72</span>.</p>\r\n<p class="gatha1"> Tamhā rasaṃ madhukarā bhavanaṃ haritvā,</p>\r\n<p class="gatha2">Ninnādino samadhuraṃ madhuraṃ karonti;</p>\r\n<p class="gatha3">Nādena nādamatiriccupavīṇayanti,</p>\r\n<p class="gathalast">Naccanti tā surapure vaṇitā va tāva.</p>\r\n<p class="hangnum"><a name="para73"></a><span class="paranum">73</span>.</p>\r\n<p class="gatha1"> Sañcoditā pīṇapayodharādharā,</p>\r\n<p class="gatha2">Virājitānaṅgajamekhalākhalā;</p>\r\n<p class="gatha3">Suraṅgaṇā vaṅgajaphassadā sadā,</p>\r\n<p class="gathalast">Ramā ramāpenti varaṅgadāgadā.</p>\r\n<p class="hangnum"><a name="para74"></a><span class="paranum">74</span>.</p>\r\n<p class="gatha1"> Karātirattā ratirattarāmā,</p>\r\n<p class="gatha2">Tāḷenti tāḷāvacare samantā;</p>\r\n<p class="gatha3">Naccuggatānekasahassahatthā,</p>\r\n<p class="gathalast">Sakkopi kiṃ sakyasamoti codayuṃ.</p>\r\n<p class="hangnum"><a name="para75"></a><span class="paranum">75</span>.</p>\r\n<p class="gatha1"> Visālanettā hasulā sumajjhā,</p>\r\n<p class="gatha2">Nimbatthanī vimhayagītasaddā;</p>\r\n<p class="gatha3">Alaṅkatā malladharā suvatthā,</p>\r\n<p class="gathalast">Naccanti tāḷāvacarehi ghuṭṭhā.</p>\r\n<p class="hangnum"><a name="para76"></a><span class="paranum">76</span>.</p>\r\n<p class="gatha1"> Yāsaṃ hi loke upamā natthi,</p>\r\n<p class="gatha2">Tāsaṃ hi phassesu kathāvakāsā;</p>\r\n<p class="gatha3">Taṃ tādisaṃ kāmaratiṃnubhonto,</p>\r\n<p class="gathalast">Hitvā kathaṃ nu padamuddhari so nirāso.</p>\r\n<p class="hangnum"><a name="para77"></a><span class="paranum">77</span>.</p>\r\n<p class="gatha1"> Pādepāde valayaviravāmekhalāvīṇānādā,</p>\r\n<p class="gatha2">Gītaṃgītaṃ patiratikaraṃ gāyatī gāyatī sā;</p>\r\n<p class="gatha3">Hatthehatthe valayacalitā sambhamaṃ sambhamanti,</p>\r\n<p class="gathalast">Disvādisvā iti ratikaraṃ yāti hāhā kimīhā.</p>\r\n<p class="chapter">Apunarāvattigamanadīpanīyamakagāthā</p>\r\n<p class="hangnum"><a name="para78"></a><span class="paranum">78</span>.</p>\r\n<p class="gatha1"> Anantakālopacitena tena,</p>\r\n<p class="gatha2">Puññena nibbattavimānayāne;</p>\r\n<p class="gatha3">Tasmiṃ dine jātasutaṃ pajāpatiṃ,</p>\r\n<p class="gathalast">Hitvā gato so sugato gato va.</p>\r\n<p class="hangnum"><a name="para79"></a><span class="paranum">79</span>.</p>\r\n<p class="gatha1"> Taṃ jīvamānaṃ pitarañca mātaraṃ,</p>\r\n<p class="gatha2">Te ñātake tādisiyo ca itthiyo;</p>\r\n<p class="gatha3">Te tādise rammakare nikete,</p>\r\n<p class="gathalast">Hitvā gato so sugato gato va.</p>\r\n<p class="hangnum"><a name="para80"></a><span class="paranum">80</span>.</p>\r\n<p class="gatha1"> Khomañca pattuṇṇadukūlacīnaṃ,</p>\r\n<p class="gatha2">Sakāsikaṃ sādhusugandhavāsitaṃ;</p>\r\n<p class="gatha3">Nivāsito sobhati vāsavo va,</p>\r\n<p class="gathalast">Hitvā gato so sugato gato va.</p>\r\n<p class="hangnum"><a name="para81"></a><span class="paranum">81</span>.</p>\r\n<p class="gatha1"> Vidhippakāsā nidhiyo catasso,</p>\r\n<p class="gatha2">Samuggatā bhūtadharā vasundharā;</p>\r\n<p class="gatha3">Sattāvasattāvasudhā sudhāsā,</p>\r\n<p class="gathalast">Hitvā gato so sugato gato va.</p>\r\n<p class="hangnum"><a name="para82"></a><span class="paranum">82</span>.</p>\r\n<p class="gatha1"> Suvaṇṇathāle satarājike subhe,</p>\r\n<p class="gatha2">Sādhuṃ sugandhaṃ sucisālibhojanaṃ;</p>\r\n<p class="gatha3">Bhutvā savāsīhi vilāsinīhi,</p>\r\n<p class="gathalast">Hitvā gata so sugato gato va.</p>\r\n<p class="hangnum"><a name="para83"></a><span class="paranum">83</span>.</p>\r\n<p class="gatha1"> Manuññagandhena asuññagandho,</p>\r\n<p class="gatha2">Sugandhagandhena vilittagatto;</p>\r\n<p class="gatha3">Sugandhavātena suvijjitaṅgo,</p>\r\n<p class="gathalast">Hitvā gato so sugato gato va.</p>\r\n<p class="hangnum"><a name="para84"></a><span class="paranum">84</span>.</p>\r\n<p class="gatha1"> Sulakkhaṇe hevabhilakkhitaṅgo,</p>\r\n<p class="gatha2">Pasādhito devapasādhanena;</p>\r\n<p class="gatha3">Virocamāno samarājinīhi,</p>\r\n<p class="gathalast">Hitvā gato so sugato gato va.</p>\r\n<p class="hangnum"><a name="para85"></a><span class="paranum">85</span>.</p>\r\n<p class="gatha1"> Nānāsanāni sayanāni nivesanāni,</p>\r\n<p class="gatha2">Bhābhānibhāni ratanākarasannibhāni;</p>\r\n<p class="gatha3">Tatrussitāni ratanaddhajabhūsitāni,</p>\r\n<p class="gathalast">Hitvā va tāni himabindusamāni tāni.</p>\r\n<p class="hangnum"><a name="para86"></a><span class="paranum">86</span>.</p>\r\n<p class="gatha1"> Nānāvidhehi ratanehi samujjalehi,</p>\r\n<p class="gatha2">Nārīhi niccamupagāyitahammiyehi;</p>\r\n<p class="gatha3">Rajjehi cakkaratanādivibhūsitehi,</p>\r\n<p class="gathalast">Yāto tato hi mahito purisassarehi.</p>\r\n<p class="chapter">Dvipādabyāsayamakagāthā</p>\r\n<p class="hangnum"><a name="para87"></a><span class="paranum">87</span>.</p>\r\n<p class="gatha1"> Yasodharaṃ pīṇapayodharādharaṃ,</p>\r\n<p class="gatha2">Anaṅgaraṅgaddhajabhūtamaṅgaṃ;</p>\r\n<p class="gatha3">Devaccharāvujjalitaṃ patibbataṃ,</p>\r\n<p class="gathalast">Hitvā gato so sugato va nūna.</p>\r\n<p class="hangnum"><a name="para88"></a><span class="paranum">88</span>.</p>\r\n<p class="gatha1"> Sabhāvanicchandamatiṃ pabhāvatiṃ,</p>\r\n<p class="gatha2">Bhatto kuso saṃhari bhattakājaṃ;</p>\r\n<p class="gatha3">Tāyābhirūpaṃ pi yasodharaṃ varaṃ,</p>\r\n<p class="gathalast">Hitvā gato so sugato va nūna.</p>\r\n<p class="hangnum"><a name="para89"></a><span class="paranum">89</span>.</p>\r\n<p class="gatha1"> Pure pure sañcari khaggahattho,</p>\r\n<p class="gatha2">Varaṃ paritthīnaṃ anitthigandho;</p>\r\n<p class="gatha3">Siriñca riñcāpi na riñci nāriṃ,</p>\r\n<p class="gathalast">Hitvānimandāni gato tathāgato.</p>\r\n<p class="hangnum"><a name="para90"></a><span class="paranum">90</span>.</p>\r\n<p class="gatha1"> Harittaco rāgabalena deviyā,</p>\r\n<p class="gatha2">Avatthaliṅgena na liṅganussari;</p>\r\n<p class="gatha3">Asevi kāmaṃ tamidāni kāmaṃ,</p>\r\n<p class="gathalast">Hitvā gato so sugato va nūna.</p>\r\n<p class="hangnum"><a name="para91"></a><span class="paranum">91</span>.</p>\r\n<p class="gatha1"> Apameyyakappesu vivekasevī,</p>\r\n<p class="gatha2">Hitvā gato rajjasiriṃ varitthiṃ;</p>\r\n<p class="gatha3">Aṇuṃ kaliṃ vaṇṇayi taṃ purāṇaṃ,</p>\r\n<p class="gathalast">Vatthamhi chiddaṃ viya tunnakāro.</p>\r\n<p class="hangnum"><a name="para92"></a><span class="paranum">92</span>.</p>\r\n<p class="gatha1"> Tathāti mantvāna idāninaṅgo,</p>\r\n<p class="gatha2">Yasodharaṃ paggahito dhajaṃ va;</p>\r\n<p class="gatha3">Matto jitomhī ti pamattabandhu,</p>\r\n<p class="gathalast">Na passi ñāṇāsanipātamantaraṃ.</p>\r\n<p class="hangnum"><a name="para93"></a><span class="paranum">93</span>.</p>\r\n<p class="gatha1"> Disvāna dukkhānalasambhavaṃbhavaṃ,</p>\r\n<p class="gatha2">Katvā taduppādakanaṅgabhaṅgaṃ;</p>\r\n<p class="gatha3">Yasodharaṃ pīṇapayodharādharaṃ,</p>\r\n<p class="gathalast">Hitvā gato buddhabalappadaṃ padaṃ.</p>\r\n<p class="hangnum"><a name="para94"></a><span class="paranum">94</span>.</p>\r\n<p class="gatha1"> Anantasattānamanantakāle,</p>\r\n<p class="gatha2">Manaṅgahetvāna jito anaṅgo;</p>\r\n<p class="gatha3">Parājito nūna hi ekakassa,</p>\r\n<p class="gathalast">Tathāgato so na punāgato va.</p>\r\n<p class="hangnum"><a name="para95"></a><span class="paranum">95</span>.</p>\r\n<p class="gatha1"> Disvāna ñāṇāsanipātamantaraṃ,</p>\r\n<p class="gatha2">Tathāgato so na punāgato va;</p>\r\n<p class="gatha3">Tathāgato so na punāgato va,</p>\r\n<p class="gathalast">Disvānañāṇāsanipātamantaraṃ.</p>\r\n<p class="chapter">Tipādabyāsayamakagāthā</p>\r\n<p class="hangnum"><a name="para96"></a><span class="paranum">96</span>.</p>\r\n<p class="gatha1"> Tathāgataccheramahosi tassa,</p>\r\n<p class="gatha2">Tathā himāropitadāhasantiṃ;</p>\r\n<p class="gatha3">Tathā hi māro pi tadāha santiṃ,</p>\r\n<p class="gathalast">Tathā hi māropi tadā hasantiṃ.</p>\r\n<p class="chapter">Pādabyāsamahāyamakagāthā</p>\r\n<p class="hangnum"><a name="para97"></a><span class="paranum">97</span>.</p>\r\n<p class="gatha1"> Sakāmadātā vinayāmanatagū,</p>\r\n<p class="gatha2">Sakāmadātā vinayāmanantagū;</p>\r\n<p class="gatha3">Sakāmadātā vinayāmanantagū,</p>\r\n<p class="gathalast">Sakāmadātā vinayāmanantagū.</p>\r\n<p class="chapter">Abyāpetādyantayamakagāthā</p>\r\n<p class="hangnum"><a name="para98"></a><span class="paranum">98</span>.</p>\r\n<p class="gatha1"> Raveraverorabhimārabherave,</p>\r\n<p class="gatha2">Raveraveriva bherave rave;</p>\r\n<p class="gatha3">Rave rave sūditagārave rave,</p>\r\n<p class="gathalast">Raveravedesi jinorave rave.</p>\r\n<p class="chapter">Paṭilomayamakagāthā</p>\r\n<p class="hangnum"><a name="para99"></a><span class="paranum">99</span>.</p>\r\n<p class="gatha1"> Lokāyātatayā kālo visesaṃ na na saṃsevi,</p>\r\n<p class="gathalast">Visesaṃ na na saṃsevi lokā yātatayā kālo.</p>\r\n<p class="hangnum"><a name="para100"></a><span class="paranum">100</span>.</p>\r\n<p class="gatha1"> Rājarājayasopetavisesaṃ racitaṃ mayā,</p>\r\n<p class="gatha2">Yāmataṃ cirasaṃsevitapeso yajarājarā.</p>\r\n<p class="chapter">Ekaṭhānikādiyamakagāthā</p>\r\n<p class="hangnum"><a name="para101"></a><span class="paranum">101</span>.</p>\r\n<p class="gatha1"> Ākaṅkhakkhākaṅkhaṅga kaṅkhāgaṅgākhāgahaka,</p>\r\n<p class="gathalast">Kaṅkhāgāhakakaṅkhāgha hā hā kaṅkhā kahaṃ kahaṃ.</p>\r\n<p class="hangnum"><a name="para102"></a><span class="paranum">102</span>.</p>\r\n<p class="gatha1"> Appagabbho apagabbho amoho mā pamohako,</p>\r\n<p class="gathalast">Maggamukhaṃ mokhamāha māhā mohamūhakkhamaṃ.</p>\r\n<p class="hangnum"><a name="para103"></a><span class="paranum">103</span>.</p>\r\n<p class="gatha1"> Pāpāpāpabhavaṃ passaṃ pāpāpabhavuggato,</p>\r\n<p class="gathalast">Pāpāpāpabhavāsaṅgā pāpāpāpabhavāgato.</p>\r\n<p class="hangnum"><a name="para104"></a><span class="paranum">104</span>.</p>\r\n<p class="gatha1"> Kusalākusalaṃ passaṃ kusalākusalaṃ caji,</p>\r\n<p class="gathalast">Kusalākusalāsaṅga kusalākusalā cuto.</p>\r\n<p class="chapter">Akkharuttarikayamakagāthā</p>\r\n<p class="hangnum"><a name="para105"></a><span class="paranum">105</span>.</p>\r\n<p class="gatha1"> Nonānino nanūnāni nanenāni nanānino,</p>\r\n<p class="gathalast">Nunnānenāni nūna na nānanaṃ nānanena no.</p>\r\n<p class="hangnum"><a name="para106"></a><span class="paranum">106</span>.</p>\r\n<p class="gatha1"> Sāre surāsure sārī rasasārasarissaro,</p>\r\n<p class="gathalast">Rasasārarase sāri surāsurasarassire.</p>\r\n<p class="hangnum"><a name="para107"></a><span class="paranum">107</span>.</p>\r\n<p class="gatha1"> Devānaṃ nandano devo devadeva na nandi no,</p>\r\n<p class="gathalast">Vedadīnena vedana vedi vedana vedino.</p>\r\n<p class="hangnum"><a name="para108"></a><span class="paranum">108</span>.</p>\r\n<p class="gatha1"> Devāsane nisinno so devadevo sasāsane,</p>\r\n<p class="gathalast">Nisinnānaṃ sadevānaṃ desesi dassanāsanaṃ.</p>\r\n<p class="chapter">Paheḷigāthā</p>\r\n<p class="hangnum"><a name="para109"></a><span class="paranum">109</span>.</p>\r\n<p class="gatha1"> Dasanāvagato sañño andhassa tamado ravi,</p>\r\n<p class="gathalast">Aṭṭhamāpuṇṇasaṅkappo pātvanaññamanaññiva.</p>\r\n<p class="chapter">Byāpetādiyamakagāthā</p>\r\n<p class="hangnum"><a name="para110"></a><span class="paranum">110</span>.</p>\r\n<p class="gatha1"> Ekantameva saparatthaparo mahesi,</p>\r\n<p class="gatha2">Ekantameva dasapāramitābalena;</p>\r\n<p class="gatha3">Ekantameva hatamārabalena tena,</p>\r\n<p class="gathalast">Ekantameva suvisuddhamalattha bodhiṃ.</p>\r\n<p class="chapter">Mahāpadhānadīpanīgāthā</p>\r\n<p class="hangnum"><a name="para111"></a><span class="paranum">111</span>.</p>\r\n<p class="gatha1"> Orohitotohitapāpadhammo,</p>\r\n<p class="gatha2">Channena sa channahayena gantvā;</p>\r\n<p class="gatha3">Anomatīramhi anomasatto,</p>\r\n<p class="gathalast">Anomapabbajjamupāgato so.</p>\r\n<p class="hangnum"><a name="para112"></a><span class="paranum">112</span>.</p>\r\n<p class="gatha1"> Nirāmisaṃ pītisukhaṃ anūpamaṃ,</p>\r\n<p class="gatha2">Anūpiye ambavane alattha;</p>\r\n<p class="gatha3">Sarūpasobhāya virūpasobhaṃ,</p>\r\n<p class="gathalast">Sarājikaṃ rājagahaṃ karittha.</p>\r\n<p class="hangnum"><a name="para113"></a><span class="paranum">113</span>.</p>\r\n<p class="gatha1"> Tato aḷāra ūdakatāpasānaṃ,</p>\r\n<p class="gatha2">Jhānenasantuṭṭhamano vihāya;</p>\r\n<p class="gatha3">Mahāpadhānāya uruvelabhūmiṃ,</p>\r\n<p class="gathalast">Gato sikhappattamakāsi dukkaraṃ.</p>\r\n<p class="hangnum"><a name="para114"></a><span class="paranum">114</span>.</p>\r\n<p class="gatha1"> Na kāmato nevatidukkaramhi,</p>\r\n<p class="gatha2">Sabbaññutā sijjhati majjhimāya;</p>\r\n<p class="gatha3">Ñatvāna taṃ pubbaguṇopaladdhaṃ,</p>\r\n<p class="gathalast">Dhammaṃ samānetumagā subodhiṃ.</p>\r\n<p class="chapter">Māraparājayadīpanīgāthā</p>\r\n<p class="hangnum"><a name="para115"></a><span class="paranum">115</span>.</p>\r\n<p class="gatha1"> Tibuddhakhettamhi tisetachattaṃ,</p>\r\n<p class="gatha2">Laddhāna lokādhipatī bhaveyya;</p>\r\n<p class="gatha3">Gantvāna bodhimhiparājitāsane,</p>\r\n<p class="gathalast">Yuddhāya mārenacalo nisīdi.</p>\r\n<p class="hangnum"><a name="para116"></a><span class="paranum">116</span>.</p>\r\n<p class="gatha1"> Datvāna maṃsaṃ rajjaṃ pitā suddhodano tadā,</p>\r\n<p class="gathalast">Namassamāno sirasā setachattena pūjayi.</p>\r\n<p class="hangnum"><a name="para118"></a><span class="paranum">118</span>.</p>\r\n<p class="gatha1"> Sayaṃ nārāyanabalo abhiññābalapāragū,</p>\r\n<p class="gathalast">Jetuṃ sabbassa lokassa bodhimaṇḍaṃupāgami.</p>\r\n<p class="hangnum"><a name="para119"></a><span class="paranum">119</span>.</p>\r\n<p class="gatha1"> Tadā vasavattīrājā chakāmavacarissaro,</p>\r\n<p class="gathalast">Sasenāvāhano bodhimaṇḍaṃ yuddhāyupāgami.</p>\r\n<p class="hangnum"><a name="para120"></a><span class="paranum">120</span>.</p>\r\n<p class="gatha1"> Etha gaṇgatha bandhatha chaṭṭetha ceṭakaṃ imaṃ,</p>\r\n<p class="gathalast">Manussakalale jāto kimihanti na maññati.</p>\r\n<p class="hangnum"><a name="para121"></a><span class="paranum">121</span>.</p>\r\n<p class="gatha1"> Jalantaṃ navavidhaṃ vassaṃ vassāpeti anappakaṃ,</p>\r\n<p class="gathalast">Dhūmandhakāraṃ katvāna pātesi asinaṃ bahuṃ.</p>\r\n<p class="hangnum"><a name="para122"></a><span class="paranum">122</span>.</p>\r\n<p class="gatha1"> Cakkāvudhaṃ khipento pi nāsakkhi kiñci kātave,</p>\r\n<p class="gathalast">Gahetabbaṃ hi gahaṇaṃ apassanto itibravi.</p>\r\n<p class="hangnum"><a name="para123"></a><span class="paranum">123</span>.</p>\r\n<p class="gatha1"> Siddhattha kasmā āsi nu āsane mama santake,</p>\r\n<p class="gathalast">Uṭṭhehi āsanā no ce phālemi hadayaṃ tava.</p>\r\n<p class="hangnum"><a name="para124"></a><span class="paranum">124</span>.</p>\r\n<p class="gatha1"> Sapādamūle kīḷantaṃ passanto taruṇaṃ sutaṃ,</p>\r\n<p class="gathalast">Pitā vudikkhi taṃ māraṃ mettāyanto dayaparo.</p>\r\n<p class="hangnum"><a name="para125"></a><span class="paranum">125</span>.</p>\r\n<p class="gatha1"> Tadā so asambhivācaṃ sīhanādaṃ nadī muni,</p>\r\n<p class="gathalast">Na jānāti sayaṃ mayhaṃ dāsabhāvapiyaṃ khaḷo.</p>\r\n<p class="hangnum"><a name="para126"></a><span class="paranum">126</span>.</p>\r\n<p class="gatha1"> Yena kenaci kammena jāto devapure vare,</p>\r\n<p class="gathalast">Sakaṃ gatiṃ ajānanto lokajeṭṭhoti maññati.</p>\r\n<p class="hangnum"><a name="para127"></a><span class="paranum">127</span>.</p>\r\n<p class="gatha1"> Anantalokakhātumhi sattānaṃ hi kataṃ subhaṃ,</p>\r\n<p class="gathalast">Mayhekapāramiyā pi kalaṃ nagghati soḷasiṃ.</p>\r\n<p class="hangnum"><a name="para128"></a><span class="paranum">128</span>.</p>\r\n<p class="gatha1"> Tiracchāno saso hutvā disvā yācakamāgataṃ,</p>\r\n<p class="gathalast">Pacitvāna sakaṃ maṃsaṃ patiioggimhi dātave.</p>\r\n<p class="hangnum"><a name="para129"></a><span class="paranum">129</span>.</p>\r\n<p class="gatha1"> Evaṃ anantakālesu kataṃ dukkarakārikaṃ,</p>\r\n<p class="gathalast">Ko hi nāma kareyyañño anummatto sacetano.</p>\r\n<p class="hangnum"><a name="para130"></a><span class="paranum">130</span>.</p>\r\n<p class="gatha1"> Evaṃ anantapuññehi siddhaṃ dehamimaṃ pana,</p>\r\n<p class="gathalast">Yathābhutaṃ ajānanto manussosī ti maññati.</p>\r\n<p class="hangnum"><a name="para131"></a><span class="paranum">131</span>.</p>\r\n<p class="gatha1"> Nāhaṃ manussomanusso na brahmā na ca devatā,</p>\r\n<p class="gathalast">Jarāmaraṇaṃ lokassa dassetuṃ panidhāgato.</p>\r\n<p class="hangnum"><a name="para132"></a><span class="paranum">132</span>.</p>\r\n<p class="gatha1"> Anupalitto lokena jātonantajino ahaṃ,</p>\r\n<p class="gathalast">Buddho bodhitale hutvā tāremi janataṃ bahuṃ.</p>\r\n<p class="hangnum"><a name="para133"></a><span class="paranum">133</span>.</p>\r\n<p class="gatha1"> Samantā dhajinaṃ disvā yuddhaṃ māraṃ savāhanaṃ,</p>\r\n<p class="gathalast">Yuddhāya paccugacchāmi mā maṃ ṭhānā acāvayi.</p>\r\n<p class="hangnum"><a name="para134"></a><span class="paranum">134</span>.</p>\r\n<p class="gatha1"> Yante taṃ nappasahati senaṃ loko sadevako,</p>\r\n<p class="gathalast">Tante paññāya gacchāmi āmaṃ pattaṃ va asmanā.</p>\r\n<p class="hangnum"><a name="para135"></a><span class="paranum">135</span>.</p>\r\n<p class="gatha1"> Icchanto sāsape gabbhe caṅkamāmi ito cito,</p>\r\n<p class="gathalast">Icchanto lokadhātumhi attabhāvena chādayi.</p>\r\n<p class="hangnum"><a name="para136"></a><span class="paranum">136</span>.</p>\r\n<p class="gatha1"> Ete sabbe gahetvāna cuṇṇetuṃ accharāyapi,</p>\r\n<p class="gathalast">Atthi thāmaṃ balaṃ mayhaṃ pāṇaghāto na vaṭṭati.</p>\r\n<p class="hangnum"><a name="para137"></a><span class="paranum">137</span>.</p>\r\n<p class="gatha1"> Imassa gaṇḍuppādassa āyudhena balena kiṃ,</p>\r\n<p class="gathalast">Mayhaṃ hi tena pāpena sallāpo pi na yujjati.</p>\r\n<p class="hangnum"><a name="para138"></a><span class="paranum">138</span>.</p>\r\n<p class="gatha1"> Pallaṅkaṃ mama bhāvāya kimatthaññena sakkhinā,</p>\r\n<p class="gathalast">Kampitā maddiyā dānā sakkhi hoti ayaṃ mahī.</p>\r\n<p class="hangnum"><a name="para139"></a><span class="paranum">139</span>.</p>\r\n<p class="gatha1"> Iti vatvā dakkhiṇaṃ bāhuṃ pathaviyā paṇamayi,</p>\r\n<p class="gathalast">Tadā kampittha pathavī mahāghoso ajāyatha.</p>\r\n<p class="hangnum"><a name="para140"></a><span class="paranum">140</span>.</p>\r\n<p class="gatha1"> Pathavīghosena ākāse gajjanto asani phali,</p>\r\n<p class="gathalast">Tasmiṃ majjhe gato māro sapariso bhayatajjito.</p>\r\n<p class="hangnum"><a name="para141"></a><span class="paranum">141</span>.</p>\r\n<p class="gatha1"> Mahāvātasamuddhatabhasmaṃ va vikiriyyatha,</p>\r\n<p class="gathalast">Mahāghoso ajāyittha siddhatassa jayo iti.</p>\r\n<p class="chapter">Abhisambodhidīpanīgāthā</p>\r\n<p class="hangnum"><a name="para142"></a><span class="paranum">142</span>.</p>\r\n<p class="gatha1"> Purato gacchati cando rajatacakkaṃ va ambare,</p>\r\n<p class="gathalast">Sahassaraṃsi suriyo pacchimenupagacchati.</p>\r\n<p class="hangnum"><a name="para143"></a><span class="paranum">143</span>.</p>\r\n<p class="gatha1"> Majjhe bodhidumacchatte pallaṅke apparājite,</p>\r\n<p class="gathalast">Pallaṅkena nisīditvā dhammaṃ sammasate muni.</p>\r\n<p class="hangnum"><a name="para144"></a><span class="paranum">144</span>.</p>\r\n<p class="gatha1"> Sakko tasmiṃ khaṇe saṅkhaṃ dhamanto abhidhāvati,</p>\r\n<p class="gathalast">Brahmā tiyojanaṃ chattaṃ dhāreti munimuddhani.</p>\r\n<p class="hangnum"><a name="para145"></a><span class="paranum">145</span>.</p>\r\n<p class="gatha1"> Maṇitālavaṇṭaṃ tusīto suyāmo vāḷabījaniṃ,</p>\r\n<p class="gathalast">Nānāmaṅgalabhaṇḍāni gahito sesadevatā.</p>\r\n<p class="hangnum"><a name="para146"></a><span class="paranum">146</span>.</p>\r\n<p class="gatha1"> Evaṃ dasasahassamhi sakko brahmā ca devatā,</p>\r\n<p class="gathalast">Saṅkhādīnī dhamantā ca cakkavāḷamhi pūrayuṃ.</p>\r\n<p class="hangnum"><a name="para147"></a><span class="paranum">147</span>.</p>\r\n<p class="gatha1"> Maṅgalāni gahetvāna tiṭṭhanti kāci devatā,</p>\r\n<p class="gathalast">Dhajamāla gahetvāna tathā puṇṇaghaṭādayo.</p>\r\n<p class="hangnum"><a name="para148"></a><span class="paranum">148</span>.</p>\r\n<p class="gatha1"> Tattha naccanti gāyanti seḷenti vādayanti ca,</p>\r\n<p class="gathalast">Devā dasasahassamhi tuṭṭhahaṭṭhā pamoditā.</p>\r\n<p class="hangnum"><a name="para149"></a><span class="paranum">149</span>.</p>\r\n<p class="gatha1"> Dhammāmatarasassādaṃ labhissāmassa santike,</p>\r\n<p class="gathalast">Nayanāmatarasassādaṃ pāṭihāriyañca passituṃ.</p>\r\n<p class="hangnum"><a name="para150"></a><span class="paranum">150</span>.</p>\r\n<p class="gatha1"> Jāramaraṇakantārā sokopāyāsasallato,</p>\r\n<p class="gathalast">Mocesi kāmapāsamhā desento amataṃ padaṃ.</p>\r\n<p class="hangnum"><a name="para151"></a><span class="paranum">151</span>.</p>\r\n<p class="gatha1"> Iti tuṭṭhehi devehi pūjiyanto narāsabho,</p>\r\n<p class="gathalast">Kiñci pūjaṃ acintento cintento dhammamuttamaṃ.</p>\r\n<p class="hangnum"><a name="para152"></a><span class="paranum">152</span>.</p>\r\n<p class="gatha1"> Sabbatthasādhito santo siddhattho apparājito,</p>\r\n<p class="gathalast">Cakkavāḷasilāsāṇipākārehi manorame.</p>\r\n<p class="hangnum"><a name="para153"></a><span class="paranum">153</span>.</p>\r\n<p class="gatha1"> Tārāmaṇikhacitākāsavitāne candadīpake,</p>\r\n<p class="gathalast">Mānāratamapajjote mālāgandhādipūjite.</p>\r\n<p class="hangnum"><a name="para154"></a><span class="paranum">154</span>.</p>\r\n<p class="gatha1"> Dibbehi chaṇabherīhi ghuṭṭhe maṅgalagītiyā,</p>\r\n<p class="gathalast">Cakkavāḷe suppāsāde bodhimaṇḍamahātale.</p>\r\n<p class="hangnum"><a name="para155"></a><span class="paranum">155</span>.</p>\r\n<p class="gatha1"> Bodhirukkhamaṇicchatte pallaṅke apparājite,</p>\r\n<p class="gathalast">Nissinno paṭhame yāme purimaṃ jātimanussari.</p>\r\n<p class="hangnum"><a name="para156"></a><span class="paranum">156</span>.</p>\r\n<p class="gatha1"> Namarūpāmanuppatti sudiṭṭhā hoti tenidhā,</p>\r\n<p class="gathalast">Sakkātadiṭṭhi tenassa pahīnā hoti sabbaso.</p>\r\n<p class="hangnum"><a name="para157"></a><span class="paranum">157</span>.</p>\r\n<p class="gatha1"> Tato hi dutiye yāme yathāyammupage sari,</p>\r\n<p class="gathalast">Sudiṭṭhaṃ hoti tenassa kammakklesehi sambhavaṃ.</p>\r\n<p class="hangnum"><a name="para158"></a><span class="paranum">158</span>.</p>\r\n<p class="gatha1"> Kaṅkhāvitaraṇī nāma ñāṇantaṃ samupāgataṃ,</p>\r\n<p class="gathalast">Tenasesa pahīyittha kaṅkhā soḷasadhā ṭhitā.</p>\r\n<p class="hangnum"><a name="para159"></a><span class="paranum">159</span>.</p>\r\n<p class="gatha1"> Tato so tatiye yāme dvādasaṅge asesato,</p>\r\n<p class="gathalast">So paṭiccasamuppāde ñāṇamotārayī muni.</p>\r\n<p class="hangnum"><a name="para160"></a><span class="paranum">160</span>.</p>\r\n<p class="gatha1"> Avijjavādyānulomena jarādipaṭilomato,</p>\r\n<p class="gathalast">Sammasanto yathābhūtaṃ ñāṇadassanamāgami.</p>\r\n<p class="hangnum"><a name="para161"></a><span class="paranum">161</span>.</p>\r\n<p class="gatha1"> Kappakoṭisatenāpi appameyyesu jātisu,</p>\r\n<p class="gathalast">Lobhaṃ asesadānena vināsento punappunaṃ.</p>\r\n<p class="hangnum"><a name="para162"></a><span class="paranum">162</span>.</p>\r\n<p class="gatha1"> Sīlena khantimettāya kokhadosaṃ nivāresi,</p>\r\n<p class="gathalast">Paññāya mohaṃ chetvāna micchādiṭṭhi tatheva ca.</p>\r\n<p class="hangnum"><a name="para163"></a><span class="paranum">163</span>.</p>\r\n<p class="gatha1"> Garūpasevanādīhi vicikicchaṃ vinodayaṃ,</p>\r\n<p class="gathalast">Mānuddhaccaṃ vinodento kule jeṭṭhopacāyinā.</p>\r\n<p class="hangnum"><a name="para164"></a><span class="paranum">164</span>.</p>\r\n<p class="gatha1"> Nekkhammena vināsento kāmarāgaṃ punappunaṃ,</p>\r\n<p class="gathalast">Saccena visaṃvādaṃ kosajjaṃ vīriyena ca.</p>\r\n<p class="hangnum"><a name="para165"></a><span class="paranum">165</span>.</p>\r\n<p class="gatha1"> Evaṃ dānādinā taṃ taṃ kilesaṇgaṃ vinodayaṃ,</p>\r\n<p class="gathalast">Suvaḍḍhitā mahāpaññā kathaṃ santiṃ na rūhati.</p>\r\n<p class="hangnum"><a name="para166"></a><span class="paranum">166</span>.</p>\r\n<p class="gatha1"> Sudukkaraṃ karitvāna dānādipaccayaṃ pure,</p>\r\n<p class="gathalast">Na kiñci bhavasampattiṃ patthesi bodhimuttamaṃ.</p>\r\n<p class="hangnum"><a name="para167"></a><span class="paranum">167</span>.</p>\r\n<p class="gatha1"> Paṇidhānamhā paṭṭhāya kataṃ puññañca patthanaṃ,</p>\r\n<p class="gathalast">Ekkattha dāni sampattiṃ deti bodhiṃ asaṃsayaṃ.</p>\r\n<p class="hangnum"><a name="para168"></a><span class="paranum">168</span>.</p>\r\n<p class="gatha1"> Tato so sabbasaṅkhāre aniccadukkhanattato,</p>\r\n<p class="gathalast">Sammasantonulomena nibbānaṃ samupāgami.</p>\r\n<p class="hangnum"><a name="para169"></a><span class="paranum">169</span>.</p>\r\n<p class="gatha1"> Savāsane kilese so jhāpentonumattaṃ pi ca,</p>\r\n<p class="gathalast">Arahattappattiyā suddho buddho bodhitale ahu.</p>\r\n<p class="hangnum"><a name="para170"></a><span class="paranum">170</span>.</p>\r\n<p class="gatha1"> Patto vimettiṃ varasetachattaṃ,</p>\r\n<p class="gatha2">So pītivegena udānudīrayi;</p>\r\n<p class="gatha3">Chetvāna māre vijitārisaṅgho,</p>\r\n<p class="gathalast">Tibuddhakhettekadivākaro ahu.</p>\r\n<p class="hangnum"><a name="para171"></a><span class="paranum">171</span>.</p>\r\n<p class="gatha1"> Rājādhirājā varamevamāsi,</p>\r\n<p class="gatha2">Tichattadhāri varadhammarājā;</p>\r\n<p class="gatha3">Mahāsahassaṃ pi ca lokadhātuṃ,</p>\r\n<p class="gathalast">Sarena viññāpayituṃ samattho.</p>\r\n<p class="hangnum"><a name="para172"></a><span class="paranum">172</span>.</p>\r\n<p class="gatha1"> Buddho lokāloke loke,</p>\r\n<p class="gatha2">Jāto satto konummatto;</p>\r\n<p class="gatha3">Suddhaṃ buddhaṃ oghā tiṇṇaṃ,</p>\r\n<p class="gathalast">Saddho pañño ko no vande.</p>\r\n<p class="hangnum"><a name="para173"></a><span class="paranum">173</span>.</p>\r\n<p class="gatha1"> Bhajitaṃ cajitaṃ pavanaṃ bhavanaṃ,</p>\r\n<p class="gatha2">Jahitaṃ gahitaṃ samalaṃ amalaṃ;</p>\r\n<p class="gatha3">Sugataṃ agataṃ sugatiṃ agatiṃ,</p>\r\n<p class="gathalast">Namitaṃ amitaṃ namatiṃ sumatiṃ.</p>\r\n<p class="chapter">Dhammacakkapavattanadīpanīgāthā</p>\r\n<p class="hangnum"><a name="para174"></a><span class="paranum">174</span>.</p>\r\n<p class="gatha1"> Sammāsambodhiñānaṃ hatasakalamalaṃ suddhato cātisuddhaṃ,</p>\r\n<p class="gatha2">Addhā laddhā suladdhaṃ vatamiti satataṃ cintayanto subodhiṃ;</p>\r\n<p class="gatha3">Sattāhaṃ sattamevaṃ vividhaphalasukhaṃ vitināmesi kālaṃ,</p>\r\n<p class="gathalast">Brahmenāyācito so isipatanavane vattayī dhammacakkaṃ.</p>\r\n<p class="chapter">Pāṭihāriyadīpanīgāthā</p>\r\n<p class="hangnum"><a name="para175"></a><span class="paranum">175</span>.</p>\r\n<p class="gatha1"> Brahmassa saddaṃ karavīkabhāṇiṃ,</p>\r\n<p class="gatha2">Yathicchitaṃ sāvayituṃ samatthaṃ;</p>\r\n<p class="gatha3">Saccaṃ piyaṃ bhūtahitaṃ vadantaṃ,</p>\r\n<p class="gathalast">Na pūjaye ko hi naro sacetano.</p>\r\n<p class="hangnum"><a name="para176"></a><span class="paranum">176</span>.</p>\r\n<p class="gatha1"> Iddhi ca ādesanānusāsanī,</p>\r\n<p class="gatha2">Pāṭihīre bhagavā vasī ahu;</p>\r\n<p class="gatha3">Katvāna accherasupāṭihīraṃ,</p>\r\n<p class="gathalast">Desesi dhammaṃ anukampimaṃ pajaṃ.</p>\r\n<p class="chapter">Navaguṇadīpanīgāthā</p>\r\n<p class="hangnum"><a name="para177"></a><span class="paranum">177</span>.</p>\r\n<p class="gatha1"> Evaṃ hi buddhattamupāgato so,</p>\r\n<p class="gatha2">Desesi dhammaṃ sanarāmarānaṃ;</p>\r\n<p class="gatha3">Nānānayehībhisamesi satte,</p>\r\n<p class="gathalast">Tasmā hi jhāto tibhavesu nātho.</p>\r\n<p class="hangnum"><a name="para178"></a><span class="paranum">178</span>.</p>\r\n<p class="gatha1"> Addhā laddhā dhammālokaṃ,</p>\r\n<p class="gatha2">Diṭṭhā pattā ñātā saccaṃ;</p>\r\n<p class="gatha3">Tiññārāgādosamohā,</p>\r\n<p class="gathalast">Thomesuṃ te devā brahmā.</p>\r\n<p class="hangnum"><a name="para179"></a><span class="paranum">179</span>.</p>\r\n<p class="gatha1"> Munirājavaro nararājavaro,</p>\r\n<p class="gatha2">Dividevavaro sucibrahmavaro;</p>\r\n<p class="gatha3">Sakapāpaharo parapāpaharo,</p>\r\n<p class="gathalast">Sakavuḍḍhikaro paravuḍḍhikaro.</p>\r\n<p class="hangnum"><a name="para180"></a><span class="paranum">180</span>.</p>\r\n<p class="gatha1"> Sanarāmarubrahmagaṇebhi rutā,</p>\r\n<p class="gatha2">Arahādiguṇā vipulā vimalā;</p>\r\n<p class="gatha3">Navadhā vasudhāgagaṇe,</p>\r\n<p class="gathalast">Sakale tidive tibhave visaṭā.</p>\r\n<p class="hangnum"><a name="para181"></a><span class="paranum">181</span>.</p>\r\n<p class="gatha1"> Ye pissa te bhagavato ca acintiyādī,</p>\r\n<p class="gatha2">Suddhātisuddhatarabuddhaguṇā hi sabbe;</p>\r\n<p class="gatha3">Saṅkhepato navavidhesu padesu khittā,</p>\r\n<p class="gathalast">Vakkhāmi dāni arahādiguṇe ahaṃ pi.</p>\r\n<p class="hangnum"><a name="para182"></a><span class="paranum">182</span>.</p>\r\n<p class="gatha1"> Yo cīdha jāto arahaṃ nirāso,</p>\r\n<p class="gatha2">Sammābhisambuddhasamantacakkhu;</p>\r\n<p class="gatha3">Sampannavijjācaraṇoghatiṇṇo,</p>\r\n<p class="gathalast">Sammāgato so sugato gato va.</p>\r\n<p class="hangnum"><a name="para183"></a><span class="paranum">183</span>.</p>\r\n<p class="gatha1"> Avedi so lokamimaṃ parañca,</p>\r\n<p class="gatha2">Amuttaro sārathidammasatte;</p>\r\n<p class="gatha3">Sadevakānaṃ varasatthukiccaṃ,</p>\r\n<p class="gathalast">Akāsi buddho bhagavā visuddho.</p>\r\n<p class="chapter">Guṇadīpanīgāthā</p>\r\n<p class="hangnum"><a name="para184"></a><span class="paranum">184</span>.</p>\r\n<p class="gatha1"> Na tassa adiṭṭhanamidhatthi kiñci,</p>\r\n<p class="gatha2">Ato aviññātamajānitabbaṃ;</p>\r\n<p class="gatha3">Sabbaṃ abhiññāsi yadatthi ñeyyaṃ,</p>\r\n<p class="gathalast">Tathāgato tena samantacakkhu.</p>\r\n<p class="hangnum"><a name="para185"></a><span class="paranum">185</span>.</p>\r\n<p class="gatha1"> Iti mahitamanantākittisambhārasāraṃ,</p>\r\n<p class="gatha2">Sakaladasasahassīlokadhātumhi niccaṃ;</p>\r\n<p class="gatha3">Upacitasubhahetupayutānantakālaṃ,</p>\r\n<p class="gathalast">Tadiha sugatabodhisādhukaṃ cintanīyaṃ;</p>\r\n<p class="hangnum"><a name="para186"></a><span class="paranum">186</span>.</p>\r\n<p class="gatha1"> Takkabyākaraṇañca dhammavinayaṃ sutvā pi yo paññavā,</p>\r\n<p class="gatha2">Tenāyaṃ sucisārabhūtavacanaṃ viññāyate kevalaṃ;</p>\r\n<p class="gathalast">Hetuñcāpi phalena tena saphalaṃ sampassamāno tato bodhiṃ saddahateva tassa mahatāvāyamato sambhavaṃ.</p>\r\n<p class="hangnum"><a name="para187"></a><span class="paranum">187</span>.</p>\r\n<p class="gatha1"> Yo saddahanto pana tassa bodhiṃ,</p>\r\n<p class="gatha2">Vuttānusārena guṇerahādī;</p>\r\n<p class="gatha3">Katheti cintenti ca so muhuttaṃ,</p>\r\n<p class="gathalast">Ohāya pāpāni upeti santiṃ.</p>\r\n<p class="hangnum"><a name="para188"></a><span class="paranum">188</span>.</p>\r\n<p class="gatha1"> Saddheyyā te cinteyyā te,</p>\r\n<p class="gatha2">Vandeyyā te pūjeyyāte;</p>\r\n<p class="gatha3">Buddholokāloke loke,</p>\r\n<p class="gathalast">Jāte netaṃ patthentena.</p>\r\n<p class="chapter">Pūjānidhānadīpanīgāthā</p>\r\n<p class="hangnum"><a name="para189"></a><span class="paranum">189</span>.</p>\r\n<p class="gatha1"> Tasamā hi jātovarakamhi tassa,</p>\r\n<p class="gatha2">Āyattake maṅgalacakkavāḷe;</p>\r\n<p class="gatha3">Bhūtehi vatthūhi manoramehi,</p>\r\n<p class="gathalast">Pūjemi taṃ pūjitpūjitaṃ pure.</p>\r\n<p class="hangnum"><a name="para190"></a><span class="paranum">190</span>.</p>\r\n<p class="gatha1"> Sohaṃ ajja panetasmiṃ cakkavāḷamhi pupphite,</p>\r\n<p class="gathalast">Thalaje jalaje vāpi sugandhe ca agandhake.</p>\r\n<p class="hangnum"><a name="para191"></a><span class="paranum">191</span>.</p>\r\n<p class="gatha1"> Manussesu anekattha taḷākuyyānavāpisu,</p>\r\n<p class="gathalast">Pavane himavantasmiṃ tattha satta mahāsare.</p>\r\n<p class="hangnum"><a name="para192"></a><span class="paranum">192</span>.</p>\r\n<p class="gatha1"> Parittadīpe dvisahasse mahādīpe supupphite,</p>\r\n<p class="gathalast">Sattaparibhaṇḍaselesu sinerupabbatuttame.</p>\r\n<p class="hangnum"><a name="para193"></a><span class="paranum">193</span>.</p>\r\n<p class="gatha1"> Kumuduppalakādīni nāgānaṃ bhavanesupi,</p>\r\n<p class="gathalast">Pāṭalādīni pupphāni asurānaṃ hi ālaye.</p>\r\n<p class="hangnum"><a name="para194"></a><span class="paranum">194</span>.</p>\r\n<p class="gatha1"> Koviḷārādikāni tu devatānaṃ hi ālaye,</p>\r\n<p class="gathalast">Evamādī anekattha pupphite dharaṇīruhe.</p>\r\n<p class="hangnum"><a name="para195"></a><span class="paranum">195</span>.</p>\r\n<p class="gatha1"> Campakā salalā nimbā nāgapunnāgaketakā,</p>\r\n<p class="gathalast">Vassikā mallikā sālā koviḷārā ca pāṭali.</p>\r\n<p class="hangnum"><a name="para196"></a><span class="paranum">196</span>.</p>\r\n<p class="gatha1"> Indīvarā asokā ca kaṇikārā ca makulā,</p>\r\n<p class="gathalast">Padumā puṇḍarikā ca sogandhikumuduppalā.</p>\r\n<p class="hangnum"><a name="para197"></a><span class="paranum">197</span>.</p>\r\n<p class="gatha1"> Ete caññe ca rukkhā ca valliyo cāpi pupphitā,</p>\r\n<p class="gathalast">Sugandhā sukhasamphassā nānāvaṇṇanibhā subhā.</p>\r\n<p class="hangnum"><a name="para198"></a><span class="paranum">198</span>.</p>\r\n<p class="gatha1"> Vicitrā nīlānekāni pītā lohitakāni ca,</p>\r\n<p class="gathalast">Kāḷā setā ca mañjaṭṭha nekavaṇṇā supupphitā.</p>\r\n<p class="hangnum"><a name="para199"></a><span class="paranum">199</span>.</p>\r\n<p class="gatha1"> Sobhate pabbate heṭṭhā sarehi vanarājihi,</p>\r\n<p class="gathalast">Sandamānāhi gaṅgāhi himavā ratanākaro.</p>\r\n<p class="hangnum"><a name="para200"></a><span class="paranum">200</span>.</p>\r\n<p class="gatha1"> Pattakiñjakkhareṇūhi okiṇṇaṃ hoti taṃ vanaṃ,</p>\r\n<p class="gathalast">Bhamarā pupphgandhehi samantā abhināditā.</p>\r\n<p class="hangnum"><a name="para201"></a><span class="paranum">201</span>.</p>\r\n<p class="gatha1"> Athetta sakuṇā santi dijā mañjussarā subhā,</p>\r\n<p class="gathalast">Kūjantamupakūjanti utusampupphite dume.</p>\r\n<p class="hangnum"><a name="para202"></a><span class="paranum">202</span>.</p>\r\n<p class="gatha1"> Niccharānaṃ nipātena pabbatā abhināditā,</p>\r\n<p class="gathalast">Pañcaṅgikāni tūriyāni dibbāni viya suyyare.</p>\r\n<p class="hangnum"><a name="para203"></a><span class="paranum">203</span>.</p>\r\n<p class="gatha1"> Tattha naccanti tasmiṃ jalantaggisikhūpamā,</p>\r\n<p class="gathalast">Tasmiṃ hi kinnarā kiccaṃ padīpena karīyati.</p>\r\n<p class="hangnum"><a name="para205"></a><span class="paranum">205</span>.</p>\r\n<p class="gatha1"> Muttājālāva dissanti niccharānaṃ hi pātakā,</p>\r\n<p class="gathalast">Pajjalantā va tiṭṭhanti maṇiveḷuriyādayo.</p>\r\n<p class="hangnum"><a name="para206"></a><span class="paranum">206</span>.</p>\r\n<p class="gatha1"> Kāḷānusāri taggaraṃ kappūraṃ haricandanaṃ,</p>\r\n<p class="gathalast">Sakuṇānaṃ hi saddena mayūrānaṃ hi kekayā.</p>\r\n<p class="hangnum"><a name="para207"></a><span class="paranum">207</span>.</p>\r\n<p class="gatha1"> Bhamarānaṃ hi ninnādā koñcanādena hatthinaṃ,</p>\r\n<p class="gathalast">Vijambhitena vāḷānaṃ kinnarānaṃ hi gītiyā;</p>\r\n<p class="hangnum"><a name="para208"></a><span class="paranum">208</span>.</p>\r\n<p class="gatha1"> Pabbatānaṃ hi obhāsā maṇīnaṃ jotiyāpi ca,</p>\r\n<p class="gatha2">Vicitrabbhavitānehi dumānaṃ pupphadhūpiyā;</p>\r\n<p class="gathalast">Evaṃ sabbaṅgasampannaṃ kiṃ siyā nandanaṃ vanaṃ.</p>\r\n<p class="hangnum"><a name="para209"></a><span class="paranum">209</span>.</p>\r\n<p class="gatha1"> Evaṃ susamphullavanaṃ hi yaṃ yaṃ,</p>\r\n<p class="gatha2">Tahiṃ tahiṃ pupphitapupphitaṃ subhaṃ;</p>\r\n<p class="gatha3">Mālaṃ susaddañca manuññagandhaṃ,</p>\r\n<p class="gathalast">Pūjemi taṃ pūjitapūjitaṃ purā.</p>\r\n<p class="hangnum"><a name="para210"></a><span class="paranum">210</span>.</p>\r\n<p class="gatha1"> Nāgaloke manusse ca deve brahme ca yaṃ siyā,</p>\r\n<p class="gathalast">Sāmuddikaṃ bhūmigataṃ ākāsaṭṭhañca yaṃ dhamaṃ.</p>\r\n<p class="hangnum"><a name="para211"></a><span class="paranum">211</span>.</p>\r\n<p class="gatha1"> Rajataṃ jātarūpañca muttā veḷuriyā maṇi,</p>\r\n<p class="gathalast">Masāragallaṃ phalikaṃ lohitaṅgaṃ pavāḷakaṃ.</p>\r\n<p class="hangnum"><a name="para212"></a><span class="paranum">212</span>.</p>\r\n<p class="gatha1"> Yo so anantakappesu pūretvā dasapāramī,</p>\r\n<p class="gathalast">Buddho bodhesi sattānaṃ tassa pūjemi taṃ dhanaṃ.</p>\r\n<p class="hangnum"><a name="para213"></a><span class="paranum">213</span>.</p>\r\n<p class="gatha1"> Khomaṃ koseyyaṃ kappāsaṃ sāṇaṃ bhaṅgañca kambalaṃ,</p>\r\n<p class="gathalast">Dukūlāni ca dibbāni dussāni vividhāni te.</p>\r\n<p class="hangnum"><a name="para214"></a><span class="paranum">214</span>.</p>\r\n<p class="gatha1"> Anantavatthadānena hirottappādisaṃvaraṃ,</p>\r\n<p class="gathalast">Yassa siddhaṃ siyā tassa dussāni pujayāmahaṃ.</p>\r\n<p class="hangnum"><a name="para215"></a><span class="paranum">215</span>.</p>\r\n<p class="gatha1"> Pavane jātarukkhānaṃ nānāphalarasuttamaṃ,</p>\r\n<p class="gathalast">Ambā kapiṭṭhā pansā cocamocādinappakā.</p>\r\n<p class="hangnum"><a name="para216"></a><span class="paranum">216</span>.</p>\r\n<p class="gatha1"> Tasmiṃ gandharasaṃ ojaṃ buddhaseṭṭhassa pūjitaṃ,</p>\r\n<p class="gathalast">Vandāmi sirasā niccaṃ vippasannena cetasā.</p>\r\n<p class="hangnum"><a name="para217"></a><span class="paranum">217</span>.</p>\r\n<p class="gatha1"> Pūjemi paṭhamaṃ tassa paṇidhānaṃ acintiyaṃ,</p>\r\n<p class="gathalast">Cakkavāḷamhi sabbehi vijjamānehi vatthuhi.</p>\r\n<p class="hangnum"><a name="para218"></a><span class="paranum">218</span>.</p>\r\n<p class="gatha1"> Dasannaṃ pāramīnantu pūritaṭṭhānamuttamaṃ,</p>\r\n<p class="gathalast">Tato sālavane ramme jātaṭṭhānaṃ carimakaṃ.</p>\r\n<p class="hangnum"><a name="para219"></a><span class="paranum">219</span>.</p>\r\n<p class="gatha1"> Chabbasāni padhānasmiṃ karaṇaṃ dukkarakārikaṃ,</p>\r\n<p class="gathalast">Apparājitapallaṅkaṃ buddhaṃ buddhaguṇaṃ name.</p>\r\n<p class="hangnum"><a name="para220"></a><span class="paranum">220</span>.</p>\r\n<p class="gatha1"> Cuddasa buddhañāṇāni aṭṭharsa āveṇikaṃ,</p>\r\n<p class="gathalast">Pūjemi dasabalañāṇaṃ catuvesārajjamuttamaṃ.</p>\r\n<p class="hangnum"><a name="para221"></a><span class="paranum">221</span>.</p>\r\n<p class="gatha1"> Āsayānusayañāṇaṃ indriyānaṃ paroparaṃ,</p>\r\n<p class="gathalast">Yamakapāṭihīrañca ñāṇaṃ sabbaññutaṃ pi ca.</p>\r\n<p class="hangnum"><a name="para222"></a><span class="paranum">222</span>.</p>\r\n<p class="gatha1"> Mahākaruṇāpattiñāṇaṃ anāvaraṇmiti ca,</p>\r\n<p class="gathalast">Cha asādhāraṇānete ñatvāna pūjayāmahaṃ.</p>\r\n<p class="hangnum"><a name="para223"></a><span class="paranum">223</span>.</p>\r\n<p class="gatha1"> Tato ca sattasattāhe dhammasammasitaṃ name,</p>\r\n<p class="gathalast">Brahmunā yācitaṭṭhānaṃ dhammaṃ desayituṃ varaṃ.</p>\r\n<p class="hangnum"><a name="para224"></a><span class="paranum">224</span>.</p>\r\n<p class="gatha1"> Isipatane migadāye dhammacakkapavattanaṃ,</p>\r\n<p class="gathalast">Tato veḷuvanārāme vasitaṭhānañca pūjaye.</p>\r\n<p class="hangnum"><a name="para225"></a><span class="paranum">225</span>.</p>\r\n<p class="gatha1"> Tato jetavanaṃ rammaṃ ciravutthaṃ mahesinā,</p>\r\n<p class="gathalast">Asādhāraṇamaññesaṃ yamakapāṭihariyaṃ.</p>\r\n<p class="hangnum"><a name="para226"></a><span class="paranum">226</span>.</p>\r\n<p class="gatha1"> Pāricchattakamūlamhi abhidhammañca desanaṃ,</p>\r\n<p class="gathalast">Saṅkassanagaradvāre devorohaṇakaṃ pi ca.</p>\r\n<p class="hangnum"><a name="para227"></a><span class="paranum">227</span>.</p>\r\n<p class="gatha1"> Tato ca himavantasmiṃ mahāsamayadesanaṃ,</p>\r\n<p class="gathalast">Vuttānetāni ṭhānāni natvāna pujayāmahaṃ.</p>\r\n<p class="hangnum"><a name="para228"></a><span class="paranum">228</span>.</p>\r\n<p class="gatha1"> Caturāsītisahassehi dhammakkhandhehi saṅgahaṃ,</p>\r\n<p class="gathalast">Piṭakattayaṃ yathāvuttavidhinā pūjayāmahaṃ.</p>\r\n<p class="hangnum"><a name="para229"></a><span class="paranum">229</span>.</p>\r\n<p class="gatha1"> Mārassa attano āyusaṅkhārosajjanaṃ name,</p>\r\n<p class="gathalast">Kusinārāya mallānaṃ yamakasālamantare.</p>\r\n<p class="hangnum"><a name="para230"></a><span class="paranum">230</span>.</p>\r\n<p class="gatha1"> Paṇidhānamhi paṭṭhāya kataṃ kiccaṃ asesato,</p>\r\n<p class="gathalast">Niṭṭhapetvāna so sabbaṃ parinibbāyināsavo.</p>\r\n<p class="hangnum"><a name="para231"></a><span class="paranum">231</span>.</p>\r\n<p class="gatha1"> Evaṃ nibbāyamānassa katakiccassa tādino,</p>\r\n<p class="gathalast">Ciragatā mahākaruṇā na nibbāyittha kiñcipi.</p>\r\n<p class="hangnum"><a name="para232"></a><span class="paranum">232</span>.</p>\r\n<p class="gatha1"> Svāyaṃ dhammo vinayo ca desito sādhukaṃ mayā,</p>\r\n<p class="gathalast">Mamaccayena so satthā dhātu cāpi sarīrajā.</p>\r\n<p class="hangnum"><a name="para233"></a><span class="paranum">233</span>.</p>\r\n<p class="gatha1"> Apparājitapallaṅkaṃ bodhirukkhañca uttamaṃ,</p>\r\n<p class="gathalast">Mamaccayena satthā ti anujāni mahāmuni.</p>\r\n<p class="hangnum"><a name="para234"></a><span class="paranum">234</span>.</p>\r\n<p class="gatha1"> Mama ṭhane ṭhapetvāna dhātubodhiñca pūjitaṃ,</p>\r\n<p class="gathalast">Anujānāmi tumhākaṃ sādhanatthaṃ sivañjasaṃ.</p>\r\n<p class="hangnum"><a name="para235"></a><span class="paranum">235</span>.</p>\r\n<p class="gatha1"> Tasmā hi tassa saddhammaṃ uggaṇhitvā yathātathaṃ,</p>\r\n<p class="gathalast">Yo deseti sambuddho ti natvāna pūjayāmahaṃ.</p>\r\n<p class="hangnum"><a name="para236"></a><span class="paranum">236</span>.</p>\r\n<p class="gatha1"> Tasmā sāsapamattaṃ pi jinadhātuṃ asesiya,</p>\r\n<p class="gathalast">Vitthinnacakkavāḷamhi natvāna pūjayāmahaṃ.</p>\r\n<p class="hangnum"><a name="para237"></a><span class="paranum">237</span>.</p>\r\n<p class="gatha1"> Paramparābhatānaṃ hi imamhā boddhirukkhato,</p>\r\n<p class="gathalast">Sabbesaṃ bodhirukkhānaṃ natvāna pūjayāmahaṃ.</p>\r\n<p class="hangnum"><a name="para238"></a><span class="paranum">238</span>.</p>\r\n<p class="gatha1"> Yaṃ yaṃ paribhuñji bhagavā pattacīvaramādikaṃ,</p>\r\n<p class="gathalast">Sabbaṃ paribhogadhātuṃ natvāna pūjayāmahaṃ.</p>\r\n<p class="hangnum"><a name="para239"></a><span class="paranum">239</span>.</p>\r\n<p class="gatha1"> Yattha katthaci sayito āsinno caṅkamepi vā,</p>\r\n<p class="gathalast">Pādalañchankaṃ katvā ṭhito natvāna pūjaye.</p>\r\n<p class="hangnum"><a name="para240"></a><span class="paranum">240</span>.</p>\r\n<p class="gatha1"> Na sañjānanti ye buddhaṃ evarūpo ti ñātve,</p>\r\n<p class="gathalast">Kataṃ taṃ paṭimaṃ sabbaṃ natvāna pūjayāmahaṃ.</p>\r\n<p class="hangnum"><a name="para241"></a><span class="paranum">241</span>.</p>\r\n<p class="gatha1"> Evaṃ buddhañca dhammañca saṅghañca anuttaraṃ,</p>\r\n<p class="gathalast">Cakkavāḷamhi sabbehi vatthūhi pūjayāmahaṃ.</p>\r\n<p class="chapter">Patthanādīpanīgāthā</p>\r\n<p class="hangnum"><a name="para242"></a><span class="paranum">242</span>.</p>\r\n<p class="gatha1"> Asmiṃ ca pubbepi ca attabhāve,</p>\r\n<p class="gatha2">Sabbehi puññehi mayā katehi;</p>\r\n<p class="gatha3">Pūjāvidhānehi ca saññamehi,</p>\r\n<p class="gathalast">Bhave bhave pemaniyo bhaveyyaṃ.</p>\r\n<p class="hangnum"><a name="para243"></a><span class="paranum">243</span>.</p>\r\n<p class="gatha1"> Saddhā hirottappabahussutattaṃ,</p>\r\n<p class="gatha2">Parakkamo ceva satissamādhi;</p>\r\n<p class="gatha3">Nibbedhabhāgī vajirūpamāti,</p>\r\n<p class="gathalast">Paññā ca me sijjhatu yāva bodhiṃ.</p>\r\n<p class="hangnum"><a name="para244"></a><span class="paranum">244</span>.</p>\r\n<p class="gatha1"> Rāgañca dosañca pahāya mohaṃ,</p>\r\n<p class="gatha2">Diṭṭhiñca mānaṃ vicikicchitañca;</p>\r\n<p class="gatha3">Macchereissāmalavippahīno,</p>\r\n<p class="gathalast">Anuddhato accapalo bhaveyyaṃ.</p>\r\n<p class="hangnum"><a name="para245"></a><span class="paranum">245</span>.</p>\r\n<p class="gatha1"> Bhaveyyahaṃ kenaci nappaseyho,</p>\r\n<p class="gatha2">Bhogo ca dinnehi paṭehi;</p>\r\n<p class="gatha3">Bhogo ca kāyo ca mamesa laddho,</p>\r\n<p class="gathalast">Parūpakārāya bhaveyyaṃ nūna.</p>\r\n<p class="hangnum"><a name="para246"></a><span class="paranum">246</span>.</p>\r\n<p class="gatha1"> Dhammenā mālāpitaro bhareyyaṃ,</p>\r\n<p class="gatha2">Vuḍḍhapacāyī ca bahūpakārī;</p>\r\n<p class="gatha3">Ñātīsu mittesu sapattakesu,</p>\r\n<p class="gathalast">Vuḍḍhiṃ kareyyaṃ hitamattano ca.</p>\r\n<p class="hangnum"><a name="para247"></a><span class="paranum">247</span>.</p>\r\n<p class="gatha1"> Metteyyanāthaṃ upasaṅkamitvā,</p>\r\n<p class="gatha2">Tassattabhāvaṃ abhipūjayitvā;</p>\r\n<p class="gatha3">Laddhāna veyyākaraṇaṃ anūnaṃ,</p>\r\n<p class="gathalast">Buddho ayaṃ hessatināgatesu.</p>\r\n<p class="hangnum"><a name="para248"></a><span class="paranum">248</span>.</p>\r\n<p class="gatha1"> Lokena kenāpi anupalitto,</p>\r\n<p class="gatha2">Dāne rato sīlaguṇe susāṇṭhito;</p>\r\n<p class="gatha3">Nekkhammabhāgi varañāṇalābhī,</p>\r\n<p class="gathalast">Bhaveyyahaṃ thāmabalupapanno.</p>\r\n<p class="hangnum"><a name="para249"></a><span class="paranum">249</span>.</p>\r\n<p class="gatha1"> Sīsaṃ samaṃsamaṃ mama hatthapāde,</p>\r\n<p class="gatha2">Saṃchinadamānepi kareyyakhantiṃ;</p>\r\n<p class="gatha3">Sacce ṭhito kālumadhiṭṭhite va,</p>\r\n<p class="gathalast">Mettāyupekkhāya yuto bhaveyyaṃ.</p>\r\n<p class="hangnum"><a name="para250"></a><span class="paranum">250</span>.</p>\r\n<p class="gatha1"> Mahāpariccāgaṃ katvā pañca,</p>\r\n<p class="gatha2">Sambodhimaggaṃ avirādhayanto;</p>\r\n<p class="gatha3">Chetvā kilese citapañcamāro,</p>\r\n<p class="gathalast">Buddho bhavissāmi anāgatesu.</p>','\r',char(13)),'\n',char(10)),'-1-2-3-4-5-6-7-8-9-10-11-12-13-14-15-16-17-18-19-20-21-22-23-24-25-26-27-28-29-30-31-32-33-34-35-36-37-38-39-40-41-42-43-44-45-46-47-48-49-50-51-52-53-54-55-56-57-58-59-60-61-62-63-64-65-66-67-68-69-70-71-72-73-74-75-76-77-78-79-80-81-82-83-84-85-86-87-88-89-90-91-92-93-94-95-96-97-98-99-100-101-102-103-104-105-106-107-108-109-110-111-112-113-114-115-116-118-119-120-121-122-123-124-125-126-127-128-129-130-131-132-133-134-135-136-137-138-139-140-141-142-143-144-145-146-147-148-149-150-151-152-153-154-155-156-157-158-159-160-161-162-163-164-165-166-167-168-169-170-171-172-173-174-175-176-177-178-179-180-181-182-183-184-185-186-187-188-189-190-191-192-193-194-195-196-197-198-199-200-201-202-203-205-206-207-208-209-210-211-212-213-214-215-216-217-218-219-220-221-222-223-224-225-226-227-228-229-230-231-232-233-234-235-236-237-238-239-240-241-242-243-244-245-246-247-248-249-250-');
DELETE FROM books where id='annya_buddha_vandana_gantha_sanggaho_e0606n';
INSERT INTO books VALUES('annya_buddha_vandana_gantha_sanggaho_e0606n','annya','annya_buddha_vandana_gantha_sanggaho','Kamalāñjali',1,1,1);
DELETE FROM tocs where book_id='annya_buddha_vandana_gantha_sanggaho_e0606n';
INSERT INTO tocs VALUES('annya_buddha_vandana_gantha_sanggaho_e0606n','Kamalāñjali','chapter',1);
DELETE FROM paragraphs where book_id='annya_buddha_vandana_gantha_sanggaho_e0606n';
INSERT INTO paragraphs VALUES('annya_buddha_vandana_gantha_sanggaho_e0606n',1,1);
INSERT INTO paragraphs VALUES('annya_buddha_vandana_gantha_sanggaho_e0606n',2,1);
INSERT INTO paragraphs VALUES('annya_buddha_vandana_gantha_sanggaho_e0606n',3,1);
INSERT INTO paragraphs VALUES('annya_buddha_vandana_gantha_sanggaho_e0606n',4,1);
INSERT INTO paragraphs VALUES('annya_buddha_vandana_gantha_sanggaho_e0606n',5,1);
INSERT INTO paragraphs VALUES('annya_buddha_vandana_gantha_sanggaho_e0606n',6,1);
INSERT INTO paragraphs VALUES('annya_buddha_vandana_gantha_sanggaho_e0606n',7,1);
INSERT INTO paragraphs VALUES('annya_buddha_vandana_gantha_sanggaho_e0606n',8,1);
INSERT INTO paragraphs VALUES('annya_buddha_vandana_gantha_sanggaho_e0606n',9,1);
INSERT INTO paragraphs VALUES('annya_buddha_vandana_gantha_sanggaho_e0606n',10,1);
INSERT INTO paragraphs VALUES('annya_buddha_vandana_gantha_sanggaho_e0606n',11,1);
INSERT INTO paragraphs VALUES('annya_buddha_vandana_gantha_sanggaho_e0606n',12,1);
INSERT INTO paragraphs VALUES('annya_buddha_vandana_gantha_sanggaho_e0606n',13,1);
INSERT INTO paragraphs VALUES('annya_buddha_vandana_gantha_sanggaho_e0606n',14,1);
INSERT INTO paragraphs VALUES('annya_buddha_vandana_gantha_sanggaho_e0606n',15,1);
INSERT INTO paragraphs VALUES('annya_buddha_vandana_gantha_sanggaho_e0606n',16,1);
INSERT INTO paragraphs VALUES('annya_buddha_vandana_gantha_sanggaho_e0606n',17,1);
INSERT INTO paragraphs VALUES('annya_buddha_vandana_gantha_sanggaho_e0606n',18,1);
INSERT INTO paragraphs VALUES('annya_buddha_vandana_gantha_sanggaho_e0606n',19,1);
INSERT INTO paragraphs VALUES('annya_buddha_vandana_gantha_sanggaho_e0606n',20,1);
INSERT INTO paragraphs VALUES('annya_buddha_vandana_gantha_sanggaho_e0606n',21,1);
INSERT INTO paragraphs VALUES('annya_buddha_vandana_gantha_sanggaho_e0606n',22,1);
INSERT INTO paragraphs VALUES('annya_buddha_vandana_gantha_sanggaho_e0606n',23,1);
INSERT INTO paragraphs VALUES('annya_buddha_vandana_gantha_sanggaho_e0606n',24,1);
INSERT INTO paragraphs VALUES('annya_buddha_vandana_gantha_sanggaho_e0606n',25,1);
INSERT INTO paragraphs VALUES('annya_buddha_vandana_gantha_sanggaho_e0606n',26,1);
INSERT INTO paragraphs VALUES('annya_buddha_vandana_gantha_sanggaho_e0606n',27,1);
INSERT INTO paragraphs VALUES('annya_buddha_vandana_gantha_sanggaho_e0606n',28,1);
INSERT INTO paragraphs VALUES('annya_buddha_vandana_gantha_sanggaho_e0606n',29,1);
INSERT INTO paragraphs VALUES('annya_buddha_vandana_gantha_sanggaho_e0606n',30,1);
INSERT INTO paragraphs VALUES('annya_buddha_vandana_gantha_sanggaho_e0606n',31,1);
INSERT INTO paragraphs VALUES('annya_buddha_vandana_gantha_sanggaho_e0606n',32,1);
INSERT INTO paragraphs VALUES('annya_buddha_vandana_gantha_sanggaho_e0606n',33,1);
INSERT INTO paragraphs VALUES('annya_buddha_vandana_gantha_sanggaho_e0606n',34,1);
INSERT INTO paragraphs VALUES('annya_buddha_vandana_gantha_sanggaho_e0606n',35,1);
INSERT INTO paragraphs VALUES('annya_buddha_vandana_gantha_sanggaho_e0606n',36,1);
INSERT INTO paragraphs VALUES('annya_buddha_vandana_gantha_sanggaho_e0606n',37,1);
INSERT INTO paragraphs VALUES('annya_buddha_vandana_gantha_sanggaho_e0606n',38,1);
INSERT INTO paragraphs VALUES('annya_buddha_vandana_gantha_sanggaho_e0606n',39,1);
INSERT INTO paragraphs VALUES('annya_buddha_vandana_gantha_sanggaho_e0606n',40,1);
INSERT INTO paragraphs VALUES('annya_buddha_vandana_gantha_sanggaho_e0606n',41,1);
INSERT INTO paragraphs VALUES('annya_buddha_vandana_gantha_sanggaho_e0606n',42,1);
INSERT INTO paragraphs VALUES('annya_buddha_vandana_gantha_sanggaho_e0606n',43,1);
INSERT INTO paragraphs VALUES('annya_buddha_vandana_gantha_sanggaho_e0606n',44,1);
INSERT INTO paragraphs VALUES('annya_buddha_vandana_gantha_sanggaho_e0606n',45,1);
INSERT INTO paragraphs VALUES('annya_buddha_vandana_gantha_sanggaho_e0606n',46,1);
INSERT INTO paragraphs VALUES('annya_buddha_vandana_gantha_sanggaho_e0606n',47,1);
INSERT INTO paragraphs VALUES('annya_buddha_vandana_gantha_sanggaho_e0606n',48,1);
INSERT INTO paragraphs VALUES('annya_buddha_vandana_gantha_sanggaho_e0606n',49,1);
INSERT INTO paragraphs VALUES('annya_buddha_vandana_gantha_sanggaho_e0606n',50,1);
INSERT INTO paragraphs VALUES('annya_buddha_vandana_gantha_sanggaho_e0606n',51,1);
INSERT INTO paragraphs VALUES('annya_buddha_vandana_gantha_sanggaho_e0606n',52,1);
INSERT INTO paragraphs VALUES('annya_buddha_vandana_gantha_sanggaho_e0606n',53,1);
INSERT INTO paragraphs VALUES('annya_buddha_vandana_gantha_sanggaho_e0606n',54,1);
INSERT INTO paragraphs VALUES('annya_buddha_vandana_gantha_sanggaho_e0606n',55,1);
INSERT INTO paragraphs VALUES('annya_buddha_vandana_gantha_sanggaho_e0606n',56,1);
INSERT INTO paragraphs VALUES('annya_buddha_vandana_gantha_sanggaho_e0606n',57,1);
INSERT INTO paragraphs VALUES('annya_buddha_vandana_gantha_sanggaho_e0606n',58,1);
INSERT INTO paragraphs VALUES('annya_buddha_vandana_gantha_sanggaho_e0606n',59,1);
INSERT INTO paragraphs VALUES('annya_buddha_vandana_gantha_sanggaho_e0606n',60,1);
DELETE FROM pages where bookid='annya_buddha_vandana_gantha_sanggaho_e0606n';
INSERT INTO pages (bookid, page, content, paranum) VALUES('annya_buddha_vandana_gantha_sanggaho_e0606n',1,replace(replace('<p class="centered"> Namo tassa bhagavato arahato sammāsambuddhassa</p>\r\n<p class="chapter">Kamalāñjali</p>\r\n<p class="hangnum"><a name="para1"></a><span class="paranum">1</span>.</p>\r\n<p class="gatha1"> Kamalāsana kamalāpati pamathādhipa vajirā,</p>\r\n<p class="gatha2">Yudhadānava manujoraga bhujagāsana patinaṃ;</p>\r\n<p class="gatha3">Makuṭāhita manidīdhiti bhamarāvali bhajitaṃ,</p>\r\n<p class="gathalast">Paṇamā’mahaṃ anaghaṃ muni caraṇāmala kamalaṃ.</p>\r\n<p class="hangnum"><a name="para2"></a><span class="paranum">2</span>.</p>\r\n<p class="gatha1"> Kamalālaya sadi’saṅkita kalamaṅgala ruciraṃ,</p>\r\n<p class="gatha2">Jutirañjitaṃ abhinijjita subhakañcana nalinaṃ;</p>\r\n<p class="gatha3">Janitā cira samaye nija pitu bhūpati namitaṃ,</p>\r\n<p class="gathalast">Paṇamā’mahaṃ anaghaṃ muni caraṇāmala kamalaṃ.</p>\r\n<p class="hangnum"><a name="para3"></a><span class="paranum">3</span>.</p>\r\n<p class="gatha1"> Saraṇāgata rajanīpati dinasekhara namitaṃ,</p>\r\n<p class="gatha2">Bhajitākhila janapāvanaṃ abhikaṅkhita sukhadaṃ;</p>\r\n<p class="gatha3">Vasudhātala sayamuggata sarasīruha mahitaṃ,</p>\r\n<p class="gathalast">Paṇamā’mahaṃ anaghaṃ muni caraṇāmala kamalaṃ.</p>\r\n<p class="hangnum"><a name="para4"></a><span class="paranum">4</span>.</p>\r\n<p class="gatha1"> Diradāsana tarupantika ghaṭitāsanaṃ abhayaṃ,</p>\r\n<p class="gatha2">Vijayāsana samadhiṭṭhita caturaṅgika viriyaṃ;</p>\r\n<p class="gatha3">Dharamānaka suriyehani vijitantaka dhajiniṃ,</p>\r\n<p class="gathalast">Paṇamā’mahaṃ abhipātita namuciddhaja vibhavaṃ.</p>\r\n<p class="hangnum"><a name="para5"></a><span class="paranum">5</span>.</p>\r\n<p class="gatha1"> Sadayodita piyabhārati vijitantaka samaraṃ,</p>\r\n<p class="gatha2">Dasapārami balakampita sadharādhara dharaniṃ;</p>\r\n<p class="gatha3">Girimekhala varavārana sirasānata caraṇaṃ,</p>\r\n<p class="gathalast">Paṇamā’mahaṃ abhinandita sanarāmara bhuvanaṃ.</p>\r\n<p class="hangnum"><a name="para6"></a><span class="paranum">6</span>.</p>\r\n<p class="gatha1"> Nikhilāsava vigame’nativimalīkata hadayaṃ,</p>\r\n<p class="gatha2">Tadanantara viditākhila matigocara visayaṃ;</p>\r\n<p class="gatha3">Visayīkata bhuvanattayaṃ atilokiya caritaṃ,</p>\r\n<p class="gathalast">Paṇamā’mahaṃ aparājitaṃ arahaṃ muniṃ asamaṃ.</p>\r\n<p class="hangnum"><a name="para7"></a><span class="paranum">7</span>.</p>\r\n<p class="gatha1"> Mudubhārati madhupāsita nalinopama vadanaṃ,</p>\r\n<p class="gatha2">Rucirāyata nalinīdala nibha locana yugalaṃ;</p>\r\n<p class="gatha3">Udayodita ravimaṇḍala jalitāmala niṭilaṃ,</p>\r\n<p class="gathalast">Paṇamā’maha akutobhayaṃ anaghaṃ muni pamukhaṃ.</p>\r\n<p class="hangnum"><a name="para8"></a><span class="paranum">8</span>.</p>\r\n<p class="gatha1"> Asitambuda rucikuñcita mudu kuntala lalitaṃ,</p>\r\n<p class="gatha2">Bhuvanodara vitatāmita jutisañcaya jalitaṃ;</p>\r\n<p class="gatha3">Madamodita diradopama gativibbhama ruciraṃ,</p>\r\n<p class="gathalast">Paṇamā’mahaṃ amatandada munipuṅgavaṃ asamaṃ.</p>\r\n<p class="hangnum"><a name="para9"></a><span class="paranum">9</span>.</p>\r\n<p class="gatha1"> Karuṇārasa paribhāvita savaṇāmata vacanaṃ,</p>\r\n<p class="gatha2">Virudāvali sataghosita yasapūrita bhuvanaṃ;</p>\r\n<p class="gatha3">Sumanohara varalakkhaṇa sirisañcaya sadanaṃ,</p>\r\n<p class="gathalast">Paṇamā’mahaṃ uditāmala sasimaṇḍala vadanaṃ.</p>\r\n<p class="hangnum"><a name="para10"></a><span class="paranum">10</span>.</p>\r\n<p class="gatha1"> Vinayāraha janamānasa kumudākara sasinaṃ,</p>\r\n<p class="gatha2">Tasināpaga parisosana satadīdhiti tulitaṃ;</p>\r\n<p class="gatha3">Tamanāsava munisevitaṃ apalokita sukhadaṃ,</p>\r\n<p class="gathalast">Paṇamā’mahaṃ aniketanaṃ akhilāgati vigataṃ.</p>\r\n<p class="hangnum"><a name="para11"></a><span class="paranum">11</span>.</p>\r\n<p class="gatha1"> Sahitākhila bhayabheravaṃ abhayāgata saranaṃ,</p>\r\n<p class="gatha2">Ajarāmara sukhadāyakaṃ anirākata karuṇaṃ;</p>\r\n<p class="gatha3">Tamupāsaka janasevita supatiṭṭhita caraṇaṃ,</p>\r\n<p class="gathalast">Paṇamā’mahaṃ ahitāpahaṃ anaghuttama caraṇaṃ.</p>\r\n<p class="hangnum"><a name="para12"></a><span class="paranum">12</span>.</p>\r\n<p class="gatha1"> Karuṇāmata rasapurita vīmalākhila hadayaṃ,</p>\r\n<p class="gatha2">Vihitāmita janatāhitaṃ anukampita bhuvanaṃ;</p>\r\n<p class="gatha3">Bhuvane sutaṃ avanīpati sata sevita caraṇaṃ,</p>\r\n<p class="gathalast">Paṇamā’mahaṃ anaghaṃ muniṃ aghanāsana caturaṃ.</p>\r\n<p class="hangnum"><a name="para13"></a><span class="paranum">13</span>.</p>\r\n<p class="gatha1"> Aratīrati paripīlita yatimānasa damanaṃ,</p>\r\n<p class="gatha2">Nijasāsana vinivārita puthutitthiya samaṇaṃ;</p>\r\n<p class="gatha3">Paravādika janatākata paribhāsita khamanaṃ,</p>\r\n<p class="gathalast">Paṇamā’mahaṃ atidevata vara gotama samaṇaṃ.</p>\r\n<p class="hangnum"><a name="para14"></a><span class="paranum">14</span>.</p>\r\n<p class="gatha1"> Saraṇāgata bhayanāsana vajirālaya paṇibhaṃ,</p>\r\n<p class="gatha2">Bhavasāgara patitāmita janatārana nirataṃ;</p>\r\n<p class="gatha3">Sirasāvahaṃ amalañjali puṭapaṅkaja makulaṃ,</p>\r\n<p class="gathalast">Paṇamā’mahaṃ akhilalāya vigataṃ muniṃ atulaṃ.</p>\r\n<p class="hangnum"><a name="para15"></a><span class="paranum">15</span>.</p>\r\n<p class="gatha1"> Vimalīkata janamānasa vigatāsava bhagavaṃ,</p>\r\n<p class="gatha2">Bhavapāraga vibhavāmata sukhadāyaka satataṃ;</p>\r\n<p class="gatha3">Paramādara garugārava vinataṃ jina payataṃ,</p>\r\n<p class="gathalast">Padapaṅkaja rajasā mama samalaṅkuru sirasaṃ.</p>\r\n<p class="hangnum"><a name="para16"></a><span class="paranum">16</span>.</p>\r\n<p class="gatha1"> Pavanāhata dumapallavaṃ iva nārata capalaṃ,</p>\r\n<p class="gatha2">Bhavalālasa malinīkataṃ ajitindriya nivahaṃ;</p>\r\n<p class="gatha3">Cira sañcita duritāhataṃ anivārita timisaṃ,</p>\r\n<p class="gathalast">Vimalīkuru karuṇābhara sutaraṃ mama hadayaṃ.</p>\r\n<p class="hangnum"><a name="para17"></a><span class="paranum">17</span>.</p>\r\n<p class="gatha1"> Adaye dayaṃ anaye nayaṃ api yo guṇaṃ aguṇe,</p>\r\n<p class="gatha2">Ahite hitaṃ akaro kvacida api kenaci nakataṃ;</p>\r\n<p class="gatha3">Sadaye jina sunaye guṇasadane tayi nitaraṃ,</p>\r\n<p class="gathalast">Suhite hitacarite’nagha ramate mama hadayaṃ.</p>\r\n<p class="hangnum"><a name="para18"></a><span class="paranum">18</span>.</p>\r\n<p class="gatha1"> Bhavasaṅkaṭa patitenapi bhavatā cira caritaṃ,</p>\r\n<p class="gatha2">Visame sama caraṇaṃ khalu dasapārami bharaṇaṃ;</p>\r\n<p class="gatha3">Sarato’hani sarato nisi supinenapi satataṃ,</p>\r\n<p class="gathalast">Ramate jina sumate tvayi sadayaṃ mama hadayaṃ.</p>\r\n<p class="hangnum"><a name="para19"></a><span class="paranum">19</span>.</p>\r\n<p class="gatha1"> Atiduddadaṃ adadī bhavaṃ atidukkaraṃ akarī;</p>\r\n<p class="gatha2">Atidukkhamaṃ akhamī vata karuṇānidhi’rasamo,</p>\r\n<p class="gatha3">Iti te guṇaṃ anaghaṃ muni sarato mama hadayaṃ,</p>\r\n<p class="gathalast">Ramate’hani ramate nisi ramate tvayi satataṃ.</p>\r\n<p class="hangnum"><a name="para20"></a><span class="paranum">20</span>.</p>\r\n<p class="gatha1"> Atiduccaraṃ acarī bhavaṃ atiduddamaṃ adamī,</p>\r\n<p class="gatha2">Atiduddayaṃ adayī vata sadayāpara hadayo;</p>\r\n<p class="gatha3">Iti te guṇaṃ anaghaṃ muni sarato mama hadayaṃ,</p>\r\n<p class="gathalast">Ramate’hani ramate nisi ramate tvayi satataṃ.</p>\r\n<p class="hangnum"><a name="para21"></a><span class="paranum">21</span>.</p>\r\n<p class="gatha1"> Atiduggamaṃ agamī bhavaṃ atidujjayaṃ ajayī,</p>\r\n<p class="gatha2">Atidussahaṃ asahī vata samupekkhita manaso;</p>\r\n<p class="gatha3">Iti te guṇaṃ anaghaṃ muni sarato mama hadayaṃ,</p>\r\n<p class="gathalast">Ramate’hani ramate nisi ramate tvayi satataṃ.</p>\r\n<p class="hangnum"><a name="para22"></a><span class="paranum">22</span>.</p>\r\n<p class="gatha1"> Atidāruna palayānala sadisānala jalite,</p>\r\n<p class="gatha2">Niraye vinipatito ciraṃ aghatāpita manaso;</p>\r\n<p class="gatha3">Na sariṃ sakida api te pita bhajituṃ padanalinaṃ,</p>\r\n<p class="gathalast">Khama gotama narasārathi tamidaṃ mama khalitaṃ.</p>\r\n<p class="hangnum"><a name="para23"></a><span class="paranum">23</span>.</p>\r\n<p class="gatha1"> Tiriyaggata-gatiyaṃ ciraṃ anavaṭṭhita carito,</p>\r\n<p class="gatha2">Atiniṭṭhura vadhatajjita bhayakampita hadayo;</p>\r\n<p class="gatha3">Na sariṃ sakidapi te pita bhajituṃ padanalinaṃ,</p>\r\n<p class="gathalast">Khama gotama purisuttama tamidaṃ mama khalitaṃ.</p>\r\n<p class="hangnum"><a name="para24"></a><span class="paranum">24</span>.</p>\r\n<p class="gatha1"> Paridevana nirato ciraṃ atha pettiya visaye,</p>\r\n<p class="gatha2">Sujighacchita supipāsita parisosita jaṭhare;</p>\r\n<p class="gatha3">Na sariṃ sakidapi te pita bhajituṃ padanalinaṃ,</p>\r\n<p class="gathalast">Khama gotama dipaduttama tamidaṃ mama khalitaṃ.</p>\r\n<p class="hangnum"><a name="para25"></a><span class="paranum">25</span>.</p>\r\n<p class="gatha1"> Vivaso bhusaṃ aghadūsita manasāsura visaye,</p>\r\n<p class="gatha2">Janito ghanatimire ciraṃ atidukkhita hadayo;</p>\r\n<p class="gatha3">Na sariṃ sakidapi te pita bhajituṃ padanalinaṃ,</p>\r\n<p class="gathalast">Khama gotama vasisattama tamidaṃ mama khalitaṃ.</p>\r\n<p class="hangnum"><a name="para26"></a><span class="paranum">26</span>.</p>\r\n<p class="gatha1"> Manasā cira vihitaṃ saraṃ atikibbisa caritaṃ,</p>\r\n<p class="gatha2">Samathenatha suvirājiya taṃ asaññitaṃ upago;</p>\r\n<p class="gatha3">Na sariṃ sakida api te pita bhajituṃ pada nalinaṃ,</p>\r\n<p class="gathalast">Khama gotama vasipuṅgava tamidaṃ mama khalitaṃ.</p>\r\n<p class="hangnum"><a name="para27"></a><span class="paranum">27</span>.</p>\r\n<p class="gatha1"> Vijigucchiya duritaṃ nija vapusā kataṃ amitaṃ,</p>\r\n<p class="gatha2">Tanu vajjitaṃ upago bhavaṃ iha bhāvita samatho;</p>\r\n<p class="gatha3">Na sariṃ sakidapi te pita bhajituṃ padanalinaṃ,</p>\r\n<p class="gathalast">Khama gotama yatikuñjara tamidaṃ mama khalitaṃ.</p>\r\n<p class="hangnum"><a name="para28"></a><span class="paranum">28</span>.</p>\r\n<p class="gatha1"> Ratanattaya rahite bhusa bahulīkata durite,</p>\r\n<p class="gatha2">Janito paravisaye budhajana nindiya carite;</p>\r\n<p class="gatha3">Na sariṃ sakidapi te pita bhajituṃ padanalinaṃ,</p>\r\n<p class="gathalast">Khama gotama karuṇānidhi tamidaṃ mama khalitaṃ.</p>\r\n<p class="hangnum"><a name="para29"></a><span class="paranum">29</span>.</p>\r\n<p class="gatha1"> Janito yadi manujesupi vikalindriya nivaho,</p>\r\n<p class="gatha2">Tanunā karacaraṇādihi vikate’niha dukhito;</p>\r\n<p class="gatha3">Na sariṃ sakidapi te pita bhajituṃ padanalinaṃ,</p>\r\n<p class="gathalast">Khama gotama matisāgara tamidaṃ mama khalitaṃ.</p>\r\n<p class="hangnum"><a name="para30"></a><span class="paranum">30</span>.</p>\r\n<p class="gatha1"> Vidhināhita matibhāvana rahito tamapihito,</p>\r\n<p class="gatha2">Visadesupi kusalādisu tathadassana vimukho;</p>\r\n<p class="gatha3">Na sariṃ sakidapi te pita bhajituṃ padanalinaṃ,</p>\r\n<p class="gathalast">Khama gotama narakesari tamidaṃ mama khalitaṃ.</p>\r\n<p class="hangnum"><a name="para31"></a><span class="paranum">31</span>.</p>\r\n<p class="gatha1"> Sucirenapi bhuvi dullabhaṃ asamaṃ khaṇaṃ alabhaṃ,</p>\r\n<p class="gatha2">Sanarāmara janatāhita sukhadaṃ muni jananaṃ;</p>\r\n<p class="gatha3">Na sariṃ sakidapi te pita bhajituṃ padanalinaṃ,</p>\r\n<p class="gathalast">Khama gotama vadataṃvara tamidaṃ mama khalitaṃ.</p>\r\n<p class="hangnum"><a name="para32"></a><span class="paranum">32</span>.</p>\r\n<p class="gatha1"> Nisitāyudha vadhasajjita khaḷaniddaya hadayo,</p>\r\n<p class="gatha2">Parahiṃsana ruci bhiṃsana yamasodara sadiso;</p>\r\n<p class="gatha3">Na sariṃ sakidapi te pita bhajituṃ padanalinaṃ,</p>\r\n<p class="gathalast">Khama gotama munisattama tamidaṃ mama khalitaṃ.</p>\r\n<p class="hangnum"><a name="para33"></a><span class="paranum">33</span>.</p>\r\n<p class="gatha1"> Parasantaka haraṇe katamati bañcana bahulo,</p>\r\n<p class="gatha2">Gharasandhika paripanthika sahasākati nirato;</p>\r\n<p class="gatha3">Na sariṃ sakidapi te pita bhajituṃ padanalinaṃ,</p>\r\n<p class="gathalast">Khama gotama munipuṅgava tamidaṃ mama khalitaṃ.</p>\r\n<p class="hangnum"><a name="para34"></a><span class="paranum">34</span>.</p>\r\n<p class="gatha1"> Navayobbana madagabbita parimucchita hadayo,</p>\r\n<p class="gatha2">Sucisajjana vijigucchiya paradārika nirato;</p>\r\n<p class="gatha3">Na sariṃ sakidapi te pita bhajituṃ padanalinaṃ,</p>\r\n<p class="gathalast">Khama gotama karuṇābhara tamidaṃ mama khalitaṃ.</p>\r\n<p class="hangnum"><a name="para35"></a><span class="paranum">35</span>.</p>\r\n<p class="gatha1"> Madirāsavarata nāgarajana santata bhajito,</p>\r\n<p class="gatha2">Garugārava hiridūrita tiriyaggata carito;</p>\r\n<p class="gatha3">Na sariṃ sakidapi te pita bhajituṃ padanalinaṃ,</p>\r\n<p class="gathalast">Khama gotama vihatāsava tamidaṃ mama khalitaṃ.</p>\r\n<p class="hangnum"><a name="para36"></a><span class="paranum">36</span>.</p>\r\n<p class="gatha1"> Sapitāmaha papitāmaha nicitaṃ dhanaṃ amitaṃ,</p>\r\n<p class="gatha2">Pitusañcitamapi nāsiya kitavo hatavibhavo;</p>\r\n<p class="gatha3">Na sariṃ sakidapi te pita bhajituṃ padanalinaṃ,</p>\r\n<p class="gathalast">Khama gotama vijitantaka tamidaṃ mama khalitaṃ.</p>\r\n<p class="hangnum"><a name="para37"></a><span class="paranum">37</span>.</p>\r\n<p class="gatha1"> Vitathālika vacano parapiyasuññata karaṇo,</p>\r\n<p class="gatha2">Pharusaṃ bhaṇaṃ atinipphala bahubhāsana nipuṇo;</p>\r\n<p class="gatha3">Na sariṃ sakidapi te pita bhajituṃ padanalinaṃ,</p>\r\n<p class="gathalast">Khama gotama bhuvanesuta tamidaṃ mama khalitaṃ.</p>\r\n<p class="hangnum"><a name="para38"></a><span class="paranum">38</span>.</p>\r\n<p class="gatha1"> Parasampadaṃ abhijhāyana nirantara dukhito,</p>\r\n<p class="gatha2">Nabhirajjhana paramo kvaci phaladassana rahito;</p>\r\n<p class="gatha3">Na sariṃ sakidapi te pita bhajituṃ padanalinaṃ,</p>\r\n<p class="gathalast">Khama gotama guṇasāgara tamidaṃ mama khalitaṃ.</p>\r\n<p class="hangnum"><a name="para39"></a><span class="paranum">39</span>.</p>\r\n<p class="gatha1"> Bhavato bhavaṃ aparāparaṃ ayatāciraṃ iti me,</p>\r\n<p class="gatha2">Vapusā atha vacasāpi ca manasā kataṃ amitaṃ;</p>\r\n<p class="gatha3">Khama gotama duritāpaha duritaṃ bahuvihitaṃ,</p>\r\n<p class="gathalast">Dada me sivapadaṃ accutaṃ amataṃ bhavavigataṃ.</p>\r\n<p class="hangnum"><a name="para40"></a><span class="paranum">40</span>.</p>\r\n<p class="gatha1"> Timirāvuta kuṇapākula vijigucchiya pavane,</p>\r\n<p class="gatha2">Janikāsuci jaṭhare bahu kimisantati sadane;</p>\r\n<p class="gatha3">Asayiṃ bhavagahaṇe caraṃ ahaṃ appaṭisaraṇe,</p>\r\n<p class="gathalast">Saranaṃ bhava bhagavaṃ mama bhavanīradhi taraṇe.</p>\r\n<p class="hangnum"><a name="para41"></a><span class="paranum">41</span>.</p>\r\n<p class="gatha1"> Bahi nikkhamaṃ asakiṃ bhagatiriyaṃ patha patito,</p>\r\n<p class="gatha2">Agadaṅkara kata sallaka satakhaṇḍita karaṇo;</p>\r\n<p class="gatha3">Amariṃ bhavagahaṇe caraṃ ahaṃ appaṭisaraṇe,</p>\r\n<p class="gathalast">Saraṇaṃ bhava bhagavaṃ mama bhavanīradhi tarane.</p>\r\n<p class="hangnum"><a name="para42"></a><span class="paranum">42</span>.</p>\r\n<p class="gatha1"> Patito bahi ratipillaka tanurāmaya mathito,</p>\r\n<p class="gatha2">Vadituṃ kimu viditumpi ca na sahaṃ matirahito;</p>\r\n<p class="gatha3">Amariṃ bhavagahaṇe caraṃ ahaṃ apphṭisaraṇe,</p>\r\n<p class="gathalast">Saraṇaṃ bhava bhagavaṃ mama bhavanīradhi taraṇe.</p>\r\n<p class="hangnum"><a name="para43"></a><span class="paranum">43</span>.</p>\r\n<p class="gatha1"> Janito yadi sukhito janadayito piyajanako,</p>\r\n<p class="gatha2">Puthuko bahuvidha-kīlananirato gadagahito;</p>\r\n<p class="gatha3">Amariṃ bhavagahaṇe caraṃ ahaṃ appaṭisaraṇe,</p>\r\n<p class="gathalast">Saraṇaṃ bhava bhagavaṃ mama bhavanīradhi taraṇe.</p>\r\n<p class="hangnum"><a name="para44"></a><span class="paranum">44</span>.</p>\r\n<p class="gatha1"> Tarunopi hi gharabandhana gathitomita vibhavo,</p>\r\n<p class="gatha2">Sahasā gadagahito piyabhariyāsuta viyuto;</p>\r\n<p class="gatha3">Amariṃ bhavagahaṇe caraṃ ahaṃ appaṭisaraṇe,</p>\r\n<p class="gathalast">Saraṇaṃ bhava bhagavaṃ mama bhavanīradhi taraṇe.</p>\r\n<p class="hangnum"><a name="para45"></a><span class="paranum">45</span>.</p>\r\n<p class="gatha1"> Ajaraṃ tanuṃ abhimaññiya navayobbana vasiko,</p>\r\n<p class="gatha2">Jarasā parimathito paraṃ ananuṭṭhita kusalo;</p>\r\n<p class="gatha3">Amariṃ bhavagahaṇe caraṃ ahaṃ appaṭisaraṇe,</p>\r\n<p class="gathalast">Saraṇaṃ bhava bhagavaṃ mama bhavanīradhi taraṇe.</p>\r\n<p class="hangnum"><a name="para46"></a><span class="paranum">46</span>.</p>\r\n<p class="gatha1"> Nirujo dhuvaṃ arujaṃ tanuṃ abhimaññiya samado,</p>\r\n<p class="gatha2">Kusalāsaya vimukho bhusaṃ avaso gadanihato;</p>\r\n<p class="gatha3">Amariṃ bhavagahaṇe caraṃ ahaṃ appaṭisaraṇe,</p>\r\n<p class="gathalast">Saraṇaṃ bhava bhagavaṃ mama bhavanīradhi taraṇe.</p>\r\n<p class="hangnum"><a name="para47"></a><span class="paranum">47</span>.</p>\r\n<p class="gatha1"> Pavicintiya sakajīvitaṃ amaraṃ dhuvaṃ anighaṃ,</p>\r\n<p class="gatha2">Iti jīvitamadagabbita matirujjhita kusalo;</p>\r\n<p class="gatha3">Amariṃ bhavagahaṇe caraṃ ahaṃ appaṭisaraṇe,</p>\r\n<p class="gathalast">Saraṇaṃ bhava bhagavaṃ mama bhavanīradhi taraṇe.</p>\r\n<p class="hangnum"><a name="para48"></a><span class="paranum">48</span>.</p>\r\n<p class="gatha1"> Parahiṃsana dhanamosana paradārika nirato,</p>\r\n<p class="gatha2">Dharanīpati gahito bahu vadhabandhana nihato;</p>\r\n<p class="gatha3">Amariṃ bhavagahaṇe caraṃ ahaṃ appaṭisaraṇe,</p>\r\n<p class="gathalast">Saraṇaṃ bhava bhagavaṃ mama bhavanīradhi taraṇe.</p>\r\n<p class="hangnum"><a name="para49"></a><span class="paranum">49</span>.</p>\r\n<p class="gatha1"> Narakodaka patito giritarumatthaka galito,</p>\r\n<p class="gatha2">Migavāḷaka gahito visadhara jātihi ḍasito;</p>\r\n<p class="gatha3">Amariṃ bhavagahaṇe caraṃ ahaṃ appaṭisaraṇe,</p>\r\n<p class="gathalast">Saraṇaṃ bhava bhagavaṃ mama bhavanīradhi taraṇe.</p>\r\n<p class="hangnum"><a name="para50"></a><span class="paranum">50</span>.</p>\r\n<p class="gatha1"> Abhicāraka vidhikopita nisicāraka gahito,</p>\r\n<p class="gatha2">Savisodana sahasādana pabhutīhi ca khalito;</p>\r\n<p class="gatha3">Amariṃ bhavagahaṇe caraṃ ahaṃ appaṭisaraṇe,</p>\r\n<p class="gathalast">Saraṇaṃ bhava bhagavaṃ mama bhavanīradhi taraṇe.</p>\r\n<p class="hangnum"><a name="para51"></a><span class="paranum">51</span>.</p>\r\n<p class="gatha1"> Sayamevaca sajanopari kupito mativiyuto,</p>\r\n<p class="gatha2">Savisādana galakantana pabhutāmita khalito;</p>\r\n<p class="gatha3">Amariṃ bhavagahaṇe caraṃ ahaṃ appaṭisaraṇe,</p>\r\n<p class="gathalast">Saraṇaṃ bhava bhagavaṃ mama bhavanīradhi taraṇe.</p>\r\n<p class="hangnum"><a name="para52"></a><span class="paranum">52</span>.</p>\r\n<p class="gatha1"> Pitupūjana niratāsaya sukhito pitudayito,</p>\r\n<p class="gatha2">Maraṇenaca pituno bhusaṃ anusocana nirato;</p>\r\n<p class="gatha3">Parudiṃ ciraṃ atidussaha kasire bhavagahaṇe,</p>\r\n<p class="gathalast">Saraṇaṃ bhava bhagavaṃ mama bhavanīradhi taraṇe.</p>\r\n<p class="hangnum"><a name="para53"></a><span class="paranum">53</span>.</p>\r\n<p class="gatha1"> Samupaṭṭhiya janikaṃ nijaṃ abhivādana paramo,</p>\r\n<p class="gatha2">Maraṇenaca janikāyanusaritā guṇamahimaṃ;</p>\r\n<p class="gatha3">Parudiṃ ciraṃ atidussaha kasire bhavagahaṇe,</p>\r\n<p class="gathalast">Saraṇaṃ bhava bhagavaṃ mama bhavanīradhi taraṇe.</p>\r\n<p class="hangnum"><a name="para54"></a><span class="paranum">54</span>.</p>\r\n<p class="gatha1"> Gurudevata patimānana paramo piyasuvaco,</p>\r\n<p class="gatha2">Samupāsitacaraṇo gurumaraṇenatidukhito;</p>\r\n<p class="gatha3">Parudiṃ ciraṃ atidussaha kasire bhavagahaṇe,</p>\r\n<p class="gathalast">Saraṇaṃ bhava bhagavaṃ mama bhavanīradhi taraṇe.</p>\r\n<p class="hangnum"><a name="para55"></a><span class="paranum">55</span>.</p>\r\n<p class="gatha1"> Gharamedhitaṃ upagomitavibhavo ratibahulo,</p>\r\n<p class="gatha2">Maraṇe piyabhariyāsutaduhitū’natikaruṇaṃ;</p>\r\n<p class="gatha3">Parudiṃ ciraṃ atidussaha kasire bhavagahaṇe,</p>\r\n<p class="gathalast">Saraṇaṃ bhava bhagavaṃ mama bhavanīradhi taraṇe.</p>\r\n<p class="hangnum"><a name="para56"></a><span class="paranum">56</span>.</p>\r\n<p class="gatha1"> Piyapubbaja sahajānuja bhagiṇidvaya maraṇe,</p>\r\n<p class="gatha2">Nija bandhava-sakha-sissaka maraṇe pyatikaruṇaṃ;</p>\r\n<p class="gatha3">Parudiṃ ciraṃ atidussaha kasire bhavagahaṇe,</p>\r\n<p class="gathalast">Saraṇaṃ bhava bhagavaṃ mama bhavanīradhi taraṇe.</p>\r\n<p class="hangnum"><a name="para57"></a><span class="paranum">57</span>.</p>\r\n<p class="gatha1"> Jagatīpati gahaṇā ripujanatakkara haraṇā,</p>\r\n<p class="gatha2">Saritodaka vahaṇā puthujalitānala dahaṇā;</p>\r\n<p class="gatha3">Parudiṃ hatavibhavo ciramiha duggatigahaṇe,</p>\r\n<p class="gathalast">Saraṇaṃ bhava bhagavaṃ mama bhavanīradhi taraṇe.</p>\r\n<p class="hangnum"><a name="para58"></a><span class="paranum">58</span>.</p>\r\n<p class="gatha1"> Atiduggama visamākula bhavasaṅkaṭa patite,</p>\r\n<p class="gatha2">Byasanaṃ ciramiti dussahaṃ anubhūyapi vimitaṃ;</p>\r\n<p class="gatha3">Na jahe sukhalavavañcitahadayo bhavatasinaṃ,</p>\r\n<p class="gathalast">Tamapākuru karuṇānidhi tasinaṃ mama kasiṇaṃ.</p>\r\n<p class="hangnum"><a name="para59"></a><span class="paranum">59</span>.</p>\r\n<p class="gatha1"> Jananāvadhi maraṇaṃ viya maraṇāvadhi jananaṃ,</p>\r\n<p class="gatha2">Ubhayenapi bhayamevahi bhavato mama niyataṃ;</p>\r\n<p class="gatha3">Sivamevaca jananāvadhi maraṇāvadhi rahitaṃ,</p>\r\n<p class="gathalast">Dada me sivaṃ amatandada taṃ anāsava bhagavaṃ.</p>\r\n<p class="hangnum"><a name="para60"></a><span class="paranum">60</span>.</p>\r\n<p class="gatha1"> Ciradikkhitamapi me manaṃ anivārita tasinaṃ,</p>\r\n<p class="gatha2">Bhavato bhava ratipīlitaṃ ahaho kalighaṭitaṃ!</p>\r\n<p class="gatha3">Tamato pita bhayato mamamava me bhava saraṇaṃ,</p>\r\n<p class="gathalast">Bhagavaṃ paṭisaraṇaṃ mama bhavanīradhi taraṇaṃ.</p>','\r',char(13)),'\n',char(10)),'-1-2-3-4-5-6-7-8-9-10-11-12-13-14-15-16-17-18-19-20-21-22-23-24-25-26-27-28-29-30-31-32-33-34-35-36-37-38-39-40-41-42-43-44-45-46-47-48-49-50-51-52-53-54-55-56-57-58-59-60-');
DELETE FROM books where id='annya_buddha_vandana_gantha_sanggaho_e0607n';
INSERT INTO books VALUES('annya_buddha_vandana_gantha_sanggaho_e0607n','annya','annya_buddha_vandana_gantha_sanggaho','Pajjamadhu',1,1,1);
DELETE FROM tocs where book_id='annya_buddha_vandana_gantha_sanggaho_e0607n';
INSERT INTO tocs VALUES('annya_buddha_vandana_gantha_sanggaho_e0607n','Pajjamadhu','chapter',1);
DELETE FROM paragraphs where book_id='annya_buddha_vandana_gantha_sanggaho_e0607n';
INSERT INTO paragraphs VALUES('annya_buddha_vandana_gantha_sanggaho_e0607n',1,1);
INSERT INTO paragraphs VALUES('annya_buddha_vandana_gantha_sanggaho_e0607n',2,1);
INSERT INTO paragraphs VALUES('annya_buddha_vandana_gantha_sanggaho_e0607n',3,1);
INSERT INTO paragraphs VALUES('annya_buddha_vandana_gantha_sanggaho_e0607n',4,1);
INSERT INTO paragraphs VALUES('annya_buddha_vandana_gantha_sanggaho_e0607n',5,1);
INSERT INTO paragraphs VALUES('annya_buddha_vandana_gantha_sanggaho_e0607n',6,1);
INSERT INTO paragraphs VALUES('annya_buddha_vandana_gantha_sanggaho_e0607n',7,1);
INSERT INTO paragraphs VALUES('annya_buddha_vandana_gantha_sanggaho_e0607n',8,1);
INSERT INTO paragraphs VALUES('annya_buddha_vandana_gantha_sanggaho_e0607n',9,1);
INSERT INTO paragraphs VALUES('annya_buddha_vandana_gantha_sanggaho_e0607n',10,1);
INSERT INTO paragraphs VALUES('annya_buddha_vandana_gantha_sanggaho_e0607n',11,1);
INSERT INTO paragraphs VALUES('annya_buddha_vandana_gantha_sanggaho_e0607n',12,1);
INSERT INTO paragraphs VALUES('annya_buddha_vandana_gantha_sanggaho_e0607n',13,1);
INSERT INTO paragraphs VALUES('annya_buddha_vandana_gantha_sanggaho_e0607n',14,1);
INSERT INTO paragraphs VALUES('annya_buddha_vandana_gantha_sanggaho_e0607n',15,1);
INSERT INTO paragraphs VALUES('annya_buddha_vandana_gantha_sanggaho_e0607n',16,1);
INSERT INTO paragraphs VALUES('annya_buddha_vandana_gantha_sanggaho_e0607n',17,1);
INSERT INTO paragraphs VALUES('annya_buddha_vandana_gantha_sanggaho_e0607n',18,1);
INSERT INTO paragraphs VALUES('annya_buddha_vandana_gantha_sanggaho_e0607n',19,1);
INSERT INTO paragraphs VALUES('annya_buddha_vandana_gantha_sanggaho_e0607n',20,1);
INSERT INTO paragraphs VALUES('annya_buddha_vandana_gantha_sanggaho_e0607n',21,1);
INSERT INTO paragraphs VALUES('annya_buddha_vandana_gantha_sanggaho_e0607n',22,1);
INSERT INTO paragraphs VALUES('annya_buddha_vandana_gantha_sanggaho_e0607n',23,1);
INSERT INTO paragraphs VALUES('annya_buddha_vandana_gantha_sanggaho_e0607n',24,1);
INSERT INTO paragraphs VALUES('annya_buddha_vandana_gantha_sanggaho_e0607n',25,1);
INSERT INTO paragraphs VALUES('annya_buddha_vandana_gantha_sanggaho_e0607n',26,1);
INSERT INTO paragraphs VALUES('annya_buddha_vandana_gantha_sanggaho_e0607n',27,1);
INSERT INTO paragraphs VALUES('annya_buddha_vandana_gantha_sanggaho_e0607n',28,1);
INSERT INTO paragraphs VALUES('annya_buddha_vandana_gantha_sanggaho_e0607n',29,1);
INSERT INTO paragraphs VALUES('annya_buddha_vandana_gantha_sanggaho_e0607n',30,1);
INSERT INTO paragraphs VALUES('annya_buddha_vandana_gantha_sanggaho_e0607n',31,1);
INSERT INTO paragraphs VALUES('annya_buddha_vandana_gantha_sanggaho_e0607n',32,1);
INSERT INTO paragraphs VALUES('annya_buddha_vandana_gantha_sanggaho_e0607n',33,1);
INSERT INTO paragraphs VALUES('annya_buddha_vandana_gantha_sanggaho_e0607n',34,1);
INSERT INTO paragraphs VALUES('annya_buddha_vandana_gantha_sanggaho_e0607n',35,1);
INSERT INTO paragraphs VALUES('annya_buddha_vandana_gantha_sanggaho_e0607n',36,1);
INSERT INTO paragraphs VALUES('annya_buddha_vandana_gantha_sanggaho_e0607n',37,1);
INSERT INTO paragraphs VALUES('annya_buddha_vandana_gantha_sanggaho_e0607n',38,1);
INSERT INTO paragraphs VALUES('annya_buddha_vandana_gantha_sanggaho_e0607n',39,1);
INSERT INTO paragraphs VALUES('annya_buddha_vandana_gantha_sanggaho_e0607n',40,1);
INSERT INTO paragraphs VALUES('annya_buddha_vandana_gantha_sanggaho_e0607n',41,1);
INSERT INTO paragraphs VALUES('annya_buddha_vandana_gantha_sanggaho_e0607n',42,1);
INSERT INTO paragraphs VALUES('annya_buddha_vandana_gantha_sanggaho_e0607n',43,1);
INSERT INTO paragraphs VALUES('annya_buddha_vandana_gantha_sanggaho_e0607n',44,1);
INSERT INTO paragraphs VALUES('annya_buddha_vandana_gantha_sanggaho_e0607n',45,1);
INSERT INTO paragraphs VALUES('annya_buddha_vandana_gantha_sanggaho_e0607n',46,1);
INSERT INTO paragraphs VALUES('annya_buddha_vandana_gantha_sanggaho_e0607n',47,1);
INSERT INTO paragraphs VALUES('annya_buddha_vandana_gantha_sanggaho_e0607n',48,1);
INSERT INTO paragraphs VALUES('annya_buddha_vandana_gantha_sanggaho_e0607n',49,1);
INSERT INTO paragraphs VALUES('annya_buddha_vandana_gantha_sanggaho_e0607n',50,1);
INSERT INTO paragraphs VALUES('annya_buddha_vandana_gantha_sanggaho_e0607n',51,1);
INSERT INTO paragraphs VALUES('annya_buddha_vandana_gantha_sanggaho_e0607n',52,1);
INSERT INTO paragraphs VALUES('annya_buddha_vandana_gantha_sanggaho_e0607n',53,1);
INSERT INTO paragraphs VALUES('annya_buddha_vandana_gantha_sanggaho_e0607n',54,1);
INSERT INTO paragraphs VALUES('annya_buddha_vandana_gantha_sanggaho_e0607n',55,1);
INSERT INTO paragraphs VALUES('annya_buddha_vandana_gantha_sanggaho_e0607n',56,1);
INSERT INTO paragraphs VALUES('annya_buddha_vandana_gantha_sanggaho_e0607n',57,1);
INSERT INTO paragraphs VALUES('annya_buddha_vandana_gantha_sanggaho_e0607n',58,1);
INSERT INTO paragraphs VALUES('annya_buddha_vandana_gantha_sanggaho_e0607n',59,1);
INSERT INTO paragraphs VALUES('annya_buddha_vandana_gantha_sanggaho_e0607n',60,1);
INSERT INTO paragraphs VALUES('annya_buddha_vandana_gantha_sanggaho_e0607n',61,1);
INSERT INTO paragraphs VALUES('annya_buddha_vandana_gantha_sanggaho_e0607n',62,1);
INSERT INTO paragraphs VALUES('annya_buddha_vandana_gantha_sanggaho_e0607n',63,1);
INSERT INTO paragraphs VALUES('annya_buddha_vandana_gantha_sanggaho_e0607n',64,1);
INSERT INTO paragraphs VALUES('annya_buddha_vandana_gantha_sanggaho_e0607n',65,1);
INSERT INTO paragraphs VALUES('annya_buddha_vandana_gantha_sanggaho_e0607n',66,1);
INSERT INTO paragraphs VALUES('annya_buddha_vandana_gantha_sanggaho_e0607n',67,1);
INSERT INTO paragraphs VALUES('annya_buddha_vandana_gantha_sanggaho_e0607n',68,1);
INSERT INTO paragraphs VALUES('annya_buddha_vandana_gantha_sanggaho_e0607n',69,1);
INSERT INTO paragraphs VALUES('annya_buddha_vandana_gantha_sanggaho_e0607n',70,1);
INSERT INTO paragraphs VALUES('annya_buddha_vandana_gantha_sanggaho_e0607n',71,1);
INSERT INTO paragraphs VALUES('annya_buddha_vandana_gantha_sanggaho_e0607n',72,1);
INSERT INTO paragraphs VALUES('annya_buddha_vandana_gantha_sanggaho_e0607n',73,1);
INSERT INTO paragraphs VALUES('annya_buddha_vandana_gantha_sanggaho_e0607n',74,1);
INSERT INTO paragraphs VALUES('annya_buddha_vandana_gantha_sanggaho_e0607n',75,1);
INSERT INTO paragraphs VALUES('annya_buddha_vandana_gantha_sanggaho_e0607n',76,1);
INSERT INTO paragraphs VALUES('annya_buddha_vandana_gantha_sanggaho_e0607n',77,1);
INSERT INTO paragraphs VALUES('annya_buddha_vandana_gantha_sanggaho_e0607n',78,1);
INSERT INTO paragraphs VALUES('annya_buddha_vandana_gantha_sanggaho_e0607n',79,1);
INSERT INTO paragraphs VALUES('annya_buddha_vandana_gantha_sanggaho_e0607n',80,1);
INSERT INTO paragraphs VALUES('annya_buddha_vandana_gantha_sanggaho_e0607n',81,1);
INSERT INTO paragraphs VALUES('annya_buddha_vandana_gantha_sanggaho_e0607n',82,1);
INSERT INTO paragraphs VALUES('annya_buddha_vandana_gantha_sanggaho_e0607n',83,1);
INSERT INTO paragraphs VALUES('annya_buddha_vandana_gantha_sanggaho_e0607n',84,1);
INSERT INTO paragraphs VALUES('annya_buddha_vandana_gantha_sanggaho_e0607n',85,1);
INSERT INTO paragraphs VALUES('annya_buddha_vandana_gantha_sanggaho_e0607n',86,1);
INSERT INTO paragraphs VALUES('annya_buddha_vandana_gantha_sanggaho_e0607n',87,1);
INSERT INTO paragraphs VALUES('annya_buddha_vandana_gantha_sanggaho_e0607n',88,1);
INSERT INTO paragraphs VALUES('annya_buddha_vandana_gantha_sanggaho_e0607n',89,1);
INSERT INTO paragraphs VALUES('annya_buddha_vandana_gantha_sanggaho_e0607n',90,1);
INSERT INTO paragraphs VALUES('annya_buddha_vandana_gantha_sanggaho_e0607n',91,1);
INSERT INTO paragraphs VALUES('annya_buddha_vandana_gantha_sanggaho_e0607n',92,1);
INSERT INTO paragraphs VALUES('annya_buddha_vandana_gantha_sanggaho_e0607n',93,1);
INSERT INTO paragraphs VALUES('annya_buddha_vandana_gantha_sanggaho_e0607n',94,1);
INSERT INTO paragraphs VALUES('annya_buddha_vandana_gantha_sanggaho_e0607n',95,1);
INSERT INTO paragraphs VALUES('annya_buddha_vandana_gantha_sanggaho_e0607n',96,1);
INSERT INTO paragraphs VALUES('annya_buddha_vandana_gantha_sanggaho_e0607n',97,1);
INSERT INTO paragraphs VALUES('annya_buddha_vandana_gantha_sanggaho_e0607n',98,1);
INSERT INTO paragraphs VALUES('annya_buddha_vandana_gantha_sanggaho_e0607n',99,1);
INSERT INTO paragraphs VALUES('annya_buddha_vandana_gantha_sanggaho_e0607n',100,1);
INSERT INTO paragraphs VALUES('annya_buddha_vandana_gantha_sanggaho_e0607n',101,1);
INSERT INTO paragraphs VALUES('annya_buddha_vandana_gantha_sanggaho_e0607n',102,1);
INSERT INTO paragraphs VALUES('annya_buddha_vandana_gantha_sanggaho_e0607n',103,1);
INSERT INTO paragraphs VALUES('annya_buddha_vandana_gantha_sanggaho_e0607n',104,1);
DELETE FROM pages where bookid='annya_buddha_vandana_gantha_sanggaho_e0607n';
INSERT INTO pages (bookid, page, content, paranum) VALUES('annya_buddha_vandana_gantha_sanggaho_e0607n',1,replace(replace('<p class="centered"> Namo tassa bhagavato arahato sammāsambuddhassa</p>\r\n<p class="chapter">Pajjamadhu</p>\r\n<p class="gatha1">Ānanda rañña ratanādi mahā yatinda,</p>\r\n<p class="gatha2">Niccappabuddha padumappiya sevinaṅgī;</p>\r\n<p class="gatha3">Buddhappiyena ghana buddha guṇappiyena,</p>\r\n<p class="gathalast">Therālinā racita pajjamadhuṃ pibantu.</p>\r\n<p class="hangnum"><a name="para1"></a><span class="paranum">1</span>.</p>\r\n<p class="gatha1"> Uṇṇāpapuṇṇasasimaṇdalato galitvā,</p>\r\n<p class="gatha2">Pādambujaṅguli dalaṭṭha sudhā lavānaṃ;</p>\r\n<p class="gatha3">Pantīva satthu nakhapanti pajāvisesaṃ,</p>\r\n<p class="gathalast">Pīṇetu suddha sukhitammaṇa tunḍapītā.</p>\r\n<p class="hangnum"><a name="para2"></a><span class="paranum">2</span>.</p>\r\n<p class="gatha1"> Khittāya māraripunā parivatya satthu,</p>\r\n<p class="gatha2">Pādassayā jita disāya sitattalāya;</p>\r\n<p class="gatha3">Yā jeti kañcana sarāvaliyā siriṃ sā,</p>\r\n<p class="gathalast">Detanginaṃ raṇajayaṅgulipantikantā.</p>\r\n<p class="hangnum"><a name="para3"></a><span class="paranum">3</span>.</p>\r\n<p class="gatha1"> Sovaṇṇa vaṇṇa sukhumacchavi somma kumma,</p>\r\n<p class="gatha2">Piṭṭhīva piṭṭhi kamatunnati bhāti yesaṃ;</p>\r\n<p class="gatha3">Tesuppatiṭṭhitasukomaladīghapaṇhi,</p>\r\n<p class="gathalast">Pādā jinassa padadantu padaṃ janassa.</p>\r\n<p class="hangnum"><a name="para4"></a><span class="paranum">4</span>.</p>\r\n<p class="gatha1"> Acchera paṅkajasiraṃ siriyā sakāya,</p>\r\n<p class="gatha2">Ye maddino viya caranti saroja sīse;</p>\r\n<p class="gatha3">Sañcumbitā viya ca tāni parāga rāgā,</p>\r\n<p class="gathalast">Te nīrajā munipadā padadantu lakkhiṃ.</p>\r\n<p class="hangnum"><a name="para5"></a><span class="paranum">5</span>.</p>\r\n<p class="gatha1"> Agāmi kāla jana maṅgala bhattu bhāvaṃ,</p>\r\n<p class="gatha2">Vyākattumatra kusaleniva nimmitāni;</p>\r\n<p class="gatha3">Yātrāsumaṭṭhasatamaṅgalakkhaṇāni,</p>\r\n<p class="gathalast">Sādhetu naṃ padayugaṃ jayamaṅgalāni.</p>\r\n<p class="hangnum"><a name="para6"></a><span class="paranum">6</span>.</p>\r\n<p class="gatha1"> Sassevijantuvarasantipurappavese,</p>\r\n<p class="gatha2">Niccaṃ susajja ṭhapitāniva maṅgalāya;</p>\r\n<p class="gatha3">Ye te dadhanti kalamaṅgalalakkhaṇāni,</p>\r\n<p class="gathalast">Vattantu te jinapadā jayamaṅgalāya.</p>\r\n<p class="hangnum"><a name="para7"></a><span class="paranum">7</span>.</p>\r\n<p class="gatha1"> Sabbebhibhūya sapadesu nipātanassa,</p>\r\n<p class="gatha2">Saññāṇakaṃ viya yadassitasabbaloko;</p>\r\n<p class="gatha3">Pādātyadhokatatilokasirovarā pi,</p>\r\n<p class="gathalast">Lokaṃ puṇantu jayamaṅgalakāraṇāni.</p>\r\n<p class="hangnum"><a name="para8"></a><span class="paranum">8</span>.</p>\r\n<p class="gatha1"> Lokattayekasaraṇattavibhāvanāya,</p>\r\n<p class="gatha2">Sajjo va tiṭṭhati yahiṃ suvibhattaloko;</p>\r\n<p class="gatha3">Taṃ sabbalokapaṭibimbitadappaṇābhaṃ,</p>\r\n<p class="gathalast">Pādadvayaṃ janasusajjanahetu hotu.</p>\r\n<p class="hangnum"><a name="para9"></a><span class="paranum">9</span>.</p>\r\n<p class="gatha1"> Lokuttarāya siriyādhigamāya suṭṭhu,</p>\r\n<p class="gatha2">Rajanti yattha diguṇāniva pātu bhūtā;</p>\r\n<p class="gatha3">Cakkāsanābhisahanemisahassarāni,</p>\r\n<p class="gathalast">Tyaṅghī disantu sakalissariyaṃ janassa.</p>\r\n<p class="hangnum"><a name="para10"></a><span class="paranum">10</span>.</p>\r\n<p class="gatha1"> Yatrullasanti duvidhāniva pātū bhūtā,</p>\r\n<p class="gatha2">Dhammassasabbabhuvanassa ca issaratte;</p>\r\n<p class="gatha3">Cakkāni cakkasadisāni sudassanassa,</p>\r\n<p class="gathalast">Tānajja jantu saraṇā caraṇāni hontu.</p>\r\n<p class="hangnum"><a name="para11"></a><span class="paranum">11</span>.</p>\r\n<p class="gatha1"> Sattesu vacchatu sirī sirivacchakena,</p>\r\n<p class="gatha2">Sovatthi sotthimanutiṭṭhatu puggalesu;</p>\r\n<p class="gatha3">Nandiṃ janānamanuvattatu nandivattī,</p>\r\n<p class="gathalast">Sīsānalaṃkurutu pādavataṃsako pi.</p>\r\n<p class="hangnum"><a name="para12"></a><span class="paranum">12</span>.</p>\r\n<p class="gatha1"> Bhaddāya pīṭhamupagacchatu bhaddapīṭhaṃ,</p>\r\n<p class="gatha2">Vuddhiṃ janānamanuvattatu vaddhamānaṃ;</p>\r\n<p class="gatha3">Puṇṇattamaṅgimanukubbatu puṇṇakumbho,</p>\r\n<p class="gathalast">Pāti ca pātu satataṃ janataṃ apāyā.</p>\r\n<p class="hangnum"><a name="para13"></a><span class="paranum">13</span>.</p>\r\n<p class="gatha1"> Setātapattamapanetamaghātape taṃ,</p>\r\n<p class="gatha2">Khaggo vichindatu sadā duritārivagge;</p>\r\n<p class="gatha3">Saṃklesadāhamapanetu satālavaṇṭa,</p>\r\n<p class="gathalast">Saṃvījanī kumatimakkhikamorahattho.</p>\r\n<p class="hangnum"><a name="para14"></a><span class="paranum">14</span>.</p>\r\n<p class="gatha1"> Ākaḍḍhano janavilocanamattaninnaṃ,</p>\r\n<p class="gatha2">Vāretu sabbagativāranamaṅkuso so;</p>\r\n<p class="gatha3">Pādambujassirivilāsaniketanaṃ va,</p>\r\n<p class="gathalast">Pāsādalakhaṇamupetu manopasādaṃ.</p>\r\n<p class="hangnum"><a name="para15"></a><span class="paranum">15</span>.</p>\r\n<p class="gatha1"> Pāṇīnamattabhajataṃ varapuṇṇapattaṃ,</p>\r\n<p class="gatha2">Sammā dadātu padanissitapuṇṇapatto;</p>\r\n<p class="gatha3">Pādesu jantu manabandhanadāmabhūtaṃ,</p>\r\n<p class="gathalast">Dāmaṃ dametu vimalaṃ janatammanāni.</p>\r\n<p class="hangnum"><a name="para16"></a><span class="paranum">16</span>.</p>\r\n<p class="gatha1"> Uṇhīsakuppalamaṇīpadumehi pādā,</p>\r\n<p class="gatha2">Sassevijantukaraṇāni vibhūsayantu;</p>\r\n<p class="gatha3">Sannettanāvupagatānamanagghakāni,</p>\r\n<p class="gathalast">Bojjhaṅgasattaratanāni dade samuddo.</p>\r\n<p class="hangnum"><a name="para17"></a><span class="paranum">17</span>.</p>\r\n<p class="gatha1"> Uttuṅga niccalaguṅā jitatāya niccaṃ,</p>\r\n<p class="gatha2">Sevīva pādasiri nicca samubbahaṃ va;</p>\r\n<p class="gatha3">Atrāpi sakkabhavanubbahaṇe niyutto,</p>\r\n<p class="gathalast">Pādaṭṭhameru bhavataṃ bhavataṃ vibhūtyā.</p>\r\n<p class="hangnum"><a name="para18"></a><span class="paranum">18</span>.</p>\r\n<p class="gatha1"> So cakkavāḷasikharī pyavataṃ samantā,</p>\r\n<p class="gatha2">Sabbūpasaggavisarājanataṃ samaggaṃ;</p>\r\n<p class="gatha3">Dīpā puthūpi caturo dvisahassa khuddā,</p>\r\n<p class="gathalast">Dhārentvapāyapatamānamadatva jantuṃ.</p>\r\n<p class="hangnum"><a name="para19"></a><span class="paranum">19</span>.</p>\r\n<p class="gatha1"> Sūro pabodhayatu jantu saroruhāni,</p>\r\n<p class="gatha2">Cando pasāda kumudāni manodahesu;</p>\r\n<p class="gatha3">Nakkhattajātamakhilaṃ subhatāya hotu,</p>\r\n<p class="gathalast">Cakkaṃ dhajaṃ ripujayāya jayaddhajāya.</p>\r\n<p class="hangnum"><a name="para20"></a><span class="paranum">20</span>.</p>\r\n<p class="gatha1"> Jetuṃ sasaṃsada-sudassana-cakkavatti,</p>\r\n<p class="gatha2">Cakkānugantalalitaṃ yahimāvaheyya;</p>\r\n<p class="gatha3">Cakkāṇuvatti parisāvata-cakkavatti,</p>\r\n<p class="gathalast">Naṃvattataṃ padayugaṃ janatā hitāya.</p>\r\n<p class="hangnum"><a name="para21"></a><span class="paranum">21</span>.</p>\r\n<p class="gatha1"> Pujetumāgata vatā vajirāsanaṭṭha,</p>\r\n<p class="gatha2">Mindena chaḍḍita mahāvijayuttarākhyaṃ;</p>\r\n<p class="gatha3">Saṃkhaṃ paviṭṭhamiva mārabhayā padādho,</p>\r\n<p class="gathalast">Pādaṭṭhasaṃkhamiha vattatu santiyā vo.</p>\r\n<p class="hangnum"><a name="para22"></a><span class="paranum">22</span>.</p>\r\n<p class="gatha1"> Sovaṇṇamacchayugalaṃ sivabhatta bhoge,</p>\r\n<p class="gatha2">Icchā bahūpakaraṇaṃ bhavataṃ janānaṃ;</p>\r\n<p class="gatha3">Kumbhīladhiggahitato va padutthacittā,</p>\r\n<p class="gathalast">Pādambujākara vigāhi tu nopahontu.</p>\r\n<p class="hangnum"><a name="para23"></a><span class="paranum">23</span>.</p>\r\n<p class="gatha1"> Sattāpagā janamanoja male jahantu,</p>\r\n<p class="gatha2">Saṃklesadāhamapanentu dahā ca satta;</p>\r\n<p class="gatha3">Selā ca satta vidadhantu janassa tānaṃ,</p>\r\n<p class="gathalast">Lokappasiddhijanane bhavataṃ patākā.</p>\r\n<p class="hangnum"><a name="para24"></a><span class="paranum">24</span>.</p>\r\n<p class="gatha1"> Pāṭaṅki santi gamane bhavatūpakārā,</p>\r\n<p class="gatha2">Dāhettanesu jahataṃ padacāmaraṃ taṃ;</p>\r\n<p class="gatha3">Sallokalocanamahussava-ussitaṃ va,</p>\r\n<p class="gathalast">Vatteyya toraṇamanuttaramaṅgalāya.</p>\r\n<p class="hangnum"><a name="para25"></a><span class="paranum">25</span>.</p>\r\n<p class="gatha1"> Yasmiṃ miginda gata bhīti balāva daḍḍha,</p>\r\n<p class="gatha2">Dānā natā siravidāraṇa pīḷitāva;</p>\r\n<p class="gatha3">Nālāgirī karivaro girimekhalo ca,</p>\r\n<p class="gathalast">Taṃ sīhavikkamapadaṃ hanatā ghadantiṃ.</p>\r\n<p class="hangnum"><a name="para26"></a><span class="paranum">26</span>.</p>\r\n<p class="gatha1"> Pāpāhino hanatu pādasuvaṇṇarājā,</p>\r\n<p class="gatha2">Vyagghādhipo kalijane adataṃ asesaṃ;</p>\r\n<p class="gatha3">Vālāha-assapati sampatituṃ adatvā,</p>\r\n<p class="gathalast">Pāyesu pāpayatu santipurampajāyo.</p>\r\n<p class="hangnum"><a name="para27"></a><span class="paranum">27</span>.</p>\r\n<p class="gatha1"> Chaddanta danti lalitaṃ galitaṃ rusamhā,</p>\r\n<p class="gatha2">Luddetta dubbhini dise acalaṃ dadhāno;</p>\r\n<p class="gatha3">Pādaṭṭhahatthipati sampati jantutāse,</p>\r\n<p class="gathalast">Tāsetu hāsamaparandisataṃ satānaṃ.</p>\r\n<p class="hangnum"><a name="para28"></a><span class="paranum">28</span>.</p>\r\n<p class="gatha1"> Sabbaṅgino caraṇuposatha hatthirājā,</p>\r\n<p class="gatha2">Pāpetu sabbacatudīpikarajjalakkhiṃ;</p>\r\n<p class="gatha3">Kittīva pādaparicārikatā niyuttā,</p>\r\n<p class="gathalast">Kelasaselapaṭimā hitamācareyya.</p>\r\n<p class="hangnum"><a name="para29"></a><span class="paranum">29</span>.</p>\r\n<p class="gatha1"> Sāmissa haṃsasamaye dahapāsabaddha,</p>\r\n<p class="gatha2">Māsīna vesagamako viya pādahaṃso;</p>\r\n<p class="gatha3">Nigghosa gantijitato viya mūgapakkho,</p>\r\n<p class="gathalast">Yāretu sabba janatā bhavagantukattaṃ.</p>\r\n<p class="hangnum"><a name="para30"></a><span class="paranum">30</span>.</p>\r\n<p class="gatha1"> Ohāya dibbasarasiṃ khilaloka sabba,</p>\r\n<p class="gatha2">Rammaṅghivāpimavagāhitavāva pāde;</p>\r\n<p class="gatha3">Erāvaṇo karivaro manasābhiruḷhe,</p>\r\n<p class="gathalast">Jantuṃ purindadapuraṃ nayataṃ va sīghaṃ.</p>\r\n<p class="hangnum"><a name="para31"></a><span class="paranum">31</span>.</p>\r\n<p class="gatha1"> Hitvā sakambhavanamaṅghinisevanattha,</p>\r\n<p class="gatha2">Māgamma ramma taratāyiha nissito va;</p>\r\n<p class="gatha3">Pāletva mūni padavāpitaraṅgabhaṅgi,</p>\r\n<p class="gathalast">Mangī karontatanuvāsuki nāgarājā.</p>\r\n<p class="hangnum"><a name="para32"></a><span class="paranum">32</span>.</p>\r\n<p class="gatha1"> Nāthassa kañcanasikhāvalajātilīla,</p>\r\n<p class="gatha2">Māvikaraṃ va padanissitamorarājā;</p>\r\n<p class="gatha3">Taṃ dhammadesanaraveniva luddakassa,</p>\r\n<p class="gathalast">Lokassa pāpaphaṇino hanataṃ asesaṃ.</p>\r\n<p class="hangnum"><a name="para33"></a><span class="paranum">33</span>.</p>\r\n<p class="gatha1"> Saṃsārasāgaragate sadhane jane te,</p>\r\n<p class="gatha2">Netampade kalacatummukhahemanāvā;</p>\r\n<p class="gatha3">Nibbāṇapaṭṭanavaraṃ bharukacchakantaṃ,</p>\r\n<p class="gathalast">Suppārapaṇḍita gatā viya āsunāvā.</p>\r\n<p class="hangnum"><a name="para34"></a><span class="paranum">34</span>.</p>\r\n<p class="gatha1"> Sambodhi ñāṇa paripācayato munissa,</p>\r\n<p class="gatha2">Bhatto yathā himavataddi samādhihetu;</p>\r\n<p class="gatha3">Evammanena bhajataṃ himavaddipāde,</p>\r\n<p class="gathalast">Sambodhiñāṇa paripācanahetu hotu.</p>\r\n<p class="hangnum"><a name="para35"></a><span class="paranum">35</span>.</p>\r\n<p class="gatha1"> Daḷhaṃ parājitatayā muninā sarena,</p>\r\n<p class="gatha2">Suññassaropagata pañjara bandhanova;</p>\r\n<p class="gatha3">So pādapañjaragato karavīkapakkhī,</p>\r\n<p class="gathalast">Sabbesamappīyāvacañjahatā bhavantaṃ.</p>\r\n<p class="hangnum"><a name="para36"></a><span class="paranum">36</span>.</p>\r\n<p class="gatha1"> Te cakkavāka makarā api koñca jīvaṃ,</p>\r\n<p class="gatha2">Jīvādi pakkhivisarā sarasīva bhuttaṃ;</p>\r\n<p class="gatha3">Vessantarena caraṇambuji nibbhajantā,</p>\r\n<p class="gathalast">Jantu tahiṃ viya pade suramentu niccaṃ.</p>\r\n<p class="hangnum"><a name="para37"></a><span class="paranum">37</span>.</p>\r\n<p class="gatha1"> Taṃ candakinnaragatiṃva gatassa bodhi,</p>\r\n<p class="gatha2">Sattassa tassa sapajāpatikassa bhāvaṃ;</p>\r\n<p class="gatha3">Saṃsūcayanta pada kinnara kinnarī ve,</p>\r\n<p class="gathalast">Sāmaggimagga paṭi pattisu pāpayantu.</p>\r\n<p class="hangnum"><a name="para38"></a><span class="paranum">38</span>.</p>\r\n<p class="gatha1"> Saṃrājadhānimusabho vahatagga bhāraṃ,</p>\r\n<p class="gatha2">Pītippayo pajanayeyya savacchadhenu;</p>\r\n<p class="gatha3">Sassevino abhiramentu chakāmasaggā,</p>\r\n<p class="gathalast">Dhārentu jhāyimiha soḷasa dhātudhāmā.</p>\r\n<p class="hangnum"><a name="para39"></a><span class="paranum">39</span>.</p>\r\n<p class="gatha1"> Sutvā jinassa karavīka sarammanuññaṃ,</p>\r\n<p class="gatha2">Aññoñña bhītirahitā api paccanīkā;</p>\r\n<p class="gatha3">Hitvā gatiṃ viya ṭhitā padasattarūpā,</p>\r\n<p class="gathalast">Sabbaṃ bhavassita janānagatiṃ hanantu.</p>\r\n<p class="hangnum"><a name="para40"></a><span class="paranum">40</span>.</p>\r\n<p class="gatha1"> Sovaṇṇa kāhaḷa yugo pamamindirāya,</p>\r\n<p class="gatha2">Sannīrapuppha mukulopamamussavāya;</p>\r\n<p class="gatha3">Niccaṃ susajja ṭhapitaṃ muni tiṭṭhatante,</p>\r\n<p class="gathalast">Jaṅghādvayaṃ janavilocana maṅgalāya.</p>\r\n<p class="hangnum"><a name="para41"></a><span class="paranum">41</span>.</p>\r\n<p class="gatha1"> Lakhyā vilāsa mukuradvaya sannikāsaṃ,</p>\r\n<p class="gatha2">Tāḍaṅka maṇḍana viḍambakamaṃsu saṇḍaṃ;</p>\r\n<p class="gatha3">Jānudvayaṃ laḷita sāgara bubbalābhaṃ,</p>\r\n<p class="gathalast">Hotaṃ jagattaya nijatta vibhūsitunte.</p>\r\n<p class="hangnum"><a name="para42"></a><span class="paranum">42</span>.</p>\r\n<p class="gatha1"> Chaddanti dinna varadanta yugopamānā,</p>\r\n<p class="gatha2">Taṃ hatthi soṇḍa kama puṇṇa guṇā tavorū;</p>\r\n<p class="gatha3">Līla payodhi siri keḷi suvaṇṇarambhā,</p>\r\n<p class="gathalast">Khandhāva dentu paripuṇṇa gune janānāṃ.</p>\r\n<p class="hangnum"><a name="para43"></a><span class="paranum">43</span>.</p>\r\n<p class="gatha1"> Jaṅghakkha kadvya samappita cittapāda,</p>\r\n<p class="gatha2">Cakkadvayī manamanojahayo mune te;</p>\r\n<p class="gatha3">Sonī ratho sirivaho manasā bhiruḷhaṃ,</p>\r\n<p class="gathalast">Lokattayaṃ sivapuraṃ lahu pāpayātu.</p>\r\n<p class="hangnum"><a name="para44"></a><span class="paranum">44</span>.</p>\r\n<p class="gatha1"> Rammora pākaṭa taṭāka taṭā savanta,</p>\r\n<p class="gatha2">Romāvalī jala panālika koṭikaṭṭhā;</p>\r\n<p class="gatha3">Nābhī gabhīra sarasī siri keḷitā te,</p>\r\n<p class="gathalast">Sassevinaṃ vyasana ghammamalaṃ sametu.</p>\r\n<p class="hangnum"><a name="para45"></a><span class="paranum">45</span>.</p>\r\n<p class="gatha1"> Kanticchaṭā luḷita rūpa payodhi nābhi,</p>\r\n<p class="gatha2">Āvaṭṭa vaṭṭita nimujjita sabbaloko;</p>\r\n<p class="gatha3">Sobhagga toya nivahaṃ visaso pivitvā,</p>\r\n<p class="gathalast">Lokuttarādi sukha mucchitataṃ payātu.</p>\r\n<p class="hangnum"><a name="para46"></a><span class="paranum">46</span>.</p>\r\n<p class="gatha1"> Gambhīra cittarahadaṃ paripūrayitvā,</p>\r\n<p class="gatha2">Taṃ sandamāna karuṇambu pavāha tulyā;</p>\r\n<p class="gatha3">Romālivallihari nābhi subhālavālā,</p>\r\n<p class="gathalast">Detaṃ lahuṃ sivaphalaṃ bhajataṃ mune te.</p>\r\n<p class="hangnum"><a name="para47"></a><span class="paranum">47</span>.</p>\r\n<p class="gatha1"> Cārūra sāriphalako kuṭilagga loma,</p>\r\n<p class="gatha2">Pantī vibhatti sahito siri keḷi sajjo;</p>\r\n<p class="gatha3">Saggāpavagga sukha jūtaka keḷi hetu,</p>\r\n<p class="gathalast">Hotaṃ tiloka sukha jūtaka soṇḍakānaṃ.</p>\r\n<p class="hangnum"><a name="para48"></a><span class="paranum">48</span>.</p>\r\n<p class="gatha1"> Gambhīra citta rahado dara gāhamāna,</p>\r\n<p class="gatha2">Mettādayā kari vadhū kara sanni kāsā;</p>\r\n<p class="gatha3">Sabbaṅginaṃ sivaphalaṃ tanu deva rukkhe,</p>\r\n<p class="gathalast">Sākhā sakhā tava bhujā bhajataṃ dadantu.</p>\r\n<p class="hangnum"><a name="para49"></a><span class="paranum">49</span>.</p>\r\n<p class="gatha1"> Nihāra bindu sahitaggadalopa sobhi,</p>\r\n<p class="gatha2">Byālamba ratta padumadvaya bhaṅgi bhājā;</p>\r\n<p class="gatha3">Pāpārisīsalunateniva ratta rattā,</p>\r\n<p class="gathalast">Rattā karā tava bhavumbhuvi maṅgalāya.</p>\r\n<p class="hangnum"><a name="para50"></a><span class="paranum">50</span>.</p>\r\n<p class="gatha1"> Rupassirī carita caṅkama vibbhamā te,</p>\r\n<p class="gatha2">Piṭṭhī yathā kalala muddhani setu bhūtā;</p>\r\n<p class="gatha3">Evaṃ bhavaṇṇava samuttaraṇāya setu,</p>\r\n<p class="gathalast">Hotammahākanaka saṃkama sannikāsā.</p>\r\n<p class="hangnum"><a name="para51"></a><span class="paranum">51</span>.</p>\r\n<p class="gatha1"> Saddhamma desana manohara bherināda,</p>\r\n<p class="gatha2">Saṃcāraṇe sivapuraṃ visituṃ janānaṃ;</p>\r\n<p class="gatha3">Gīvā suvaṇṇamaya cāru mutiṅga bheri,</p>\r\n<p class="gathalast">Bhāvambhajā bhavatu bhūta vibhūtiyā te.</p>\r\n<p class="hangnum"><a name="para52"></a><span class="paranum">52</span>.</p>\r\n<p class="gatha1"> Lakhī nivāsa vadanambuja matta ninna,</p>\r\n<p class="gatha2">Mākaḍḍhayaṃ jana vilocana cañcarīke;</p>\r\n<p class="gatha3">Sorabbha dhamma makaranda nisandamānaṃ,</p>\r\n<p class="gathalast">Piṇetu tena sarasena sabhā jane te.</p>\r\n<p class="hangnum"><a name="para53"></a><span class="paranum">53</span>.</p>\r\n<p class="gatha1"> Lakhī samāruhita vattarathe rathaṅga,</p>\r\n<p class="gatha2">Dvandānu kāri miga rāja kapola līlaṃ;</p>\r\n<p class="gatha3">Tādaṅka maṇḍalayugaṃ viya kaṇṇabhājaṃ,</p>\r\n<p class="gathalast">Gaṇḍatthaladvyamalaṃkurutaṃ janatte.</p>\r\n<p class="hangnum"><a name="para54"></a><span class="paranum">54</span>.</p>\r\n<p class="gatha1"> Lāvaṇṇa maṇṇava pavāḷa latā dvayābhaṃ,</p>\r\n<p class="gatha2">Tandeha deva taru pallava kante mantaṃ;</p>\r\n<p class="gatha3">Vattāravinda makaranda parājisobhaṃ,</p>\r\n<p class="gathalast">Rattādharadvayamadho kurutaṃ janāghaṃ.</p>\r\n<p class="hangnum"><a name="para55"></a><span class="paranum">55</span>.</p>\r\n<p class="gatha1"> Uṇṇā sakuntigata matthaka natthu kūpa,</p>\r\n<p class="gatha2">Subbhū lakāra sahitoṭṭha pavāḷa nāvā;</p>\r\n<p class="gatha3">Gattuttararaṇṇava gatā tava jantukānaṃ,</p>\r\n<p class="gathalast">Hotaṃ bhavaṇṇava samuttaranaya nātha.</p>\r\n<p class="hangnum"><a name="para56"></a><span class="paranum">56</span>.</p>\r\n<p class="gatha1"> Isaṃ vikāsa padumodara kesarāli,</p>\r\n<p class="gatha2">Līlā vinaddha rucirā tava danta panti;</p>\r\n<p class="gatha3">Vānī vadhū dharita mālati mālya tulyā,</p>\r\n<p class="gathalast">Tassaṃ jānassa manarañjana mācareyya.</p>\r\n<p class="hangnum"><a name="para57"></a><span class="paranum">57</span>.</p>\r\n<p class="gatha1"> Saddhamma nijjhara suratta silātalābhā,</p>\r\n<p class="gatha2">Jivhā vacī naṭa vadhū kala raṅga bhūtā;</p>\r\n<p class="gatha3">Saddhamma seṭṭha taraṇī nihitappiyā te,</p>\r\n<p class="gathalast">Saṃsāra sāgara samuttaraṇāya hotu.</p>\r\n<p class="hangnum"><a name="para58"></a><span class="paranum">58</span>.</p>\r\n<p class="gatha1"> Dantaṃsu kañcukīta rattadharo padhāne,</p>\r\n<p class="gatha2">Jivhā suratta sayane mukha mandiraṭṭhe;</p>\r\n<p class="gatha3">Āmokkha mutti vadhuyā sayitāya tuyhaṃ,</p>\r\n<p class="gathalast">Kubbantu saṃgama malaṃ jana sotu kāmi.</p>\r\n<p class="hangnum"><a name="para59"></a><span class="paranum">59</span>.</p>\r\n<p class="gatha1"> Uṇṇā tathābhinava patta varābhi rāmā,</p>\r\n<p class="gatha2">Līlollasanta bhamukadvaya nīla pattā;</p>\r\n<p class="gatha3">Ghānoru cāru kadalī vadanā lavālā,</p>\r\n<p class="gathalast">Tuyhaṃ pavattatu ciraṃ jana maṅgalāya.</p>\r\n<p class="hangnum"><a name="para60"></a><span class="paranum">60</span>.</p>\r\n<p class="gatha1"> Bālatthalī hari silātala piṭṭhikaṭṭha,</p>\r\n<p class="gatha2">Bhūvallaridvaya mayūra yugassa tuyhaṃ;</p>\r\n<p class="gatha3">Pañcappabhā rucira piccha yugassirīkaṃ,</p>\r\n<p class="gathalast">Nettadvayaṃ manasi puñchatu pāpadhūliṃ.</p>\r\n<p class="hangnum"><a name="para61"></a><span class="paranum">61</span>.</p>\r\n<p class="gatha1"> Indīvarāntagata bhiṅgika panti bhaṅgi,</p>\r\n<p class="gatha2">Pañambujassaratate viya gacchapantī;</p>\r\n<p class="gatha3">Nettambujassiri tirokaraṇīva tuyhaṃ,</p>\r\n<p class="gathalast">Pamhāvalī sirigateha tiro karontu.</p>\r\n<p class="hangnum"><a name="para62"></a><span class="paranum">62</span>.</p>\r\n<p class="gatha1"> Vattullasambuja vilocana haṃsa tuṇḍa,</p>\r\n<p class="gatha2">Kañjaṃsu piñjara mulāla latā dvyābhaṃ;</p>\r\n<p class="gatha3">Dolādvayaṃva savaṇadvyamatta lakkhyā,</p>\r\n<p class="gatha3">Hotaṃ tavajja janatā maticārahetu.</p>\r\n<p class="hangnum"><a name="para63"></a><span class="paranum">63</span>.</p>\r\n<p class="gatha1"> Vammīka matthaka sayānaka bhūridatta,</p>\r\n<p class="gatha2">Bhoginda bhogavali vibbhamamā vahanti;</p>\r\n<p class="gatha3">Ghānopariṭṭhitamune tava tuṇṇamuṇṇā,</p>\r\n<p class="gathalast">Taggāhino viya janassa dadātu vittaṃ.</p>\r\n<p class="hangnum"><a name="para64"></a><span class="paranum">64</span>.</p>\r\n<p class="gatha1"> Rūpindirāya vijaye khila loka rūpaṃ,</p>\r\n<p class="gatha2">Ghāṇoru cāru parighopari baddha siddhā;</p>\r\n<p class="gatha3">Nīlābha vāta viluthanta vayaddhajābhā,</p>\r\n<p class="gathalast">Tiṭṭhantu sajja duritāri jayāya te bhū.</p>\r\n<p class="hangnum"><a name="para65"></a><span class="paranum">65</span>.</p>\r\n<p class="gatha1"> Uṇṇassitopala nivesita bunda sandhi,</p>\r\n<p class="gatha2">Ghāṇoru piṇḍakamaghā tapa rundhitunte;</p>\r\n<p class="gatha3">Hotammukhambuja sirī sirasussitābhaṃ,</p>\r\n<p class="gathalast">Bhū nīla paṭṭika lalāta suvaṇṇa chattaṃ.</p>\r\n<p class="hangnum"><a name="para66"></a><span class="paranum">66</span>.</p>\r\n<p class="gatha1"> Rupaṅka vedana vilocana bāna diṭṭhī,</p>\r\n<p class="gatha2">Dhārā nisāna maṇivaṭṭa sirī siro te;</p>\r\n<p class="gatha3">Siddhā matosadha katañjana puñja lakkhī,</p>\r\n<p class="gathalast">Hotaṃ janassa nayanāmaya nāsanāya.</p>\r\n<p class="hangnum"><a name="para67"></a><span class="paranum">67</span>.</p>\r\n<p class="gatha1"> Sakkhandha bāhuyuga torana majjha gīvā,</p>\r\n<p class="gatha2">Dharappitassirighato pari mussavāya;</p>\r\n<p class="gatha3">Nīluppalāva ṭhapitā savibhatti kante,</p>\r\n<p class="gathalast">Kesā bhavantu bhuvanattaya maṅgalāya.</p>\r\n<p class="hangnum"><a name="para68"></a><span class="paranum">68</span>.</p>\r\n<p class="gatha1"> Hemagghiye ṭhapita nīla silā kapāle,</p>\r\n<p class="gatha2">Pajjota jāla lalitaṃ muni sārayantī;</p>\r\n<p class="gatha3">Rūpassirī sirasi bhūsita hema mālā,</p>\r\n<p class="gathalast">Kārā karotu subhagaṃ tava ketu mālā.</p>\r\n<p class="hangnum"><a name="para69"></a><span class="paranum">69</span>.</p>\r\n<p class="gatha1"> Bhyāmappabhāli tava kañcana mora kāle,</p>\r\n<p class="gatha2">Surodaye vitata candaka cakkalakkhī;</p>\r\n<p class="gatha3">Meghāvanaddha sikharunnata hema selā,</p>\r\n<p class="gathalast">Yantindacāpa vikatīva dadātu sobhaṃ.</p>\r\n<p class="hangnum"><a name="para70"></a><span class="paranum">70</span>.</p>\r\n<p class="gatha1"> Paṭṭhāya te paṇidhito suci dāna sīla,</p>\r\n<p class="gatha2">Nekkhamma pañña viriyakkhama saccadhiṭṭhā;</p>\r\n<p class="gatha3">Mettā upekkhiti ime dasa pūratova,</p>\r\n<p class="gathalast">Pūrentu pārami guṇā janatānamatte.</p>\r\n<p class="hangnum"><a name="para71"></a><span class="paranum">71</span>.</p>\r\n<p class="gatha1"> Pattuttaruttaradasā paṇidhāna bījā,</p>\r\n<p class="gatha2">Cetoradharāya karuṇā jala sekha vuddhā;</p>\r\n<p class="gatha3">Sabbaññu ñāṇa phaladā sati vāṭa guttā,</p>\r\n<p class="gathalast">Taṃ samphalandisatu pāramitā latā te.</p>\r\n<p class="hangnum"><a name="para72"></a><span class="paranum">72</span>.</p>\r\n<p class="gatha1"> Ābodhi puṇṇami padiṭṭha dinādito te,</p>\r\n<p class="gatha2">Sambhāra kāla sita pakkha kamābhi vuddho;</p>\r\n<p class="gatha3">Sampuṇṇa pārami guṇāmataraṃsi taṃva,</p>\r\n<p class="gathalast">Sabbaṅgi kunda kumudāni pabodhayeyya.</p>\r\n<p class="hangnum"><a name="para73"></a><span class="paranum">73</span>.</p>\r\n<p class="gatha1"> Āpacchimabbhava sivapphala lābha dānā,</p>\r\n<p class="gatha2">Dānappabandhamapidāna phalappabhandaṃ;</p>\r\n<p class="gatha3">Saṃvaḍḍhayi tvaṃ abhipatthanato yathevaṃ,</p>\r\n<p class="gathalast">Jantuttaruttara phalaṃ khalu sambhunantu.</p>\r\n<p class="hangnum"><a name="para74"></a><span class="paranum">74</span>.</p>\r\n<p class="gatha1"> Ārambhatoppabhuti yāva tavaggamaggā,</p>\r\n<p class="gatha2">Vikkhālita ghakalusaṃ suci sīla toyaṃ;</p>\r\n<p class="gatha3">Mettā dayā madhura sītalatāyupetaṃ,</p>\r\n<p class="gathalast">Sodhetu tvaṃva bhava nissita jantu metaṃ.</p>\r\n<p class="hangnum"><a name="para75"></a><span class="paranum">75</span>.</p>\r\n<p class="gatha1"> Āpaccimattamabhinikkhamanābhiyogā,</p>\r\n<p class="gatha2">Paṭṭhāya tampabhavato paripuṇṇa gehā;</p>\r\n<p class="gatha3">Tvaṃ sabba jāti gahato api nikkhamittho,</p>\r\n<p class="gathalast">Evaṃ janā bhava dukhā khalu nikkhamantu.</p>\r\n<p class="hangnum"><a name="para76"></a><span class="paranum">76</span>.</p>\r\n<p class="gatha1"> Ekaggato pala tale nisitā cirandhi,</p>\r\n<p class="gatha2">Dhārā sucittu sutale sati daṇḍa baddhe;</p>\r\n<p class="gatha3">Nibbijjhi lakkhaṇa dhanuṭṭhiti santi lakkhaṃ,</p>\r\n<p class="gathalast">Khittā tayonamanu vijjhatu jantu khittā.</p>\r\n<p class="hangnum"><a name="para77"></a><span class="paranum">77</span>.</p>\r\n<p class="gatha1"> Tvaṃ pāramī jala nidhiṃ caturiha bāhu,</p>\r\n<p class="gatha2">Sattīhi suttari ciraṃ janakova sindhuṃ;</p>\r\n<p class="gatha3">Sampanna vikkama phalosi yathā casova,</p>\r\n<p class="gathalast">Evaṃ janā viriyatapphalame dhayantu.</p>\r\n<p class="hangnum"><a name="para78"></a><span class="paranum">78</span>.</p>\r\n<p class="gatha1"> Satta paradha dahanesu ciraṃ sudhantaṃ,</p>\r\n<p class="gatha2">Khantī suvaṇṇa kata rūpa samantimattā;</p>\r\n<p class="gatha3">Sabbā parādhamasahi tvaṃasayhamevaṃ,</p>\r\n<p class="gathalast">Sabbe janāpi khamanena bhajantu santiṃ.</p>\r\n<p class="hangnum"><a name="para79"></a><span class="paranum">79</span>.</p>\r\n<p class="gatha1"> Lakkhādhikaṃ catura saṃkhiya kappa kālaṃ,</p>\r\n<p class="gatha2">Saccena suṭṭhu paribhāvita vācino te;</p>\r\n<p class="gatha3">Vācāya sacca phusitāya samenti jantu,</p>\r\n<p class="gathalast">Evaṃ visuddha vacanā janatā bhavantu.</p>\r\n<p class="bodytext"><a name="para80"></a><span class="paranum">80</span>.</p>\r\n<p class="gatha1">Ādinna dhamma mahiyatthira suppatiṭṭhā,</p>\r\n<p class="gatha2">Dhiṭṭhāna pārami mahā vajiraddi tuyhaṃ;</p>\r\n<p class="gatha3">Sattena kena pi yathāhi abhejja nejjo,</p>\r\n<p class="gathalast">Evaṃ janāpi kusalesu adhiṭṭha hantu.</p>\r\n<p class="hangnum"><a name="para81"></a><span class="paranum">81</span>.</p>\r\n<p class="gatha1"> Tvaṃ sabba satta cirabhāvita metta citta,</p>\r\n<p class="gatha2">Toyehi saṃsamita kodha mahā hutāso;</p>\r\n<p class="gatha3">Lokuttaraṃ taditaraṃ hitamāvahittho,</p>\r\n<p class="gathalast">Evaṃ janesu janatā hitamāvahantū.</p>\r\n<p class="hangnum"><a name="para82"></a><span class="paranum">82</span>.</p>\r\n<p class="gatha1"> Mittopakāra paṭipakkha janāpakāre,</p>\r\n<p class="gatha2">Tvaṃ nibbikāra manaso cirabhāvanāya;</p>\r\n<p class="gatha3">Pattosilābha pabhutaṭṭusu nibbikāraṃ,</p>\r\n<p class="gathalast">Evaṃ janānunaya kopa nudā bhavantu.</p>\r\n<p class="hangnum"><a name="para83"></a><span class="paranum">83</span>.</p>\r\n<p class="gatha1"> Sampanna hetu vibhavo tusite vimānaṃ,</p>\r\n<p class="gatha2">Yuttaṃ guṇehi navabhippadavī vimānaṃ;</p>\r\n<p class="gatha3">Tvaṃ vādhiparamidhirohiniyā tiloko,</p>\r\n<p class="gathalast">Ārohatu bhaya sukhaṃ padavī vimānaṃ.</p>\r\n<p class="hangnum"><a name="para84"></a><span class="paranum">84</span>.</p>\r\n<p class="gatha1"> Tvaṃverahaṃsi samabujjhi yathāca sammā,</p>\r\n<p class="gatha2">Sampanna vijja caraṇo sugatosi hontu;</p>\r\n<p class="gatha3">Lokaṃ vido purisadammasusārathī si,</p>\r\n<p class="gathalast">Satthāsi bujjhi bhagavā si tatheva jantu.</p>\r\n<p class="hangnum"><a name="para85"></a><span class="paranum">85</span>.</p>\r\n<p class="gatha1"> Saccitta bhū nidahitaṃ janatāya tuyhaṃ,</p>\r\n<p class="gatha2">Kalyāṇavaṇṇaratanaṇṇavajātibhinnaṃ;</p>\r\n<p class="gatha3">Dukkhaggi cora jalupaddutajāti gehe,</p>\r\n<p class="gathalast">Tassā sukhaṃ bhavatu jīvitumāpadāya.</p>\r\n<p class="hangnum"><a name="para86"></a><span class="paranum">86</span>.</p>\r\n<p class="gatha1"> Vācā vicitta vara tantu gataṅgi kaṇṭhe,</p>\r\n<p class="gatha2">Svā mutta sagguṇa mahā ratanā valī te;</p>\r\n<p class="gatha3">Vevaṇṇi yattani bhavaṃ sakalampahāya,</p>\r\n<p class="gathalast">Hotañjanassa siri saṅgama maṅgalāya.</p>\r\n<p class="hangnum"><a name="para87"></a><span class="paranum">87</span>.</p>\r\n<p class="gatha1"> Taṃ sagguṇatthava dahaṭṭha sutippanāli,</p>\r\n<p class="gatha2">Nissandamāna guṇanīra nipāna tinte;</p>\r\n<p class="gatha3">Khettetta saññini janā kata loma haṃsa,</p>\r\n<p class="gathalast">Bījankurī kusala sassa phalaṃ labhantu.</p>\r\n<p class="hangnum"><a name="para88"></a><span class="paranum">88</span>.</p>\r\n<p class="gatha1"> Āpāyikappabhuti dukkha nidāgha kāla,</p>\r\n<p class="gatha2">Santāpitā nikhila loka mano kadambā;</p>\r\n<p class="gatha3">Taṃ vaṅṇa megha phusanā hasanaṅkurehi,</p>\r\n<p class="gathalast">Iddhā bhavantu mati vallari vellītā te.</p>\r\n<p class="hangnum"><a name="para89"></a><span class="paranum">89</span>.</p>\r\n<p class="gatha1"> Hetuddasā phaladasā samavaṭṭhitaṃ taṃ,</p>\r\n<p class="gatha2">Sabbattha satta hitamāvahaṇena siddhaṃ;</p>\r\n<p class="gatha3">Cintāpathātiganubhāva vibhāvanante,</p>\r\n<p class="gathalast">Bhūtānamatthu caritabbhutamattha sidhyā.</p>\r\n<p class="hangnum"><a name="para90"></a><span class="paranum">90</span>.</p>\r\n<p class="gatha1"> Aṅgārakāsumabhilaṅghiya dāna kāle,</p>\r\n<p class="gatha2">Bhattattano pada paṭicchaka paṅkajā ca;</p>\r\n<p class="gatha3">Yātakkhaṇe tava pade dhaṭamuṭṭhahitvā,</p>\r\n<p class="gathalast">Paṅkeruhāṃ siva madhuṃ sarataṃ dadantu.</p>\r\n<p class="hangnum"><a name="para91"></a><span class="paranum">91</span>.</p>\r\n<p class="gatha1"> Saccena maccha pati vassita vassadhārā,</p>\r\n<p class="gatha2">Satte dayāya tava vassita vassadhārā;</p>\r\n<p class="gatha3">Gimhe janassa samayiṃsu yathā tathātā,</p>\r\n<p class="gathalast">Dhamambuvuṭṭhiva samentu kilesa dāhe.</p>\r\n<p class="hangnum"><a name="para92"></a><span class="paranum">92</span>.</p>\r\n<p class="gatha1"> Chaddanta nāga patinā khamatā parādhaṃ,</p>\r\n<p class="gatha2">Chetvā kare ṭhapita dantavarāva luddaṃ;</p>\r\n<p class="gatha3">Loke hitāya ṭhapitā tava danta dhātu,</p>\r\n<p class="gathalast">Seṭṭhā janaṃ siva puraṃ lahu pāpayantu.</p>\r\n<p class="hangnum"><a name="para93"></a><span class="paranum">93</span>.</p>\r\n<p class="gatha1"> Taṃ temiyākhya yatinossama mālakamhi,</p>\r\n<p class="gatha2">Okiṇṇa mutta kanakā vuja vippakiṇṇā;</p>\r\n<p class="gatha3">Kāruñña vārida cuto daka bindu bandhū,</p>\r\n<p class="gathalast">Dhātu samentu tava jantusu dukkhadāhe.</p>\r\n<p class="hangnum"><a name="para94"></a><span class="paranum">94</span>.</p>\r\n<p class="gatha1"> Raṭṭhassa attha caraṇāya asammukhassa,</p>\r\n<p class="gatha2">Rāmena dinna tiṇa saṃkhata pādukāva;</p>\r\n<p class="gatha3">Bhuttā tayā ciramasammukha nāgatassa,</p>\r\n<p class="gathalast">Lokassa atthamanu tiṭṭhatu patta dhātu.</p>\r\n<p class="hangnum"><a name="para95"></a><span class="paranum">95</span>.</p>\r\n<p class="gatha1"> Vutto janānamupadissa varāha raññā,</p>\r\n<p class="gatha2">Satthiṃ sahassa saradaṃ viya ñāya dhammo;</p>\r\n<p class="gatha3">Ādeyya heyyamupadissa tayā pavutto,</p>\r\n<p class="gathalast">Dhammo pavattatu ciraṃ janatā hitāya.</p>\r\n<p class="hangnum"><a name="para96"></a><span class="paranum">96</span>.</p>\r\n<p class="gatha1"> Mārāri maddana hitādhigamaṃ karotā,</p>\r\n<p class="gatha2">Bhatto tayā vara mahā jaya bodhi rājā;</p>\r\n<p class="gatha3">Saggā pavavagga hitahetu janassa hantvā,</p>\r\n<p class="gathalast">Sabbantarāyamiha tiṭṭhatu suṭṭhu sajjo.</p>\r\n<p class="hangnum"><a name="para97"></a><span class="paranum">97</span>.</p>\r\n<p class="gatha1"> Sāmoda vaṇṇa bhajanī guṇa mañjarīyaṃ,</p>\r\n<p class="gatha2">Cariyā latā vikasitā tava sapphalaṅgaṃ;</p>\r\n<p class="gatha3">Okiṇṇa citta madhupe rasa pīṇayanti,</p>\r\n<p class="gathalast">Sambhāvitā bhuvi pavattatu matthakehi.</p>\r\n<p class="hangnum"><a name="para98"></a><span class="paranum">98</span>.</p>\r\n<p class="gatha1"> Sambuddha selavalayantara jānanavhā,</p>\r\n<p class="gatha2">Nottattato tipathagā yati sāgaraṭṭhā;</p>\r\n<p class="gatha3">Dhammā pagā suti vase tarite puṇanti,</p>\r\n<p class="gathalast">Sambhāra sassamiha vattatu pacayanti.</p>\r\n<p class="hangnum"><a name="para99"></a><span class="paranum">99</span>.</p>\r\n<p class="gatha1"> Paññāṇa kūpa sita paggaha vāyu gāhī,</p>\r\n<p class="gatha2">Saddhā lakāra sahitā sati pota vāhā;</p>\r\n<p class="gatha3">Sampāpayātu bhava sāgara pāra tīra,</p>\r\n<p class="gathalast">Sappattanaṃ varadhane pati patti nāvā.</p>\r\n<p class="hangnum"><a name="para100"></a><span class="paranum">100</span>.</p>\r\n<p class="gatha1"> Bojjhaṅga satta ratanākara dhamma khandha,</p>\r\n<p class="gatha2">Gambhīra nīra caya sāsana sāgaro saṃ;</p>\r\n<p class="gatha3">So sīlyananta tanu veṭitha ñāṇa mantha,</p>\r\n<p class="gathalast">Selena manthitavataṃ disatā mataṃ ve.</p>\r\n<p class="hangnum"><a name="para101"></a><span class="paranum">101</span>.</p>\r\n<p class="gatha1"> Vuttena tena vidhinā vidhinā tato taṃ,</p>\r\n<p class="gatha2">Laddhā nubhūtamamataṃ khila dosa nāsaṃ;</p>\r\n<p class="gatha3">Accanta roga jaratā maraṇā bhi bhūtaṃ,</p>\r\n<p class="gathalast">Bhūtaṃ karotu amaraṃ ajaraṃ arogaṃ.</p>\r\n<p class="hangnum"><a name="para102"></a><span class="paranum">102</span>.</p>\r\n<p class="gatha1"> Saddhamma rāja raviniggata dhammaraṃsi,</p>\r\n<p class="gatha2">Phullo dhutaṅgadala saṃvara kesarāli;</p>\r\n<p class="gatha3">Saṅghāravinda nikaro samadhuṃ samādhi,</p>\r\n<p class="gathalast">Sakkiṇṇiko disatu sāsana vāpi jato.</p>\r\n<p class="hangnum"><a name="para103"></a><span class="paranum">103</span>.</p>\r\n<p class="gatha1"> Ānanda rañña ratanādi mahā yatinda,</p>\r\n<p class="gatha2">Niccappabuddha padumappiya sevinaṅgī;</p>\r\n<p class="gatha3">Buddhappiyena ghana buddha guṇappiyena,</p>\r\n<p class="gathalast">Therālinā racita pajjamadhuṃ pibantu.</p>\r\n<p class="hangnum"><a name="para104"></a><span class="paranum">104</span>.</p>\r\n<p class="gatha1"> Itthaṃ rūpa guṇānukittanavasā taṃ taṃ hitā siṃ sato,</p>\r\n<p class="gatha2">Vatthānussati vattita iha yathā sattesu mettā ca me;</p>\r\n<p class="gatha3">Evaṃ tābhi bhavanta ruttara tarā vattantu tā bodhi me,</p>\r\n<p class="gathalast">Saṃyogoca dhanehi santihi bhave kalyāna mittehi ca.</p>','\r',char(13)),'\n',char(10)),'-1-2-3-4-5-6-7-8-9-10-11-12-13-14-15-16-17-18-19-20-21-22-23-24-25-26-27-28-29-30-31-32-33-34-35-36-37-38-39-40-41-42-43-44-45-46-47-48-49-50-51-52-53-54-55-56-57-58-59-60-61-62-63-64-65-66-67-68-69-70-71-72-73-74-75-76-77-78-79-80-81-82-83-84-85-86-87-88-89-90-91-92-93-94-95-96-97-98-99-100-101-102-103-104-');